protein_id,enzyme,pdb_reference,simulation_residue_number,residue_name,residue_label,structural_region,assigned_contact_class,annotation_confidence,assignment_basis,nearest_configured_landmark,nearest_configured_landmark_number,nearest_configured_landmark_role,nearest_configured_landmark_class,nearest_landmark_ca_distance_A
Pro00083,IsPETase,6EQD,1,MET,M1,no named landmark assigned,Other/candidate,low,trajectory-derived contact residue,I218,218,flexible pair I218,W-loop/flexible or rigid pair,113.687924
Pro00083,IsPETase,6EQD,2,ASN,N2,no named landmark assigned,Other/candidate,low,trajectory-derived contact residue,I218,218,flexible pair I218,W-loop/flexible or rigid pair,110.814579
Pro00083,IsPETase,6EQD,3,PHE,F3,no named landmark assigned,Other/candidate,low,trajectory-derived contact residue,I218,218,flexible pair I218,W-loop/flexible or rigid pair,107.077192
Pro00083,IsPETase,6EQD,4,PRO,P4,no named landmark assigned,Other/candidate,low,trajectory-derived contact residue,I218,218,flexible pair I218,W-loop/flexible or rigid pair,103.880863
Pro00083,IsPETase,6EQD,5,ARG,R5,no named landmark assigned,Other/candidate,low,trajectory-derived contact residue,I218,218,flexible pair I218,W-loop/flexible or rigid pair,100.891373
Pro00083,IsPETase,6EQD,6,ALA,A6,no named landmark assigned,Other/candidate,low,trajectory-derived contact residue,I218,218,flexible pair I218,W-loop/flexible or rigid pair,97.383747
Pro00083,IsPETase,6EQD,7,SER,S7,no named landmark assigned,Other/candidate,low,trajectory-derived contact residue,I218,218,flexible pair I218,W-loop/flexible or rigid pair,94.300972
Pro00083,IsPETase,6EQD,8,ARG,R8,no named landmark assigned,Other/candidate,low,trajectory-derived contact residue,I218,218,flexible pair I218,W-loop/flexible or rigid pair,90.933487
Pro00083,IsPETase,6EQD,9,LEU,L9,no named landmark assigned,Other/candidate,low,trajectory-derived contact residue,I218,218,flexible pair I218,W-loop/flexible or rigid pair,88.211615
Pro00083,IsPETase,6EQD,10,MET,M10,no named landmark assigned,Other/candidate,low,trajectory-derived contact residue,I218,218,flexible pair I218,W-loop/flexible or rigid pair,84.751837
Pro00083,IsPETase,6EQD,11,GLN,Q11,no named landmark assigned,Other/candidate,low,trajectory-derived contact residue,I218,218,flexible pair I218,W-loop/flexible or rigid pair,82.324677
Pro00083,IsPETase,6EQD,12,ALA,A12,no named landmark assigned,Other/candidate,low,trajectory-derived contact residue,I218,218,flexible pair I218,W-loop/flexible or rigid pair,78.805271
Pro00083,IsPETase,6EQD,13,ALA,A13,no named landmark assigned,Other/candidate,low,trajectory-derived contact residue,I218,218,flexible pair I218,W-loop/flexible or rigid pair,76.434988
Pro00083,IsPETase,6EQD,14,VAL,V14,no named landmark assigned,Other/candidate,low,trajectory-derived contact residue,I218,218,flexible pair I218,W-loop/flexible or rigid pair,73.020225
Pro00083,IsPETase,6EQD,15,LEU,L15,no named landmark assigned,Other/candidate,low,trajectory-derived contact residue,I218,218,flexible pair I218,W-loop/flexible or rigid pair,70.440945
Pro00083,IsPETase,6EQD,16,GLY,G16,no named landmark assigned,Other/candidate,low,trajectory-derived contact residue,I218,218,flexible pair I218,W-loop/flexible or rigid pair,67.321578
Pro00083,IsPETase,6EQD,17,GLY,G17,no named landmark assigned,Other/candidate,low,trajectory-derived contact residue,I218,218,flexible pair I218,W-loop/flexible or rigid pair,64.42322
Pro00083,IsPETase,6EQD,18,LEU,L18,no named landmark assigned,Other/candidate,low,trajectory-derived contact residue,I218,218,flexible pair I218,W-loop/flexible or rigid pair,61.672954
Pro00083,IsPETase,6EQD,19,MET,M19,no named landmark assigned,Other/candidate,low,trajectory-derived contact residue,I218,218,flexible pair I218,W-loop/flexible or rigid pair,58.374666
Pro00083,IsPETase,6EQD,20,ALA,A20,no named landmark assigned,Other/candidate,low,trajectory-derived contact residue,I218,218,flexible pair I218,W-loop/flexible or rigid pair,56.418031
Pro00083,IsPETase,6EQD,21,VAL,V21,no named landmark assigned,Other/candidate,low,trajectory-derived contact residue,I218,218,flexible pair I218,W-loop/flexible or rigid pair,52.872587
Pro00083,IsPETase,6EQD,22,SER,S22,no named landmark assigned,Other/candidate,low,trajectory-derived contact residue,I218,218,flexible pair I218,W-loop/flexible or rigid pair,51.308856
Pro00083,IsPETase,6EQD,23,ALA,A23,no named landmark assigned,Other/candidate,low,trajectory-derived contact residue,I218,218,flexible pair I218,W-loop/flexible or rigid pair,47.661953
Pro00083,IsPETase,6EQD,24,ALA,A24,no named landmark assigned,Other/candidate,low,trajectory-derived contact residue,I218,218,flexible pair I218,W-loop/flexible or rigid pair,46.332516
Pro00083,IsPETase,6EQD,25,ALA,A25,no named landmark assigned,Other/candidate,low,trajectory-derived contact residue,I218,218,flexible pair I218,W-loop/flexible or rigid pair,43.715247
Pro00083,IsPETase,6EQD,26,THR,T26,no named landmark assigned,Other/candidate,low,trajectory-derived contact residue,I218,218,flexible pair I218,W-loop/flexible or rigid pair,40.896111
Pro00083,IsPETase,6EQD,27,ALA,A27,no named landmark assigned,Other/candidate,low,trajectory-derived contact residue,I218,218,flexible pair I218,W-loop/flexible or rigid pair,40.299556
Pro00083,IsPETase,6EQD,28,GLN,Q28,no named landmark assigned,Other/candidate,low,trajectory-derived contact residue,I218,218,flexible pair I218,W-loop/flexible or rigid pair,36.661951
Pro00083,IsPETase,6EQD,29,THR,T29,no named landmark assigned,Other/candidate,low,trajectory-derived contact residue,I218,218,flexible pair I218,W-loop/flexible or rigid pair,35.632291
Pro00083,IsPETase,6EQD,30,ASN,N30,no named landmark assigned,Other/candidate,low,trajectory-derived contact residue,I218,218,flexible pair I218,W-loop/flexible or rigid pair,32.296262
Pro00083,IsPETase,6EQD,31,PRO,P31,no named landmark assigned,Other/candidate,low,trajectory-derived contact residue,I218,218,flexible pair I218,W-loop/flexible or rigid pair,33.283046
Pro00083,IsPETase,6EQD,32,TYR,Y32,no named landmark assigned,Other/candidate,low,trajectory-derived contact residue,I218,218,flexible pair I218,W-loop/flexible or rigid pair,30.098591
Pro00083,IsPETase,6EQD,33,ALA,A33,no named landmark assigned,Other/candidate,low,trajectory-derived contact residue,I218,218,flexible pair I218,W-loop/flexible or rigid pair,30.695212
Pro00083,IsPETase,6EQD,34,ARG,R34,no named landmark assigned,Other/candidate,low,trajectory-derived contact residue,S160,160,catalytic Ser,Catalytic/oxyanion,30.441582
Pro00083,IsPETase,6EQD,35,GLY,G35,no named landmark assigned,Other/candidate,low,trajectory-derived contact residue,S160,160,catalytic Ser,Catalytic/oxyanion,31.284344
Pro00083,IsPETase,6EQD,36,PRO,P36,no named landmark assigned,Other/candidate,low,trajectory-derived contact residue,S160,160,catalytic Ser,Catalytic/oxyanion,33.110419
Pro00083,IsPETase,6EQD,37,ASN,N37,no named landmark assigned,Other/candidate,low,trajectory-derived contact residue,S160,160,catalytic Ser,Catalytic/oxyanion,32.696784
Pro00083,IsPETase,6EQD,38,PRO,P38,no named landmark assigned,Other/candidate,low,trajectory-derived contact residue,S160,160,catalytic Ser,Catalytic/oxyanion,29.632737
Pro00083,IsPETase,6EQD,39,THR,T39,no named landmark assigned,Other/candidate,low,trajectory-derived contact residue,H237,237,catalytic His,Catalytic/oxyanion,29.1878
Pro00083,IsPETase,6EQD,40,ALA,A40,no named landmark assigned,Other/candidate,low,trajectory-derived contact residue,H237,237,catalytic His,Catalytic/oxyanion,26.13177
Pro00083,IsPETase,6EQD,41,ALA,A41,no named landmark assigned,Other/candidate,low,trajectory-derived contact residue,H237,237,catalytic His,Catalytic/oxyanion,26.836895
Pro00083,IsPETase,6EQD,42,SER,S42,no named landmark assigned,Other/candidate,low,trajectory-derived contact residue,H237,237,catalytic His,Catalytic/oxyanion,27.178682
Pro00083,IsPETase,6EQD,43,LEU,L43,no named landmark assigned,Other/candidate,low,trajectory-derived contact residue,H237,237,catalytic His,Catalytic/oxyanion,23.856526
Pro00083,IsPETase,6EQD,44,GLU,E44,no named landmark assigned,Other/candidate,low,trajectory-derived contact residue,H237,237,catalytic His,Catalytic/oxyanion,21.988693
Pro00083,IsPETase,6EQD,45,ALA,A45,no named landmark assigned,Other/candidate,low,trajectory-derived contact residue,H237,237,catalytic His,Catalytic/oxyanion,23.654066
Pro00083,IsPETase,6EQD,46,SER,S46,no named landmark assigned,Other/candidate,low,trajectory-derived contact residue,H237,237,catalytic His,Catalytic/oxyanion,21.995851
Pro00083,IsPETase,6EQD,47,ALA,A47,no named landmark assigned,Other/candidate,low,trajectory-derived contact residue,H237,237,catalytic His,Catalytic/oxyanion,24.524004
Pro00083,IsPETase,6EQD,48,GLY,G48,no named landmark assigned,Other/candidate,low,trajectory-derived contact residue,S160,160,catalytic Ser,Catalytic/oxyanion,26.326768
Pro00083,IsPETase,6EQD,49,PRO,P49,no named landmark assigned,Other/candidate,low,trajectory-derived contact residue,S160,160,catalytic Ser,Catalytic/oxyanion,29.77368
Pro00083,IsPETase,6EQD,50,PHE,F50,no named landmark assigned,Other/candidate,low,trajectory-derived contact residue,S160,160,catalytic Ser,Catalytic/oxyanion,29.16359
Pro00083,IsPETase,6EQD,51,THR,T51,no named landmark assigned,Other/candidate,low,trajectory-derived contact residue,S160,160,catalytic Ser,Catalytic/oxyanion,29.582798
Pro00083,IsPETase,6EQD,52,VAL,V52,no named landmark assigned,Other/candidate,low,trajectory-derived contact residue,S160,160,catalytic Ser,Catalytic/oxyanion,26.588849
Pro00083,IsPETase,6EQD,53,ARG,R53,no named landmark assigned,Other/candidate,low,trajectory-derived contact residue,S160,160,catalytic Ser,Catalytic/oxyanion,27.046115
Pro00083,IsPETase,6EQD,54,SER,S54,no named landmark assigned,Other/candidate,low,trajectory-derived contact residue,Y87,87,oxyanion donor / active-site pocket,Catalytic/oxyanion,24.74454
Pro00083,IsPETase,6EQD,55,PHE,F55,no named landmark assigned,Other/candidate,low,trajectory-derived contact residue,Y87,87,oxyanion donor / active-site pocket,Catalytic/oxyanion,24.291445
Pro00083,IsPETase,6EQD,56,THR,T56,no named landmark assigned,Other/candidate,low,trajectory-derived contact residue,Y87,87,oxyanion donor / active-site pocket,Catalytic/oxyanion,21.702622
Pro00083,IsPETase,6EQD,57,VAL,V57,no named landmark assigned,Other/candidate,low,trajectory-derived contact residue,Y87,87,oxyanion donor / active-site pocket,Catalytic/oxyanion,21.678754
Pro00083,IsPETase,6EQD,58,SER,S58,no named landmark assigned,Other/candidate,low,trajectory-derived contact residue,Y87,87,oxyanion donor / active-site pocket,Catalytic/oxyanion,23.541584
Pro00083,IsPETase,6EQD,59,ARG,R59,no named landmark assigned,Other/candidate,low,trajectory-derived contact residue,Y87,87,oxyanion donor / active-site pocket,Catalytic/oxyanion,22.626612
Pro00083,IsPETase,6EQD,60,PRO,P60,no named landmark assigned,Other/candidate,low,trajectory-derived contact residue,Y87,87,oxyanion donor / active-site pocket,Catalytic/oxyanion,19.497743
Pro00083,IsPETase,6EQD,61,SER,S61,no named landmark assigned,Other/candidate,low,trajectory-derived contact residue,M161,161,oxyanion donor / active-site pocket,Catalytic/oxyanion,20.418183
Pro00083,IsPETase,6EQD,62,GLY,G62,no named landmark assigned,Other/candidate,low,trajectory-derived contact residue,M161,161,oxyanion donor / active-site pocket,Catalytic/oxyanion,17.552614
Pro00083,IsPETase,6EQD,63,TYR,Y63,no named landmark assigned,Other/candidate,low,trajectory-derived contact residue,Y87,87,oxyanion donor / active-site pocket,Catalytic/oxyanion,14.607599
Pro00083,IsPETase,6EQD,64,GLY,G64,no named landmark assigned,Other/candidate,low,trajectory-derived contact residue,Y87,87,oxyanion donor / active-site pocket,Catalytic/oxyanion,13.767558
Pro00083,IsPETase,6EQD,65,ALA,A65,no named landmark assigned,Other/candidate,low,trajectory-derived contact residue,Y87,87,oxyanion donor / active-site pocket,Catalytic/oxyanion,15.273017
Pro00083,IsPETase,6EQD,66,GLY,G66,no named landmark assigned,Other/candidate,low,trajectory-derived contact residue,Y87,87,oxyanion donor / active-site pocket,Catalytic/oxyanion,16.471686
Pro00083,IsPETase,6EQD,67,THR,T67,no named landmark assigned,Other/candidate,low,trajectory-derived contact residue,Y87,87,oxyanion donor / active-site pocket,Catalytic/oxyanion,18.713105
Pro00083,IsPETase,6EQD,68,VAL,V68,no named landmark assigned,Other/candidate,low,trajectory-derived contact residue,M161,161,oxyanion donor / active-site pocket,Catalytic/oxyanion,21.10694
Pro00083,IsPETase,6EQD,69,TYR,Y69,no named landmark assigned,Other/candidate,low,trajectory-derived contact residue,S160,160,catalytic Ser,Catalytic/oxyanion,21.896736
Pro00083,IsPETase,6EQD,70,TYR,Y70,no named landmark assigned,Other/candidate,low,trajectory-derived contact residue,S160,160,catalytic Ser,Catalytic/oxyanion,24.707185
Pro00083,IsPETase,6EQD,71,PRO,P71,no named landmark assigned,Other/candidate,low,trajectory-derived contact residue,S160,160,catalytic Ser,Catalytic/oxyanion,27.312372
Pro00083,IsPETase,6EQD,72,THR,T72,no named landmark assigned,Other/candidate,low,trajectory-derived contact residue,S160,160,catalytic Ser,Catalytic/oxyanion,30.840626
Pro00083,IsPETase,6EQD,73,ASN,N73,no named landmark assigned,Other/candidate,low,trajectory-derived contact residue,S160,160,catalytic Ser,Catalytic/oxyanion,32.670624
Pro00083,IsPETase,6EQD,74,ALA,A74,no named landmark assigned,Other/candidate,low,trajectory-derived contact residue,S160,160,catalytic Ser,Catalytic/oxyanion,30.845621
Pro00083,IsPETase,6EQD,75,GLY,G75,no named landmark assigned,Other/candidate,low,trajectory-derived contact residue,S160,160,catalytic Ser,Catalytic/oxyanion,34.254454
Pro00083,IsPETase,6EQD,76,GLY,G76,no named landmark assigned,Other/candidate,low,trajectory-derived contact residue,S160,160,catalytic Ser,Catalytic/oxyanion,33.045785
Pro00083,IsPETase,6EQD,77,THR,T77,no named landmark assigned,Other/candidate,low,trajectory-derived contact residue,S160,160,catalytic Ser,Catalytic/oxyanion,30.302055
Pro00083,IsPETase,6EQD,78,VAL,V78,no named landmark assigned,Other/candidate,low,trajectory-derived contact residue,S160,160,catalytic Ser,Catalytic/oxyanion,26.700353
Pro00083,IsPETase,6EQD,79,GLY,G79,no named landmark assigned,Other/candidate,low,trajectory-derived contact residue,S160,160,catalytic Ser,Catalytic/oxyanion,23.567294
Pro00083,IsPETase,6EQD,80,ALA,A80,no named landmark assigned,Other/candidate,low,trajectory-derived contact residue,M161,161,oxyanion donor / active-site pocket,Catalytic/oxyanion,20.669875
Pro00083,IsPETase,6EQD,81,ILE,I81,no named landmark assigned,Other/candidate,low,trajectory-derived contact residue,S160,160,catalytic Ser,Catalytic/oxyanion,17.039257
Pro00083,IsPETase,6EQD,82,ALA,A82,no named landmark assigned,Other/candidate,low,trajectory-derived contact residue,M161,161,oxyanion donor / active-site pocket,Catalytic/oxyanion,14.160903
Pro00083,IsPETase,6EQD,83,ILE,I83,no named landmark assigned,Other/candidate,low,trajectory-derived contact residue,S160,160,catalytic Ser,Catalytic/oxyanion,11.414454
Pro00083,IsPETase,6EQD,84,VAL,V84,no named landmark assigned,Other/candidate,low,trajectory-derived contact residue,M161,161,oxyanion donor / active-site pocket,Catalytic/oxyanion,8.400352
Pro00083,IsPETase,6EQD,85,PRO,P85,no named landmark assigned,Other/candidate,low,trajectory-derived contact residue,Y87,87,oxyanion donor / active-site pocket,Catalytic/oxyanion,7.024327
Pro00083,IsPETase,6EQD,86,GLY,G86,catalytic/oxyanion pocket neighborhood,Catalytic/oxyanion,medium,local sequence neighborhood,Y87,87,oxyanion donor / active-site pocket,Catalytic/oxyanion,3.83579
Pro00083,IsPETase,6EQD,87,TYR,Y87,oxyanion donor / active-site pocket,Catalytic/oxyanion,high,registry/literature,Y87,87,oxyanion donor / active-site pocket,Catalytic/oxyanion,0.0
Pro00083,IsPETase,6EQD,88,THR,T88,catalytic/oxyanion pocket neighborhood,Catalytic/oxyanion,medium,local sequence neighborhood,Y87,87,oxyanion donor / active-site pocket,Catalytic/oxyanion,3.892434
Pro00083,IsPETase,6EQD,89,ALA,A89,near Y87 (oxyanion donor / active-site pocket),Catalytic/oxyanion,medium-low,local CA-distance annotation,Y87,87,oxyanion donor / active-site pocket,Catalytic/oxyanion,5.37536
Pro00083,IsPETase,6EQD,90,ARG,R90,no named landmark assigned,Other/candidate,low,trajectory-derived contact residue,Y87,87,oxyanion donor / active-site pocket,Catalytic/oxyanion,8.554411
Pro00083,IsPETase,6EQD,91,GLN,Q91,no named landmark assigned,Other/candidate,low,trajectory-derived contact residue,Y87,87,oxyanion donor / active-site pocket,Catalytic/oxyanion,11.48628
Pro00083,IsPETase,6EQD,92,SER,S92,no named landmark assigned,Other/candidate,low,trajectory-derived contact residue,Y87,87,oxyanion donor / active-site pocket,Catalytic/oxyanion,12.769402
Pro00083,IsPETase,6EQD,93,SER,S93,no named landmark assigned,Other/candidate,low,trajectory-derived contact residue,S160,160,catalytic Ser,Catalytic/oxyanion,10.695159
Pro00083,IsPETase,6EQD,94,ILE,I94,no named landmark assigned,Other/candidate,low,trajectory-derived contact residue,S160,160,catalytic Ser,Catalytic/oxyanion,10.862208
Pro00083,IsPETase,6EQD,95,LYS,K95,no named landmark assigned,Other/candidate,low,trajectory-derived contact residue,S160,160,catalytic Ser,Catalytic/oxyanion,14.688806
Pro00083,IsPETase,6EQD,96,TRP,W96,no named landmark assigned,Other/candidate,low,trajectory-derived contact residue,S160,160,catalytic Ser,Catalytic/oxyanion,15.983402
Pro00083,IsPETase,6EQD,97,TRP,W97,no named landmark assigned,Other/candidate,low,trajectory-derived contact residue,S160,160,catalytic Ser,Catalytic/oxyanion,15.168502
Pro00083,IsPETase,6EQD,98,GLY,G98,no named landmark assigned,Other/candidate,low,trajectory-derived contact residue,S160,160,catalytic Ser,Catalytic/oxyanion,17.55359
Pro00083,IsPETase,6EQD,99,PRO,P99,no named landmark assigned,Other/candidate,low,trajectory-derived contact residue,S160,160,catalytic Ser,Catalytic/oxyanion,20.755278
Pro00083,IsPETase,6EQD,100,ARG,R100,no named landmark assigned,Other/candidate,low,trajectory-derived contact residue,S160,160,catalytic Ser,Catalytic/oxyanion,19.811165
Pro00083,IsPETase,6EQD,101,LEU,L101,no named landmark assigned,Other/candidate,low,trajectory-derived contact residue,S160,160,catalytic Ser,Catalytic/oxyanion,19.507384
Pro00083,IsPETase,6EQD,102,ALA,A102,no named landmark assigned,Other/candidate,low,trajectory-derived contact residue,S160,160,catalytic Ser,Catalytic/oxyanion,22.176496
Pro00083,IsPETase,6EQD,103,SER,S103,no named landmark assigned,Other/candidate,low,trajectory-derived contact residue,S160,160,catalytic Ser,Catalytic/oxyanion,24.658367
Pro00083,IsPETase,6EQD,104,HIS,H104,no named landmark assigned,Other/candidate,low,trajectory-derived contact residue,S160,160,catalytic Ser,Catalytic/oxyanion,24.548149
Pro00083,IsPETase,6EQD,105,GLY,G105,no named landmark assigned,Other/candidate,low,trajectory-derived contact residue,S160,160,catalytic Ser,Catalytic/oxyanion,25.416776
Pro00083,IsPETase,6EQD,106,PHE,F106,no named landmark assigned,Other/candidate,low,trajectory-derived contact residue,S160,160,catalytic Ser,Catalytic/oxyanion,22.629234
Pro00083,IsPETase,6EQD,107,VAL,V107,no named landmark assigned,Other/candidate,low,trajectory-derived contact residue,S160,160,catalytic Ser,Catalytic/oxyanion,22.224202
Pro00083,IsPETase,6EQD,108,VAL,V108,no named landmark assigned,Other/candidate,low,trajectory-derived contact residue,S160,160,catalytic Ser,Catalytic/oxyanion,18.685217
Pro00083,IsPETase,6EQD,109,ILE,I109,no named landmark assigned,Other/candidate,low,trajectory-derived contact residue,M161,161,oxyanion donor / active-site pocket,Catalytic/oxyanion,17.160485
Pro00083,IsPETase,6EQD,110,THR,T110,no named landmark assigned,Other/candidate,low,trajectory-derived contact residue,S160,160,catalytic Ser,Catalytic/oxyanion,14.603017
Pro00083,IsPETase,6EQD,111,ILE,I111,no named landmark assigned,Other/candidate,low,trajectory-derived contact residue,Y87,87,oxyanion donor / active-site pocket,Catalytic/oxyanion,12.794166
Pro00083,IsPETase,6EQD,112,ASP,D112,no named landmark assigned,Other/candidate,low,trajectory-derived contact residue,Y87,87,oxyanion donor / active-site pocket,Catalytic/oxyanion,10.634406
Pro00083,IsPETase,6EQD,113,THR,T113,no named landmark assigned,Other/candidate,low,trajectory-derived contact residue,Y87,87,oxyanion donor / active-site pocket,Catalytic/oxyanion,9.42607
Pro00083,IsPETase,6EQD,114,ASN,N114,no named landmark assigned,Other/candidate,low,trajectory-derived contact residue,Y87,87,oxyanion donor / active-site pocket,Catalytic/oxyanion,11.666861
Pro00083,IsPETase,6EQD,115,SER,S115,no named landmark assigned,Other/candidate,low,trajectory-derived contact residue,Y87,87,oxyanion donor / active-site pocket,Catalytic/oxyanion,9.122974
Pro00083,IsPETase,6EQD,116,THR,T116,near Y87 (oxyanion donor / active-site pocket),Catalytic/oxyanion,medium-low,local CA-distance annotation,Y87,87,oxyanion donor / active-site pocket,Catalytic/oxyanion,5.935897
Pro00083,IsPETase,6EQD,117,LEU,L117,near Y87 (oxyanion donor / active-site pocket),Catalytic/oxyanion,medium-low,local CA-distance annotation,Y87,87,oxyanion donor / active-site pocket,Catalytic/oxyanion,5.616594
Pro00083,IsPETase,6EQD,118,ASP,D118,no named landmark assigned,Other/candidate,low,trajectory-derived contact residue,Y87,87,oxyanion donor / active-site pocket,Catalytic/oxyanion,6.97225
Pro00083,IsPETase,6EQD,119,GLN,Q119,no named landmark assigned,Other/candidate,low,trajectory-derived contact residue,M161,161,oxyanion donor / active-site pocket,Catalytic/oxyanion,6.486259
Pro00083,IsPETase,6EQD,120,PRO,P120,near M161 (oxyanion donor / active-site pocket),Catalytic/oxyanion,medium-low,local CA-distance annotation,M161,161,oxyanion donor / active-site pocket,Catalytic/oxyanion,4.959544
Pro00083,IsPETase,6EQD,121,SER,S121,no named landmark assigned,Other/candidate,low,trajectory-derived contact residue,M161,161,oxyanion donor / active-site pocket,Catalytic/oxyanion,8.800303
Pro00083,IsPETase,6EQD,122,SER,S122,no named landmark assigned,Other/candidate,low,trajectory-derived contact residue,M161,161,oxyanion donor / active-site pocket,Catalytic/oxyanion,9.661498
Pro00083,IsPETase,6EQD,123,ARG,R123,no named landmark assigned,Other/candidate,low,trajectory-derived contact residue,M161,161,oxyanion donor / active-site pocket,Catalytic/oxyanion,7.439278
Pro00083,IsPETase,6EQD,124,SER,S124,no named landmark assigned,Other/candidate,low,trajectory-derived contact residue,M161,161,oxyanion donor / active-site pocket,Catalytic/oxyanion,9.262804
Pro00083,IsPETase,6EQD,125,SER,S125,no named landmark assigned,Other/candidate,low,trajectory-derived contact residue,M161,161,oxyanion donor / active-site pocket,Catalytic/oxyanion,12.434045
Pro00083,IsPETase,6EQD,126,GLN,Q126,no named landmark assigned,Other/candidate,low,trajectory-derived contact residue,M161,161,oxyanion donor / active-site pocket,Catalytic/oxyanion,12.29941
Pro00083,IsPETase,6EQD,127,GLN,Q127,no named landmark assigned,Other/candidate,low,trajectory-derived contact residue,M161,161,oxyanion donor / active-site pocket,Catalytic/oxyanion,11.785053
Pro00083,IsPETase,6EQD,128,MET,M128,no named landmark assigned,Other/candidate,low,trajectory-derived contact residue,M161,161,oxyanion donor / active-site pocket,Catalytic/oxyanion,14.807264
Pro00083,IsPETase,6EQD,129,ALA,A129,no named landmark assigned,Other/candidate,low,trajectory-derived contact residue,M161,161,oxyanion donor / active-site pocket,Catalytic/oxyanion,16.618011
Pro00083,IsPETase,6EQD,130,ALA,A130,no named landmark assigned,Other/candidate,low,trajectory-derived contact residue,M161,161,oxyanion donor / active-site pocket,Catalytic/oxyanion,16.441382
Pro00083,IsPETase,6EQD,131,LEU,L131,no named landmark assigned,Other/candidate,low,trajectory-derived contact residue,M161,161,oxyanion donor / active-site pocket,Catalytic/oxyanion,17.965077
Pro00083,IsPETase,6EQD,132,ARG,R132,no named landmark assigned,Other/candidate,low,trajectory-derived contact residue,M161,161,oxyanion donor / active-site pocket,Catalytic/oxyanion,20.582746
Pro00083,IsPETase,6EQD,133,GLN,Q133,no named landmark assigned,Other/candidate,low,trajectory-derived contact residue,M161,161,oxyanion donor / active-site pocket,Catalytic/oxyanion,21.465967
Pro00083,IsPETase,6EQD,134,VAL,V134,no named landmark assigned,Other/candidate,low,trajectory-derived contact residue,M161,161,oxyanion donor / active-site pocket,Catalytic/oxyanion,21.990263
Pro00083,IsPETase,6EQD,135,ALA,A135,no named landmark assigned,Other/candidate,low,trajectory-derived contact residue,M161,161,oxyanion donor / active-site pocket,Catalytic/oxyanion,24.273424
Pro00083,IsPETase,6EQD,136,SER,S136,no named landmark assigned,Other/candidate,low,trajectory-derived contact residue,M161,161,oxyanion donor / active-site pocket,Catalytic/oxyanion,26.104894
Pro00083,IsPETase,6EQD,137,LEU,L137,no named landmark assigned,Other/candidate,low,trajectory-derived contact residue,M161,161,oxyanion donor / active-site pocket,Catalytic/oxyanion,26.565341
Pro00083,IsPETase,6EQD,138,ASN,N138,no named landmark assigned,Other/candidate,low,trajectory-derived contact residue,M161,161,oxyanion donor / active-site pocket,Catalytic/oxyanion,28.046437
Pro00083,IsPETase,6EQD,139,GLY,G139,no named landmark assigned,Other/candidate,low,trajectory-derived contact residue,M161,161,oxyanion donor / active-site pocket,Catalytic/oxyanion,30.719733
Pro00083,IsPETase,6EQD,140,THR,T140,no named landmark assigned,Other/candidate,low,trajectory-derived contact residue,M161,161,oxyanion donor / active-site pocket,Catalytic/oxyanion,31.395891
Pro00083,IsPETase,6EQD,141,SER,S141,no named landmark assigned,Other/candidate,low,trajectory-derived contact residue,M161,161,oxyanion donor / active-site pocket,Catalytic/oxyanion,34.522248
Pro00083,IsPETase,6EQD,142,SER,S142,no named landmark assigned,Other/candidate,low,trajectory-derived contact residue,M161,161,oxyanion donor / active-site pocket,Catalytic/oxyanion,33.740682
Pro00083,IsPETase,6EQD,143,SER,S143,no named landmark assigned,Other/candidate,low,trajectory-derived contact residue,M161,161,oxyanion donor / active-site pocket,Catalytic/oxyanion,30.281336
Pro00083,IsPETase,6EQD,144,PRO,P144,no named landmark assigned,Other/candidate,low,trajectory-derived contact residue,M161,161,oxyanion donor / active-site pocket,Catalytic/oxyanion,30.167616
Pro00083,IsPETase,6EQD,145,ILE,I145,no named landmark assigned,Other/candidate,low,trajectory-derived contact residue,M161,161,oxyanion donor / active-site pocket,Catalytic/oxyanion,28.408208
Pro00083,IsPETase,6EQD,146,TYR,Y146,no named landmark assigned,Other/candidate,low,trajectory-derived contact residue,M161,161,oxyanion donor / active-site pocket,Catalytic/oxyanion,31.128013
Pro00083,IsPETase,6EQD,147,GLY,G147,no named landmark assigned,Other/candidate,low,trajectory-derived contact residue,M161,161,oxyanion donor / active-site pocket,Catalytic/oxyanion,31.964161
Pro00083,IsPETase,6EQD,148,LYS,K148,no named landmark assigned,Other/candidate,low,trajectory-derived contact residue,M161,161,oxyanion donor / active-site pocket,Catalytic/oxyanion,29.56936
Pro00083,IsPETase,6EQD,149,VAL,V149,no named landmark assigned,Other/candidate,low,trajectory-derived contact residue,M161,161,oxyanion donor / active-site pocket,Catalytic/oxyanion,26.877282
Pro00083,IsPETase,6EQD,150,ASP,D150,no named landmark assigned,Other/candidate,low,trajectory-derived contact residue,M161,161,oxyanion donor / active-site pocket,Catalytic/oxyanion,27.373186
Pro00083,IsPETase,6EQD,151,THR,T151,no named landmark assigned,Other/candidate,low,trajectory-derived contact residue,M161,161,oxyanion donor / active-site pocket,Catalytic/oxyanion,25.266073
Pro00083,IsPETase,6EQD,152,ALA,A152,no named landmark assigned,Other/candidate,low,trajectory-derived contact residue,M161,161,oxyanion donor / active-site pocket,Catalytic/oxyanion,25.579313
Pro00083,IsPETase,6EQD,153,ARG,R153,no named landmark assigned,Other/candidate,low,trajectory-derived contact residue,M161,161,oxyanion donor / active-site pocket,Catalytic/oxyanion,23.55002
Pro00083,IsPETase,6EQD,154,MET,M154,no named landmark assigned,Other/candidate,low,trajectory-derived contact residue,M161,161,oxyanion donor / active-site pocket,Catalytic/oxyanion,19.849149
Pro00083,IsPETase,6EQD,155,GLY,G155,no named landmark assigned,Other/candidate,low,trajectory-derived contact residue,M161,161,oxyanion donor / active-site pocket,Catalytic/oxyanion,16.831523
Pro00083,IsPETase,6EQD,156,VAL,V156,no named landmark assigned,Other/candidate,low,trajectory-derived contact residue,M161,161,oxyanion donor / active-site pocket,Catalytic/oxyanion,13.016529
Pro00083,IsPETase,6EQD,157,MET,M157,no named landmark assigned,Other/candidate,low,trajectory-derived contact residue,S160,160,catalytic Ser,Catalytic/oxyanion,10.23133
Pro00083,IsPETase,6EQD,158,GLY,G158,catalytic/oxyanion pocket neighborhood,Catalytic/oxyanion,medium,local sequence neighborhood,S160,160,catalytic Ser,Catalytic/oxyanion,6.842966
Pro00083,IsPETase,6EQD,159,TRP,W159,catalytic/oxyanion pocket neighborhood,Catalytic/oxyanion,medium,local sequence neighborhood,S160,160,catalytic Ser,Catalytic/oxyanion,3.853526
Pro00083,IsPETase,6EQD,160,SER,S160,catalytic Ser,Catalytic/oxyanion,high,registry/literature,S160,160,catalytic Ser,Catalytic/oxyanion,0.0
Pro00083,IsPETase,6EQD,161,MET,M161,oxyanion donor / active-site pocket,Catalytic/oxyanion,high,registry/literature,M161,161,oxyanion donor / active-site pocket,Catalytic/oxyanion,0.0
Pro00083,IsPETase,6EQD,162,GLY,G162,catalytic/oxyanion pocket neighborhood,Catalytic/oxyanion,medium,local sequence neighborhood,M161,161,oxyanion donor / active-site pocket,Catalytic/oxyanion,3.873199
Pro00083,IsPETase,6EQD,163,GLY,G163,near S160 (catalytic Ser),Catalytic/oxyanion,medium-low,local CA-distance annotation,S160,160,catalytic Ser,Catalytic/oxyanion,4.946683
Pro00083,IsPETase,6EQD,164,GLY,G164,near M161 (oxyanion donor / active-site pocket),Catalytic/oxyanion,medium-low,local CA-distance annotation,M161,161,oxyanion donor / active-site pocket,Catalytic/oxyanion,4.901196
Pro00083,IsPETase,6EQD,165,GLY,G165,no named landmark assigned,Other/candidate,low,trajectory-derived contact residue,M161,161,oxyanion donor / active-site pocket,Catalytic/oxyanion,6.053721
Pro00083,IsPETase,6EQD,166,SER,S166,no named landmark assigned,Other/candidate,low,trajectory-derived contact residue,M161,161,oxyanion donor / active-site pocket,Catalytic/oxyanion,8.570438
Pro00083,IsPETase,6EQD,167,LEU,L167,no named landmark assigned,Other/candidate,low,trajectory-derived contact residue,I218,218,flexible pair I218,W-loop/flexible or rigid pair,8.966811
Pro00083,IsPETase,6EQD,168,ILE,I168,no named landmark assigned,Other/candidate,low,trajectory-derived contact residue,M161,161,oxyanion donor / active-site pocket,Catalytic/oxyanion,10.341646
Pro00083,IsPETase,6EQD,169,SER,S169,no named landmark assigned,Other/candidate,low,trajectory-derived contact residue,M161,161,oxyanion donor / active-site pocket,Catalytic/oxyanion,12.083226
Pro00083,IsPETase,6EQD,170,ALA,A170,no named landmark assigned,Other/candidate,low,trajectory-derived contact residue,I218,218,flexible pair I218,W-loop/flexible or rigid pair,12.72275
Pro00083,IsPETase,6EQD,171,ALA,A171,no named landmark assigned,Other/candidate,low,trajectory-derived contact residue,I218,218,flexible pair I218,W-loop/flexible or rigid pair,12.129357
Pro00083,IsPETase,6EQD,172,ASN,N172,no named landmark assigned,Other/candidate,low,trajectory-derived contact residue,I218,218,flexible pair I218,W-loop/flexible or rigid pair,15.640607
Pro00083,IsPETase,6EQD,173,ASN,N173,no named landmark assigned,Other/candidate,low,trajectory-derived contact residue,I218,218,flexible pair I218,W-loop/flexible or rigid pair,17.410554
Pro00083,IsPETase,6EQD,174,PRO,P174,no named landmark assigned,Other/candidate,low,trajectory-derived contact residue,I218,218,flexible pair I218,W-loop/flexible or rigid pair,16.860942
Pro00083,IsPETase,6EQD,175,SER,S175,no named landmark assigned,Other/candidate,low,trajectory-derived contact residue,I218,218,flexible pair I218,W-loop/flexible or rigid pair,19.976295
Pro00083,IsPETase,6EQD,176,LEU,L176,no named landmark assigned,Other/candidate,low,trajectory-derived contact residue,I218,218,flexible pair I218,W-loop/flexible or rigid pair,18.140507
Pro00083,IsPETase,6EQD,177,LYS,K177,no named landmark assigned,Other/candidate,low,trajectory-derived contact residue,I218,218,flexible pair I218,W-loop/flexible or rigid pair,18.586671
Pro00083,IsPETase,6EQD,178,ALA,A178,no named landmark assigned,Other/candidate,low,trajectory-derived contact residue,I218,218,flexible pair I218,W-loop/flexible or rigid pair,15.839588
Pro00083,IsPETase,6EQD,179,ALA,A179,no named landmark assigned,Other/candidate,low,trajectory-derived contact residue,I218,218,flexible pair I218,W-loop/flexible or rigid pair,12.897025
Pro00083,IsPETase,6EQD,180,ALA,A180,no named landmark assigned,Other/candidate,low,trajectory-derived contact residue,S160,160,catalytic Ser,Catalytic/oxyanion,11.783615
Pro00083,IsPETase,6EQD,181,PRO,P181,no named landmark assigned,Other/candidate,low,trajectory-derived contact residue,S160,160,catalytic Ser,Catalytic/oxyanion,7.954863
Pro00083,IsPETase,6EQD,182,GLN,Q182,no named landmark assigned,Other/candidate,low,trajectory-derived contact residue,S160,160,catalytic Ser,Catalytic/oxyanion,6.566213
Pro00083,IsPETase,6EQD,183,ALA,A183,W185 W-loop neighborhood,W-loop/flexible or rigid pair,medium,local sequence neighborhood,S160,160,catalytic Ser,Catalytic/oxyanion,5.199643
Pro00083,IsPETase,6EQD,184,PRO,P184,W185 W-loop neighborhood,W-loop/flexible or rigid pair,medium,local sequence neighborhood,W185,185,canonical W-loop Trp,W-loop/flexible or rigid pair,3.797012
Pro00083,IsPETase,6EQD,185,TRP,W185,canonical W-loop Trp,W-loop/flexible or rigid pair,high,literature + structural mapping,W185,185,canonical W-loop Trp,W-loop/flexible or rigid pair,0.0
Pro00083,IsPETase,6EQD,186,ASP,D186,W185 W-loop neighborhood,W-loop/flexible or rigid pair,medium,local sequence neighborhood,W185,185,canonical W-loop Trp,W-loop/flexible or rigid pair,3.813339
Pro00083,IsPETase,6EQD,187,SER,S187,W185 W-loop neighborhood,W-loop/flexible or rigid pair,medium,local sequence neighborhood,W185,185,canonical W-loop Trp,W-loop/flexible or rigid pair,7.047406
Pro00083,IsPETase,6EQD,188,SER,S188,no named landmark assigned,Other/candidate,low,trajectory-derived contact residue,I218,218,flexible pair I218,W-loop/flexible or rigid pair,8.199729
Pro00083,IsPETase,6EQD,189,THR,T189,near I218 (flexible pair I218),W-loop/flexible or rigid pair,medium-low,local CA-distance annotation,I218,218,flexible pair I218,W-loop/flexible or rigid pair,4.610493
Pro00083,IsPETase,6EQD,190,ASN,N190,no named landmark assigned,Other/candidate,low,trajectory-derived contact residue,I218,218,flexible pair I218,W-loop/flexible or rigid pair,6.085964
Pro00083,IsPETase,6EQD,191,PHE,F191,no named landmark assigned,Other/candidate,low,trajectory-derived contact residue,I218,218,flexible pair I218,W-loop/flexible or rigid pair,6.155621
Pro00083,IsPETase,6EQD,192,SER,S192,no named landmark assigned,Other/candidate,low,trajectory-derived contact residue,I218,218,flexible pair I218,W-loop/flexible or rigid pair,8.414683
Pro00083,IsPETase,6EQD,193,SER,S193,no named landmark assigned,Other/candidate,low,trajectory-derived contact residue,I218,218,flexible pair I218,W-loop/flexible or rigid pair,11.1251
Pro00083,IsPETase,6EQD,194,VAL,V194,no named landmark assigned,Other/candidate,low,trajectory-derived contact residue,I218,218,flexible pair I218,W-loop/flexible or rigid pair,10.405095
Pro00083,IsPETase,6EQD,195,THR,T195,no named landmark assigned,Other/candidate,low,trajectory-derived contact residue,I218,218,flexible pair I218,W-loop/flexible or rigid pair,13.299147
Pro00083,IsPETase,6EQD,196,VAL,V196,no named landmark assigned,Other/candidate,low,trajectory-derived contact residue,I218,218,flexible pair I218,W-loop/flexible or rigid pair,13.558892
Pro00083,IsPETase,6EQD,197,PRO,P197,no named landmark assigned,Other/candidate,low,trajectory-derived contact residue,I218,218,flexible pair I218,W-loop/flexible or rigid pair,13.548474
Pro00083,IsPETase,6EQD,198,THR,T198,no named landmark assigned,Other/candidate,low,trajectory-derived contact residue,I218,218,flexible pair I218,W-loop/flexible or rigid pair,10.51238
Pro00083,IsPETase,6EQD,199,LEU,L199,no named landmark assigned,Other/candidate,low,trajectory-derived contact residue,I218,218,flexible pair I218,W-loop/flexible or rigid pair,10.965783
Pro00083,IsPETase,6EQD,200,ILE,I200,no named landmark assigned,Other/candidate,low,trajectory-derived contact residue,I218,218,flexible pair I218,W-loop/flexible or rigid pair,8.688478
Pro00083,IsPETase,6EQD,201,PHE,F201,no named landmark assigned,Other/candidate,low,trajectory-derived contact residue,H237,237,catalytic His,Catalytic/oxyanion,10.476489
Pro00083,IsPETase,6EQD,202,ALA,A202,no named landmark assigned,Other/candidate,low,trajectory-derived contact residue,D206,206,catalytic Asp,Catalytic/oxyanion,7.98821
Pro00083,IsPETase,6EQD,203,CYS,C203,near D206 (catalytic Asp),Catalytic/oxyanion,medium-low,local CA-distance annotation,D206,206,catalytic Asp,Catalytic/oxyanion,5.359001
Pro00083,IsPETase,6EQD,204,GLU,E204,catalytic Asp/His active-site rim,Cleft/rim patch,medium,local sequence neighborhood,D206,206,catalytic Asp,Catalytic/oxyanion,5.712799
Pro00083,IsPETase,6EQD,205,ASN,N205,catalytic Asp/His active-site rim,Cleft/rim patch,medium,local sequence neighborhood,D206,206,catalytic Asp,Catalytic/oxyanion,3.838535
Pro00083,IsPETase,6EQD,206,ASP,D206,catalytic Asp,Catalytic/oxyanion,high,registry/literature,D206,206,catalytic Asp,Catalytic/oxyanion,0.0
Pro00083,IsPETase,6EQD,207,SER,S207,catalytic Asp/His active-site rim,Cleft/rim patch,medium,local sequence neighborhood,D206,206,catalytic Asp,Catalytic/oxyanion,3.850558
Pro00083,IsPETase,6EQD,208,ILE,I208,catalytic Asp/His active-site rim,Cleft/rim patch,medium,local sequence neighborhood,D206,206,catalytic Asp,Catalytic/oxyanion,5.684166
Pro00083,IsPETase,6EQD,209,ALA,A209,near S214 (flexible pair S214),W-loop/flexible or rigid pair,medium-low,local CA-distance annotation,S214,214,flexible pair S214,W-loop/flexible or rigid pair,5.708792
Pro00083,IsPETase,6EQD,210,PRO,P210,near D206 (catalytic Asp),Catalytic/oxyanion,medium-low,local CA-distance annotation,D206,206,catalytic Asp,Catalytic/oxyanion,4.841038
Pro00083,IsPETase,6EQD,211,VAL,V211,near S214 (flexible pair S214),W-loop/flexible or rigid pair,medium-low,local CA-distance annotation,S214,214,flexible pair S214,W-loop/flexible or rigid pair,5.130016
Pro00083,IsPETase,6EQD,212,ASN,N212,S214/I218 flexible-pair neighborhood,W-loop/flexible or rigid pair,medium,local sequence neighborhood,S214,214,flexible pair S214,W-loop/flexible or rigid pair,5.903015
Pro00083,IsPETase,6EQD,213,SER,S213,S214/I218 flexible-pair neighborhood,W-loop/flexible or rigid pair,medium,local sequence neighborhood,S214,214,flexible pair S214,W-loop/flexible or rigid pair,3.8582
Pro00083,IsPETase,6EQD,214,SER,S214,flexible pair S214,W-loop/flexible or rigid pair,high,literature + structural mapping,S214,214,flexible pair S214,W-loop/flexible or rigid pair,0.0
Pro00083,IsPETase,6EQD,215,ALA,A215,S214/I218 flexible-pair neighborhood,W-loop/flexible or rigid pair,medium,local sequence neighborhood,S214,214,flexible pair S214,W-loop/flexible or rigid pair,3.841826
Pro00083,IsPETase,6EQD,216,LEU,L216,S214/I218 flexible-pair neighborhood,W-loop/flexible or rigid pair,medium,local sequence neighborhood,I218,218,flexible pair I218,W-loop/flexible or rigid pair,5.293319
Pro00083,IsPETase,6EQD,217,PRO,P217,S214/I218 flexible-pair neighborhood,W-loop/flexible or rigid pair,medium,local sequence neighborhood,I218,218,flexible pair I218,W-loop/flexible or rigid pair,3.857499
Pro00083,IsPETase,6EQD,218,ILE,I218,flexible pair I218,W-loop/flexible or rigid pair,high,literature + structural mapping,I218,218,flexible pair I218,W-loop/flexible or rigid pair,0.0
Pro00083,IsPETase,6EQD,219,TYR,Y219,S214/I218 flexible-pair neighborhood,W-loop/flexible or rigid pair,medium,local sequence neighborhood,I218,218,flexible pair I218,W-loop/flexible or rigid pair,3.853015
Pro00083,IsPETase,6EQD,220,ASP,D220,near I218 (flexible pair I218),W-loop/flexible or rigid pair,medium-low,local CA-distance annotation,I218,218,flexible pair I218,W-loop/flexible or rigid pair,5.572608
Pro00083,IsPETase,6EQD,221,SER,S221,near I218 (flexible pair I218),W-loop/flexible or rigid pair,medium-low,local CA-distance annotation,I218,218,flexible pair I218,W-loop/flexible or rigid pair,5.317053
Pro00083,IsPETase,6EQD,222,MET,M222,no named landmark assigned,Other/candidate,low,trajectory-derived contact residue,I218,218,flexible pair I218,W-loop/flexible or rigid pair,6.969928
Pro00083,IsPETase,6EQD,223,SER,S223,no named landmark assigned,Other/candidate,low,trajectory-derived contact residue,I218,218,flexible pair I218,W-loop/flexible or rigid pair,10.539165
Pro00083,IsPETase,6EQD,224,ARG,R224,no named landmark assigned,Other/candidate,low,trajectory-derived contact residue,I218,218,flexible pair I218,W-loop/flexible or rigid pair,12.946903
Pro00083,IsPETase,6EQD,225,ASN,N225,no named landmark assigned,Other/candidate,low,trajectory-derived contact residue,I218,218,flexible pair I218,W-loop/flexible or rigid pair,12.69349
Pro00083,IsPETase,6EQD,226,ALA,A226,no named landmark assigned,Other/candidate,low,trajectory-derived contact residue,I218,218,flexible pair I218,W-loop/flexible or rigid pair,13.77857
Pro00083,IsPETase,6EQD,227,LYS,K227,no named landmark assigned,Other/candidate,low,trajectory-derived contact residue,I218,218,flexible pair I218,W-loop/flexible or rigid pair,10.849865
Pro00083,IsPETase,6EQD,228,GLN,Q228,no named landmark assigned,Other/candidate,low,trajectory-derived contact residue,I218,218,flexible pair I218,W-loop/flexible or rigid pair,11.206199
Pro00083,IsPETase,6EQD,229,PHE,F229,no named landmark assigned,Other/candidate,low,trajectory-derived contact residue,I218,218,flexible pair I218,W-loop/flexible or rigid pair,9.842238
Pro00083,IsPETase,6EQD,230,LEU,L230,no named landmark assigned,Other/candidate,low,trajectory-derived contact residue,I218,218,flexible pair I218,W-loop/flexible or rigid pair,12.730725
Pro00083,IsPETase,6EQD,231,GLU,E231,no named landmark assigned,Other/candidate,low,trajectory-derived contact residue,D206,206,catalytic Asp,Catalytic/oxyanion,10.092358
Pro00083,IsPETase,6EQD,232,ILE,I232,no named landmark assigned,Other/candidate,low,trajectory-derived contact residue,D206,206,catalytic Asp,Catalytic/oxyanion,9.847227
Pro00083,IsPETase,6EQD,233,ASN,N233,no named landmark assigned,Other/candidate,low,trajectory-derived contact residue,D206,206,catalytic Asp,Catalytic/oxyanion,10.398471
Pro00083,IsPETase,6EQD,234,GLY,G234,no named landmark assigned,Other/candidate,low,trajectory-derived contact residue,D206,206,catalytic Asp,Catalytic/oxyanion,8.818724
Pro00083,IsPETase,6EQD,235,GLY,G235,catalytic Asp/His active-site rim,Cleft/rim patch,medium,local sequence neighborhood,H237,237,catalytic His,Catalytic/oxyanion,6.666852
Pro00083,IsPETase,6EQD,236,SER,S236,catalytic Asp/His active-site rim,Cleft/rim patch,medium,local sequence neighborhood,H237,237,catalytic His,Catalytic/oxyanion,3.885002
Pro00083,IsPETase,6EQD,237,HIS,H237,catalytic His,Catalytic/oxyanion,high,registry/literature,H237,237,catalytic His,Catalytic/oxyanion,0.0
Pro00083,IsPETase,6EQD,238,SER,S238,catalytic Asp/His active-site rim,Cleft/rim patch,medium,local sequence neighborhood,H237,237,catalytic His,Catalytic/oxyanion,3.876912
Pro00083,IsPETase,6EQD,239,CYS,C239,catalytic Asp/His active-site rim,Cleft/rim patch,medium,local sequence neighborhood,H237,237,catalytic His,Catalytic/oxyanion,5.734439
Pro00083,IsPETase,6EQD,240,ALA,A240,no named landmark assigned,Other/candidate,low,trajectory-derived contact residue,H237,237,catalytic His,Catalytic/oxyanion,8.067497
Pro00083,IsPETase,6EQD,241,ASN,N241,no named landmark assigned,Other/candidate,low,trajectory-derived contact residue,H237,237,catalytic His,Catalytic/oxyanion,8.725347
Pro00083,IsPETase,6EQD,242,SER,S242,no named landmark assigned,Other/candidate,low,trajectory-derived contact residue,H237,237,catalytic His,Catalytic/oxyanion,12.167373
Pro00083,IsPETase,6EQD,243,GLY,G243,no named landmark assigned,Other/candidate,low,trajectory-derived contact residue,H237,237,catalytic His,Catalytic/oxyanion,12.987275
Pro00083,IsPETase,6EQD,244,ASN,N244,no named landmark assigned,Other/candidate,low,trajectory-derived contact residue,H237,237,catalytic His,Catalytic/oxyanion,10.935
Pro00083,IsPETase,6EQD,245,SER,S245,no named landmark assigned,Other/candidate,low,trajectory-derived contact residue,H237,237,catalytic His,Catalytic/oxyanion,13.319078
Pro00083,IsPETase,6EQD,246,ASN,N246,no named landmark assigned,Other/candidate,low,trajectory-derived contact residue,H237,237,catalytic His,Catalytic/oxyanion,13.469823
Pro00083,IsPETase,6EQD,247,GLN,Q247,no named landmark assigned,Other/candidate,low,trajectory-derived contact residue,H237,237,catalytic His,Catalytic/oxyanion,15.127158
Pro00083,IsPETase,6EQD,248,ALA,A248,no named landmark assigned,Other/candidate,low,trajectory-derived contact residue,H237,237,catalytic His,Catalytic/oxyanion,18.227167
Pro00083,IsPETase,6EQD,249,LEU,L249,no named landmark assigned,Other/candidate,low,trajectory-derived contact residue,H237,237,catalytic His,Catalytic/oxyanion,16.877791
Pro00083,IsPETase,6EQD,250,ILE,I250,no named landmark assigned,Other/candidate,low,trajectory-derived contact residue,H237,237,catalytic His,Catalytic/oxyanion,14.220687
Pro00083,IsPETase,6EQD,251,GLY,G251,no named landmark assigned,Other/candidate,low,trajectory-derived contact residue,H237,237,catalytic His,Catalytic/oxyanion,16.896485
Pro00083,IsPETase,6EQD,252,LYS,K252,no named landmark assigned,Other/candidate,low,trajectory-derived contact residue,H237,237,catalytic His,Catalytic/oxyanion,19.710035
Pro00083,IsPETase,6EQD,253,LYS,K253,no named landmark assigned,Other/candidate,low,trajectory-derived contact residue,H237,237,catalytic His,Catalytic/oxyanion,18.231319
Pro00083,IsPETase,6EQD,254,GLY,G254,no named landmark assigned,Other/candidate,low,trajectory-derived contact residue,S160,160,catalytic Ser,Catalytic/oxyanion,16.219783
Pro00083,IsPETase,6EQD,255,VAL,V255,no named landmark assigned,Other/candidate,low,trajectory-derived contact residue,S160,160,catalytic Ser,Catalytic/oxyanion,19.594979
Pro00083,IsPETase,6EQD,256,ALA,A256,no named landmark assigned,Other/candidate,low,trajectory-derived contact residue,I218,218,flexible pair I218,W-loop/flexible or rigid pair,21.378743
Pro00083,IsPETase,6EQD,257,TRP,W257,no named landmark assigned,Other/candidate,low,trajectory-derived contact residue,I218,218,flexible pair I218,W-loop/flexible or rigid pair,18.048902
Pro00083,IsPETase,6EQD,258,MET,M258,no named landmark assigned,Other/candidate,low,trajectory-derived contact residue,S160,160,catalytic Ser,Catalytic/oxyanion,19.366307
Pro00083,IsPETase,6EQD,259,LYS,K259,no named landmark assigned,Other/candidate,low,trajectory-derived contact residue,I218,218,flexible pair I218,W-loop/flexible or rigid pair,22.905458
Pro00083,IsPETase,6EQD,260,ARG,R260,no named landmark assigned,Other/candidate,low,trajectory-derived contact residue,I218,218,flexible pair I218,W-loop/flexible or rigid pair,21.776421
Pro00083,IsPETase,6EQD,261,PHE,F261,no named landmark assigned,Other/candidate,low,trajectory-derived contact residue,I218,218,flexible pair I218,W-loop/flexible or rigid pair,19.911104
Pro00083,IsPETase,6EQD,262,MET,M262,no named landmark assigned,Other/candidate,low,trajectory-derived contact residue,I218,218,flexible pair I218,W-loop/flexible or rigid pair,21.755664
Pro00083,IsPETase,6EQD,263,ASP,D263,no named landmark assigned,Other/candidate,low,trajectory-derived contact residue,I218,218,flexible pair I218,W-loop/flexible or rigid pair,25.174615
Pro00083,IsPETase,6EQD,264,ASN,N264,no named landmark assigned,Other/candidate,low,trajectory-derived contact residue,I218,218,flexible pair I218,W-loop/flexible or rigid pair,24.704901
Pro00083,IsPETase,6EQD,265,ASP,D265,no named landmark assigned,Other/candidate,low,trajectory-derived contact residue,I218,218,flexible pair I218,W-loop/flexible or rigid pair,26.350338
Pro00083,IsPETase,6EQD,266,THR,T266,no named landmark assigned,Other/candidate,low,trajectory-derived contact residue,I218,218,flexible pair I218,W-loop/flexible or rigid pair,26.512315
Pro00083,IsPETase,6EQD,267,ARG,R267,no named landmark assigned,Other/candidate,low,trajectory-derived contact residue,I218,218,flexible pair I218,W-loop/flexible or rigid pair,28.241516
Pro00083,IsPETase,6EQD,268,TYR,Y268,no named landmark assigned,Other/candidate,low,trajectory-derived contact residue,I218,218,flexible pair I218,W-loop/flexible or rigid pair,24.739342
Pro00083,IsPETase,6EQD,269,SER,S269,no named landmark assigned,Other/candidate,low,trajectory-derived contact residue,I218,218,flexible pair I218,W-loop/flexible or rigid pair,23.232804
Pro00083,IsPETase,6EQD,270,THR,T270,no named landmark assigned,Other/candidate,low,trajectory-derived contact residue,I218,218,flexible pair I218,W-loop/flexible or rigid pair,23.901112
Pro00083,IsPETase,6EQD,271,PHE,F271,no named landmark assigned,Other/candidate,low,trajectory-derived contact residue,I218,218,flexible pair I218,W-loop/flexible or rigid pair,22.696841
Pro00083,IsPETase,6EQD,272,ALA,A272,no named landmark assigned,Other/candidate,low,trajectory-derived contact residue,I218,218,flexible pair I218,W-loop/flexible or rigid pair,19.449907
Pro00083,IsPETase,6EQD,273,CYS,C273,no named landmark assigned,Other/candidate,low,trajectory-derived contact residue,I218,218,flexible pair I218,W-loop/flexible or rigid pair,18.622843
Pro00083,IsPETase,6EQD,274,GLU,E274,no named landmark assigned,Other/candidate,low,trajectory-derived contact residue,I218,218,flexible pair I218,W-loop/flexible or rigid pair,20.574745
Pro00083,IsPETase,6EQD,275,ASN,N275,no named landmark assigned,Other/candidate,low,trajectory-derived contact residue,I218,218,flexible pair I218,W-loop/flexible or rigid pair,19.601803
Pro00083,IsPETase,6EQD,276,PRO,P276,no named landmark assigned,Other/candidate,low,trajectory-derived contact residue,D206,206,catalytic Asp,Catalytic/oxyanion,20.951974
Pro00083,IsPETase,6EQD,277,ASN,N277,no named landmark assigned,Other/candidate,low,trajectory-derived contact residue,D206,206,catalytic Asp,Catalytic/oxyanion,21.532657
Pro00083,IsPETase,6EQD,278,SER,S278,no named landmark assigned,Other/candidate,low,trajectory-derived contact residue,D206,206,catalytic Asp,Catalytic/oxyanion,19.322874
Pro00083,IsPETase,6EQD,279,THR,T279,no named landmark assigned,Other/candidate,low,trajectory-derived contact residue,D206,206,catalytic Asp,Catalytic/oxyanion,17.77469
Pro00083,IsPETase,6EQD,280,ARG,R280,no named landmark assigned,Other/candidate,low,trajectory-derived contact residue,D206,206,catalytic Asp,Catalytic/oxyanion,14.97773
Pro00083,IsPETase,6EQD,281,VAL,V281,no named landmark assigned,Other/candidate,low,trajectory-derived contact residue,D206,206,catalytic Asp,Catalytic/oxyanion,13.968313
Pro00083,IsPETase,6EQD,282,SER,S282,no named landmark assigned,Other/candidate,low,trajectory-derived contact residue,D206,206,catalytic Asp,Catalytic/oxyanion,12.588853
Pro00083,IsPETase,6EQD,283,ASP,D283,no named landmark assigned,Other/candidate,low,trajectory-derived contact residue,D206,206,catalytic Asp,Catalytic/oxyanion,13.417068
Pro00083,IsPETase,6EQD,284,PHE,F284,no named landmark assigned,Other/candidate,low,trajectory-derived contact residue,I218,218,flexible pair I218,W-loop/flexible or rigid pair,14.391973
Pro00083,IsPETase,6EQD,285,ARG,R285,no named landmark assigned,Other/candidate,low,trajectory-derived contact residue,I218,218,flexible pair I218,W-loop/flexible or rigid pair,12.663631
Pro00083,IsPETase,6EQD,286,THR,T286,no named landmark assigned,Other/candidate,low,trajectory-derived contact residue,I218,218,flexible pair I218,W-loop/flexible or rigid pair,13.365114
Pro00083,IsPETase,6EQD,287,ALA,A287,no named landmark assigned,Other/candidate,low,trajectory-derived contact residue,I218,218,flexible pair I218,W-loop/flexible or rigid pair,13.790531
Pro00083,IsPETase,6EQD,288,ASN,N288,no named landmark assigned,Other/candidate,low,trajectory-derived contact residue,I218,218,flexible pair I218,W-loop/flexible or rigid pair,16.163399
Pro00083,IsPETase,6EQD,289,CYS,C289,no named landmark assigned,Other/candidate,low,trajectory-derived contact residue,I218,218,flexible pair I218,W-loop/flexible or rigid pair,17.502563
Pro00083,IsPETase,6EQD,290,SER,S290,no named landmark assigned,Other/candidate,low,trajectory-derived contact residue,I218,218,flexible pair I218,W-loop/flexible or rigid pair,21.355974
Pro00057,TfCut1,7QJR,1,MET,M1,no named landmark assigned,Other/candidate,low,trajectory-derived contact residue,F189,189,rigid H/F-like pair,W-loop/flexible or rigid pair,36.892959
Pro00057,TfCut1,7QJR,2,ALA,A2,no named landmark assigned,Other/candidate,low,trajectory-derived contact residue,F189,189,rigid H/F-like pair,W-loop/flexible or rigid pair,35.092931
Pro00057,TfCut1,7QJR,3,ASN,N3,no named landmark assigned,Other/candidate,low,trajectory-derived contact residue,F189,189,rigid H/F-like pair,W-loop/flexible or rigid pair,31.838391
Pro00057,TfCut1,7QJR,4,PRO,P4,no named landmark assigned,Other/candidate,low,trajectory-derived contact residue,F189,189,rigid H/F-like pair,W-loop/flexible or rigid pair,33.067709
Pro00057,TfCut1,7QJR,5,TYR,Y5,no named landmark assigned,Other/candidate,low,trajectory-derived contact residue,F189,189,rigid H/F-like pair,W-loop/flexible or rigid pair,29.956469
Pro00057,TfCut1,7QJR,6,GLU,E6,no named landmark assigned,Other/candidate,low,trajectory-derived contact residue,F189,189,rigid H/F-like pair,W-loop/flexible or rigid pair,30.547018
Pro00057,TfCut1,7QJR,7,ARG,R7,no named landmark assigned,Other/candidate,low,trajectory-derived contact residue,S131,131,catalytic Ser,Catalytic/oxyanion,29.795259
Pro00057,TfCut1,7QJR,8,GLY,G8,no named landmark assigned,Other/candidate,low,trajectory-derived contact residue,S131,131,catalytic Ser,Catalytic/oxyanion,30.464117
Pro00057,TfCut1,7QJR,9,PRO,P9,no named landmark assigned,Other/candidate,low,trajectory-derived contact residue,S131,131,catalytic Ser,Catalytic/oxyanion,32.406544
Pro00057,TfCut1,7QJR,10,ASN,N10,no named landmark assigned,Other/candidate,low,trajectory-derived contact residue,S131,131,catalytic Ser,Catalytic/oxyanion,32.193996
Pro00057,TfCut1,7QJR,11,PRO,P11,no named landmark assigned,Other/candidate,low,trajectory-derived contact residue,H209,209,catalytic His,Catalytic/oxyanion,28.973613
Pro00057,TfCut1,7QJR,12,THR,T12,no named landmark assigned,Other/candidate,low,trajectory-derived contact residue,H209,209,catalytic His,Catalytic/oxyanion,28.100894
Pro00057,TfCut1,7QJR,13,ASP,D13,no named landmark assigned,Other/candidate,low,trajectory-derived contact residue,H209,209,catalytic His,Catalytic/oxyanion,24.966379
Pro00057,TfCut1,7QJR,14,ALA,A14,no named landmark assigned,Other/candidate,low,trajectory-derived contact residue,H209,209,catalytic His,Catalytic/oxyanion,25.769605
Pro00057,TfCut1,7QJR,15,LEU,L15,no named landmark assigned,Other/candidate,low,trajectory-derived contact residue,H209,209,catalytic His,Catalytic/oxyanion,26.07933
Pro00057,TfCut1,7QJR,16,LEU,L16,no named landmark assigned,Other/candidate,low,trajectory-derived contact residue,H209,209,catalytic His,Catalytic/oxyanion,22.672775
Pro00057,TfCut1,7QJR,17,GLU,E17,no named landmark assigned,Other/candidate,low,trajectory-derived contact residue,H209,209,catalytic His,Catalytic/oxyanion,20.950661
Pro00057,TfCut1,7QJR,18,ALA,A18,no named landmark assigned,Other/candidate,low,trajectory-derived contact residue,H209,209,catalytic His,Catalytic/oxyanion,22.755702
Pro00057,TfCut1,7QJR,19,ARG,R19,no named landmark assigned,Other/candidate,low,trajectory-derived contact residue,H209,209,catalytic His,Catalytic/oxyanion,21.248024
Pro00057,TfCut1,7QJR,20,SER,S20,no named landmark assigned,Other/candidate,low,trajectory-derived contact residue,H209,209,catalytic His,Catalytic/oxyanion,23.666757
Pro00057,TfCut1,7QJR,21,GLY,G21,no named landmark assigned,Other/candidate,low,trajectory-derived contact residue,S131,131,catalytic Ser,Catalytic/oxyanion,25.423429
Pro00057,TfCut1,7QJR,22,PRO,P22,no named landmark assigned,Other/candidate,low,trajectory-derived contact residue,S131,131,catalytic Ser,Catalytic/oxyanion,28.898725
Pro00057,TfCut1,7QJR,23,PHE,F23,no named landmark assigned,Other/candidate,low,trajectory-derived contact residue,S131,131,catalytic Ser,Catalytic/oxyanion,28.303114
Pro00057,TfCut1,7QJR,24,SER,S24,no named landmark assigned,Other/candidate,low,trajectory-derived contact residue,S131,131,catalytic Ser,Catalytic/oxyanion,28.840436
Pro00057,TfCut1,7QJR,25,VAL,V25,no named landmark assigned,Other/candidate,low,trajectory-derived contact residue,S131,131,catalytic Ser,Catalytic/oxyanion,26.120496
Pro00057,TfCut1,7QJR,26,SER,S26,no named landmark assigned,Other/candidate,low,trajectory-derived contact residue,S131,131,catalytic Ser,Catalytic/oxyanion,26.781361
Pro00057,TfCut1,7QJR,27,GLU,E27,no named landmark assigned,Other/candidate,low,trajectory-derived contact residue,Y61,61,oxyanion donor / active-site pocket,Catalytic/oxyanion,24.642483
Pro00057,TfCut1,7QJR,28,GLU,E28,no named landmark assigned,Other/candidate,low,trajectory-derived contact residue,Y61,61,oxyanion donor / active-site pocket,Catalytic/oxyanion,24.289484
Pro00057,TfCut1,7QJR,29,ASN,N29,no named landmark assigned,Other/candidate,low,trajectory-derived contact residue,Y61,61,oxyanion donor / active-site pocket,Catalytic/oxyanion,21.947673
Pro00057,TfCut1,7QJR,30,VAL,V30,no named landmark assigned,Other/candidate,low,trajectory-derived contact residue,Y61,61,oxyanion donor / active-site pocket,Catalytic/oxyanion,20.495844
Pro00057,TfCut1,7QJR,31,SER,S31,no named landmark assigned,Other/candidate,low,trajectory-derived contact residue,Y61,61,oxyanion donor / active-site pocket,Catalytic/oxyanion,20.263516
Pro00057,TfCut1,7QJR,32,ARG,R32,no named landmark assigned,Other/candidate,low,trajectory-derived contact residue,Y61,61,oxyanion donor / active-site pocket,Catalytic/oxyanion,17.94462
Pro00057,TfCut1,7QJR,33,LEU,L33,no named landmark assigned,Other/candidate,low,trajectory-derived contact residue,Y61,61,oxyanion donor / active-site pocket,Catalytic/oxyanion,21.371549
Pro00057,TfCut1,7QJR,34,SER,S34,no named landmark assigned,Other/candidate,low,trajectory-derived contact residue,Y61,61,oxyanion donor / active-site pocket,Catalytic/oxyanion,22.528896
Pro00057,TfCut1,7QJR,35,ALA,A35,no named landmark assigned,Other/candidate,low,trajectory-derived contact residue,Y61,61,oxyanion donor / active-site pocket,Catalytic/oxyanion,19.42989
Pro00057,TfCut1,7QJR,36,SER,S36,no named landmark assigned,Other/candidate,low,trajectory-derived contact residue,Y61,61,oxyanion donor / active-site pocket,Catalytic/oxyanion,20.132292
Pro00057,TfCut1,7QJR,37,GLY,G37,no named landmark assigned,Other/candidate,low,trajectory-derived contact residue,M132,132,oxyanion donor / active-site pocket,Catalytic/oxyanion,17.082447
Pro00057,TfCut1,7QJR,38,PHE,F38,no named landmark assigned,Other/candidate,low,trajectory-derived contact residue,Y61,61,oxyanion donor / active-site pocket,Catalytic/oxyanion,14.404825
Pro00057,TfCut1,7QJR,39,GLY,G39,no named landmark assigned,Other/candidate,low,trajectory-derived contact residue,Y61,61,oxyanion donor / active-site pocket,Catalytic/oxyanion,13.523453
Pro00057,TfCut1,7QJR,40,GLY,G40,no named landmark assigned,Other/candidate,low,trajectory-derived contact residue,Y61,61,oxyanion donor / active-site pocket,Catalytic/oxyanion,15.998806
Pro00057,TfCut1,7QJR,41,GLY,G41,no named landmark assigned,Other/candidate,low,trajectory-derived contact residue,Y61,61,oxyanion donor / active-site pocket,Catalytic/oxyanion,15.903612
Pro00057,TfCut1,7QJR,42,THR,T42,no named landmark assigned,Other/candidate,low,trajectory-derived contact residue,Y61,61,oxyanion donor / active-site pocket,Catalytic/oxyanion,18.549137
Pro00057,TfCut1,7QJR,43,ILE,I43,no named landmark assigned,Other/candidate,low,trajectory-derived contact residue,S131,131,catalytic Ser,Catalytic/oxyanion,20.769665
Pro00057,TfCut1,7QJR,44,TYR,Y44,no named landmark assigned,Other/candidate,low,trajectory-derived contact residue,S131,131,catalytic Ser,Catalytic/oxyanion,21.516532
Pro00057,TfCut1,7QJR,45,TYR,Y45,no named landmark assigned,Other/candidate,low,trajectory-derived contact residue,S131,131,catalytic Ser,Catalytic/oxyanion,24.361137
Pro00057,TfCut1,7QJR,46,PRO,P46,no named landmark assigned,Other/candidate,low,trajectory-derived contact residue,S131,131,catalytic Ser,Catalytic/oxyanion,27.084198
Pro00057,TfCut1,7QJR,47,ARG,R47,no named landmark assigned,Other/candidate,low,trajectory-derived contact residue,S131,131,catalytic Ser,Catalytic/oxyanion,30.401369
Pro00057,TfCut1,7QJR,48,GLU,E48,no named landmark assigned,Other/candidate,low,trajectory-derived contact residue,S131,131,catalytic Ser,Catalytic/oxyanion,32.324763
Pro00057,TfCut1,7QJR,49,ASN,N49,no named landmark assigned,Other/candidate,low,trajectory-derived contact residue,S131,131,catalytic Ser,Catalytic/oxyanion,33.42836
Pro00057,TfCut1,7QJR,50,ASN,N50,no named landmark assigned,Other/candidate,low,trajectory-derived contact residue,S131,131,catalytic Ser,Catalytic/oxyanion,32.180409
Pro00057,TfCut1,7QJR,51,THR,T51,no named landmark assigned,Other/candidate,low,trajectory-derived contact residue,S131,131,catalytic Ser,Catalytic/oxyanion,29.871856
Pro00057,TfCut1,7QJR,52,TYR,Y52,no named landmark assigned,Other/candidate,low,trajectory-derived contact residue,S131,131,catalytic Ser,Catalytic/oxyanion,26.357542
Pro00057,TfCut1,7QJR,53,GLY,G53,no named landmark assigned,Other/candidate,low,trajectory-derived contact residue,S131,131,catalytic Ser,Catalytic/oxyanion,23.330007
Pro00057,TfCut1,7QJR,54,ALA,A54,no named landmark assigned,Other/candidate,low,trajectory-derived contact residue,M132,132,oxyanion donor / active-site pocket,Catalytic/oxyanion,20.745017
Pro00057,TfCut1,7QJR,55,VAL,V55,no named landmark assigned,Other/candidate,low,trajectory-derived contact residue,S131,131,catalytic Ser,Catalytic/oxyanion,16.970558
Pro00057,TfCut1,7QJR,56,ALA,A56,no named landmark assigned,Other/candidate,low,trajectory-derived contact residue,M132,132,oxyanion donor / active-site pocket,Catalytic/oxyanion,14.160016
Pro00057,TfCut1,7QJR,57,ILE,I57,no named landmark assigned,Other/candidate,low,trajectory-derived contact residue,S131,131,catalytic Ser,Catalytic/oxyanion,11.247674
Pro00057,TfCut1,7QJR,58,SER,S58,no named landmark assigned,Other/candidate,low,trajectory-derived contact residue,M132,132,oxyanion donor / active-site pocket,Catalytic/oxyanion,8.259197
Pro00057,TfCut1,7QJR,59,PRO,P59,no named landmark assigned,Other/candidate,low,trajectory-derived contact residue,Y61,61,oxyanion donor / active-site pocket,Catalytic/oxyanion,7.060303
Pro00057,TfCut1,7QJR,60,GLY,G60,catalytic/oxyanion pocket neighborhood,Catalytic/oxyanion,medium,local sequence neighborhood,Y61,61,oxyanion donor / active-site pocket,Catalytic/oxyanion,3.834101
Pro00057,TfCut1,7QJR,61,TYR,Y61,oxyanion donor / active-site pocket,Catalytic/oxyanion,high,local registry,Y61,61,oxyanion donor / active-site pocket,Catalytic/oxyanion,0.0
Pro00057,TfCut1,7QJR,62,THR,T62,catalytic/oxyanion pocket neighborhood,Catalytic/oxyanion,medium,local sequence neighborhood,Y61,61,oxyanion donor / active-site pocket,Catalytic/oxyanion,3.879543
Pro00057,TfCut1,7QJR,63,GLY,G63,catalytic/oxyanion pocket neighborhood,Catalytic/oxyanion,medium,local sequence neighborhood,Y61,61,oxyanion donor / active-site pocket,Catalytic/oxyanion,5.324675
Pro00057,TfCut1,7QJR,64,THR,T64,no named landmark assigned,Other/candidate,low,trajectory-derived contact residue,Y61,61,oxyanion donor / active-site pocket,Catalytic/oxyanion,8.603604
Pro00057,TfCut1,7QJR,65,GLU,E65,no named landmark assigned,Other/candidate,low,trajectory-derived contact residue,Y61,61,oxyanion donor / active-site pocket,Catalytic/oxyanion,11.44909
Pro00057,TfCut1,7QJR,66,ALA,A66,no named landmark assigned,Other/candidate,low,trajectory-derived contact residue,Y61,61,oxyanion donor / active-site pocket,Catalytic/oxyanion,13.022431
Pro00057,TfCut1,7QJR,67,SER,S67,no named landmark assigned,Other/candidate,low,trajectory-derived contact residue,Y61,61,oxyanion donor / active-site pocket,Catalytic/oxyanion,10.883545
Pro00057,TfCut1,7QJR,68,ILE,I68,no named landmark assigned,Other/candidate,low,trajectory-derived contact residue,S131,131,catalytic Ser,Catalytic/oxyanion,11.192321
Pro00057,TfCut1,7QJR,69,ALA,A69,no named landmark assigned,Other/candidate,low,trajectory-derived contact residue,S131,131,catalytic Ser,Catalytic/oxyanion,15.019989
Pro00057,TfCut1,7QJR,70,TRP,W70,no named landmark assigned,Other/candidate,low,trajectory-derived contact residue,S131,131,catalytic Ser,Catalytic/oxyanion,16.197452
Pro00057,TfCut1,7QJR,71,LEU,L71,no named landmark assigned,Other/candidate,low,trajectory-derived contact residue,S131,131,catalytic Ser,Catalytic/oxyanion,14.495588
Pro00057,TfCut1,7QJR,72,GLY,G72,no named landmark assigned,Other/candidate,low,trajectory-derived contact residue,S131,131,catalytic Ser,Catalytic/oxyanion,15.784853
Pro00057,TfCut1,7QJR,73,GLU,E73,no named landmark assigned,Other/candidate,low,trajectory-derived contact residue,S131,131,catalytic Ser,Catalytic/oxyanion,19.238725
Pro00057,TfCut1,7QJR,74,ARG,R74,no named landmark assigned,Other/candidate,low,trajectory-derived contact residue,S131,131,catalytic Ser,Catalytic/oxyanion,19.360438
Pro00057,TfCut1,7QJR,75,ILE,I75,no named landmark assigned,Other/candidate,low,trajectory-derived contact residue,S131,131,catalytic Ser,Catalytic/oxyanion,18.663182
Pro00057,TfCut1,7QJR,76,ALA,A76,no named landmark assigned,Other/candidate,low,trajectory-derived contact residue,S131,131,catalytic Ser,Catalytic/oxyanion,21.234618
Pro00057,TfCut1,7QJR,77,SER,S77,no named landmark assigned,Other/candidate,low,trajectory-derived contact residue,S131,131,catalytic Ser,Catalytic/oxyanion,23.718583
Pro00057,TfCut1,7QJR,78,HIS,H78,no named landmark assigned,Other/candidate,low,trajectory-derived contact residue,S131,131,catalytic Ser,Catalytic/oxyanion,23.832917
Pro00057,TfCut1,7QJR,79,GLY,G79,no named landmark assigned,Other/candidate,low,trajectory-derived contact residue,S131,131,catalytic Ser,Catalytic/oxyanion,25.046736
Pro00057,TfCut1,7QJR,80,PHE,F80,no named landmark assigned,Other/candidate,low,trajectory-derived contact residue,S131,131,catalytic Ser,Catalytic/oxyanion,22.328407
Pro00057,TfCut1,7QJR,81,VAL,V81,no named landmark assigned,Other/candidate,low,trajectory-derived contact residue,S131,131,catalytic Ser,Catalytic/oxyanion,22.004734
Pro00057,TfCut1,7QJR,82,VAL,V82,no named landmark assigned,Other/candidate,low,trajectory-derived contact residue,S131,131,catalytic Ser,Catalytic/oxyanion,18.432091
Pro00057,TfCut1,7QJR,83,ILE,I83,no named landmark assigned,Other/candidate,low,trajectory-derived contact residue,M132,132,oxyanion donor / active-site pocket,Catalytic/oxyanion,16.941859
Pro00057,TfCut1,7QJR,84,THR,T84,no named landmark assigned,Other/candidate,low,trajectory-derived contact residue,S131,131,catalytic Ser,Catalytic/oxyanion,14.2541
Pro00057,TfCut1,7QJR,85,ILE,I85,no named landmark assigned,Other/candidate,low,trajectory-derived contact residue,Y61,61,oxyanion donor / active-site pocket,Catalytic/oxyanion,12.753307
Pro00057,TfCut1,7QJR,86,ASP,D86,no named landmark assigned,Other/candidate,low,trajectory-derived contact residue,Y61,61,oxyanion donor / active-site pocket,Catalytic/oxyanion,10.895972
Pro00057,TfCut1,7QJR,87,THR,T87,no named landmark assigned,Other/candidate,low,trajectory-derived contact residue,Y61,61,oxyanion donor / active-site pocket,Catalytic/oxyanion,9.423113
Pro00057,TfCut1,7QJR,88,ILE,I88,no named landmark assigned,Other/candidate,low,trajectory-derived contact residue,Y61,61,oxyanion donor / active-site pocket,Catalytic/oxyanion,11.566828
Pro00057,TfCut1,7QJR,89,THR,T89,no named landmark assigned,Other/candidate,low,trajectory-derived contact residue,Y61,61,oxyanion donor / active-site pocket,Catalytic/oxyanion,9.069605
Pro00057,TfCut1,7QJR,90,THR,T90,near Y61 (oxyanion donor / active-site pocket),Catalytic/oxyanion,medium-low,local CA-distance annotation,Y61,61,oxyanion donor / active-site pocket,Catalytic/oxyanion,5.783764
Pro00057,TfCut1,7QJR,91,LEU,L91,near Y61 (oxyanion donor / active-site pocket),Catalytic/oxyanion,medium-low,local CA-distance annotation,Y61,61,oxyanion donor / active-site pocket,Catalytic/oxyanion,5.41011
Pro00057,TfCut1,7QJR,92,ASP,D92,no named landmark assigned,Other/candidate,low,trajectory-derived contact residue,Y61,61,oxyanion donor / active-site pocket,Catalytic/oxyanion,6.857886
Pro00057,TfCut1,7QJR,93,GLN,Q93,no named landmark assigned,Other/candidate,low,trajectory-derived contact residue,M132,132,oxyanion donor / active-site pocket,Catalytic/oxyanion,6.45657
Pro00057,TfCut1,7QJR,94,PRO,P94,near M132 (oxyanion donor / active-site pocket),Catalytic/oxyanion,medium-low,local CA-distance annotation,M132,132,oxyanion donor / active-site pocket,Catalytic/oxyanion,4.783466
Pro00057,TfCut1,7QJR,95,ASP,D95,no named landmark assigned,Other/candidate,low,trajectory-derived contact residue,M132,132,oxyanion donor / active-site pocket,Catalytic/oxyanion,8.586308
Pro00057,TfCut1,7QJR,96,SER,S96,no named landmark assigned,Other/candidate,low,trajectory-derived contact residue,M132,132,oxyanion donor / active-site pocket,Catalytic/oxyanion,9.566732
Pro00057,TfCut1,7QJR,97,ARG,R97,no named landmark assigned,Other/candidate,low,trajectory-derived contact residue,M132,132,oxyanion donor / active-site pocket,Catalytic/oxyanion,7.479698
Pro00057,TfCut1,7QJR,98,ALA,A98,no named landmark assigned,Other/candidate,low,trajectory-derived contact residue,M132,132,oxyanion donor / active-site pocket,Catalytic/oxyanion,9.459828
Pro00057,TfCut1,7QJR,99,GLU,E99,no named landmark assigned,Other/candidate,low,trajectory-derived contact residue,M132,132,oxyanion donor / active-site pocket,Catalytic/oxyanion,12.575871
Pro00057,TfCut1,7QJR,100,GLN,Q100,no named landmark assigned,Other/candidate,low,trajectory-derived contact residue,M132,132,oxyanion donor / active-site pocket,Catalytic/oxyanion,12.099036
Pro00057,TfCut1,7QJR,101,LEU,L101,no named landmark assigned,Other/candidate,low,trajectory-derived contact residue,M132,132,oxyanion donor / active-site pocket,Catalytic/oxyanion,11.855787
Pro00057,TfCut1,7QJR,102,ASN,N102,no named landmark assigned,Other/candidate,low,trajectory-derived contact residue,M132,132,oxyanion donor / active-site pocket,Catalytic/oxyanion,14.970495
Pro00057,TfCut1,7QJR,103,ALA,A103,no named landmark assigned,Other/candidate,low,trajectory-derived contact residue,M132,132,oxyanion donor / active-site pocket,Catalytic/oxyanion,16.621352
Pro00057,TfCut1,7QJR,104,ALA,A104,no named landmark assigned,Other/candidate,low,trajectory-derived contact residue,M132,132,oxyanion donor / active-site pocket,Catalytic/oxyanion,16.261938
Pro00057,TfCut1,7QJR,105,LEU,L105,no named landmark assigned,Other/candidate,low,trajectory-derived contact residue,M132,132,oxyanion donor / active-site pocket,Catalytic/oxyanion,17.911157
Pro00057,TfCut1,7QJR,106,ASN,N106,no named landmark assigned,Other/candidate,low,trajectory-derived contact residue,M132,132,oxyanion donor / active-site pocket,Catalytic/oxyanion,20.562672
Pro00057,TfCut1,7QJR,107,HIS,H107,no named landmark assigned,Other/candidate,low,trajectory-derived contact residue,M132,132,oxyanion donor / active-site pocket,Catalytic/oxyanion,21.132677
Pro00057,TfCut1,7QJR,108,MET,M108,no named landmark assigned,Other/candidate,low,trajectory-derived contact residue,M132,132,oxyanion donor / active-site pocket,Catalytic/oxyanion,21.892258
Pro00057,TfCut1,7QJR,109,ILE,I109,no named landmark assigned,Other/candidate,low,trajectory-derived contact residue,M132,132,oxyanion donor / active-site pocket,Catalytic/oxyanion,24.274636
Pro00057,TfCut1,7QJR,110,ASN,N110,no named landmark assigned,Other/candidate,low,trajectory-derived contact residue,M132,132,oxyanion donor / active-site pocket,Catalytic/oxyanion,26.040833
Pro00057,TfCut1,7QJR,111,ARG,R111,no named landmark assigned,Other/candidate,low,trajectory-derived contact residue,M132,132,oxyanion donor / active-site pocket,Catalytic/oxyanion,25.754641
Pro00057,TfCut1,7QJR,112,ALA,A112,no named landmark assigned,Other/candidate,low,trajectory-derived contact residue,M132,132,oxyanion donor / active-site pocket,Catalytic/oxyanion,25.548773
Pro00057,TfCut1,7QJR,113,SER,S113,no named landmark assigned,Other/candidate,low,trajectory-derived contact residue,M132,132,oxyanion donor / active-site pocket,Catalytic/oxyanion,28.954964
Pro00057,TfCut1,7QJR,114,SER,S114,no named landmark assigned,Other/candidate,low,trajectory-derived contact residue,M132,132,oxyanion donor / active-site pocket,Catalytic/oxyanion,31.510216
Pro00057,TfCut1,7QJR,115,THR,T115,no named landmark assigned,Other/candidate,low,trajectory-derived contact residue,M132,132,oxyanion donor / active-site pocket,Catalytic/oxyanion,30.895415
Pro00057,TfCut1,7QJR,116,VAL,V116,no named landmark assigned,Other/candidate,low,trajectory-derived contact residue,M132,132,oxyanion donor / active-site pocket,Catalytic/oxyanion,27.229501
Pro00057,TfCut1,7QJR,117,ARG,R117,no named landmark assigned,Other/candidate,low,trajectory-derived contact residue,M132,132,oxyanion donor / active-site pocket,Catalytic/oxyanion,28.009735
Pro00057,TfCut1,7QJR,118,SER,S118,no named landmark assigned,Other/candidate,low,trajectory-derived contact residue,M132,132,oxyanion donor / active-site pocket,Catalytic/oxyanion,31.022028
Pro00057,TfCut1,7QJR,119,ARG,R119,no named landmark assigned,Other/candidate,low,trajectory-derived contact residue,M132,132,oxyanion donor / active-site pocket,Catalytic/oxyanion,28.909412
Pro00057,TfCut1,7QJR,120,ILE,I120,no named landmark assigned,Other/candidate,low,trajectory-derived contact residue,M132,132,oxyanion donor / active-site pocket,Catalytic/oxyanion,26.462769
Pro00057,TfCut1,7QJR,121,ASP,D121,no named landmark assigned,Other/candidate,low,trajectory-derived contact residue,M132,132,oxyanion donor / active-site pocket,Catalytic/oxyanion,27.297401
Pro00057,TfCut1,7QJR,122,SER,S122,no named landmark assigned,Other/candidate,low,trajectory-derived contact residue,M132,132,oxyanion donor / active-site pocket,Catalytic/oxyanion,25.41876
Pro00057,TfCut1,7QJR,123,SER,S123,no named landmark assigned,Other/candidate,low,trajectory-derived contact residue,M132,132,oxyanion donor / active-site pocket,Catalytic/oxyanion,25.789726
Pro00057,TfCut1,7QJR,124,ARG,R124,no named landmark assigned,Other/candidate,low,trajectory-derived contact residue,M132,132,oxyanion donor / active-site pocket,Catalytic/oxyanion,23.674621
Pro00057,TfCut1,7QJR,125,LEU,L125,no named landmark assigned,Other/candidate,low,trajectory-derived contact residue,M132,132,oxyanion donor / active-site pocket,Catalytic/oxyanion,20.004624
Pro00057,TfCut1,7QJR,126,ALA,A126,no named landmark assigned,Other/candidate,low,trajectory-derived contact residue,M132,132,oxyanion donor / active-site pocket,Catalytic/oxyanion,16.823451
Pro00057,TfCut1,7QJR,127,VAL,V127,no named landmark assigned,Other/candidate,low,trajectory-derived contact residue,M132,132,oxyanion donor / active-site pocket,Catalytic/oxyanion,13.052061
Pro00057,TfCut1,7QJR,128,MET,M128,no named landmark assigned,Other/candidate,low,trajectory-derived contact residue,S131,131,catalytic Ser,Catalytic/oxyanion,10.155444
Pro00057,TfCut1,7QJR,129,GLY,G129,no named landmark assigned,Other/candidate,low,trajectory-derived contact residue,S131,131,catalytic Ser,Catalytic/oxyanion,6.72881
Pro00057,TfCut1,7QJR,130,HIS,H130,catalytic/oxyanion pocket neighborhood,Catalytic/oxyanion,medium,local sequence neighborhood,S131,131,catalytic Ser,Catalytic/oxyanion,3.842395
Pro00057,TfCut1,7QJR,131,SER,S131,catalytic Ser,Catalytic/oxyanion,high,local registry + 7QJR,S131,131,catalytic Ser,Catalytic/oxyanion,0.0
Pro00057,TfCut1,7QJR,132,MET,M132,oxyanion donor / active-site pocket,Catalytic/oxyanion,high,local registry,M132,132,oxyanion donor / active-site pocket,Catalytic/oxyanion,0.0
Pro00057,TfCut1,7QJR,133,GLY,G133,catalytic/oxyanion pocket neighborhood,Catalytic/oxyanion,medium,local sequence neighborhood,M132,132,oxyanion donor / active-site pocket,Catalytic/oxyanion,3.875328
Pro00057,TfCut1,7QJR,134,GLY,G134,near S131 (catalytic Ser),Catalytic/oxyanion,medium-low,local CA-distance annotation,S131,131,catalytic Ser,Catalytic/oxyanion,5.025053
Pro00057,TfCut1,7QJR,135,GLY,G135,near M132 (oxyanion donor / active-site pocket),Catalytic/oxyanion,medium-low,local CA-distance annotation,M132,132,oxyanion donor / active-site pocket,Catalytic/oxyanion,4.886004
Pro00057,TfCut1,7QJR,136,GLY,G136,no named landmark assigned,Other/candidate,low,trajectory-derived contact residue,M132,132,oxyanion donor / active-site pocket,Catalytic/oxyanion,6.232478
Pro00057,TfCut1,7QJR,137,SER,S137,no named landmark assigned,Other/candidate,low,trajectory-derived contact residue,M132,132,oxyanion donor / active-site pocket,Catalytic/oxyanion,8.647162
Pro00057,TfCut1,7QJR,138,LEU,L138,no named landmark assigned,Other/candidate,low,trajectory-derived contact residue,F189,189,rigid H/F-like pair,W-loop/flexible or rigid pair,8.707108
Pro00057,TfCut1,7QJR,139,ARG,R139,no named landmark assigned,Other/candidate,low,trajectory-derived contact residue,M132,132,oxyanion donor / active-site pocket,Catalytic/oxyanion,10.391049
Pro00057,TfCut1,7QJR,140,LEU,L140,no named landmark assigned,Other/candidate,low,trajectory-derived contact residue,M132,132,oxyanion donor / active-site pocket,Catalytic/oxyanion,12.265077
Pro00057,TfCut1,7QJR,141,ALA,A141,no named landmark assigned,Other/candidate,low,trajectory-derived contact residue,F189,189,rigid H/F-like pair,W-loop/flexible or rigid pair,12.536503
Pro00057,TfCut1,7QJR,142,SER,S142,no named landmark assigned,Other/candidate,low,trajectory-derived contact residue,F189,189,rigid H/F-like pair,W-loop/flexible or rigid pair,12.116949
Pro00057,TfCut1,7QJR,143,GLN,Q143,no named landmark assigned,Other/candidate,low,trajectory-derived contact residue,F189,189,rigid H/F-like pair,W-loop/flexible or rigid pair,15.755013
Pro00057,TfCut1,7QJR,144,ARG,R144,no named landmark assigned,Other/candidate,low,trajectory-derived contact residue,F189,189,rigid H/F-like pair,W-loop/flexible or rigid pair,17.308422
Pro00057,TfCut1,7QJR,145,PRO,P145,no named landmark assigned,Other/candidate,low,trajectory-derived contact residue,F189,189,rigid H/F-like pair,W-loop/flexible or rigid pair,16.932356
Pro00057,TfCut1,7QJR,146,ASP,D146,no named landmark assigned,Other/candidate,low,trajectory-derived contact residue,F189,189,rigid H/F-like pair,W-loop/flexible or rigid pair,19.962212
Pro00057,TfCut1,7QJR,147,LEU,L147,no named landmark assigned,Other/candidate,low,trajectory-derived contact residue,F189,189,rigid H/F-like pair,W-loop/flexible or rigid pair,18.128352
Pro00057,TfCut1,7QJR,148,LYS,K148,no named landmark assigned,Other/candidate,low,trajectory-derived contact residue,F189,189,rigid H/F-like pair,W-loop/flexible or rigid pair,18.435701
Pro00057,TfCut1,7QJR,149,ALA,A149,no named landmark assigned,Other/candidate,low,trajectory-derived contact residue,F189,189,rigid H/F-like pair,W-loop/flexible or rigid pair,15.548033
Pro00057,TfCut1,7QJR,150,ALA,A150,no named landmark assigned,Other/candidate,low,trajectory-derived contact residue,F189,189,rigid H/F-like pair,W-loop/flexible or rigid pair,12.571271
Pro00057,TfCut1,7QJR,151,ILE,I151,no named landmark assigned,Other/candidate,low,trajectory-derived contact residue,S131,131,catalytic Ser,Catalytic/oxyanion,11.124886
Pro00057,TfCut1,7QJR,152,PRO,P152,no named landmark assigned,Other/candidate,low,trajectory-derived contact residue,S131,131,catalytic Ser,Catalytic/oxyanion,7.652094
Pro00057,TfCut1,7QJR,153,LEU,L153,no named landmark assigned,Other/candidate,low,trajectory-derived contact residue,S131,131,catalytic Ser,Catalytic/oxyanion,6.294856
Pro00057,TfCut1,7QJR,154,THR,T154,W156-equivalent neighborhood,W-loop/flexible or rigid pair,medium,local sequence neighborhood,S131,131,catalytic Ser,Catalytic/oxyanion,5.224789
Pro00057,TfCut1,7QJR,155,PRO,P155,W156-equivalent neighborhood,W-loop/flexible or rigid pair,medium,local sequence neighborhood,W156,156,Thermobifida W-loop equivalent,W-loop/flexible or rigid pair,3.817351
Pro00057,TfCut1,7QJR,156,TRP,W156,Thermobifida W-loop equivalent,W-loop/flexible or rigid pair,high for local mapping,CE/ChimeraX mapping,W156,156,Thermobifida W-loop equivalent,W-loop/flexible or rigid pair,0.0
Pro00057,TfCut1,7QJR,157,HIS,H157,W156-equivalent neighborhood,W-loop/flexible or rigid pair,medium,local sequence neighborhood,W156,156,Thermobifida W-loop equivalent,W-loop/flexible or rigid pair,3.848744
Pro00057,TfCut1,7QJR,158,LEU,L158,W156-equivalent neighborhood,W-loop/flexible or rigid pair,medium,local sequence neighborhood,W156,156,Thermobifida W-loop equivalent,W-loop/flexible or rigid pair,7.207579
Pro00057,TfCut1,7QJR,159,ASN,N159,W156-equivalent neighborhood,W-loop/flexible or rigid pair,medium,local sequence neighborhood,F189,189,rigid H/F-like pair,W-loop/flexible or rigid pair,8.641265
Pro00057,TfCut1,7QJR,160,LYS,K160,near F189 (rigid H/F-like pair),W-loop/flexible or rigid pair,medium-low,local CA-distance annotation,F189,189,rigid H/F-like pair,W-loop/flexible or rigid pair,5.600206
Pro00057,TfCut1,7QJR,161,ASN,N161,no named landmark assigned,Other/candidate,low,trajectory-derived contact residue,F189,189,rigid H/F-like pair,W-loop/flexible or rigid pair,6.423308
Pro00057,TfCut1,7QJR,162,TRP,W162,no named landmark assigned,Other/candidate,low,trajectory-derived contact residue,F189,189,rigid H/F-like pair,W-loop/flexible or rigid pair,6.215287
Pro00057,TfCut1,7QJR,163,SER,S163,no named landmark assigned,Other/candidate,low,trajectory-derived contact residue,F189,189,rigid H/F-like pair,W-loop/flexible or rigid pair,8.890503
Pro00057,TfCut1,7QJR,164,SER,S164,no named landmark assigned,Other/candidate,low,trajectory-derived contact residue,F189,189,rigid H/F-like pair,W-loop/flexible or rigid pair,11.440075
Pro00057,TfCut1,7QJR,165,VAL,V165,no named landmark assigned,Other/candidate,low,trajectory-derived contact residue,F189,189,rigid H/F-like pair,W-loop/flexible or rigid pair,10.479216
Pro00057,TfCut1,7QJR,166,ARG,R166,no named landmark assigned,Other/candidate,low,trajectory-derived contact residue,F189,189,rigid H/F-like pair,W-loop/flexible or rigid pair,13.35693
Pro00057,TfCut1,7QJR,167,VAL,V167,no named landmark assigned,Other/candidate,low,trajectory-derived contact residue,F189,189,rigid H/F-like pair,W-loop/flexible or rigid pair,13.532691
Pro00057,TfCut1,7QJR,168,PRO,P168,no named landmark assigned,Other/candidate,low,trajectory-derived contact residue,F189,189,rigid H/F-like pair,W-loop/flexible or rigid pair,13.436709
Pro00057,TfCut1,7QJR,169,THR,T169,no named landmark assigned,Other/candidate,low,trajectory-derived contact residue,F189,189,rigid H/F-like pair,W-loop/flexible or rigid pair,10.341765
Pro00057,TfCut1,7QJR,170,LEU,L170,no named landmark assigned,Other/candidate,low,trajectory-derived contact residue,F189,189,rigid H/F-like pair,W-loop/flexible or rigid pair,10.628876
Pro00057,TfCut1,7QJR,171,ILE,I171,no named landmark assigned,Other/candidate,low,trajectory-derived contact residue,F189,189,rigid H/F-like pair,W-loop/flexible or rigid pair,8.150597
Pro00057,TfCut1,7QJR,172,ILE,I172,no named landmark assigned,Other/candidate,low,trajectory-derived contact residue,S131,131,catalytic Ser,Catalytic/oxyanion,10.365103
Pro00057,TfCut1,7QJR,173,GLY,G173,no named landmark assigned,Other/candidate,low,trajectory-derived contact residue,D177,177,catalytic Asp,Catalytic/oxyanion,7.847751
Pro00057,TfCut1,7QJR,174,ALA,A174,near D177 (catalytic Asp),Catalytic/oxyanion,medium-low,local CA-distance annotation,D177,177,catalytic Asp,Catalytic/oxyanion,5.367504
Pro00057,TfCut1,7QJR,175,ASP,D175,near D177 (catalytic Asp),Catalytic/oxyanion,medium-low,local CA-distance annotation,D177,177,catalytic Asp,Catalytic/oxyanion,5.655554
Pro00057,TfCut1,7QJR,176,LEU,L176,catalytic Asp/His active-site rim,Cleft/rim patch,medium,local sequence neighborhood,D177,177,catalytic Asp,Catalytic/oxyanion,3.860405
Pro00057,TfCut1,7QJR,177,ASP,D177,catalytic Asp,Catalytic/oxyanion,high,local registry + 7QJR,D177,177,catalytic Asp,Catalytic/oxyanion,0.0
Pro00057,TfCut1,7QJR,178,THR,T178,catalytic Asp/His active-site rim,Cleft/rim patch,medium,local sequence neighborhood,D177,177,catalytic Asp,Catalytic/oxyanion,3.857463
Pro00057,TfCut1,7QJR,179,ILE,I179,catalytic Asp/His active-site rim,Cleft/rim patch,medium,local sequence neighborhood,D177,177,catalytic Asp,Catalytic/oxyanion,5.75999
Pro00057,TfCut1,7QJR,180,ALA,A180,catalytic Asp/His active-site rim,Cleft/rim patch,medium,local sequence neighborhood,W156,156,Thermobifida W-loop equivalent,W-loop/flexible or rigid pair,5.360522
Pro00057,TfCut1,7QJR,181,PRO,P181,catalytic Asp/His active-site rim,Cleft/rim patch,medium,local sequence neighborhood,D177,177,catalytic Asp,Catalytic/oxyanion,4.87515
Pro00057,TfCut1,7QJR,182,VAL,V182,near H185 (rigid H/F-like pair),W-loop/flexible or rigid pair,medium-low,local CA-distance annotation,H185,185,rigid H/F-like pair,W-loop/flexible or rigid pair,5.055059
Pro00057,TfCut1,7QJR,183,LEU,L183,near H185 (rigid H/F-like pair),W-loop/flexible or rigid pair,medium-low,local CA-distance annotation,H185,185,rigid H/F-like pair,W-loop/flexible or rigid pair,5.90486
Pro00057,TfCut1,7QJR,184,THR,T184,H185/F189 rigid-pair neighborhood,W-loop/flexible or rigid pair,medium,local sequence neighborhood,H185,185,rigid H/F-like pair,W-loop/flexible or rigid pair,3.851879
Pro00057,TfCut1,7QJR,185,HIS,H185,rigid H/F-like pair,W-loop/flexible or rigid pair,high for local mapping,CE/ChimeraX mapping,H185,185,rigid H/F-like pair,W-loop/flexible or rigid pair,0.0
Pro00057,TfCut1,7QJR,186,ALA,A186,H185/F189 rigid-pair neighborhood,W-loop/flexible or rigid pair,medium,local sequence neighborhood,H185,185,rigid H/F-like pair,W-loop/flexible or rigid pair,3.835792
Pro00057,TfCut1,7QJR,187,ARG,R187,H185/F189 rigid-pair neighborhood,W-loop/flexible or rigid pair,medium,local sequence neighborhood,F189,189,rigid H/F-like pair,W-loop/flexible or rigid pair,5.373511
Pro00057,TfCut1,7QJR,188,PRO,P188,H185/F189 rigid-pair neighborhood,W-loop/flexible or rigid pair,medium,local sequence neighborhood,F189,189,rigid H/F-like pair,W-loop/flexible or rigid pair,3.828902
Pro00057,TfCut1,7QJR,189,PHE,F189,rigid H/F-like pair,W-loop/flexible or rigid pair,high for local mapping,CE/ChimeraX mapping,F189,189,rigid H/F-like pair,W-loop/flexible or rigid pair,0.0
Pro00057,TfCut1,7QJR,190,TYR,Y190,H185/F189 rigid-pair neighborhood,W-loop/flexible or rigid pair,medium,local sequence neighborhood,F189,189,rigid H/F-like pair,W-loop/flexible or rigid pair,3.835543
Pro00057,TfCut1,7QJR,191,ASN,N191,near F189 (rigid H/F-like pair),W-loop/flexible or rigid pair,medium-low,local CA-distance annotation,F189,189,rigid H/F-like pair,W-loop/flexible or rigid pair,5.50704
Pro00057,TfCut1,7QJR,192,SER,S192,near F189 (rigid H/F-like pair),W-loop/flexible or rigid pair,medium-low,local CA-distance annotation,F189,189,rigid H/F-like pair,W-loop/flexible or rigid pair,5.317878
Pro00057,TfCut1,7QJR,193,LEU,L193,no named landmark assigned,Other/candidate,low,trajectory-derived contact residue,F189,189,rigid H/F-like pair,W-loop/flexible or rigid pair,6.531805
Pro00057,TfCut1,7QJR,194,PRO,P194,no named landmark assigned,Other/candidate,low,trajectory-derived contact residue,F189,189,rigid H/F-like pair,W-loop/flexible or rigid pair,10.300925
Pro00057,TfCut1,7QJR,195,THR,T195,no named landmark assigned,Other/candidate,low,trajectory-derived contact residue,F189,189,rigid H/F-like pair,W-loop/flexible or rigid pair,12.242472
Pro00057,TfCut1,7QJR,196,SER,S196,no named landmark assigned,Other/candidate,low,trajectory-derived contact residue,F189,189,rigid H/F-like pair,W-loop/flexible or rigid pair,14.948911
Pro00057,TfCut1,7QJR,197,ILE,I197,no named landmark assigned,Other/candidate,low,trajectory-derived contact residue,F189,189,rigid H/F-like pair,W-loop/flexible or rigid pair,13.592879
Pro00057,TfCut1,7QJR,198,SER,S198,no named landmark assigned,Other/candidate,low,trajectory-derived contact residue,F189,189,rigid H/F-like pair,W-loop/flexible or rigid pair,14.16884
Pro00057,TfCut1,7QJR,199,LYS,K199,no named landmark assigned,Other/candidate,low,trajectory-derived contact residue,F189,189,rigid H/F-like pair,W-loop/flexible or rigid pair,11.027831
Pro00057,TfCut1,7QJR,200,ALA,A200,no named landmark assigned,Other/candidate,low,trajectory-derived contact residue,F189,189,rigid H/F-like pair,W-loop/flexible or rigid pair,11.031048
Pro00057,TfCut1,7QJR,201,TYR,Y201,no named landmark assigned,Other/candidate,low,trajectory-derived contact residue,F189,189,rigid H/F-like pair,W-loop/flexible or rigid pair,9.564096
Pro00057,TfCut1,7QJR,202,LEU,L202,no named landmark assigned,Other/candidate,low,trajectory-derived contact residue,F189,189,rigid H/F-like pair,W-loop/flexible or rigid pair,12.336252
Pro00057,TfCut1,7QJR,203,GLU,E203,no named landmark assigned,Other/candidate,low,trajectory-derived contact residue,D177,177,catalytic Asp,Catalytic/oxyanion,10.245388
Pro00057,TfCut1,7QJR,204,LEU,L204,no named landmark assigned,Other/candidate,low,trajectory-derived contact residue,D177,177,catalytic Asp,Catalytic/oxyanion,9.827808
Pro00057,TfCut1,7QJR,205,ASP,D205,no named landmark assigned,Other/candidate,low,trajectory-derived contact residue,D177,177,catalytic Asp,Catalytic/oxyanion,10.397559
Pro00057,TfCut1,7QJR,206,GLY,G206,no named landmark assigned,Other/candidate,low,trajectory-derived contact residue,D177,177,catalytic Asp,Catalytic/oxyanion,9.384803
Pro00057,TfCut1,7QJR,207,ALA,A207,no named landmark assigned,Other/candidate,low,trajectory-derived contact residue,H209,209,catalytic His,Catalytic/oxyanion,6.976718
Pro00057,TfCut1,7QJR,208,THR,T208,catalytic Asp/His active-site rim,Cleft/rim patch,medium,local sequence neighborhood,H209,209,catalytic His,Catalytic/oxyanion,3.846122
Pro00057,TfCut1,7QJR,209,HIS,H209,catalytic His,Catalytic/oxyanion,high,local registry + 7QJR,H209,209,catalytic His,Catalytic/oxyanion,0.0
Pro00057,TfCut1,7QJR,210,PHE,F210,catalytic Asp/His active-site rim,Cleft/rim patch,medium,local sequence neighborhood,H209,209,catalytic His,Catalytic/oxyanion,3.853035
Pro00057,TfCut1,7QJR,211,ALA,A211,catalytic Asp/His active-site rim,Cleft/rim patch,medium,local sequence neighborhood,H209,209,catalytic His,Catalytic/oxyanion,5.769144
Pro00057,TfCut1,7QJR,212,PRO,P212,catalytic Asp/His active-site rim,Cleft/rim patch,medium,local sequence neighborhood,H209,209,catalytic His,Catalytic/oxyanion,7.461902
Pro00057,TfCut1,7QJR,213,ASN,N213,catalytic Asp/His active-site rim,Cleft/rim patch,medium,local sequence neighborhood,H209,209,catalytic His,Catalytic/oxyanion,8.73435
Pro00057,TfCut1,7QJR,214,ILE,I214,no named landmark assigned,Other/candidate,low,trajectory-derived contact residue,H209,209,catalytic His,Catalytic/oxyanion,10.949926
Pro00057,TfCut1,7QJR,215,PRO,P215,no named landmark assigned,Other/candidate,low,trajectory-derived contact residue,H209,209,catalytic His,Catalytic/oxyanion,13.722567
Pro00057,TfCut1,7QJR,216,ASN,N216,no named landmark assigned,Other/candidate,low,trajectory-derived contact residue,H209,209,catalytic His,Catalytic/oxyanion,12.760433
Pro00057,TfCut1,7QJR,217,LYS,K217,no named landmark assigned,Other/candidate,low,trajectory-derived contact residue,H209,209,catalytic His,Catalytic/oxyanion,15.929064
Pro00057,TfCut1,7QJR,218,ILE,I218,no named landmark assigned,Other/candidate,low,trajectory-derived contact residue,H209,209,catalytic His,Catalytic/oxyanion,14.713058
Pro00057,TfCut1,7QJR,219,ILE,I219,no named landmark assigned,Other/candidate,low,trajectory-derived contact residue,H209,209,catalytic His,Catalytic/oxyanion,12.771732
Pro00057,TfCut1,7QJR,220,GLY,G220,no named landmark assigned,Other/candidate,low,trajectory-derived contact residue,H209,209,catalytic His,Catalytic/oxyanion,15.939911
Pro00057,TfCut1,7QJR,221,LYS,K221,no named landmark assigned,Other/candidate,low,trajectory-derived contact residue,H209,209,catalytic His,Catalytic/oxyanion,18.455173
Pro00057,TfCut1,7QJR,222,TYR,Y222,no named landmark assigned,Other/candidate,low,trajectory-derived contact residue,H209,209,catalytic His,Catalytic/oxyanion,17.421553
Pro00057,TfCut1,7QJR,223,SER,S223,no named landmark assigned,Other/candidate,low,trajectory-derived contact residue,S131,131,catalytic Ser,Catalytic/oxyanion,15.527842
Pro00057,TfCut1,7QJR,224,VAL,V224,no named landmark assigned,Other/candidate,low,trajectory-derived contact residue,S131,131,catalytic Ser,Catalytic/oxyanion,18.993706
Pro00057,TfCut1,7QJR,225,ALA,A225,no named landmark assigned,Other/candidate,low,trajectory-derived contact residue,S131,131,catalytic Ser,Catalytic/oxyanion,20.898715
Pro00057,TfCut1,7QJR,226,TRP,W226,no named landmark assigned,Other/candidate,low,trajectory-derived contact residue,F189,189,rigid H/F-like pair,W-loop/flexible or rigid pair,17.721679
Pro00057,TfCut1,7QJR,227,LEU,L227,no named landmark assigned,Other/candidate,low,trajectory-derived contact residue,S131,131,catalytic Ser,Catalytic/oxyanion,19.13099
Pro00057,TfCut1,7QJR,228,LYS,K228,no named landmark assigned,Other/candidate,low,trajectory-derived contact residue,F189,189,rigid H/F-like pair,W-loop/flexible or rigid pair,22.698431
Pro00057,TfCut1,7QJR,229,ARG,R229,no named landmark assigned,Other/candidate,low,trajectory-derived contact residue,F189,189,rigid H/F-like pair,W-loop/flexible or rigid pair,21.397987
Pro00057,TfCut1,7QJR,230,PHE,F230,no named landmark assigned,Other/candidate,low,trajectory-derived contact residue,F189,189,rigid H/F-like pair,W-loop/flexible or rigid pair,19.752764
Pro00057,TfCut1,7QJR,231,VAL,V231,no named landmark assigned,Other/candidate,low,trajectory-derived contact residue,F189,189,rigid H/F-like pair,W-loop/flexible or rigid pair,21.621636
Pro00057,TfCut1,7QJR,232,ASP,D232,no named landmark assigned,Other/candidate,low,trajectory-derived contact residue,F189,189,rigid H/F-like pair,W-loop/flexible or rigid pair,24.935901
Pro00057,TfCut1,7QJR,233,ASN,N233,no named landmark assigned,Other/candidate,low,trajectory-derived contact residue,F189,189,rigid H/F-like pair,W-loop/flexible or rigid pair,24.421338
Pro00057,TfCut1,7QJR,234,ASP,D234,no named landmark assigned,Other/candidate,low,trajectory-derived contact residue,F189,189,rigid H/F-like pair,W-loop/flexible or rigid pair,25.959315
Pro00057,TfCut1,7QJR,235,THR,T235,no named landmark assigned,Other/candidate,low,trajectory-derived contact residue,F189,189,rigid H/F-like pair,W-loop/flexible or rigid pair,25.996038
Pro00057,TfCut1,7QJR,236,ARG,R236,no named landmark assigned,Other/candidate,low,trajectory-derived contact residue,F189,189,rigid H/F-like pair,W-loop/flexible or rigid pair,27.749286
Pro00057,TfCut1,7QJR,237,TYR,Y237,no named landmark assigned,Other/candidate,low,trajectory-derived contact residue,F189,189,rigid H/F-like pair,W-loop/flexible or rigid pair,24.369581
Pro00057,TfCut1,7QJR,238,THR,T238,no named landmark assigned,Other/candidate,low,trajectory-derived contact residue,F189,189,rigid H/F-like pair,W-loop/flexible or rigid pair,22.960113
Pro00057,TfCut1,7QJR,239,GLN,Q239,no named landmark assigned,Other/candidate,low,trajectory-derived contact residue,F189,189,rigid H/F-like pair,W-loop/flexible or rigid pair,24.861813
Pro00057,TfCut1,7QJR,240,PHE,F240,no named landmark assigned,Other/candidate,low,trajectory-derived contact residue,F189,189,rigid H/F-like pair,W-loop/flexible or rigid pair,22.555447
Pro00057,TfCut1,7QJR,241,LEU,L241,no named landmark assigned,Other/candidate,low,trajectory-derived contact residue,F189,189,rigid H/F-like pair,W-loop/flexible or rigid pair,19.244071
Pro00057,TfCut1,7QJR,242,CYS,C242,no named landmark assigned,Other/candidate,low,trajectory-derived contact residue,F189,189,rigid H/F-like pair,W-loop/flexible or rigid pair,20.693087
Pro00057,TfCut1,7QJR,243,PRO,P243,no named landmark assigned,Other/candidate,low,trajectory-derived contact residue,F189,189,rigid H/F-like pair,W-loop/flexible or rigid pair,21.006021
Pro00057,TfCut1,7QJR,244,GLY,G244,no named landmark assigned,Other/candidate,low,trajectory-derived contact residue,F189,189,rigid H/F-like pair,W-loop/flexible or rigid pair,19.430475
Pro00057,TfCut1,7QJR,245,PRO,P245,no named landmark assigned,Other/candidate,low,trajectory-derived contact residue,D177,177,catalytic Asp,Catalytic/oxyanion,20.307465
Pro00057,TfCut1,7QJR,246,ARG,R246,no named landmark assigned,Other/candidate,low,trajectory-derived contact residue,D177,177,catalytic Asp,Catalytic/oxyanion,20.842093
Pro00057,TfCut1,7QJR,247,ASP,D247,no named landmark assigned,Other/candidate,low,trajectory-derived contact residue,D177,177,catalytic Asp,Catalytic/oxyanion,17.871351
Pro00057,TfCut1,7QJR,248,GLY,G248,no named landmark assigned,Other/candidate,low,trajectory-derived contact residue,D177,177,catalytic Asp,Catalytic/oxyanion,17.432584
Pro00057,TfCut1,7QJR,249,LEU,L249,no named landmark assigned,Other/candidate,low,trajectory-derived contact residue,D177,177,catalytic Asp,Catalytic/oxyanion,19.143078
Pro00057,TfCut1,7QJR,250,PHE,F250,no named landmark assigned,Other/candidate,low,trajectory-derived contact residue,D177,177,catalytic Asp,Catalytic/oxyanion,19.408826
Pro00057,TfCut1,7QJR,251,GLY,G251,no named landmark assigned,Other/candidate,low,trajectory-derived contact residue,D177,177,catalytic Asp,Catalytic/oxyanion,17.658799
Pro00057,TfCut1,7QJR,252,GLU,E252,no named landmark assigned,Other/candidate,low,trajectory-derived contact residue,D177,177,catalytic Asp,Catalytic/oxyanion,15.225495
Pro00057,TfCut1,7QJR,253,VAL,V253,no named landmark assigned,Other/candidate,low,trajectory-derived contact residue,D177,177,catalytic Asp,Catalytic/oxyanion,13.982061
Pro00057,TfCut1,7QJR,254,GLU,E254,no named landmark assigned,Other/candidate,low,trajectory-derived contact residue,D177,177,catalytic Asp,Catalytic/oxyanion,12.719463
Pro00057,TfCut1,7QJR,255,GLU,E255,no named landmark assigned,Other/candidate,low,trajectory-derived contact residue,D177,177,catalytic Asp,Catalytic/oxyanion,14.317197
Pro00057,TfCut1,7QJR,256,TYR,Y256,no named landmark assigned,Other/candidate,low,trajectory-derived contact residue,F189,189,rigid H/F-like pair,W-loop/flexible or rigid pair,14.521694
Pro00057,TfCut1,7QJR,257,ARG,R257,no named landmark assigned,Other/candidate,low,trajectory-derived contact residue,F189,189,rigid H/F-like pair,W-loop/flexible or rigid pair,12.780677
Pro00057,TfCut1,7QJR,258,SER,S258,no named landmark assigned,Other/candidate,low,trajectory-derived contact residue,F189,189,rigid H/F-like pair,W-loop/flexible or rigid pair,13.435063
Pro00057,TfCut1,7QJR,259,THR,T259,no named landmark assigned,Other/candidate,low,trajectory-derived contact residue,F189,189,rigid H/F-like pair,W-loop/flexible or rigid pair,14.638095
Pro00057,TfCut1,7QJR,260,CYS,C260,no named landmark assigned,Other/candidate,low,trajectory-derived contact residue,F189,189,rigid H/F-like pair,W-loop/flexible or rigid pair,18.028948
Pro00057,TfCut1,7QJR,261,PRO,P261,no named landmark assigned,Other/candidate,low,trajectory-derived contact residue,F189,189,rigid H/F-like pair,W-loop/flexible or rigid pair,20.519515
Pro00057,TfCut1,7QJR,262,PHE,F262,no named landmark assigned,Other/candidate,low,trajectory-derived contact residue,F189,189,rigid H/F-like pair,W-loop/flexible or rigid pair,19.161536
Pro00062,LCC,4EB0,1,MET,M1,no named landmark assigned,Other/candidate,low,trajectory-derived contact residue,H164,164,distal/subsite position,Subsite/hotspot/stability,99.338318
Pro00062,LCC,4EB0,2,ASP,D2,no named landmark assigned,Other/candidate,low,trajectory-derived contact residue,H164,164,distal/subsite position,Subsite/hotspot/stability,96.965324
Pro00062,LCC,4EB0,3,GLY,G3,no named landmark assigned,Other/candidate,low,trajectory-derived contact residue,H164,164,distal/subsite position,Subsite/hotspot/stability,94.857849
Pro00062,LCC,4EB0,4,VAL,V4,no named landmark assigned,Other/candidate,low,trajectory-derived contact residue,H164,164,distal/subsite position,Subsite/hotspot/stability,92.882342
Pro00062,LCC,4EB0,5,LEU,L5,no named landmark assigned,Other/candidate,low,trajectory-derived contact residue,H164,164,distal/subsite position,Subsite/hotspot/stability,91.599354
Pro00062,LCC,4EB0,6,TRP,W6,no named landmark assigned,Other/candidate,low,trajectory-derived contact residue,H164,164,distal/subsite position,Subsite/hotspot/stability,89.896293
Pro00062,LCC,4EB0,7,ARG,R7,no named landmark assigned,Other/candidate,low,trajectory-derived contact residue,H164,164,distal/subsite position,Subsite/hotspot/stability,87.764317
Pro00062,LCC,4EB0,8,VAL,V8,no named landmark assigned,Other/candidate,low,trajectory-derived contact residue,H164,164,distal/subsite position,Subsite/hotspot/stability,86.404195
Pro00062,LCC,4EB0,9,ARG,R9,no named landmark assigned,Other/candidate,low,trajectory-derived contact residue,H164,164,distal/subsite position,Subsite/hotspot/stability,85.290443
Pro00062,LCC,4EB0,10,THR,T10,no named landmark assigned,Other/candidate,low,trajectory-derived contact residue,H164,164,distal/subsite position,Subsite/hotspot/stability,83.306449
Pro00062,LCC,4EB0,11,ALA,A11,no named landmark assigned,Other/candidate,low,trajectory-derived contact residue,H164,164,distal/subsite position,Subsite/hotspot/stability,81.399722
Pro00062,LCC,4EB0,12,ALA,A12,no named landmark assigned,Other/candidate,low,trajectory-derived contact residue,H164,164,distal/subsite position,Subsite/hotspot/stability,80.330514
Pro00062,LCC,4EB0,13,LEU,L13,no named landmark assigned,Other/candidate,low,trajectory-derived contact residue,H164,164,distal/subsite position,Subsite/hotspot/stability,78.939297
Pro00062,LCC,4EB0,14,MET,M14,no named landmark assigned,Other/candidate,low,trajectory-derived contact residue,H164,164,distal/subsite position,Subsite/hotspot/stability,76.785032
Pro00062,LCC,4EB0,15,ALA,A15,no named landmark assigned,Other/candidate,low,trajectory-derived contact residue,H164,164,distal/subsite position,Subsite/hotspot/stability,75.339144
Pro00062,LCC,4EB0,16,ALA,A16,no named landmark assigned,Other/candidate,low,trajectory-derived contact residue,H164,164,distal/subsite position,Subsite/hotspot/stability,74.337942
Pro00062,LCC,4EB0,17,LEU,L17,no named landmark assigned,Other/candidate,low,trajectory-derived contact residue,H164,164,distal/subsite position,Subsite/hotspot/stability,72.506169
Pro00062,LCC,4EB0,18,LEU,L18,no named landmark assigned,Other/candidate,low,trajectory-derived contact residue,H164,164,distal/subsite position,Subsite/hotspot/stability,70.481841
Pro00062,LCC,4EB0,19,ALA,A19,no named landmark assigned,Other/candidate,low,trajectory-derived contact residue,H164,164,distal/subsite position,Subsite/hotspot/stability,69.571955
Pro00062,LCC,4EB0,20,LEU,L20,no named landmark assigned,Other/candidate,low,trajectory-derived contact residue,H164,164,distal/subsite position,Subsite/hotspot/stability,68.250296
Pro00062,LCC,4EB0,21,ALA,A21,no named landmark assigned,Other/candidate,low,trajectory-derived contact residue,H164,164,distal/subsite position,Subsite/hotspot/stability,66.129442
Pro00062,LCC,4EB0,22,ALA,A22,no named landmark assigned,Other/candidate,low,trajectory-derived contact residue,H164,164,distal/subsite position,Subsite/hotspot/stability,64.567374
Pro00062,LCC,4EB0,23,TRP,W23,no named landmark assigned,Other/candidate,low,trajectory-derived contact residue,H164,164,distal/subsite position,Subsite/hotspot/stability,63.210049
Pro00062,LCC,4EB0,24,ALA,A24,no named landmark assigned,Other/candidate,low,trajectory-derived contact residue,H164,164,distal/subsite position,Subsite/hotspot/stability,61.411495
Pro00062,LCC,4EB0,25,LEU,L25,no named landmark assigned,Other/candidate,low,trajectory-derived contact residue,H164,164,distal/subsite position,Subsite/hotspot/stability,59.109849
Pro00062,LCC,4EB0,26,VAL,V26,no named landmark assigned,Other/candidate,low,trajectory-derived contact residue,H164,164,distal/subsite position,Subsite/hotspot/stability,57.038476
Pro00062,LCC,4EB0,27,TRP,W27,no named landmark assigned,Other/candidate,low,trajectory-derived contact residue,H164,164,distal/subsite position,Subsite/hotspot/stability,53.959098
Pro00062,LCC,4EB0,28,ALA,A28,no named landmark assigned,Other/candidate,low,trajectory-derived contact residue,H164,164,distal/subsite position,Subsite/hotspot/stability,51.411977
Pro00062,LCC,4EB0,29,SER,S29,no named landmark assigned,Other/candidate,low,trajectory-derived contact residue,H164,164,distal/subsite position,Subsite/hotspot/stability,48.910802
Pro00062,LCC,4EB0,30,PRO,P30,no named landmark assigned,Other/candidate,low,trajectory-derived contact residue,H164,164,distal/subsite position,Subsite/hotspot/stability,45.789091
Pro00062,LCC,4EB0,31,SER,S31,no named landmark assigned,Other/candidate,low,trajectory-derived contact residue,H164,164,distal/subsite position,Subsite/hotspot/stability,44.673358
Pro00062,LCC,4EB0,32,VAL,V32,no named landmark assigned,Other/candidate,low,trajectory-derived contact residue,H164,164,distal/subsite position,Subsite/hotspot/stability,41.584535
Pro00062,LCC,4EB0,33,GLU,E33,no named landmark assigned,Other/candidate,low,trajectory-derived contact residue,H164,164,distal/subsite position,Subsite/hotspot/stability,39.846692
Pro00062,LCC,4EB0,34,ALA,A34,no named landmark assigned,Other/candidate,low,trajectory-derived contact residue,H164,164,distal/subsite position,Subsite/hotspot/stability,38.317781
Pro00062,LCC,4EB0,35,GLN,Q35,no named landmark assigned,Other/candidate,low,trajectory-derived contact residue,H164,164,distal/subsite position,Subsite/hotspot/stability,34.527098
Pro00062,LCC,4EB0,36,SER,S36,no named landmark assigned,Other/candidate,low,trajectory-derived contact residue,H164,164,distal/subsite position,Subsite/hotspot/stability,34.252732
Pro00062,LCC,4EB0,37,ASN,N37,no named landmark assigned,Other/candidate,low,trajectory-derived contact residue,H164,164,distal/subsite position,Subsite/hotspot/stability,30.619023
Pro00062,LCC,4EB0,38,PRO,P38,no named landmark assigned,Other/candidate,low,trajectory-derived contact residue,H164,164,distal/subsite position,Subsite/hotspot/stability,30.622817
Pro00062,LCC,4EB0,39,TYR,Y39,no named landmark assigned,Other/candidate,low,trajectory-derived contact residue,H164,164,distal/subsite position,Subsite/hotspot/stability,26.783096
Pro00062,LCC,4EB0,40,GLN,Q40,no named landmark assigned,Other/candidate,low,trajectory-derived contact residue,H164,164,distal/subsite position,Subsite/hotspot/stability,26.842942
Pro00062,LCC,4EB0,41,ARG,R41,no named landmark assigned,Other/candidate,low,trajectory-derived contact residue,H164,164,distal/subsite position,Subsite/hotspot/stability,26.098655
Pro00062,LCC,4EB0,42,GLY,G42,no named landmark assigned,Other/candidate,low,trajectory-derived contact residue,H164,164,distal/subsite position,Subsite/hotspot/stability,26.651809
Pro00062,LCC,4EB0,43,PRO,P43,no named landmark assigned,Other/candidate,low,trajectory-derived contact residue,H164,164,distal/subsite position,Subsite/hotspot/stability,28.451947
Pro00062,LCC,4EB0,44,ASN,N44,no named landmark assigned,Other/candidate,low,trajectory-derived contact residue,H164,164,distal/subsite position,Subsite/hotspot/stability,28.509299
Pro00062,LCC,4EB0,45,PRO,P45,no named landmark assigned,Other/candidate,low,trajectory-derived contact residue,H164,164,distal/subsite position,Subsite/hotspot/stability,25.335633
Pro00062,LCC,4EB0,46,THR,T46,no named landmark assigned,Other/candidate,low,trajectory-derived contact residue,H164,164,distal/subsite position,Subsite/hotspot/stability,25.610259
Pro00062,LCC,4EB0,47,ARG,R47,no named landmark assigned,Other/candidate,low,trajectory-derived contact residue,F243,243,distal/subsite position,Subsite/hotspot/stability,22.807285
Pro00062,LCC,4EB0,48,SER,S48,no named landmark assigned,Other/candidate,low,trajectory-derived contact residue,F243,243,distal/subsite position,Subsite/hotspot/stability,22.720669
Pro00062,LCC,4EB0,49,ALA,A49,no named landmark assigned,Other/candidate,low,trajectory-derived contact residue,F243,243,distal/subsite position,Subsite/hotspot/stability,23.171525
Pro00062,LCC,4EB0,50,LEU,L50,no named landmark assigned,Other/candidate,low,trajectory-derived contact residue,H164,164,distal/subsite position,Subsite/hotspot/stability,19.805518
Pro00062,LCC,4EB0,51,THR,T51,no named landmark assigned,Other/candidate,low,trajectory-derived contact residue,F243,243,distal/subsite position,Subsite/hotspot/stability,17.80812
Pro00062,LCC,4EB0,52,ALA,A52,no named landmark assigned,Other/candidate,low,trajectory-derived contact residue,F243,243,distal/subsite position,Subsite/hotspot/stability,19.24924
Pro00062,LCC,4EB0,53,ASP,D53,no named landmark assigned,Other/candidate,low,trajectory-derived contact residue,H164,164,distal/subsite position,Subsite/hotspot/stability,20.146788
Pro00062,LCC,4EB0,54,GLY,G54,no named landmark assigned,Other/candidate,low,trajectory-derived contact residue,H164,164,distal/subsite position,Subsite/hotspot/stability,21.992909
Pro00062,LCC,4EB0,55,PRO,P55,no named landmark assigned,Other/candidate,low,trajectory-derived contact residue,H164,164,distal/subsite position,Subsite/hotspot/stability,25.399645
Pro00062,LCC,4EB0,56,PHE,F56,no named landmark assigned,Other/candidate,low,trajectory-derived contact residue,H164,164,distal/subsite position,Subsite/hotspot/stability,24.524444
Pro00062,LCC,4EB0,57,SER,S57,no named landmark assigned,Other/candidate,low,trajectory-derived contact residue,H164,164,distal/subsite position,Subsite/hotspot/stability,24.807227
Pro00062,LCC,4EB0,58,VAL,V58,no named landmark assigned,Other/candidate,low,trajectory-derived contact residue,H164,164,distal/subsite position,Subsite/hotspot/stability,22.009739
Pro00062,LCC,4EB0,59,ALA,A59,no named landmark assigned,Other/candidate,low,trajectory-derived contact residue,H164,164,distal/subsite position,Subsite/hotspot/stability,22.836296
Pro00062,LCC,4EB0,60,THR,T60,no named landmark assigned,Other/candidate,low,trajectory-derived contact residue,H164,164,distal/subsite position,Subsite/hotspot/stability,20.667933
Pro00062,LCC,4EB0,61,TYR,Y61,no named landmark assigned,Other/candidate,low,trajectory-derived contact residue,H164,164,distal/subsite position,Subsite/hotspot/stability,21.240443
Pro00062,LCC,4EB0,62,THR,T62,no named landmark assigned,Other/candidate,low,trajectory-derived contact residue,H164,164,distal/subsite position,Subsite/hotspot/stability,20.109462
Pro00062,LCC,4EB0,63,VAL,V63,no named landmark assigned,Other/candidate,low,trajectory-derived contact residue,H164,164,distal/subsite position,Subsite/hotspot/stability,19.752722
Pro00062,LCC,4EB0,64,SER,S64,no named landmark assigned,Other/candidate,low,trajectory-derived contact residue,Y95,95,oxyanion/active-site pocket,Catalytic/oxyanion,20.224621
Pro00062,LCC,4EB0,65,ARG,R65,no named landmark assigned,Other/candidate,low,trajectory-derived contact residue,Y95,95,oxyanion/active-site pocket,Catalytic/oxyanion,17.745339
Pro00062,LCC,4EB0,66,LEU,L66,no named landmark assigned,Other/candidate,low,trajectory-derived contact residue,Y95,95,oxyanion/active-site pocket,Catalytic/oxyanion,21.081027
Pro00062,LCC,4EB0,67,SER,S67,no named landmark assigned,Other/candidate,low,trajectory-derived contact residue,Y95,95,oxyanion/active-site pocket,Catalytic/oxyanion,22.838754
Pro00062,LCC,4EB0,68,VAL,V68,no named landmark assigned,Other/candidate,low,trajectory-derived contact residue,Y95,95,oxyanion/active-site pocket,Catalytic/oxyanion,20.764255
Pro00062,LCC,4EB0,69,SER,S69,no named landmark assigned,Other/candidate,low,trajectory-derived contact residue,Y95,95,oxyanion/active-site pocket,Catalytic/oxyanion,20.074398
Pro00062,LCC,4EB0,70,GLY,G70,no named landmark assigned,Other/candidate,low,trajectory-derived contact residue,M166,166,oxyanion/active-site pocket,Catalytic/oxyanion,17.003152
Pro00062,LCC,4EB0,71,PHE,F71,no named landmark assigned,Other/candidate,low,trajectory-derived contact residue,Y95,95,oxyanion/active-site pocket,Catalytic/oxyanion,14.513268
Pro00062,LCC,4EB0,72,GLY,G72,no named landmark assigned,Other/candidate,low,trajectory-derived contact residue,Y95,95,oxyanion/active-site pocket,Catalytic/oxyanion,13.6386
Pro00062,LCC,4EB0,73,GLY,G73,no named landmark assigned,Other/candidate,low,trajectory-derived contact residue,Y95,95,oxyanion/active-site pocket,Catalytic/oxyanion,16.121297
Pro00062,LCC,4EB0,74,GLY,G74,no named landmark assigned,Other/candidate,low,trajectory-derived contact residue,H164,164,distal/subsite position,Subsite/hotspot/stability,14.892604
Pro00062,LCC,4EB0,75,VAL,V75,no named landmark assigned,Other/candidate,low,trajectory-derived contact residue,H164,164,distal/subsite position,Subsite/hotspot/stability,15.812986
Pro00062,LCC,4EB0,76,ILE,I76,no named landmark assigned,Other/candidate,low,trajectory-derived contact residue,H164,164,distal/subsite position,Subsite/hotspot/stability,17.056834
Pro00062,LCC,4EB0,77,TYR,Y77,no named landmark assigned,Other/candidate,low,trajectory-derived contact residue,H164,164,distal/subsite position,Subsite/hotspot/stability,17.48661
Pro00062,LCC,4EB0,78,TYR,Y78,no named landmark assigned,Other/candidate,low,trajectory-derived contact residue,H164,164,distal/subsite position,Subsite/hotspot/stability,20.344984
Pro00062,LCC,4EB0,79,PRO,P79,no named landmark assigned,Other/candidate,low,trajectory-derived contact residue,H164,164,distal/subsite position,Subsite/hotspot/stability,23.064095
Pro00062,LCC,4EB0,80,THR,T80,no named landmark assigned,Other/candidate,low,trajectory-derived contact residue,H164,164,distal/subsite position,Subsite/hotspot/stability,26.517744
Pro00062,LCC,4EB0,81,GLY,G81,no named landmark assigned,Other/candidate,low,trajectory-derived contact residue,H164,164,distal/subsite position,Subsite/hotspot/stability,29.966744
Pro00062,LCC,4EB0,82,THR,T82,no named landmark assigned,Other/candidate,low,trajectory-derived contact residue,H164,164,distal/subsite position,Subsite/hotspot/stability,29.897818
Pro00062,LCC,4EB0,83,SER,S83,no named landmark assigned,Other/candidate,low,trajectory-derived contact residue,H164,164,distal/subsite position,Subsite/hotspot/stability,31.252538
Pro00062,LCC,4EB0,84,LEU,L84,no named landmark assigned,Other/candidate,low,trajectory-derived contact residue,H164,164,distal/subsite position,Subsite/hotspot/stability,28.846545
Pro00062,LCC,4EB0,85,THR,T85,no named landmark assigned,Other/candidate,low,trajectory-derived contact residue,H164,164,distal/subsite position,Subsite/hotspot/stability,26.250394
Pro00062,LCC,4EB0,86,PHE,F86,no named landmark assigned,Other/candidate,low,trajectory-derived contact residue,H164,164,distal/subsite position,Subsite/hotspot/stability,22.664019
Pro00062,LCC,4EB0,87,GLY,G87,no named landmark assigned,Other/candidate,low,trajectory-derived contact residue,H164,164,distal/subsite position,Subsite/hotspot/stability,19.981025
Pro00062,LCC,4EB0,88,GLY,G88,no named landmark assigned,Other/candidate,low,trajectory-derived contact residue,H164,164,distal/subsite position,Subsite/hotspot/stability,17.514012
Pro00062,LCC,4EB0,89,ILE,I89,no named landmark assigned,Other/candidate,low,trajectory-derived contact residue,H164,164,distal/subsite position,Subsite/hotspot/stability,13.668908
Pro00062,LCC,4EB0,90,ALA,A90,no named landmark assigned,Other/candidate,low,trajectory-derived contact residue,H164,164,distal/subsite position,Subsite/hotspot/stability,11.68465
Pro00062,LCC,4EB0,91,MET,M91,no named landmark assigned,Other/candidate,low,trajectory-derived contact residue,H164,164,distal/subsite position,Subsite/hotspot/stability,8.109984
Pro00062,LCC,4EB0,92,SER,S92,no named landmark assigned,Other/candidate,low,trajectory-derived contact residue,H164,164,distal/subsite position,Subsite/hotspot/stability,6.336226
Pro00062,LCC,4EB0,93,PRO,P93,near H164 (distal/subsite position),Subsite/hotspot/stability,medium-low,local CA-distance annotation,H164,164,distal/subsite position,Subsite/hotspot/stability,5.044838
Pro00062,LCC,4EB0,94,GLY,G94,LCC catalytic/oxyanion pocket neighborhood,Catalytic/oxyanion,medium-high,local mapping; citation caveat,Y95,95,oxyanion/active-site pocket,Catalytic/oxyanion,3.822249
Pro00062,LCC,4EB0,95,TYR,Y95,oxyanion/active-site pocket,Catalytic/oxyanion,medium-high,CE mapping; cite primary LCC papers,Y95,95,oxyanion/active-site pocket,Catalytic/oxyanion,0.0
Pro00062,LCC,4EB0,96,THR,T96,LCC catalytic/oxyanion pocket neighborhood,Catalytic/oxyanion,medium-high,local mapping; citation caveat,Y95,95,oxyanion/active-site pocket,Catalytic/oxyanion,3.881531
Pro00062,LCC,4EB0,97,ALA,A97,near Y95 (oxyanion/active-site pocket),Catalytic/oxyanion,medium-low,local CA-distance annotation,Y95,95,oxyanion/active-site pocket,Catalytic/oxyanion,5.442953
Pro00062,LCC,4EB0,98,ASP,D98,no named landmark assigned,Other/candidate,low,trajectory-derived contact residue,Y95,95,oxyanion/active-site pocket,Catalytic/oxyanion,8.671212
Pro00062,LCC,4EB0,99,ALA,A99,no named landmark assigned,Other/candidate,low,trajectory-derived contact residue,H164,164,distal/subsite position,Subsite/hotspot/stability,10.226657
Pro00062,LCC,4EB0,100,SER,S100,no named landmark assigned,Other/candidate,low,trajectory-derived contact residue,H164,164,distal/subsite position,Subsite/hotspot/stability,11.835921
Pro00062,LCC,4EB0,101,SER,S101,no named landmark assigned,Other/candidate,low,trajectory-derived contact residue,H164,164,distal/subsite position,Subsite/hotspot/stability,8.950646
Pro00062,LCC,4EB0,102,LEU,L102,no named landmark assigned,Other/candidate,low,trajectory-derived contact residue,H164,164,distal/subsite position,Subsite/hotspot/stability,8.04673
Pro00062,LCC,4EB0,103,ALA,A103,no named landmark assigned,Other/candidate,low,trajectory-derived contact residue,H164,164,distal/subsite position,Subsite/hotspot/stability,11.845684
Pro00062,LCC,4EB0,104,TRP,W104,no named landmark assigned,Other/candidate,low,trajectory-derived contact residue,H164,164,distal/subsite position,Subsite/hotspot/stability,12.803167
Pro00062,LCC,4EB0,105,LEU,L105,no named landmark assigned,Other/candidate,low,trajectory-derived contact residue,H164,164,distal/subsite position,Subsite/hotspot/stability,10.848363
Pro00062,LCC,4EB0,106,GLY,G106,no named landmark assigned,Other/candidate,low,trajectory-derived contact residue,H164,164,distal/subsite position,Subsite/hotspot/stability,12.119234
Pro00062,LCC,4EB0,107,ARG,R107,no named landmark assigned,Other/candidate,low,trajectory-derived contact residue,H164,164,distal/subsite position,Subsite/hotspot/stability,15.541944
Pro00062,LCC,4EB0,108,ARG,R108,no named landmark assigned,Other/candidate,low,trajectory-derived contact residue,H164,164,distal/subsite position,Subsite/hotspot/stability,15.38949
Pro00062,LCC,4EB0,109,LEU,L109,no named landmark assigned,Other/candidate,low,trajectory-derived contact residue,H164,164,distal/subsite position,Subsite/hotspot/stability,14.909195
Pro00062,LCC,4EB0,110,ALA,A110,no named landmark assigned,Other/candidate,low,trajectory-derived contact residue,H164,164,distal/subsite position,Subsite/hotspot/stability,17.468763
Pro00062,LCC,4EB0,111,SER,S111,no named landmark assigned,Other/candidate,low,trajectory-derived contact residue,H164,164,distal/subsite position,Subsite/hotspot/stability,19.958104
Pro00062,LCC,4EB0,112,HIS,H112,no named landmark assigned,Other/candidate,low,trajectory-derived contact residue,H164,164,distal/subsite position,Subsite/hotspot/stability,19.889866
Pro00062,LCC,4EB0,113,GLY,G113,no named landmark assigned,Other/candidate,low,trajectory-derived contact residue,H164,164,distal/subsite position,Subsite/hotspot/stability,21.034664
Pro00062,LCC,4EB0,114,PHE,F114,no named landmark assigned,Other/candidate,low,trajectory-derived contact residue,H164,164,distal/subsite position,Subsite/hotspot/stability,18.415848
Pro00062,LCC,4EB0,115,VAL,V115,no named landmark assigned,Other/candidate,low,trajectory-derived contact residue,H164,164,distal/subsite position,Subsite/hotspot/stability,18.22607
Pro00062,LCC,4EB0,116,VAL,V116,no named landmark assigned,Other/candidate,low,trajectory-derived contact residue,H164,164,distal/subsite position,Subsite/hotspot/stability,14.639369
Pro00062,LCC,4EB0,117,LEU,L117,no named landmark assigned,Other/candidate,low,trajectory-derived contact residue,H164,164,distal/subsite position,Subsite/hotspot/stability,13.786306
Pro00062,LCC,4EB0,118,VAL,V118,no named landmark assigned,Other/candidate,low,trajectory-derived contact residue,H164,164,distal/subsite position,Subsite/hotspot/stability,10.860314
Pro00062,LCC,4EB0,119,ILE,I119,no named landmark assigned,Other/candidate,low,trajectory-derived contact residue,H164,164,distal/subsite position,Subsite/hotspot/stability,11.368135
Pro00062,LCC,4EB0,120,ASN,N120,no named landmark assigned,Other/candidate,low,trajectory-derived contact residue,Y95,95,oxyanion/active-site pocket,Catalytic/oxyanion,10.824863
Pro00062,LCC,4EB0,121,THR,T121,no named landmark assigned,Other/candidate,low,trajectory-derived contact residue,Y95,95,oxyanion/active-site pocket,Catalytic/oxyanion,9.373856
Pro00062,LCC,4EB0,122,ASN,N122,no named landmark assigned,Other/candidate,low,trajectory-derived contact residue,Y95,95,oxyanion/active-site pocket,Catalytic/oxyanion,11.534065
Pro00062,LCC,4EB0,123,SER,S123,no named landmark assigned,Other/candidate,low,trajectory-derived contact residue,Y95,95,oxyanion/active-site pocket,Catalytic/oxyanion,8.984854
Pro00062,LCC,4EB0,124,ARG,R124,near Y95 (oxyanion/active-site pocket),Catalytic/oxyanion,medium-low,local CA-distance annotation,Y95,95,oxyanion/active-site pocket,Catalytic/oxyanion,5.725239
Pro00062,LCC,4EB0,125,PHE,F125,near Y95 (oxyanion/active-site pocket),Catalytic/oxyanion,medium-low,local CA-distance annotation,Y95,95,oxyanion/active-site pocket,Catalytic/oxyanion,5.598473
Pro00062,LCC,4EB0,126,ASP,D126,no named landmark assigned,Other/candidate,low,trajectory-derived contact residue,Y95,95,oxyanion/active-site pocket,Catalytic/oxyanion,6.99011
Pro00062,LCC,4EB0,127,TYR,Y127,no named landmark assigned,Other/candidate,low,trajectory-derived contact residue,M166,166,oxyanion/active-site pocket,Catalytic/oxyanion,6.288894
Pro00062,LCC,4EB0,128,PRO,P128,near M166 (oxyanion/active-site pocket),Catalytic/oxyanion,medium-low,local CA-distance annotation,M166,166,oxyanion/active-site pocket,Catalytic/oxyanion,4.841543
Pro00062,LCC,4EB0,129,ASP,D129,no named landmark assigned,Other/candidate,low,trajectory-derived contact residue,M166,166,oxyanion/active-site pocket,Catalytic/oxyanion,8.665902
Pro00062,LCC,4EB0,130,SER,S130,no named landmark assigned,Other/candidate,low,trajectory-derived contact residue,M166,166,oxyanion/active-site pocket,Catalytic/oxyanion,9.519321
Pro00062,LCC,4EB0,131,ARG,R131,no named landmark assigned,Other/candidate,low,trajectory-derived contact residue,M166,166,oxyanion/active-site pocket,Catalytic/oxyanion,7.490099
Pro00062,LCC,4EB0,132,ALA,A132,no named landmark assigned,Other/candidate,low,trajectory-derived contact residue,M166,166,oxyanion/active-site pocket,Catalytic/oxyanion,9.49458
Pro00062,LCC,4EB0,133,SER,S133,no named landmark assigned,Other/candidate,low,trajectory-derived contact residue,M166,166,oxyanion/active-site pocket,Catalytic/oxyanion,12.600654
Pro00062,LCC,4EB0,134,GLN,Q134,no named landmark assigned,Other/candidate,low,trajectory-derived contact residue,M166,166,oxyanion/active-site pocket,Catalytic/oxyanion,12.144937
Pro00062,LCC,4EB0,135,LEU,L135,no named landmark assigned,Other/candidate,low,trajectory-derived contact residue,M166,166,oxyanion/active-site pocket,Catalytic/oxyanion,12.027
Pro00062,LCC,4EB0,136,SER,S136,no named landmark assigned,Other/candidate,low,trajectory-derived contact residue,M166,166,oxyanion/active-site pocket,Catalytic/oxyanion,15.107503
Pro00062,LCC,4EB0,137,ALA,A137,no named landmark assigned,Other/candidate,low,trajectory-derived contact residue,M166,166,oxyanion/active-site pocket,Catalytic/oxyanion,16.769334
Pro00062,LCC,4EB0,138,ALA,A138,no named landmark assigned,Other/candidate,low,trajectory-derived contact residue,H164,164,distal/subsite position,Subsite/hotspot/stability,15.732046
Pro00062,LCC,4EB0,139,LEU,L139,no named landmark assigned,Other/candidate,low,trajectory-derived contact residue,H164,164,distal/subsite position,Subsite/hotspot/stability,16.937309
Pro00062,LCC,4EB0,140,ASN,N140,no named landmark assigned,Other/candidate,low,trajectory-derived contact residue,H164,164,distal/subsite position,Subsite/hotspot/stability,20.310174
Pro00062,LCC,4EB0,141,TYR,Y141,no named landmark assigned,Other/candidate,low,trajectory-derived contact residue,H164,164,distal/subsite position,Subsite/hotspot/stability,20.514084
Pro00062,LCC,4EB0,142,LEU,L142,no named landmark assigned,Other/candidate,low,trajectory-derived contact residue,H164,164,distal/subsite position,Subsite/hotspot/stability,19.900582
Pro00062,LCC,4EB0,143,ARG,R143,no named landmark assigned,Other/candidate,low,trajectory-derived contact residue,H164,164,distal/subsite position,Subsite/hotspot/stability,22.763906
Pro00062,LCC,4EB0,144,THR,T144,no named landmark assigned,Other/candidate,low,trajectory-derived contact residue,H164,164,distal/subsite position,Subsite/hotspot/stability,25.180877
Pro00062,LCC,4EB0,145,SER,S145,no named landmark assigned,Other/candidate,low,trajectory-derived contact residue,H164,164,distal/subsite position,Subsite/hotspot/stability,24.888632
Pro00062,LCC,4EB0,146,SER,S146,no named landmark assigned,Other/candidate,low,trajectory-derived contact residue,H164,164,distal/subsite position,Subsite/hotspot/stability,23.27205
Pro00062,LCC,4EB0,147,PRO,P147,no named landmark assigned,Other/candidate,low,trajectory-derived contact residue,H164,164,distal/subsite position,Subsite/hotspot/stability,25.862481
Pro00062,LCC,4EB0,148,SER,S148,no named landmark assigned,Other/candidate,low,trajectory-derived contact residue,H164,164,distal/subsite position,Subsite/hotspot/stability,28.547971
Pro00062,LCC,4EB0,149,ALA,A149,no named landmark assigned,Other/candidate,low,trajectory-derived contact residue,H164,164,distal/subsite position,Subsite/hotspot/stability,27.425941
Pro00062,LCC,4EB0,150,VAL,V150,no named landmark assigned,Other/candidate,low,trajectory-derived contact residue,H164,164,distal/subsite position,Subsite/hotspot/stability,23.901211
Pro00062,LCC,4EB0,151,ARG,R151,no named landmark assigned,Other/candidate,low,trajectory-derived contact residue,H164,164,distal/subsite position,Subsite/hotspot/stability,25.538209
Pro00062,LCC,4EB0,152,ALA,A152,no named landmark assigned,Other/candidate,low,trajectory-derived contact residue,H164,164,distal/subsite position,Subsite/hotspot/stability,28.039528
Pro00062,LCC,4EB0,153,ARG,R153,no named landmark assigned,Other/candidate,low,trajectory-derived contact residue,H164,164,distal/subsite position,Subsite/hotspot/stability,25.264993
Pro00062,LCC,4EB0,154,LEU,L154,no named landmark assigned,Other/candidate,low,trajectory-derived contact residue,H164,164,distal/subsite position,Subsite/hotspot/stability,23.348573
Pro00062,LCC,4EB0,155,ASP,D155,no named landmark assigned,Other/candidate,low,trajectory-derived contact residue,H164,164,distal/subsite position,Subsite/hotspot/stability,24.335257
Pro00062,LCC,4EB0,156,ALA,A156,no named landmark assigned,Other/candidate,low,trajectory-derived contact residue,H164,164,distal/subsite position,Subsite/hotspot/stability,23.097691
Pro00062,LCC,4EB0,157,ASN,N157,no named landmark assigned,Other/candidate,low,trajectory-derived contact residue,H164,164,distal/subsite position,Subsite/hotspot/stability,23.935849
Pro00062,LCC,4EB0,158,ARG,R158,no named landmark assigned,Other/candidate,low,trajectory-derived contact residue,H164,164,distal/subsite position,Subsite/hotspot/stability,21.109683
Pro00062,LCC,4EB0,159,LEU,L159,no named landmark assigned,Other/candidate,low,trajectory-derived contact residue,H164,164,distal/subsite position,Subsite/hotspot/stability,17.80213
Pro00062,LCC,4EB0,160,ALA,A160,no named landmark assigned,Other/candidate,low,trajectory-derived contact residue,H164,164,distal/subsite position,Subsite/hotspot/stability,14.378641
Pro00062,LCC,4EB0,161,VAL,V161,no named landmark assigned,Other/candidate,low,trajectory-derived contact residue,H164,164,distal/subsite position,Subsite/hotspot/stability,10.773489
Pro00062,LCC,4EB0,162,ALA,A162,no named landmark assigned,Other/candidate,low,trajectory-derived contact residue,H164,164,distal/subsite position,Subsite/hotspot/stability,7.297633
Pro00062,LCC,4EB0,163,GLY,G163,near H164 (distal/subsite position),Subsite/hotspot/stability,medium-low,local CA-distance annotation,H164,164,distal/subsite position,Subsite/hotspot/stability,3.799357
Pro00062,LCC,4EB0,164,HIS,H164,distal/subsite position,Subsite/hotspot/stability,medium,memo; cite primary LCC papers,H164,164,distal/subsite position,Subsite/hotspot/stability,0.0
Pro00062,LCC,4EB0,165,SER,S165,catalytic Ser,Catalytic/oxyanion,medium-high,corrected registry candidate + CE mapping,S165,165,catalytic Ser,Catalytic/oxyanion,0.0
Pro00062,LCC,4EB0,166,MET,M166,oxyanion/active-site pocket,Catalytic/oxyanion,medium-high,CE mapping; cite primary LCC papers,M166,166,oxyanion/active-site pocket,Catalytic/oxyanion,0.0
Pro00062,LCC,4EB0,167,GLY,G167,near M166 (oxyanion/active-site pocket),Catalytic/oxyanion,medium-low,local CA-distance annotation,M166,166,oxyanion/active-site pocket,Catalytic/oxyanion,3.868883
Pro00062,LCC,4EB0,168,GLY,G168,near H164 (distal/subsite position),Subsite/hotspot/stability,medium-low,local CA-distance annotation,H164,164,distal/subsite position,Subsite/hotspot/stability,4.61442
Pro00062,LCC,4EB0,169,GLY,G169,near M166 (oxyanion/active-site pocket),Catalytic/oxyanion,medium-low,local CA-distance annotation,M166,166,oxyanion/active-site pocket,Catalytic/oxyanion,4.866977
Pro00062,LCC,4EB0,170,GLY,G170,no named landmark assigned,Other/candidate,low,trajectory-derived contact residue,M166,166,oxyanion/active-site pocket,Catalytic/oxyanion,6.236784
Pro00062,LCC,4EB0,171,THR,T171,no named landmark assigned,Other/candidate,low,trajectory-derived contact residue,M166,166,oxyanion/active-site pocket,Catalytic/oxyanion,8.557602
Pro00062,LCC,4EB0,172,LEU,L172,no named landmark assigned,Other/candidate,low,trajectory-derived contact residue,F222,222,rigid H/F pair,W-loop/flexible or rigid pair,8.462685
Pro00062,LCC,4EB0,173,ARG,R173,no named landmark assigned,Other/candidate,low,trajectory-derived contact residue,M166,166,oxyanion/active-site pocket,Catalytic/oxyanion,10.506704
Pro00062,LCC,4EB0,174,ILE,I174,no named landmark assigned,Other/candidate,low,trajectory-derived contact residue,M166,166,oxyanion/active-site pocket,Catalytic/oxyanion,12.294083
Pro00062,LCC,4EB0,175,ALA,A175,no named landmark assigned,Other/candidate,low,trajectory-derived contact residue,F222,222,rigid H/F pair,W-loop/flexible or rigid pair,12.430024
Pro00062,LCC,4EB0,176,GLU,E176,no named landmark assigned,Other/candidate,low,trajectory-derived contact residue,F222,222,rigid H/F pair,W-loop/flexible or rigid pair,12.330419
Pro00062,LCC,4EB0,177,GLN,Q177,no named landmark assigned,Other/candidate,low,trajectory-derived contact residue,F222,222,rigid H/F pair,W-loop/flexible or rigid pair,15.766385
Pro00062,LCC,4EB0,178,ASN,N178,no named landmark assigned,Other/candidate,low,trajectory-derived contact residue,F222,222,rigid H/F pair,W-loop/flexible or rigid pair,17.38977
Pro00062,LCC,4EB0,179,PRO,P179,no named landmark assigned,Other/candidate,low,trajectory-derived contact residue,F222,222,rigid H/F pair,W-loop/flexible or rigid pair,17.130157
Pro00062,LCC,4EB0,180,SER,S180,no named landmark assigned,Other/candidate,low,trajectory-derived contact residue,F222,222,rigid H/F pair,W-loop/flexible or rigid pair,20.083057
Pro00062,LCC,4EB0,181,LEU,L181,no named landmark assigned,Other/candidate,low,trajectory-derived contact residue,H164,164,distal/subsite position,Subsite/hotspot/stability,17.892413
Pro00062,LCC,4EB0,182,LYS,K182,no named landmark assigned,Other/candidate,low,trajectory-derived contact residue,H164,164,distal/subsite position,Subsite/hotspot/stability,18.350494
Pro00062,LCC,4EB0,183,ALA,A183,no named landmark assigned,Other/candidate,low,trajectory-derived contact residue,H164,164,distal/subsite position,Subsite/hotspot/stability,15.042672
Pro00062,LCC,4EB0,184,ALA,A184,no named landmark assigned,Other/candidate,low,trajectory-derived contact residue,H164,164,distal/subsite position,Subsite/hotspot/stability,11.648226
Pro00062,LCC,4EB0,185,VAL,V185,no named landmark assigned,Other/candidate,low,trajectory-derived contact residue,H164,164,distal/subsite position,Subsite/hotspot/stability,8.904076
Pro00062,LCC,4EB0,186,PRO,P186,no named landmark assigned,Other/candidate,low,trajectory-derived contact residue,H164,164,distal/subsite position,Subsite/hotspot/stability,6.361615
Pro00062,LCC,4EB0,187,LEU,L187,near H164 (distal/subsite position),Subsite/hotspot/stability,medium-low,local CA-distance annotation,H164,164,distal/subsite position,Subsite/hotspot/stability,4.651949
Pro00062,LCC,4EB0,188,THR,T188,LCC W190 W-loop neighborhood,W-loop/flexible or rigid pair,medium-high,local sequence neighborhood,S165,165,catalytic Ser,Catalytic/oxyanion,5.257124
Pro00062,LCC,4EB0,189,PRO,P189,LCC W190 W-loop neighborhood,W-loop/flexible or rigid pair,medium-high,local sequence neighborhood,W190,190,W-loop Trp,W-loop/flexible or rigid pair,3.813846
Pro00062,LCC,4EB0,190,TRP,W190,W-loop Trp,W-loop/flexible or rigid pair,high for local mapping,memo + CE/ChimeraX mapping,W190,190,W-loop Trp,W-loop/flexible or rigid pair,0.0
Pro00062,LCC,4EB0,191,HIS,H191,LCC W190 W-loop neighborhood,W-loop/flexible or rigid pair,medium-high,local sequence neighborhood,W190,190,W-loop Trp,W-loop/flexible or rigid pair,3.841738
Pro00062,LCC,4EB0,192,THR,T192,LCC W190 W-loop neighborhood,W-loop/flexible or rigid pair,medium-high,local sequence neighborhood,W190,190,W-loop Trp,W-loop/flexible or rigid pair,7.191806
Pro00062,LCC,4EB0,193,ASP,D193,no named landmark assigned,Other/candidate,low,trajectory-derived contact residue,F222,222,rigid H/F pair,W-loop/flexible or rigid pair,8.642432
Pro00062,LCC,4EB0,194,LYS,K194,near F222 (rigid H/F pair),W-loop/flexible or rigid pair,medium-low,local CA-distance annotation,F222,222,rigid H/F pair,W-loop/flexible or rigid pair,5.403881
Pro00062,LCC,4EB0,195,THR,T195,no named landmark assigned,Other/candidate,low,trajectory-derived contact residue,F222,222,rigid H/F pair,W-loop/flexible or rigid pair,6.083214
Pro00062,LCC,4EB0,196,PHE,F196,no named landmark assigned,Other/candidate,low,trajectory-derived contact residue,F222,222,rigid H/F pair,W-loop/flexible or rigid pair,7.217776
Pro00062,LCC,4EB0,197,ASN,N197,no named landmark assigned,Other/candidate,low,trajectory-derived contact residue,F222,222,rigid H/F pair,W-loop/flexible or rigid pair,10.202366
Pro00062,LCC,4EB0,198,THR,T198,no named landmark assigned,Other/candidate,low,trajectory-derived contact residue,F222,222,rigid H/F pair,W-loop/flexible or rigid pair,11.18722
Pro00062,LCC,4EB0,199,SER,S199,no named landmark assigned,Other/candidate,low,trajectory-derived contact residue,F222,222,rigid H/F pair,W-loop/flexible or rigid pair,13.732499
Pro00062,LCC,4EB0,200,VAL,V200,no named landmark assigned,Other/candidate,low,trajectory-derived contact residue,F222,222,rigid H/F pair,W-loop/flexible or rigid pair,13.631724
Pro00062,LCC,4EB0,201,PRO,P201,no named landmark assigned,Other/candidate,low,trajectory-derived contact residue,F222,222,rigid H/F pair,W-loop/flexible or rigid pair,13.159246
Pro00062,LCC,4EB0,202,VAL,V202,no named landmark assigned,Other/candidate,low,trajectory-derived contact residue,F222,222,rigid H/F pair,W-loop/flexible or rigid pair,10.062308
Pro00062,LCC,4EB0,203,LEU,L203,no named landmark assigned,Other/candidate,low,trajectory-derived contact residue,F222,222,rigid H/F pair,W-loop/flexible or rigid pair,10.545629
Pro00062,LCC,4EB0,204,ILE,I204,no named landmark assigned,Other/candidate,low,trajectory-derived contact residue,F222,222,rigid H/F pair,W-loop/flexible or rigid pair,8.261836
Pro00062,LCC,4EB0,205,VAL,V205,no named landmark assigned,Other/candidate,low,trajectory-derived contact residue,H164,164,distal/subsite position,Subsite/hotspot/stability,9.433557
Pro00062,LCC,4EB0,206,GLY,G206,no named landmark assigned,Other/candidate,low,trajectory-derived contact residue,D210,210,catalytic Asp,Catalytic/oxyanion,7.850628
Pro00062,LCC,4EB0,207,ALA,A207,near D210 (catalytic Asp),Catalytic/oxyanion,medium-low,local CA-distance annotation,D210,210,catalytic Asp,Catalytic/oxyanion,5.327088
Pro00062,LCC,4EB0,208,GLU,E208,LCC catalytic Asp active-site rim,Cleft/rim patch,medium,local sequence neighborhood; citation caveat,D210,210,catalytic Asp,Catalytic/oxyanion,5.67654
Pro00062,LCC,4EB0,209,ALA,A209,LCC catalytic Asp active-site rim,Cleft/rim patch,medium,local sequence neighborhood; citation caveat,D210,210,catalytic Asp,Catalytic/oxyanion,3.866284
Pro00062,LCC,4EB0,210,ASP,D210,catalytic Asp,Catalytic/oxyanion,medium-high,corrected registry candidate + CE mapping,D210,210,catalytic Asp,Catalytic/oxyanion,0.0
Pro00062,LCC,4EB0,211,THR,T211,LCC catalytic Asp active-site rim,Cleft/rim patch,medium,local sequence neighborhood; citation caveat,D210,210,catalytic Asp,Catalytic/oxyanion,3.859253
Pro00062,LCC,4EB0,212,VAL,V212,LCC catalytic Asp active-site rim,Cleft/rim patch,medium,local sequence neighborhood; citation caveat,D210,210,catalytic Asp,Catalytic/oxyanion,5.778159
Pro00062,LCC,4EB0,213,ALA,A213,near W190 (W-loop Trp),W-loop/flexible or rigid pair,medium-low,local CA-distance annotation,W190,190,W-loop Trp,W-loop/flexible or rigid pair,5.439823
Pro00062,LCC,4EB0,214,PRO,P214,near D210 (catalytic Asp),Catalytic/oxyanion,medium-low,local CA-distance annotation,D210,210,catalytic Asp,Catalytic/oxyanion,4.906457
Pro00062,LCC,4EB0,215,VAL,V215,near H218 (rigid H/F pair),W-loop/flexible or rigid pair,medium-low,local CA-distance annotation,H218,218,rigid H/F pair,W-loop/flexible or rigid pair,5.100385
Pro00062,LCC,4EB0,216,SER,S216,LCC H218/F222 rigid-pair neighborhood,W-loop/flexible or rigid pair,medium-high,local sequence neighborhood,H218,218,rigid H/F pair,W-loop/flexible or rigid pair,5.914408
Pro00062,LCC,4EB0,217,GLN,Q217,LCC H218/F222 rigid-pair neighborhood,W-loop/flexible or rigid pair,medium-high,local sequence neighborhood,H218,218,rigid H/F pair,W-loop/flexible or rigid pair,3.84967
Pro00062,LCC,4EB0,218,HIS,H218,rigid H/F pair,W-loop/flexible or rigid pair,high for local mapping,memo + CE/ChimeraX mapping,H218,218,rigid H/F pair,W-loop/flexible or rigid pair,0.0
Pro00062,LCC,4EB0,219,ALA,A219,LCC H218/F222 rigid-pair neighborhood,W-loop/flexible or rigid pair,medium-high,local sequence neighborhood,H218,218,rigid H/F pair,W-loop/flexible or rigid pair,3.832971
Pro00062,LCC,4EB0,220,ILE,I220,LCC H218/F222 rigid-pair neighborhood,W-loop/flexible or rigid pair,medium-high,local sequence neighborhood,F222,222,rigid H/F pair,W-loop/flexible or rigid pair,5.435833
Pro00062,LCC,4EB0,221,PRO,P221,LCC H218/F222 rigid-pair neighborhood,W-loop/flexible or rigid pair,medium-high,local sequence neighborhood,F222,222,rigid H/F pair,W-loop/flexible or rigid pair,3.849833
Pro00062,LCC,4EB0,222,PHE,F222,rigid H/F pair,W-loop/flexible or rigid pair,high for local mapping,memo + CE/ChimeraX mapping,F222,222,rigid H/F pair,W-loop/flexible or rigid pair,0.0
Pro00062,LCC,4EB0,223,TYR,Y223,LCC H218/F222 rigid-pair neighborhood,W-loop/flexible or rigid pair,medium-high,local sequence neighborhood,F222,222,rigid H/F pair,W-loop/flexible or rigid pair,3.845459
Pro00062,LCC,4EB0,224,GLN,Q224,near F222 (rigid H/F pair),W-loop/flexible or rigid pair,medium-low,local CA-distance annotation,F222,222,rigid H/F pair,W-loop/flexible or rigid pair,5.545716
Pro00062,LCC,4EB0,225,ASN,N225,near F222 (rigid H/F pair),W-loop/flexible or rigid pair,medium-low,local CA-distance annotation,F222,222,rigid H/F pair,W-loop/flexible or rigid pair,5.323361
Pro00062,LCC,4EB0,226,LEU,L226,no named landmark assigned,Other/candidate,low,trajectory-derived contact residue,F222,222,rigid H/F pair,W-loop/flexible or rigid pair,6.277444
Pro00062,LCC,4EB0,227,PRO,P227,no named landmark assigned,Other/candidate,low,trajectory-derived contact residue,F222,222,rigid H/F pair,W-loop/flexible or rigid pair,10.107891
Pro00062,LCC,4EB0,228,SER,S228,no named landmark assigned,Other/candidate,low,trajectory-derived contact residue,F222,222,rigid H/F pair,W-loop/flexible or rigid pair,12.111507
Pro00062,LCC,4EB0,229,THR,T229,no named landmark assigned,Other/candidate,low,trajectory-derived contact residue,F222,222,rigid H/F pair,W-loop/flexible or rigid pair,14.618099
Pro00062,LCC,4EB0,230,THR,T230,no named landmark assigned,Other/candidate,low,trajectory-derived contact residue,F222,222,rigid H/F pair,W-loop/flexible or rigid pair,12.586768
Pro00062,LCC,4EB0,231,PRO,P231,no named landmark assigned,Other/candidate,low,trajectory-derived contact residue,F222,222,rigid H/F pair,W-loop/flexible or rigid pair,13.428056
Pro00062,LCC,4EB0,232,LYS,K232,no named landmark assigned,Other/candidate,low,trajectory-derived contact residue,F222,222,rigid H/F pair,W-loop/flexible or rigid pair,10.442946
Pro00062,LCC,4EB0,233,VAL,V233,no named landmark assigned,Other/candidate,low,trajectory-derived contact residue,F222,222,rigid H/F pair,W-loop/flexible or rigid pair,10.797549
Pro00062,LCC,4EB0,234,TYR,Y234,no named landmark assigned,Other/candidate,low,trajectory-derived contact residue,F222,222,rigid H/F pair,W-loop/flexible or rigid pair,9.42185
Pro00062,LCC,4EB0,235,VAL,V235,no named landmark assigned,Other/candidate,low,trajectory-derived contact residue,F222,222,rigid H/F pair,W-loop/flexible or rigid pair,12.362824
Pro00062,LCC,4EB0,236,GLU,E236,no named landmark assigned,Other/candidate,low,trajectory-derived contact residue,D210,210,catalytic Asp,Catalytic/oxyanion,10.181323
Pro00062,LCC,4EB0,237,LEU,L237,no named landmark assigned,Other/candidate,low,trajectory-derived contact residue,D210,210,catalytic Asp,Catalytic/oxyanion,9.744105
Pro00062,LCC,4EB0,238,ASP,D238,no named landmark assigned,Other/candidate,low,trajectory-derived contact residue,D210,210,catalytic Asp,Catalytic/oxyanion,10.462355
Pro00062,LCC,4EB0,239,ASN,N239,no named landmark assigned,Other/candidate,low,trajectory-derived contact residue,D210,210,catalytic Asp,Catalytic/oxyanion,8.4922
Pro00062,LCC,4EB0,240,ALA,A240,LCC catalytic-His/distal-subsite neighborhood,Subsite/hotspot/stability,medium,local sequence neighborhood; citation caveat,D210,210,catalytic Asp,Catalytic/oxyanion,6.826899
Pro00062,LCC,4EB0,241,SER,S241,LCC catalytic-His/distal-subsite neighborhood,Subsite/hotspot/stability,medium,local sequence neighborhood; citation caveat,H242,242,catalytic His,Catalytic/oxyanion,3.852048
Pro00062,LCC,4EB0,242,HIS,H242,catalytic His,Catalytic/oxyanion,medium-high,corrected registry candidate + CE mapping,H242,242,catalytic His,Catalytic/oxyanion,0.0
Pro00062,LCC,4EB0,243,PHE,F243,distal/subsite position,Subsite/hotspot/stability,medium,memo; cite primary LCC papers,F243,243,distal/subsite position,Subsite/hotspot/stability,0.0
Pro00062,LCC,4EB0,244,ALA,A244,LCC catalytic-His/distal-subsite neighborhood,Subsite/hotspot/stability,medium,local sequence neighborhood; citation caveat,F243,243,distal/subsite position,Subsite/hotspot/stability,3.85892
Pro00062,LCC,4EB0,245,PRO,P245,near F243 (distal/subsite position),Subsite/hotspot/stability,medium-low,local CA-distance annotation,F243,243,distal/subsite position,Subsite/hotspot/stability,5.443886
Pro00062,LCC,4EB0,246,ASN,N246,near F243 (distal/subsite position),Subsite/hotspot/stability,medium-low,local CA-distance annotation,F243,243,distal/subsite position,Subsite/hotspot/stability,5.324815
Pro00062,LCC,4EB0,247,SER,S247,no named landmark assigned,Other/candidate,low,trajectory-derived contact residue,F243,243,distal/subsite position,Subsite/hotspot/stability,7.585223
Pro00062,LCC,4EB0,248,ASN,N248,no named landmark assigned,Other/candidate,low,trajectory-derived contact residue,F243,243,distal/subsite position,Subsite/hotspot/stability,10.61596
Pro00062,LCC,4EB0,249,ASN,N249,no named landmark assigned,Other/candidate,low,trajectory-derived contact residue,F243,243,distal/subsite position,Subsite/hotspot/stability,10.342501
Pro00062,LCC,4EB0,250,ALA,A250,no named landmark assigned,Other/candidate,low,trajectory-derived contact residue,F243,243,distal/subsite position,Subsite/hotspot/stability,13.875634
Pro00062,LCC,4EB0,251,ALA,A251,no named landmark assigned,Other/candidate,low,trajectory-derived contact residue,F243,243,distal/subsite position,Subsite/hotspot/stability,13.736288
Pro00062,LCC,4EB0,252,ILE,I252,no named landmark assigned,Other/candidate,low,trajectory-derived contact residue,H164,164,distal/subsite position,Subsite/hotspot/stability,11.484654
Pro00062,LCC,4EB0,253,SER,S253,no named landmark assigned,Other/candidate,low,trajectory-derived contact residue,H164,164,distal/subsite position,Subsite/hotspot/stability,13.698671
Pro00062,LCC,4EB0,254,VAL,V254,no named landmark assigned,Other/candidate,low,trajectory-derived contact residue,H164,164,distal/subsite position,Subsite/hotspot/stability,16.410427
Pro00062,LCC,4EB0,255,TYR,Y255,no named landmark assigned,Other/candidate,low,trajectory-derived contact residue,H164,164,distal/subsite position,Subsite/hotspot/stability,14.589013
Pro00062,LCC,4EB0,256,THR,T256,no named landmark assigned,Other/candidate,low,trajectory-derived contact residue,H164,164,distal/subsite position,Subsite/hotspot/stability,12.280828
Pro00062,LCC,4EB0,257,ILE,I257,no named landmark assigned,Other/candidate,low,trajectory-derived contact residue,H164,164,distal/subsite position,Subsite/hotspot/stability,15.501194
Pro00062,LCC,4EB0,258,SER,S258,no named landmark assigned,Other/candidate,low,trajectory-derived contact residue,H164,164,distal/subsite position,Subsite/hotspot/stability,17.743679
Pro00062,LCC,4EB0,259,TRP,W259,no named landmark assigned,Other/candidate,low,trajectory-derived contact residue,H164,164,distal/subsite position,Subsite/hotspot/stability,15.979255
Pro00062,LCC,4EB0,260,MET,M260,no named landmark assigned,Other/candidate,low,trajectory-derived contact residue,H164,164,distal/subsite position,Subsite/hotspot/stability,15.887514
Pro00062,LCC,4EB0,261,LYS,K261,no named landmark assigned,Other/candidate,low,trajectory-derived contact residue,H164,164,distal/subsite position,Subsite/hotspot/stability,19.49055
Pro00062,LCC,4EB0,262,LEU,L262,no named landmark assigned,Other/candidate,low,trajectory-derived contact residue,H164,164,distal/subsite position,Subsite/hotspot/stability,20.828635
Pro00062,LCC,4EB0,263,TRP,W263,no named landmark assigned,Other/candidate,low,trajectory-derived contact residue,H164,164,distal/subsite position,Subsite/hotspot/stability,19.824279
Pro00062,LCC,4EB0,264,VAL,V264,no named landmark assigned,Other/candidate,low,trajectory-derived contact residue,H164,164,distal/subsite position,Subsite/hotspot/stability,19.540884
Pro00062,LCC,4EB0,265,ASP,D265,no named landmark assigned,Other/candidate,low,trajectory-derived contact residue,H164,164,distal/subsite position,Subsite/hotspot/stability,22.575141
Pro00062,LCC,4EB0,266,ASN,N266,no named landmark assigned,Other/candidate,low,trajectory-derived contact residue,H164,164,distal/subsite position,Subsite/hotspot/stability,24.366119
Pro00062,LCC,4EB0,267,ASP,D267,no named landmark assigned,Other/candidate,low,trajectory-derived contact residue,H164,164,distal/subsite position,Subsite/hotspot/stability,24.604072
Pro00062,LCC,4EB0,268,THR,T268,no named landmark assigned,Other/candidate,low,trajectory-derived contact residue,F222,222,rigid H/F pair,W-loop/flexible or rigid pair,25.594825
Pro00062,LCC,4EB0,269,ARG,R269,no named landmark assigned,Other/candidate,low,trajectory-derived contact residue,H164,164,distal/subsite position,Subsite/hotspot/stability,26.502718
Pro00062,LCC,4EB0,270,TYR,Y270,no named landmark assigned,Other/candidate,low,trajectory-derived contact residue,H164,164,distal/subsite position,Subsite/hotspot/stability,22.916219
Pro00062,LCC,4EB0,271,ARG,R271,no named landmark assigned,Other/candidate,low,trajectory-derived contact residue,F222,222,rigid H/F pair,W-loop/flexible or rigid pair,22.690052
Pro00062,LCC,4EB0,272,GLN,Q272,no named landmark assigned,Other/candidate,low,trajectory-derived contact residue,F222,222,rigid H/F pair,W-loop/flexible or rigid pair,24.574076
Pro00062,LCC,4EB0,273,PHE,F273,no named landmark assigned,Other/candidate,low,trajectory-derived contact residue,H164,164,distal/subsite position,Subsite/hotspot/stability,21.850022
Pro00062,LCC,4EB0,274,LEU,L274,no named landmark assigned,Other/candidate,low,trajectory-derived contact residue,F222,222,rigid H/F pair,W-loop/flexible or rigid pair,18.875477
Pro00062,LCC,4EB0,275,CYS,C275,no named landmark assigned,Other/candidate,low,trajectory-derived contact residue,F222,222,rigid H/F pair,W-loop/flexible or rigid pair,20.443128
Pro00062,LCC,4EB0,276,ASN,N276,no named landmark assigned,Other/candidate,low,trajectory-derived contact residue,F222,222,rigid H/F pair,W-loop/flexible or rigid pair,22.054096
Pro00062,LCC,4EB0,277,VAL,V277,no named landmark assigned,Other/candidate,low,trajectory-derived contact residue,F222,222,rigid H/F pair,W-loop/flexible or rigid pair,20.407942
Pro00062,LCC,4EB0,278,ASN,N278,no named landmark assigned,Other/candidate,low,trajectory-derived contact residue,D210,210,catalytic Asp,Catalytic/oxyanion,21.752037
Pro00062,LCC,4EB0,279,ASP,D279,no named landmark assigned,Other/candidate,low,trajectory-derived contact residue,D210,210,catalytic Asp,Catalytic/oxyanion,19.410048
Pro00062,LCC,4EB0,280,PRO,P280,no named landmark assigned,Other/candidate,low,trajectory-derived contact residue,D210,210,catalytic Asp,Catalytic/oxyanion,18.402878
Pro00062,LCC,4EB0,281,ALA,A281,no named landmark assigned,Other/candidate,low,trajectory-derived contact residue,D210,210,catalytic Asp,Catalytic/oxyanion,15.475604
Pro00062,LCC,4EB0,282,LEU,L282,no named landmark assigned,Other/candidate,low,trajectory-derived contact residue,D210,210,catalytic Asp,Catalytic/oxyanion,13.801809
Pro00062,LCC,4EB0,283,SER,S283,no named landmark assigned,Other/candidate,low,trajectory-derived contact residue,D210,210,catalytic Asp,Catalytic/oxyanion,12.60073
Pro00062,LCC,4EB0,284,ASP,D284,no named landmark assigned,Other/candidate,low,trajectory-derived contact residue,D210,210,catalytic Asp,Catalytic/oxyanion,13.704895
Pro00062,LCC,4EB0,285,PHE,F285,no named landmark assigned,Other/candidate,low,trajectory-derived contact residue,F222,222,rigid H/F pair,W-loop/flexible or rigid pair,14.063713
Pro00062,LCC,4EB0,286,ARG,R286,no named landmark assigned,Other/candidate,low,trajectory-derived contact residue,F222,222,rigid H/F pair,W-loop/flexible or rigid pair,12.121853
Pro00062,LCC,4EB0,287,THR,T287,no named landmark assigned,Other/candidate,low,trajectory-derived contact residue,F222,222,rigid H/F pair,W-loop/flexible or rigid pair,12.783538
Pro00062,LCC,4EB0,288,ASN,N288,no named landmark assigned,Other/candidate,low,trajectory-derived contact residue,F222,222,rigid H/F pair,W-loop/flexible or rigid pair,13.780356
Pro00062,LCC,4EB0,289,ASN,N289,no named landmark assigned,Other/candidate,low,trajectory-derived contact residue,F222,222,rigid H/F pair,W-loop/flexible or rigid pair,16.999727
Pro00062,LCC,4EB0,290,ARG,R290,no named landmark assigned,Other/candidate,low,trajectory-derived contact residue,F222,222,rigid H/F pair,W-loop/flexible or rigid pair,17.686306
Pro00062,LCC,4EB0,291,HIS,H291,no named landmark assigned,Other/candidate,low,trajectory-derived contact residue,F222,222,rigid H/F pair,W-loop/flexible or rigid pair,19.098903
Pro00062,LCC,4EB0,292,CYS,C292,no named landmark assigned,Other/candidate,low,trajectory-derived contact residue,F222,222,rigid H/F pair,W-loop/flexible or rigid pair,21.176802
Pro00062,LCC,4EB0,293,GLN,Q293,no named landmark assigned,Other/candidate,low,trajectory-derived contact residue,F222,222,rigid H/F pair,W-loop/flexible or rigid pair,23.80059
Pro00075,FoCut5a,5AJH,1,MET,M1,no named landmark assigned,Other/candidate,low,trajectory-derived contact residue,binding loop 173-193,193,binding loop end; raw 172-192,Flap/binding loop,41.745901
Pro00075,FoCut5a,5AJH,2,LEU,L2,no named landmark assigned,Other/candidate,low,trajectory-derived contact residue,binding loop 173-193,193,binding loop end; raw 172-192,Flap/binding loop,38.436299
Pro00075,FoCut5a,5AJH,3,PRO,P3,no named landmark assigned,Other/candidate,low,trajectory-derived contact residue,binding loop 173-193,193,binding loop end; raw 172-192,Flap/binding loop,35.409589
Pro00075,FoCut5a,5AJH,4,ALA,A4,no named landmark assigned,Other/candidate,low,trajectory-derived contact residue,binding loop 173-193,193,binding loop end; raw 172-192,Flap/binding loop,34.009044
Pro00075,FoCut5a,5AJH,5,GLY,G5,no named landmark assigned,Other/candidate,low,trajectory-derived contact residue,binding loop 173-193,193,binding loop end; raw 172-192,Flap/binding loop,30.714303
Pro00075,FoCut5a,5AJH,6,GLN,Q6,no named landmark assigned,Other/candidate,low,trajectory-derived contact residue,binding loop 173-193,193,binding loop end; raw 172-192,Flap/binding loop,28.554633
Pro00075,FoCut5a,5AJH,7,ASP,D7,no named landmark assigned,Other/candidate,low,trajectory-derived contact residue,binding loop 173-193,193,binding loop end; raw 172-192,Flap/binding loop,28.318976
Pro00075,FoCut5a,5AJH,8,ALA,A8,no named landmark assigned,Other/candidate,low,trajectory-derived contact residue,binding loop 173-193,193,binding loop end; raw 172-192,Flap/binding loop,26.844417
Pro00075,FoCut5a,5AJH,9,ALA,A9,no named landmark assigned,Other/candidate,low,trajectory-derived contact residue,binding loop 173-193,193,binding loop end; raw 172-192,Flap/binding loop,23.760595
Pro00075,FoCut5a,5AJH,10,ALA,A10,no named landmark assigned,Other/candidate,low,trajectory-derived contact residue,binding loop 173-193,193,binding loop end; raw 172-192,Flap/binding loop,23.318359
Pro00075,FoCut5a,5AJH,11,LEU,L11,no named landmark assigned,Other/candidate,low,trajectory-derived contact residue,binding loop 173-193,193,binding loop end; raw 172-192,Flap/binding loop,23.81969
Pro00075,FoCut5a,5AJH,12,GLU,E12,no named landmark assigned,Other/candidate,low,trajectory-derived contact residue,binding loop 173-193,193,binding loop end; raw 172-192,Flap/binding loop,21.310958
Pro00075,FoCut5a,5AJH,13,ALA,A13,no named landmark assigned,Other/candidate,low,trajectory-derived contact residue,binding loop 173-193,193,binding loop end; raw 172-192,Flap/binding loop,18.672996
Pro00075,FoCut5a,5AJH,14,ARG,R14,no named landmark assigned,Other/candidate,low,trajectory-derived contact residue,binding loop 173-193,193,binding loop end; raw 172-192,Flap/binding loop,19.782059
Pro00075,FoCut5a,5AJH,15,GLN,Q15,no named landmark assigned,Other/candidate,low,trajectory-derived contact residue,binding loop 173-193,193,binding loop end; raw 172-192,Flap/binding loop,19.591933
Pro00075,FoCut5a,5AJH,16,LEU,L16,no named landmark assigned,Other/candidate,low,trajectory-derived contact residue,binding loop 173-193,193,binding loop end; raw 172-192,Flap/binding loop,16.109847
Pro00075,FoCut5a,5AJH,17,GLY,G17,no named landmark assigned,Other/candidate,low,trajectory-derived contact residue,binding loop 173-193,193,binding loop end; raw 172-192,Flap/binding loop,14.890674
Pro00075,FoCut5a,5AJH,18,GLY,G18,no named landmark assigned,Other/candidate,low,trajectory-derived contact residue,flap 75-94,75,flap helix start; raw 74-93,Flap/binding loop,16.034478
Pro00075,FoCut5a,5AJH,19,SER,S19,no named landmark assigned,Other/candidate,low,trajectory-derived contact residue,flap 75-94,75,flap helix start; raw 74-93,Flap/binding loop,13.743286
Pro00075,FoCut5a,5AJH,20,ILE,I20,no named landmark assigned,Other/candidate,low,trajectory-derived contact residue,flap 75-94,75,flap helix start; raw 74-93,Flap/binding loop,11.283904
Pro00075,FoCut5a,5AJH,21,THR,T21,no named landmark assigned,Other/candidate,low,trajectory-derived contact residue,flap 75-94,75,flap helix start; raw 74-93,Flap/binding loop,9.324806
Pro00075,FoCut5a,5AJH,22,ARG,R22,no named landmark assigned,Other/candidate,low,trajectory-derived contact residue,flap 75-94,75,flap helix start; raw 74-93,Flap/binding loop,8.833586
Pro00075,FoCut5a,5AJH,23,ASN,N23,no named landmark assigned,Other/candidate,low,trajectory-derived contact residue,flap 75-94,75,flap helix start; raw 74-93,Flap/binding loop,8.608027
Pro00075,FoCut5a,5AJH,24,ASP,D24,no named landmark assigned,Other/candidate,low,trajectory-derived contact residue,flap 75-94,75,flap helix start; raw 74-93,Flap/binding loop,11.229758
Pro00075,FoCut5a,5AJH,25,LEU,L25,no named landmark assigned,Other/candidate,low,trajectory-derived contact residue,flap 75-94,75,flap helix start; raw 74-93,Flap/binding loop,10.536316
Pro00075,FoCut5a,5AJH,26,ALA,A26,no named landmark assigned,Other/candidate,low,trajectory-derived contact residue,flap 75-94,75,flap helix start; raw 74-93,Flap/binding loop,10.216669
Pro00075,FoCut5a,5AJH,27,ASN,N27,no named landmark assigned,Other/candidate,low,trajectory-derived contact residue,flap 75-94,75,flap helix start; raw 74-93,Flap/binding loop,13.362739
Pro00075,FoCut5a,5AJH,28,GLY,G28,no named landmark assigned,Other/candidate,low,trajectory-derived contact residue,flap 75-94,75,flap helix start; raw 74-93,Flap/binding loop,15.032207
Pro00075,FoCut5a,5AJH,29,ASN,N29,no named landmark assigned,Other/candidate,low,trajectory-derived contact residue,flap 75-94,75,flap helix start; raw 74-93,Flap/binding loop,17.875737
Pro00075,FoCut5a,5AJH,30,SER,S30,no named landmark assigned,Other/candidate,low,trajectory-derived contact residue,flap 75-94,75,flap helix start; raw 74-93,Flap/binding loop,19.872987
Pro00075,FoCut5a,5AJH,31,GLY,G31,no named landmark assigned,Other/candidate,low,trajectory-derived contact residue,flap 75-94,75,flap helix start; raw 74-93,Flap/binding loop,22.708483
Pro00075,FoCut5a,5AJH,32,SER,S32,no named landmark assigned,Other/candidate,low,trajectory-derived contact residue,flap 75-94,75,flap helix start; raw 74-93,Flap/binding loop,20.761818
Pro00075,FoCut5a,5AJH,33,CYS,C33,no named landmark assigned,Other/candidate,low,trajectory-derived contact residue,flap 75-94,75,flap helix start; raw 74-93,Flap/binding loop,18.985586
Pro00075,FoCut5a,5AJH,34,PRO,P34,no named landmark assigned,Other/candidate,low,trajectory-derived contact residue,flap 75-94,75,flap helix start; raw 74-93,Flap/binding loop,18.420284
Pro00075,FoCut5a,5AJH,35,GLY,G35,no named landmark assigned,Other/candidate,low,trajectory-derived contact residue,flap 75-94,75,flap helix start; raw 74-93,Flap/binding loop,19.790878
Pro00075,FoCut5a,5AJH,36,VAL,V36,no named landmark assigned,Other/candidate,low,trajectory-derived contact residue,flap 75-94,75,flap helix start; raw 74-93,Flap/binding loop,16.50674
Pro00075,FoCut5a,5AJH,37,ILE,I37,no named landmark assigned,Other/candidate,low,trajectory-derived contact residue,flap 75-94,75,flap helix start; raw 74-93,Flap/binding loop,12.764365
Pro00075,FoCut5a,5AJH,38,PHE,F38,no named landmark assigned,Other/candidate,low,trajectory-derived contact residue,flap 75-94,75,flap helix start; raw 74-93,Flap/binding loop,10.442969
Pro00075,FoCut5a,5AJH,39,ILE,I39,no named landmark assigned,Other/candidate,low,trajectory-derived contact residue,flap 75-94,75,flap helix start; raw 74-93,Flap/binding loop,6.952163
Pro00075,FoCut5a,5AJH,40,TYR,Y40,FoCut5a N-terminal cleft patch outside memo landmarks,Other/candidate,low,trajectory-derived; no named memo landmark,flap 75-94,75,flap helix start; raw 74-93,Flap/binding loop,6.002886
Pro00075,FoCut5a,5AJH,41,ALA,A41,FoCut5a N-terminal cleft patch outside memo landmarks,Other/candidate,low,trajectory-derived; no named memo landmark,flap 75-94,75,flap helix start; raw 74-93,Flap/binding loop,5.1343
Pro00075,FoCut5a,5AJH,42,ARG,R42,FoCut5a N-terminal cleft patch outside memo landmarks,Other/candidate,low,trajectory-derived; no named memo landmark,flap 75-94,75,flap helix start; raw 74-93,Flap/binding loop,7.423017
Pro00075,FoCut5a,5AJH,43,GLY,G43,FoCut5a N-terminal cleft patch outside memo landmarks,Other/candidate,low,trajectory-derived; no named memo landmark,S122,122,catalytic Ser; raw 5AJH S121,Catalytic/oxyanion,4.906146
Pro00075,FoCut5a,5AJH,44,SER,S44,FoCut5a N-terminal cleft patch outside memo landmarks,Other/candidate,low,trajectory-derived; no named memo landmark,S122,122,catalytic Ser; raw 5AJH S121,Catalytic/oxyanion,6.987183
Pro00075,FoCut5a,5AJH,45,THR,T45,FoCut5a N-terminal cleft patch outside memo landmarks,Other/candidate,low,trajectory-derived; no named memo landmark,S122,122,catalytic Ser; raw 5AJH S121,Catalytic/oxyanion,10.502884
Pro00075,FoCut5a,5AJH,46,GLU,E46,FoCut5a N-terminal cleft patch outside memo landmarks,Other/candidate,low,trajectory-derived; no named memo landmark,S122,122,catalytic Ser; raw 5AJH S121,Catalytic/oxyanion,10.380071
Pro00075,FoCut5a,5AJH,47,SER,S47,FoCut5a N-terminal cleft patch outside memo landmarks,Other/candidate,low,trajectory-derived; no named memo landmark,flap 75-94,75,flap helix start; raw 74-93,Flap/binding loop,11.646675
Pro00075,FoCut5a,5AJH,48,GLY,G48,FoCut5a N-terminal cleft patch outside memo landmarks,Other/candidate,low,trajectory-derived; no named memo landmark,flap 75-94,75,flap helix start; raw 74-93,Flap/binding loop,9.287484
Pro00075,FoCut5a,5AJH,49,ASN,N49,FoCut5a N-terminal cleft patch outside memo landmarks,Other/candidate,low,trajectory-derived; no named memo landmark,flap 75-94,75,flap helix start; raw 74-93,Flap/binding loop,5.553338
Pro00075,FoCut5a,5AJH,50,LEU,L50,FoCut5a N-terminal cleft patch outside memo landmarks,Other/candidate,low,trajectory-derived; no named memo landmark,flap 75-94,75,flap helix start; raw 74-93,Flap/binding loop,7.289164
Pro00075,FoCut5a,5AJH,51,GLY,G51,FoCut5a N-terminal cleft patch outside memo landmarks,Other/candidate,low,trajectory-derived; no named memo landmark,flap 75-94,75,flap helix start; raw 74-93,Flap/binding loop,10.101159
Pro00075,FoCut5a,5AJH,52,THR,T52,FoCut5a N-terminal cleft patch outside memo landmarks,Other/candidate,low,trajectory-derived; no named memo landmark,binding loop 173-193,193,binding loop end; raw 172-192,Flap/binding loop,9.502791
Pro00075,FoCut5a,5AJH,53,LEU,L53,no named landmark assigned,Other/candidate,low,trajectory-derived contact residue,binding loop 173-193,193,binding loop end; raw 172-192,Flap/binding loop,7.405009
Pro00075,FoCut5a,5AJH,54,GLY,G54,no named landmark assigned,Other/candidate,low,trajectory-derived contact residue,flap 75-94,75,flap helix start; raw 74-93,Flap/binding loop,10.470594
Pro00075,FoCut5a,5AJH,55,PRO,P55,no named landmark assigned,Other/candidate,low,trajectory-derived contact residue,binding loop 173-193,193,binding loop end; raw 172-192,Flap/binding loop,12.464381
Pro00075,FoCut5a,5AJH,56,ARG,R56,no named landmark assigned,Other/candidate,low,trajectory-derived contact residue,binding loop 173-193,193,binding loop end; raw 172-192,Flap/binding loop,10.214025
Pro00075,FoCut5a,5AJH,57,VAL,V57,no named landmark assigned,Other/candidate,low,trajectory-derived contact residue,binding loop 173-193,193,binding loop end; raw 172-192,Flap/binding loop,11.004468
Pro00075,FoCut5a,5AJH,58,ALA,A58,no named landmark assigned,Other/candidate,low,trajectory-derived contact residue,flap 75-94,75,flap helix start; raw 74-93,Flap/binding loop,13.630288
Pro00075,FoCut5a,5AJH,59,SER,S59,no named landmark assigned,Other/candidate,low,trajectory-derived contact residue,binding loop 173-193,193,binding loop end; raw 172-192,Flap/binding loop,15.307825
Pro00075,FoCut5a,5AJH,60,LYS,K60,no named landmark assigned,Other/candidate,low,trajectory-derived contact residue,binding loop 173-193,193,binding loop end; raw 172-192,Flap/binding loop,14.990647
Pro00075,FoCut5a,5AJH,61,LEU,L61,no named landmark assigned,Other/candidate,low,trajectory-derived contact residue,binding loop 173-193,193,binding loop end; raw 172-192,Flap/binding loop,17.072521
Pro00075,FoCut5a,5AJH,62,GLU,E62,no named landmark assigned,Other/candidate,low,trajectory-derived contact residue,flap 75-94,75,flap helix start; raw 74-93,Flap/binding loop,18.293706
Pro00075,FoCut5a,5AJH,63,ALA,A63,no named landmark assigned,Other/candidate,low,trajectory-derived contact residue,binding loop 173-193,193,binding loop end; raw 172-192,Flap/binding loop,19.838218
Pro00075,FoCut5a,5AJH,64,LYS,K64,no named landmark assigned,Other/candidate,low,trajectory-derived contact residue,binding loop 173-193,193,binding loop end; raw 172-192,Flap/binding loop,20.860608
Pro00075,FoCut5a,5AJH,65,TYR,Y65,no named landmark assigned,Other/candidate,low,trajectory-derived contact residue,flap 75-94,75,flap helix start; raw 74-93,Flap/binding loop,21.197457
Pro00075,FoCut5a,5AJH,66,GLY,G66,no named landmark assigned,Other/candidate,low,trajectory-derived contact residue,flap 75-94,75,flap helix start; raw 74-93,Flap/binding loop,21.445223
Pro00075,FoCut5a,5AJH,67,LYS,K67,no named landmark assigned,Other/candidate,low,trajectory-derived contact residue,flap 75-94,75,flap helix start; raw 74-93,Flap/binding loop,18.927681
Pro00075,FoCut5a,5AJH,68,ASN,N68,no named landmark assigned,Other/candidate,low,trajectory-derived contact residue,flap 75-94,75,flap helix start; raw 74-93,Flap/binding loop,19.869343
Pro00075,FoCut5a,5AJH,69,GLY,G69,no named landmark assigned,Other/candidate,low,trajectory-derived contact residue,flap 75-94,75,flap helix start; raw 74-93,Flap/binding loop,19.817
Pro00075,FoCut5a,5AJH,70,VAL,V70,no named landmark assigned,Other/candidate,low,trajectory-derived contact residue,flap 75-94,75,flap helix start; raw 74-93,Flap/binding loop,16.099967
Pro00075,FoCut5a,5AJH,71,TRP,W71,no named landmark assigned,Other/candidate,low,trajectory-derived contact residue,flap 75-94,75,flap helix start; raw 74-93,Flap/binding loop,12.9397
Pro00075,FoCut5a,5AJH,72,ILE,I72,no named landmark assigned,Other/candidate,low,trajectory-derived contact residue,flap 75-94,75,flap helix start; raw 74-93,Flap/binding loop,10.055186
Pro00075,FoCut5a,5AJH,73,GLN,Q73,no named landmark assigned,Other/candidate,low,trajectory-derived contact residue,flap 75-94,75,flap helix start; raw 74-93,Flap/binding loop,6.490981
Pro00075,FoCut5a,5AJH,74,GLY,G74,near flap 75-94 (flap helix start; raw 74-93),Flap/binding loop,medium-low,local CA-distance annotation,flap 75-94,75,flap helix start; raw 74-93,Flap/binding loop,3.839565
Pro00075,FoCut5a,5AJH,75,VAL,V75,flap helix start; raw 74-93,Flap/binding loop,high for +1 offset,memo FoCut5a section,flap 75-94,75,flap helix start; raw 74-93,Flap/binding loop,0.0
Pro00075,FoCut5a,5AJH,76,GLY,G76,FoCut5a flap helix,Flap/binding loop,high for +1 offset,memo FoCut5a section,flap 75-94,75,flap helix start; raw 74-93,Flap/binding loop,3.836386
Pro00075,FoCut5a,5AJH,77,GLY,G77,FoCut5a flap helix,Flap/binding loop,high for +1 offset,memo FoCut5a section,flap 75-94,75,flap helix start; raw 74-93,Flap/binding loop,6.991778
Pro00075,FoCut5a,5AJH,78,ALA,A78,FoCut5a flap helix,Flap/binding loop,high for +1 offset,memo FoCut5a section,flap 75-94,75,flap helix start; raw 74-93,Flap/binding loop,8.465753
Pro00075,FoCut5a,5AJH,79,TYR,Y79,FoCut5a flap helix,Flap/binding loop,high for +1 offset,memo FoCut5a section,flap 75-94,75,flap helix start; raw 74-93,Flap/binding loop,6.36892
Pro00075,FoCut5a,5AJH,80,ARG,R80,FoCut5a flap helix,Flap/binding loop,high for +1 offset,memo FoCut5a section,flap 75-94,75,flap helix start; raw 74-93,Flap/binding loop,9.063382
Pro00075,FoCut5a,5AJH,81,ALA,A81,FoCut5a flap helix,Flap/binding loop,high for +1 offset,memo FoCut5a section,flap 75-94,75,flap helix start; raw 74-93,Flap/binding loop,9.518447
Pro00075,FoCut5a,5AJH,82,THR,T82,FoCut5a flap helix,Flap/binding loop,high for +1 offset,memo FoCut5a section,S122,122,catalytic Ser; raw 5AJH S121,Catalytic/oxyanion,11.530912
Pro00075,FoCut5a,5AJH,83,LEU,L83,FoCut5a flap helix,Flap/binding loop,high for +1 offset,memo FoCut5a section,S122,122,catalytic Ser; raw 5AJH S121,Catalytic/oxyanion,10.248836
Pro00075,FoCut5a,5AJH,84,GLY,G84,FoCut5a flap helix,Flap/binding loop,high for +1 offset,memo FoCut5a section,S122,122,catalytic Ser; raw 5AJH S121,Catalytic/oxyanion,12.622224
Pro00075,FoCut5a,5AJH,85,ASP,D85,FoCut5a flap helix,Flap/binding loop,high for +1 offset,memo FoCut5a section,flap 75-94,94,flap helix end; raw 74-93,Flap/binding loop,9.626978
Pro00075,FoCut5a,5AJH,86,ASN,N86,FoCut5a flap helix,Flap/binding loop,high for +1 offset,memo FoCut5a section,S122,122,catalytic Ser; raw 5AJH S121,Catalytic/oxyanion,8.783016
Pro00075,FoCut5a,5AJH,87,ALA,A87,FoCut5a flap helix,Flap/binding loop,high for +1 offset,memo FoCut5a section,S122,122,catalytic Ser; raw 5AJH S121,Catalytic/oxyanion,12.259836
Pro00075,FoCut5a,5AJH,88,LEU,L88,FoCut5a flap helix,Flap/binding loop,high for +1 offset,memo FoCut5a section,flap 75-94,94,flap helix end; raw 74-93,Flap/binding loop,9.141956
Pro00075,FoCut5a,5AJH,89,PRO,P89,FoCut5a flap helix,Flap/binding loop,high for +1 offset,memo FoCut5a section,flap 75-94,94,flap helix end; raw 74-93,Flap/binding loop,9.777211
Pro00075,FoCut5a,5AJH,90,ARG,R90,FoCut5a flap helix,Flap/binding loop,high for +1 offset,memo FoCut5a section,flap 75-94,94,flap helix end; raw 74-93,Flap/binding loop,8.286254
Pro00075,FoCut5a,5AJH,91,GLY,G91,FoCut5a flap helix,Flap/binding loop,high for +1 offset,memo FoCut5a section,S122,122,catalytic Ser; raw 5AJH S121,Catalytic/oxyanion,9.033545
Pro00075,FoCut5a,5AJH,92,THR,T92,FoCut5a flap helix,Flap/binding loop,high for +1 offset,memo FoCut5a section,flap 75-94,94,flap helix end; raw 74-93,Flap/binding loop,6.825055
Pro00075,FoCut5a,5AJH,93,SER,S93,FoCut5a flap helix,Flap/binding loop,high for +1 offset,memo FoCut5a section,flap 75-94,94,flap helix end; raw 74-93,Flap/binding loop,3.842737
Pro00075,FoCut5a,5AJH,94,SER,S94,flap helix end; raw 74-93,Flap/binding loop,high for +1 offset,memo FoCut5a section,flap 75-94,94,flap helix end; raw 74-93,Flap/binding loop,0.0
Pro00075,FoCut5a,5AJH,95,ALA,A95,near flap 75-94 (flap helix end; raw 74-93),Flap/binding loop,medium-low,local CA-distance annotation,flap 75-94,94,flap helix end; raw 74-93,Flap/binding loop,3.841777
Pro00075,FoCut5a,5AJH,96,ALA,A96,near flap 75-94 (flap helix end; raw 74-93),Flap/binding loop,medium-low,local CA-distance annotation,flap 75-94,94,flap helix end; raw 74-93,Flap/binding loop,5.451155
Pro00075,FoCut5a,5AJH,97,ILE,I97,near flap 75-94 (flap helix end; raw 74-93),Flap/binding loop,medium-low,local CA-distance annotation,flap 75-94,94,flap helix end; raw 74-93,Flap/binding loop,4.970439
Pro00075,FoCut5a,5AJH,98,ARG,R98,no named landmark assigned,Other/candidate,low,trajectory-derived contact residue,flap 75-94,94,flap helix end; raw 74-93,Flap/binding loop,6.238213
Pro00075,FoCut5a,5AJH,99,GLU,E99,no named landmark assigned,Other/candidate,low,trajectory-derived contact residue,flap 75-94,75,flap helix start; raw 74-93,Flap/binding loop,7.01364
Pro00075,FoCut5a,5AJH,100,MET,M100,near flap 75-94 (flap helix start; raw 74-93),Flap/binding loop,medium-low,local CA-distance annotation,flap 75-94,75,flap helix start; raw 74-93,Flap/binding loop,5.959807
Pro00075,FoCut5a,5AJH,101,LEU,L101,no named landmark assigned,Other/candidate,low,trajectory-derived contact residue,flap 75-94,75,flap helix start; raw 74-93,Flap/binding loop,9.703937
Pro00075,FoCut5a,5AJH,102,GLY,G102,no named landmark assigned,Other/candidate,low,trajectory-derived contact residue,flap 75-94,75,flap helix start; raw 74-93,Flap/binding loop,9.543986
Pro00075,FoCut5a,5AJH,103,HIS,H103,no named landmark assigned,Other/candidate,low,trajectory-derived contact residue,flap 75-94,75,flap helix start; raw 74-93,Flap/binding loop,7.708158
Pro00075,FoCut5a,5AJH,104,PHE,F104,no named landmark assigned,Other/candidate,low,trajectory-derived contact residue,flap 75-94,75,flap helix start; raw 74-93,Flap/binding loop,10.443454
Pro00075,FoCut5a,5AJH,105,SER,S105,no named landmark assigned,Other/candidate,low,trajectory-derived contact residue,flap 75-94,75,flap helix start; raw 74-93,Flap/binding loop,12.989761
Pro00075,FoCut5a,5AJH,106,ASP,D106,no named landmark assigned,Other/candidate,low,trajectory-derived contact residue,flap 75-94,75,flap helix start; raw 74-93,Flap/binding loop,12.367671
Pro00075,FoCut5a,5AJH,107,ALA,A107,no named landmark assigned,Other/candidate,low,trajectory-derived contact residue,flap 75-94,75,flap helix start; raw 74-93,Flap/binding loop,12.716695
Pro00075,FoCut5a,5AJH,108,ASN,N108,no named landmark assigned,Other/candidate,low,trajectory-derived contact residue,flap 75-94,75,flap helix start; raw 74-93,Flap/binding loop,15.832666
Pro00075,FoCut5a,5AJH,109,GLN,Q109,no named landmark assigned,Other/candidate,low,trajectory-derived contact residue,flap 75-94,75,flap helix start; raw 74-93,Flap/binding loop,17.265532
Pro00075,FoCut5a,5AJH,110,LYS,K110,no named landmark assigned,Other/candidate,low,trajectory-derived contact residue,flap 75-94,75,flap helix start; raw 74-93,Flap/binding loop,17.006641
Pro00075,FoCut5a,5AJH,111,CYS,C111,no named landmark assigned,Other/candidate,low,trajectory-derived contact residue,flap 75-94,75,flap helix start; raw 74-93,Flap/binding loop,17.870798
Pro00075,FoCut5a,5AJH,112,PRO,P112,no named landmark assigned,Other/candidate,low,trajectory-derived contact residue,flap 75-94,75,flap helix start; raw 74-93,Flap/binding loop,19.69078
Pro00075,FoCut5a,5AJH,113,ASP,D113,no named landmark assigned,Other/candidate,low,trajectory-derived contact residue,flap 75-94,75,flap helix start; raw 74-93,Flap/binding loop,21.323833
Pro00075,FoCut5a,5AJH,114,ALA,A114,no named landmark assigned,Other/candidate,low,trajectory-derived contact residue,flap 75-94,75,flap helix start; raw 74-93,Flap/binding loop,18.283696
Pro00075,FoCut5a,5AJH,115,VAL,V115,no named landmark assigned,Other/candidate,low,trajectory-derived contact residue,flap 75-94,75,flap helix start; raw 74-93,Flap/binding loop,17.679063
Pro00075,FoCut5a,5AJH,116,LEU,L116,no named landmark assigned,Other/candidate,low,trajectory-derived contact residue,flap 75-94,75,flap helix start; raw 74-93,Flap/binding loop,14.270826
Pro00075,FoCut5a,5AJH,117,ILE,I117,no named landmark assigned,Other/candidate,low,trajectory-derived contact residue,flap 75-94,75,flap helix start; raw 74-93,Flap/binding loop,13.21372
Pro00075,FoCut5a,5AJH,118,ALA,A118,no named landmark assigned,Other/candidate,low,trajectory-derived contact residue,flap 75-94,75,flap helix start; raw 74-93,Flap/binding loop,10.612193
Pro00075,FoCut5a,5AJH,119,GLY,G119,FoCut5a catalytic-Ser neighborhood,Catalytic/oxyanion,high for +1 offset,memo + local numbering audit,flap 75-94,75,flap helix start; raw 74-93,Flap/binding loop,10.200683
Pro00075,FoCut5a,5AJH,120,GLY,G120,FoCut5a catalytic-Ser neighborhood,Catalytic/oxyanion,high for +1 offset,memo + local numbering audit,S122,122,catalytic Ser; raw 5AJH S121,Catalytic/oxyanion,6.88954
Pro00075,FoCut5a,5AJH,121,TYR,Y121,FoCut5a catalytic-Ser neighborhood,Catalytic/oxyanion,high for +1 offset,memo + local numbering audit,S122,122,catalytic Ser; raw 5AJH S121,Catalytic/oxyanion,3.844748
Pro00075,FoCut5a,5AJH,122,SER,S122,catalytic Ser; raw 5AJH S121,Catalytic/oxyanion,high for +1 offset,memo + local offset audit,S122,122,catalytic Ser; raw 5AJH S121,Catalytic/oxyanion,0.0
Pro00075,FoCut5a,5AJH,123,GLN,Q123,FoCut5a catalytic-Ser neighborhood,Catalytic/oxyanion,high for +1 offset,memo + local numbering audit,S122,122,catalytic Ser; raw 5AJH S121,Catalytic/oxyanion,3.841908
Pro00075,FoCut5a,5AJH,124,GLY,G124,near S122 (catalytic Ser; raw 5AJH S121),Catalytic/oxyanion,medium-low,local CA-distance annotation,S122,122,catalytic Ser; raw 5AJH S121,Catalytic/oxyanion,5.310808
Pro00075,FoCut5a,5AJH,125,ALA,A125,near S122 (catalytic Ser; raw 5AJH S121),Catalytic/oxyanion,medium-low,local CA-distance annotation,S122,122,catalytic Ser; raw 5AJH S121,Catalytic/oxyanion,5.159789
Pro00075,FoCut5a,5AJH,126,ALA,A126,no named landmark assigned,Other/candidate,low,trajectory-derived contact residue,S122,122,catalytic Ser; raw 5AJH S121,Catalytic/oxyanion,6.81199
Pro00075,FoCut5a,5AJH,127,LEU,L127,no named landmark assigned,Other/candidate,low,trajectory-derived contact residue,S122,122,catalytic Ser; raw 5AJH S121,Catalytic/oxyanion,8.850155
Pro00075,FoCut5a,5AJH,128,ALA,A128,no named landmark assigned,Other/candidate,low,trajectory-derived contact residue,flap 75-94,75,flap helix start; raw 74-93,Flap/binding loop,9.423428
Pro00075,FoCut5a,5AJH,129,ALA,A129,no named landmark assigned,Other/candidate,low,trajectory-derived contact residue,S122,122,catalytic Ser; raw 5AJH S121,Catalytic/oxyanion,10.913926
Pro00075,FoCut5a,5AJH,130,ALA,A130,no named landmark assigned,Other/candidate,low,trajectory-derived contact residue,flap 75-94,94,flap helix end; raw 74-93,Flap/binding loop,9.37166
Pro00075,FoCut5a,5AJH,131,SER,S131,no named landmark assigned,Other/candidate,low,trajectory-derived contact residue,flap 75-94,94,flap helix end; raw 74-93,Flap/binding loop,9.671516
Pro00075,FoCut5a,5AJH,132,VAL,V132,no named landmark assigned,Other/candidate,low,trajectory-derived contact residue,flap 75-94,75,flap helix start; raw 74-93,Flap/binding loop,13.368574
Pro00075,FoCut5a,5AJH,133,THR,T133,no named landmark assigned,Other/candidate,low,trajectory-derived contact residue,flap 75-94,94,flap helix end; raw 74-93,Flap/binding loop,12.936912
Pro00075,FoCut5a,5AJH,134,ASP,D134,no named landmark assigned,Other/candidate,low,trajectory-derived contact residue,flap 75-94,94,flap helix end; raw 74-93,Flap/binding loop,10.898211
Pro00075,FoCut5a,5AJH,135,VAL,V135,no named landmark assigned,Other/candidate,low,trajectory-derived contact residue,flap 75-94,94,flap helix end; raw 74-93,Flap/binding loop,12.978043
Pro00075,FoCut5a,5AJH,136,ASP,D136,no named landmark assigned,Other/candidate,low,trajectory-derived contact residue,flap 75-94,94,flap helix end; raw 74-93,Flap/binding loop,16.017806
Pro00075,FoCut5a,5AJH,137,ALA,A137,no named landmark assigned,Other/candidate,low,trajectory-derived contact residue,flap 75-94,94,flap helix end; raw 74-93,Flap/binding loop,18.925649
Pro00075,FoCut5a,5AJH,138,GLY,G138,no named landmark assigned,Other/candidate,low,trajectory-derived contact residue,flap 75-94,75,flap helix start; raw 74-93,Flap/binding loop,20.899729
Pro00075,FoCut5a,5AJH,139,ILE,I139,no named landmark assigned,Other/candidate,low,trajectory-derived contact residue,flap 75-94,75,flap helix start; raw 74-93,Flap/binding loop,17.168051
Pro00075,FoCut5a,5AJH,140,ARG,R140,no named landmark assigned,Other/candidate,low,trajectory-derived contact residue,flap 75-94,75,flap helix start; raw 74-93,Flap/binding loop,17.295041
Pro00075,FoCut5a,5AJH,141,GLU,E141,no named landmark assigned,Other/candidate,low,trajectory-derived contact residue,flap 75-94,75,flap helix start; raw 74-93,Flap/binding loop,20.293396
Pro00075,FoCut5a,5AJH,142,LYS,K142,no named landmark assigned,Other/candidate,low,trajectory-derived contact residue,flap 75-94,75,flap helix start; raw 74-93,Flap/binding loop,18.431687
Pro00075,FoCut5a,5AJH,143,ILE,I143,no named landmark assigned,Other/candidate,low,trajectory-derived contact residue,flap 75-94,75,flap helix start; raw 74-93,Flap/binding loop,16.058298
Pro00075,FoCut5a,5AJH,144,ALA,A144,no named landmark assigned,Other/candidate,low,trajectory-derived contact residue,flap 75-94,75,flap helix start; raw 74-93,Flap/binding loop,18.435502
Pro00075,FoCut5a,5AJH,145,GLY,G145,no named landmark assigned,Other/candidate,low,trajectory-derived contact residue,flap 75-94,75,flap helix start; raw 74-93,Flap/binding loop,16.956819
Pro00075,FoCut5a,5AJH,146,ALA,A146,no named landmark assigned,Other/candidate,low,trajectory-derived contact residue,S122,122,catalytic Ser; raw 5AJH S121,Catalytic/oxyanion,13.862277
Pro00075,FoCut5a,5AJH,147,VAL,V147,no named landmark assigned,Other/candidate,low,trajectory-derived contact residue,binding loop 173-193,173,binding loop start; raw 172-192,Flap/binding loop,10.883717
Pro00075,FoCut5a,5AJH,148,LEU,L148,no named landmark assigned,Other/candidate,low,trajectory-derived contact residue,S122,122,catalytic Ser; raw 5AJH S121,Catalytic/oxyanion,7.887646
Pro00075,FoCut5a,5AJH,149,PHE,F149,no named landmark assigned,Other/candidate,low,trajectory-derived contact residue,S122,122,catalytic Ser; raw 5AJH S121,Catalytic/oxyanion,6.122597
Pro00075,FoCut5a,5AJH,150,GLY,G150,near S122 (catalytic Ser; raw 5AJH S121),Catalytic/oxyanion,medium-low,local CA-distance annotation,S122,122,catalytic Ser; raw 5AJH S121,Catalytic/oxyanion,4.751533
Pro00075,FoCut5a,5AJH,151,TYR,Y151,near S122 (catalytic Ser; raw 5AJH S121),Catalytic/oxyanion,medium-low,local CA-distance annotation,S122,122,catalytic Ser; raw 5AJH S121,Catalytic/oxyanion,5.173946
Pro00075,FoCut5a,5AJH,152,THR,T152,near S122 (catalytic Ser; raw 5AJH S121),Catalytic/oxyanion,medium-low,local CA-distance annotation,S122,122,catalytic Ser; raw 5AJH S121,Catalytic/oxyanion,5.665897
Pro00075,FoCut5a,5AJH,153,LYS,K153,no named landmark assigned,Other/candidate,low,trajectory-derived contact residue,S122,122,catalytic Ser; raw 5AJH S121,Catalytic/oxyanion,8.947254
Pro00075,FoCut5a,5AJH,154,ASN,N154,no named landmark assigned,Other/candidate,low,trajectory-derived contact residue,binding loop 173-193,173,binding loop start; raw 172-192,Flap/binding loop,8.295488
Pro00075,FoCut5a,5AJH,155,LEU,L155,no named landmark assigned,Other/candidate,low,trajectory-derived contact residue,binding loop 173-193,173,binding loop start; raw 172-192,Flap/binding loop,10.450343
Pro00075,FoCut5a,5AJH,156,GLN,Q156,no named landmark assigned,Other/candidate,low,trajectory-derived contact residue,binding loop 173-193,173,binding loop start; raw 172-192,Flap/binding loop,13.637175
Pro00075,FoCut5a,5AJH,157,ASN,N157,no named landmark assigned,Other/candidate,low,trajectory-derived contact residue,binding loop 173-193,173,binding loop start; raw 172-192,Flap/binding loop,13.236683
Pro00075,FoCut5a,5AJH,158,ARG,R158,no named landmark assigned,Other/candidate,low,trajectory-derived contact residue,binding loop 173-193,173,binding loop start; raw 172-192,Flap/binding loop,11.893828
Pro00075,FoCut5a,5AJH,159,GLY,G159,no named landmark assigned,Other/candidate,low,trajectory-derived contact residue,binding loop 173-193,173,binding loop start; raw 172-192,Flap/binding loop,9.05503
Pro00075,FoCut5a,5AJH,160,LYS,K160,no named landmark assigned,Other/candidate,low,trajectory-derived contact residue,binding loop 173-193,173,binding loop start; raw 172-192,Flap/binding loop,12.048636
Pro00075,FoCut5a,5AJH,161,ILE,I161,no named landmark assigned,Other/candidate,low,trajectory-derived contact residue,S122,122,catalytic Ser; raw 5AJH S121,Catalytic/oxyanion,14.130974
Pro00075,FoCut5a,5AJH,162,PRO,P162,no named landmark assigned,Other/candidate,low,trajectory-derived contact residue,flap 75-94,94,flap helix end; raw 74-93,Flap/binding loop,16.498517
Pro00075,FoCut5a,5AJH,163,SER,S163,no named landmark assigned,Other/candidate,low,trajectory-derived contact residue,flap 75-94,94,flap helix end; raw 74-93,Flap/binding loop,18.047794
Pro00075,FoCut5a,5AJH,164,TYR,Y164,no named landmark assigned,Other/candidate,low,trajectory-derived contact residue,binding loop 173-193,173,binding loop start; raw 172-192,Flap/binding loop,18.762898
Pro00075,FoCut5a,5AJH,165,PRO,P165,no named landmark assigned,Other/candidate,low,trajectory-derived contact residue,binding loop 173-193,173,binding loop start; raw 172-192,Flap/binding loop,18.61859
Pro00075,FoCut5a,5AJH,166,GLU,E166,no named landmark assigned,Other/candidate,low,trajectory-derived contact residue,binding loop 173-193,173,binding loop start; raw 172-192,Flap/binding loop,15.589376
Pro00075,FoCut5a,5AJH,167,ASP,D167,no named landmark assigned,Other/candidate,low,trajectory-derived contact residue,binding loop 173-193,173,binding loop start; raw 172-192,Flap/binding loop,16.580199
Pro00075,FoCut5a,5AJH,168,ARG,R168,no named landmark assigned,Other/candidate,low,trajectory-derived contact residue,binding loop 173-193,173,binding loop start; raw 172-192,Flap/binding loop,16.408488
Pro00075,FoCut5a,5AJH,169,THR,T169,no named landmark assigned,Other/candidate,low,trajectory-derived contact residue,binding loop 173-193,173,binding loop start; raw 172-192,Flap/binding loop,12.803302
Pro00075,FoCut5a,5AJH,170,LYS,K170,no named landmark assigned,Other/candidate,low,trajectory-derived contact residue,binding loop 173-193,173,binding loop start; raw 172-192,Flap/binding loop,9.805973
Pro00075,FoCut5a,5AJH,171,VAL,V171,no named landmark assigned,Other/candidate,low,trajectory-derived contact residue,binding loop 173-193,173,binding loop start; raw 172-192,Flap/binding loop,6.293831
Pro00075,FoCut5a,5AJH,172,PHE,F172,near binding loop 173-193 (binding loop start; raw 172-192),Flap/binding loop,medium-low,local CA-distance annotation,binding loop 173-193,173,binding loop start; raw 172-192,Flap/binding loop,3.81847
Pro00075,FoCut5a,5AJH,173,CYS,C173,binding loop start; raw 172-192,Flap/binding loop,high for +1 offset,memo FoCut5a section,binding loop 173-193,173,binding loop start; raw 172-192,Flap/binding loop,0.0
Pro00075,FoCut5a,5AJH,174,ASN,N174,FoCut5a binding loop / catalytic-His loop,Flap/binding loop,high for +1 offset,memo FoCut5a section,binding loop 173-193,173,binding loop start; raw 172-192,Flap/binding loop,3.812197
Pro00075,FoCut5a,5AJH,175,THR,T175,FoCut5a binding loop / catalytic-His loop,Flap/binding loop,high for +1 offset,memo FoCut5a section,D177,177,catalytic Asp; raw 5AJH D176,Catalytic/oxyanion,5.662077
Pro00075,FoCut5a,5AJH,176,GLY,G176,FoCut5a binding loop / catalytic-His loop,Flap/binding loop,high for +1 offset,memo FoCut5a section,D177,177,catalytic Asp; raw 5AJH D176,Catalytic/oxyanion,3.845094
Pro00075,FoCut5a,5AJH,177,ASP,D177,catalytic Asp; raw 5AJH D176,Catalytic/oxyanion,high for +1 offset,memo + local offset audit,D177,177,catalytic Asp; raw 5AJH D176,Catalytic/oxyanion,0.0
Pro00075,FoCut5a,5AJH,178,LEU,L178,FoCut5a binding loop / catalytic-His loop,Flap/binding loop,high for +1 offset,memo FoCut5a section,D177,177,catalytic Asp; raw 5AJH D176,Catalytic/oxyanion,3.834246
Pro00075,FoCut5a,5AJH,179,VAL,V179,FoCut5a binding loop / catalytic-His loop,Flap/binding loop,high for +1 offset,memo FoCut5a section,D177,177,catalytic Asp; raw 5AJH D176,Catalytic/oxyanion,5.425232
Pro00075,FoCut5a,5AJH,180,CYS,C180,FoCut5a binding loop / catalytic-His loop,Flap/binding loop,high for +1 offset,memo FoCut5a section,D177,177,catalytic Asp; raw 5AJH D176,Catalytic/oxyanion,5.658457
Pro00075,FoCut5a,5AJH,181,THR,T181,FoCut5a binding loop / catalytic-His loop,Flap/binding loop,high for +1 offset,memo FoCut5a section,D177,177,catalytic Asp; raw 5AJH D176,Catalytic/oxyanion,7.000773
Pro00075,FoCut5a,5AJH,182,GLY,G182,FoCut5a binding loop / catalytic-His loop,Flap/binding loop,high for +1 offset,memo FoCut5a section,D177,177,catalytic Asp; raw 5AJH D176,Catalytic/oxyanion,9.516103
Pro00075,FoCut5a,5AJH,183,SER,S183,FoCut5a binding loop / catalytic-His loop,Flap/binding loop,high for +1 offset,memo FoCut5a section,D177,177,catalytic Asp; raw 5AJH D176,Catalytic/oxyanion,8.884586
Pro00075,FoCut5a,5AJH,184,LEU,L184,FoCut5a binding loop / catalytic-His loop,Flap/binding loop,high for +1 offset,memo FoCut5a section,S122,122,catalytic Ser; raw 5AJH S121,Catalytic/oxyanion,9.587867
Pro00075,FoCut5a,5AJH,185,ILE,I185,FoCut5a binding loop / catalytic-His loop,Flap/binding loop,high for +1 offset,memo FoCut5a section,D177,177,catalytic Asp; raw 5AJH D176,Catalytic/oxyanion,8.584208
Pro00075,FoCut5a,5AJH,186,VAL,V186,FoCut5a binding loop / catalytic-His loop,Flap/binding loop,high for +1 offset,memo FoCut5a section,H190,190,catalytic His; raw 5AJH H189,Catalytic/oxyanion,6.013039
Pro00075,FoCut5a,5AJH,187,ALA,A187,FoCut5a binding loop / catalytic-His loop,Flap/binding loop,high for +1 offset,memo FoCut5a section,H190,190,catalytic His; raw 5AJH H189,Catalytic/oxyanion,5.637145
Pro00075,FoCut5a,5AJH,188,ALA,A188,FoCut5a binding loop / catalytic-His loop,Flap/binding loop,high for +1 offset,memo FoCut5a section,H190,190,catalytic His; raw 5AJH H189,Catalytic/oxyanion,5.419038
Pro00075,FoCut5a,5AJH,189,PRO,P189,FoCut5a binding loop / catalytic-His loop,Flap/binding loop,high for +1 offset,memo FoCut5a section,H190,190,catalytic His; raw 5AJH H189,Catalytic/oxyanion,3.854295
Pro00075,FoCut5a,5AJH,190,HIS,H190,catalytic His; raw 5AJH H189,Catalytic/oxyanion,high for +1 offset,memo + local offset audit,H190,190,catalytic His; raw 5AJH H189,Catalytic/oxyanion,0.0
Pro00075,FoCut5a,5AJH,191,LEU,L191,FoCut5a binding loop / catalytic-His loop,Flap/binding loop,high for +1 offset,memo FoCut5a section,H190,190,catalytic His; raw 5AJH H189,Catalytic/oxyanion,3.854829
Pro00075,FoCut5a,5AJH,192,ALA,A192,FoCut5a binding loop / catalytic-His loop,Flap/binding loop,high for +1 offset,memo FoCut5a section,binding loop 173-193,193,binding loop end; raw 172-192,Flap/binding loop,3.883204
Pro00075,FoCut5a,5AJH,193,TYR,Y193,binding loop end; raw 172-192,Flap/binding loop,high for +1 offset,memo FoCut5a section,binding loop 173-193,193,binding loop end; raw 172-192,Flap/binding loop,0.0
Pro00075,FoCut5a,5AJH,194,GLN,Q194,near binding loop 173-193 (binding loop end; raw 172-192),Flap/binding loop,medium-low,local CA-distance annotation,binding loop 173-193,193,binding loop end; raw 172-192,Flap/binding loop,3.86405
Pro00075,FoCut5a,5AJH,195,SER,S195,near binding loop 173-193 (binding loop end; raw 172-192),Flap/binding loop,medium-low,local CA-distance annotation,binding loop 173-193,193,binding loop end; raw 172-192,Flap/binding loop,5.629402
Pro00075,FoCut5a,5AJH,196,ALA,A196,near binding loop 173-193 (binding loop end; raw 172-192),Flap/binding loop,medium-low,local CA-distance annotation,binding loop 173-193,193,binding loop end; raw 172-192,Flap/binding loop,5.416066
Pro00075,FoCut5a,5AJH,197,ALA,A197,no named landmark assigned,Other/candidate,low,trajectory-derived contact residue,binding loop 173-193,193,binding loop end; raw 172-192,Flap/binding loop,6.072912
Pro00075,FoCut5a,5AJH,198,SER,S198,no named landmark assigned,Other/candidate,low,trajectory-derived contact residue,binding loop 173-193,193,binding loop end; raw 172-192,Flap/binding loop,8.671571
Pro00075,FoCut5a,5AJH,199,GLY,G199,no named landmark assigned,Other/candidate,low,trajectory-derived contact residue,binding loop 173-193,193,binding loop end; raw 172-192,Flap/binding loop,10.15936
Pro00075,FoCut5a,5AJH,200,ALA,A200,no named landmark assigned,Other/candidate,low,trajectory-derived contact residue,binding loop 173-193,193,binding loop end; raw 172-192,Flap/binding loop,10.496037
Pro00075,FoCut5a,5AJH,201,ALA,A201,no named landmark assigned,Other/candidate,low,trajectory-derived contact residue,binding loop 173-193,193,binding loop end; raw 172-192,Flap/binding loop,9.753589
Pro00075,FoCut5a,5AJH,202,PRO,P202,no named landmark assigned,Other/candidate,low,trajectory-derived contact residue,binding loop 173-193,193,binding loop end; raw 172-192,Flap/binding loop,12.392423
Pro00075,FoCut5a,5AJH,203,GLU,E203,no named landmark assigned,Other/candidate,low,trajectory-derived contact residue,binding loop 173-193,193,binding loop end; raw 172-192,Flap/binding loop,14.4662
Pro00075,FoCut5a,5AJH,204,PHE,F204,no named landmark assigned,Other/candidate,low,trajectory-derived contact residue,binding loop 173-193,193,binding loop end; raw 172-192,Flap/binding loop,14.855299
Pro00075,FoCut5a,5AJH,205,LEU,L205,no named landmark assigned,Other/candidate,low,trajectory-derived contact residue,binding loop 173-193,193,binding loop end; raw 172-192,Flap/binding loop,15.788444
Pro00075,FoCut5a,5AJH,206,ILE,I206,no named landmark assigned,Other/candidate,low,trajectory-derived contact residue,binding loop 173-193,193,binding loop end; raw 172-192,Flap/binding loop,18.196899
Pro00075,FoCut5a,5AJH,207,GLN,Q207,no named landmark assigned,Other/candidate,low,trajectory-derived contact residue,binding loop 173-193,193,binding loop end; raw 172-192,Flap/binding loop,19.762424
Pro00075,FoCut5a,5AJH,208,LYS,K208,no named landmark assigned,Other/candidate,low,trajectory-derived contact residue,binding loop 173-193,173,binding loop start; raw 172-192,Flap/binding loop,20.143836
Pro00075,FoCut5a,5AJH,209,ALA,A209,no named landmark assigned,Other/candidate,low,trajectory-derived contact residue,flap 75-94,75,flap helix start; raw 74-93,Flap/binding loop,19.998118
Pro00075,FoCut5a,5AJH,210,ASP,D210,no named landmark assigned,Other/candidate,low,trajectory-derived contact residue,flap 75-94,75,flap helix start; raw 74-93,Flap/binding loop,23.526928
Pro00075,FoCut5a,5AJH,211,ALA,A211,no named landmark assigned,Other/candidate,low,trajectory-derived contact residue,binding loop 173-193,173,binding loop start; raw 172-192,Flap/binding loop,25.171908
Pro00075,FoCut5a,5AJH,212,ALA,A212,no named landmark assigned,Other/candidate,low,trajectory-derived contact residue,flap 75-94,75,flap helix start; raw 74-93,Flap/binding loop,23.320966
Pro00075,FoCut5a,5AJH,213,GLY,G213,no named landmark assigned,Other/candidate,low,trajectory-derived contact residue,flap 75-94,75,flap helix start; raw 74-93,Flap/binding loop,23.90747
Pro00075,FoCut5a,5AJH,214,ALA,A214,no named landmark assigned,Other/candidate,low,trajectory-derived contact residue,flap 75-94,75,flap helix start; raw 74-93,Flap/binding loop,27.596746
Pro00075,FoCut5a,5AJH,215,ALA,A215,no named landmark assigned,Other/candidate,low,trajectory-derived contact residue,flap 75-94,75,flap helix start; raw 74-93,Flap/binding loop,28.038718
Pro00075,FoCut5a,5AJH,216,ALA,A216,no named landmark assigned,Other/candidate,low,trajectory-derived contact residue,flap 75-94,75,flap helix start; raw 74-93,Flap/binding loop,26.752733
Pro00075,FoCut5a,5AJH,217,ALA,A217,no named landmark assigned,Other/candidate,low,trajectory-derived contact residue,flap 75-94,75,flap helix start; raw 74-93,Flap/binding loop,29.101258
Pro00075,FoCut5a,5AJH,218,ALA,A218,no named landmark assigned,Other/candidate,low,trajectory-derived contact residue,flap 75-94,75,flap helix start; raw 74-93,Flap/binding loop,32.010818
Pro00075,FoCut5a,5AJH,219,LEU,L219,no named landmark assigned,Other/candidate,low,trajectory-derived contact residue,flap 75-94,75,flap helix start; raw 74-93,Flap/binding loop,31.644303
Pro00075,FoCut5a,5AJH,220,GLU,E220,no named landmark assigned,Other/candidate,low,trajectory-derived contact residue,flap 75-94,75,flap helix start; raw 74-93,Flap/binding loop,31.71445
Pro00075,FoCut5a,5AJH,221,HIS,H221,no named landmark assigned,Other/candidate,low,trajectory-derived contact residue,flap 75-94,75,flap helix start; raw 74-93,Flap/binding loop,34.784438
Pro00075,FoCut5a,5AJH,222,HIS,H222,no named landmark assigned,Other/candidate,low,trajectory-derived contact residue,flap 75-94,75,flap helix start; raw 74-93,Flap/binding loop,36.601392
Pro00075,FoCut5a,5AJH,223,HIS,H223,no named landmark assigned,Other/candidate,low,trajectory-derived contact residue,flap 75-94,75,flap helix start; raw 74-93,Flap/binding loop,36.100831
Pro00075,FoCut5a,5AJH,224,HIS,H224,no named landmark assigned,Other/candidate,low,trajectory-derived contact residue,flap 75-94,75,flap helix start; raw 74-93,Flap/binding loop,37.77731
Pro00075,FoCut5a,5AJH,225,HIS,H225,no named landmark assigned,Other/candidate,low,trajectory-derived contact residue,flap 75-94,75,flap helix start; raw 74-93,Flap/binding loop,40.967867
Pro00075,FoCut5a,5AJH,226,HIS,H226,no named landmark assigned,Other/candidate,low,trajectory-derived contact residue,flap 75-94,75,flap helix start; raw 74-93,Flap/binding loop,42.139393
Pro00121,HiC,4OYY,1,GLN,Q1,no named landmark assigned,Other/candidate,low,trajectory-derived contact residue,S105,105,catalytic Ser,Catalytic/oxyanion,22.163298
Pro00121,HiC,4OYY,2,LEU,L2,no named landmark assigned,Other/candidate,low,trajectory-derived contact residue,S105,105,catalytic Ser,Catalytic/oxyanion,19.080529
Pro00121,HiC,4OYY,3,GLY,G3,no named landmark assigned,Other/candidate,low,trajectory-derived contact residue,S105,105,catalytic Ser,Catalytic/oxyanion,16.357269
Pro00121,HiC,4OYY,4,ALA,A4,no named landmark assigned,Other/candidate,low,trajectory-derived contact residue,S105,105,catalytic Ser,Catalytic/oxyanion,17.103552
Pro00121,HiC,4OYY,5,ILE,I5,no named landmark assigned,Other/candidate,low,trajectory-derived contact residue,S105,105,catalytic Ser,Catalytic/oxyanion,18.18869
Pro00121,HiC,4OYY,6,GLU,E6,no named landmark assigned,Other/candidate,low,trajectory-derived contact residue,S105,105,catalytic Ser,Catalytic/oxyanion,18.664339
Pro00121,HiC,4OYY,7,ASN,N7,no named landmark assigned,Other/candidate,low,trajectory-derived contact residue,S105,105,catalytic Ser,Catalytic/oxyanion,20.707479
Pro00121,HiC,4OYY,8,GLY,G8,no named landmark assigned,Other/candidate,low,trajectory-derived contact residue,S105,105,catalytic Ser,Catalytic/oxyanion,22.493948
Pro00121,HiC,4OYY,9,LEU,L9,no named landmark assigned,Other/candidate,low,trajectory-derived contact residue,S105,105,catalytic Ser,Catalytic/oxyanion,22.453727
Pro00121,HiC,4OYY,10,GLU,E10,no named landmark assigned,Other/candidate,low,trajectory-derived contact residue,S105,105,catalytic Ser,Catalytic/oxyanion,23.632751
Pro00121,HiC,4OYY,11,SER,S11,no named landmark assigned,Other/candidate,low,trajectory-derived contact residue,S105,105,catalytic Ser,Catalytic/oxyanion,26.165909
Pro00121,HiC,4OYY,12,GLY,G12,no named landmark assigned,Other/candidate,low,trajectory-derived contact residue,S105,105,catalytic Ser,Catalytic/oxyanion,27.330334
Pro00121,HiC,4OYY,13,SER,S13,no named landmark assigned,Other/candidate,low,trajectory-derived contact residue,S105,105,catalytic Ser,Catalytic/oxyanion,30.581246
Pro00121,HiC,4OYY,14,ALA,A14,no named landmark assigned,Other/candidate,low,trajectory-derived contact residue,S105,105,catalytic Ser,Catalytic/oxyanion,31.198912
Pro00121,HiC,4OYY,15,ASN,N15,no named landmark assigned,Other/candidate,low,trajectory-derived contact residue,S105,105,catalytic Ser,Catalytic/oxyanion,34.394469
Pro00121,HiC,4OYY,16,ALA,A16,no named landmark assigned,Other/candidate,low,trajectory-derived contact residue,S105,105,catalytic Ser,Catalytic/oxyanion,32.495854
Pro00121,HiC,4OYY,17,CYS,C17,no named landmark assigned,Other/candidate,low,trajectory-derived contact residue,S105,105,catalytic Ser,Catalytic/oxyanion,29.589237
Pro00121,HiC,4OYY,18,PRO,P18,no named landmark assigned,Other/candidate,low,trajectory-derived contact residue,S105,105,catalytic Ser,Catalytic/oxyanion,27.435379
Pro00121,HiC,4OYY,19,ASP,D19,no named landmark assigned,Other/candidate,low,trajectory-derived contact residue,S105,105,catalytic Ser,Catalytic/oxyanion,27.273322
Pro00121,HiC,4OYY,20,ALA,A20,no named landmark assigned,Other/candidate,low,trajectory-derived contact residue,S105,105,catalytic Ser,Catalytic/oxyanion,23.637049
Pro00121,HiC,4OYY,21,ILE,I21,no named landmark assigned,Other/candidate,low,trajectory-derived contact residue,S105,105,catalytic Ser,Catalytic/oxyanion,20.809389
Pro00121,HiC,4OYY,22,LEU,L22,no named landmark assigned,Other/candidate,low,trajectory-derived contact residue,S105,105,catalytic Ser,Catalytic/oxyanion,17.151772
Pro00121,HiC,4OYY,23,ILE,I23,no named landmark assigned,Other/candidate,low,trajectory-derived contact residue,S105,105,catalytic Ser,Catalytic/oxyanion,14.859449
Pro00121,HiC,4OYY,24,PHE,F24,no named landmark assigned,Other/candidate,low,trajectory-derived contact residue,S105,105,catalytic Ser,Catalytic/oxyanion,11.419129
Pro00121,HiC,4OYY,25,ALA,A25,no named landmark assigned,Other/candidate,low,trajectory-derived contact residue,S105,105,catalytic Ser,Catalytic/oxyanion,8.864652
Pro00121,HiC,4OYY,26,ARG,R26,no named landmark assigned,Other/candidate,low,trajectory-derived contact residue,S105,105,catalytic Ser,Catalytic/oxyanion,7.398799
Pro00121,HiC,4OYY,27,GLY,G27,near S105 (catalytic Ser),Catalytic/oxyanion,medium-low,local CA-distance annotation,S105,105,catalytic Ser,Catalytic/oxyanion,4.93652
Pro00121,HiC,4OYY,28,SER,S28,HiC N-terminal cleft patch near catalytic Ser,Cleft/rim patch,medium,local coordinate proximity + trajectory contact,S105,105,catalytic Ser,Catalytic/oxyanion,7.102011
Pro00121,HiC,4OYY,29,THR,T29,HiC N-terminal cleft patch near catalytic Ser,Cleft/rim patch,medium,local coordinate proximity + trajectory contact,S105,105,catalytic Ser,Catalytic/oxyanion,10.603303
Pro00121,HiC,4OYY,30,GLU,E30,HiC N-terminal cleft patch near catalytic Ser,Cleft/rim patch,medium,local coordinate proximity + trajectory contact,S105,105,catalytic Ser,Catalytic/oxyanion,10.474301
Pro00121,HiC,4OYY,31,PRO,P31,HiC N-terminal cleft patch near catalytic Ser,Cleft/rim patch,medium,local coordinate proximity + trajectory contact,S105,105,catalytic Ser,Catalytic/oxyanion,13.979437
Pro00121,HiC,4OYY,32,GLY,G32,no named landmark assigned,Other/candidate,low,trajectory-derived contact residue,S105,105,catalytic Ser,Catalytic/oxyanion,15.419273
Pro00121,HiC,4OYY,33,ASN,N33,no named landmark assigned,Other/candidate,low,trajectory-derived contact residue,S105,105,catalytic Ser,Catalytic/oxyanion,13.897661
Pro00121,HiC,4OYY,34,MET,M34,no named landmark assigned,Other/candidate,low,trajectory-derived contact residue,S105,105,catalytic Ser,Catalytic/oxyanion,12.441612
Pro00121,HiC,4OYY,35,GLY,G35,no named landmark assigned,Other/candidate,low,trajectory-derived contact residue,S105,105,catalytic Ser,Catalytic/oxyanion,11.404799
Pro00121,HiC,4OYY,36,ILE,I36,no named landmark assigned,Other/candidate,low,trajectory-derived contact residue,S105,105,catalytic Ser,Catalytic/oxyanion,13.232988
Pro00121,HiC,4OYY,37,THR,T37,no named landmark assigned,Other/candidate,low,trajectory-derived contact residue,S105,105,catalytic Ser,Catalytic/oxyanion,11.4632
Pro00121,HiC,4OYY,38,VAL,V38,no named landmark assigned,Other/candidate,low,trajectory-derived contact residue,S105,105,catalytic Ser,Catalytic/oxyanion,9.743173
Pro00121,HiC,4OYY,39,GLY,G39,no named landmark assigned,Other/candidate,low,trajectory-derived contact residue,S105,105,catalytic Ser,Catalytic/oxyanion,10.984802
Pro00121,HiC,4OYY,40,PRO,P40,no named landmark assigned,Other/candidate,low,trajectory-derived contact residue,S105,105,catalytic Ser,Catalytic/oxyanion,14.533295
Pro00121,HiC,4OYY,41,ALA,A41,no named landmark assigned,Other/candidate,low,trajectory-derived contact residue,S105,105,catalytic Ser,Catalytic/oxyanion,14.724997
Pro00121,HiC,4OYY,42,LEU,L42,no named landmark assigned,Other/candidate,low,trajectory-derived contact residue,S105,105,catalytic Ser,Catalytic/oxyanion,14.142638
Pro00121,HiC,4OYY,43,ALA,A43,no named landmark assigned,Other/candidate,low,trajectory-derived contact residue,S105,105,catalytic Ser,Catalytic/oxyanion,16.511146
Pro00121,HiC,4OYY,44,ASN,N44,no named landmark assigned,Other/candidate,low,trajectory-derived contact residue,S105,105,catalytic Ser,Catalytic/oxyanion,18.969559
Pro00121,HiC,4OYY,45,GLY,G45,no named landmark assigned,Other/candidate,low,trajectory-derived contact residue,S105,105,catalytic Ser,Catalytic/oxyanion,19.078123
Pro00121,HiC,4OYY,46,LEU,L46,no named landmark assigned,Other/candidate,low,trajectory-derived contact residue,S105,105,catalytic Ser,Catalytic/oxyanion,19.830322
Pro00121,HiC,4OYY,47,GLU,E47,no named landmark assigned,Other/candidate,low,trajectory-derived contact residue,S105,105,catalytic Ser,Catalytic/oxyanion,22.350854
Pro00121,HiC,4OYY,48,SER,S48,no named landmark assigned,Other/candidate,low,trajectory-derived contact residue,S105,105,catalytic Ser,Catalytic/oxyanion,24.173726
Pro00121,HiC,4OYY,49,HIS,H49,no named landmark assigned,Other/candidate,low,trajectory-derived contact residue,S105,105,catalytic Ser,Catalytic/oxyanion,24.829316
Pro00121,HiC,4OYY,50,ILE,I50,no named landmark assigned,Other/candidate,low,trajectory-derived contact residue,S105,105,catalytic Ser,Catalytic/oxyanion,25.190481
Pro00121,HiC,4OYY,51,ARG,R51,no named landmark assigned,Other/candidate,low,trajectory-derived contact residue,S105,105,catalytic Ser,Catalytic/oxyanion,27.718812
Pro00121,HiC,4OYY,52,ASN,N52,no named landmark assigned,Other/candidate,low,trajectory-derived contact residue,S105,105,catalytic Ser,Catalytic/oxyanion,27.224719
Pro00121,HiC,4OYY,53,ILE,I53,no named landmark assigned,Other/candidate,low,trajectory-derived contact residue,S105,105,catalytic Ser,Catalytic/oxyanion,23.566475
Pro00121,HiC,4OYY,54,TRP,W54,no named landmark assigned,Other/candidate,low,trajectory-derived contact residue,S105,105,catalytic Ser,Catalytic/oxyanion,22.256009
Pro00121,HiC,4OYY,55,ILE,I55,no named landmark assigned,Other/candidate,low,trajectory-derived contact residue,S105,105,catalytic Ser,Catalytic/oxyanion,18.812977
Pro00121,HiC,4OYY,56,GLN,Q56,no named landmark assigned,Other/candidate,low,trajectory-derived contact residue,S105,105,catalytic Ser,Catalytic/oxyanion,17.23105
Pro00121,HiC,4OYY,57,GLY,G57,no named landmark assigned,Other/candidate,low,trajectory-derived contact residue,S105,105,catalytic Ser,Catalytic/oxyanion,14.32263
Pro00121,HiC,4OYY,58,VAL,V58,no named landmark assigned,Other/candidate,low,trajectory-derived contact residue,S105,105,catalytic Ser,Catalytic/oxyanion,13.512618
Pro00121,HiC,4OYY,59,GLY,G59,no named landmark assigned,Other/candidate,low,trajectory-derived contact residue,S105,105,catalytic Ser,Catalytic/oxyanion,15.492865
Pro00121,HiC,4OYY,60,GLY,G60,no named landmark assigned,Other/candidate,low,trajectory-derived contact residue,S105,105,catalytic Ser,Catalytic/oxyanion,18.043337
Pro00121,HiC,4OYY,61,PRO,P61,no named landmark assigned,Other/candidate,low,trajectory-derived contact residue,S105,105,catalytic Ser,Catalytic/oxyanion,16.956945
Pro00121,HiC,4OYY,62,TYR,Y62,no named landmark assigned,Other/candidate,low,trajectory-derived contact residue,S105,105,catalytic Ser,Catalytic/oxyanion,13.33456
Pro00121,HiC,4OYY,63,ASP,D63,no named landmark assigned,Other/candidate,low,trajectory-derived contact residue,S105,105,catalytic Ser,Catalytic/oxyanion,13.537883
Pro00121,HiC,4OYY,64,ALA,A64,no named landmark assigned,Other/candidate,low,trajectory-derived contact residue,S105,105,catalytic Ser,Catalytic/oxyanion,9.88304
Pro00121,HiC,4OYY,65,ALA,A65,no named landmark assigned,Other/candidate,low,trajectory-derived contact residue,S105,105,catalytic Ser,Catalytic/oxyanion,11.713604
Pro00121,HiC,4OYY,66,LEU,L66,HiC F70 helix / active-site cleft lip,Cleft/rim patch,medium,4OYY helix annotation + trajectory contact,S105,105,catalytic Ser,Catalytic/oxyanion,10.543158
Pro00121,HiC,4OYY,67,ALA,A67,HiC F70 helix / active-site cleft lip,Cleft/rim patch,medium,4OYY helix annotation + trajectory contact,S105,105,catalytic Ser,Catalytic/oxyanion,13.059666
Pro00121,HiC,4OYY,68,THR,T68,HiC F70 helix / active-site cleft lip,Cleft/rim patch,medium,4OYY helix annotation + trajectory contact,T135,135,rough W-loop spatial candidate,Other/candidate,11.602009
Pro00121,HiC,4OYY,69,ASN,N69,HiC F70 helix / active-site cleft lip,Cleft/rim patch,medium,4OYY helix annotation + trajectory contact,T135,135,rough W-loop spatial candidate,Other/candidate,8.107096
Pro00121,HiC,4OYY,70,PHE,F70,HiC F70 helix / active-site cleft lip,Cleft/rim patch,medium,4OYY helix annotation + trajectory contact,T135,135,rough W-loop spatial candidate,Other/candidate,10.041131
Pro00121,HiC,4OYY,71,LEU,L71,HiC F70 helix / active-site cleft lip,Cleft/rim patch,medium,4OYY helix annotation + trajectory contact,T135,135,rough W-loop spatial candidate,Other/candidate,11.062394
Pro00121,HiC,4OYY,72,PRO,P72,no named landmark assigned,Other/candidate,low,trajectory-derived contact residue,T135,135,rough W-loop spatial candidate,Other/candidate,10.686032
Pro00121,HiC,4OYY,73,ARG,R73,no named landmark assigned,Other/candidate,low,trajectory-derived contact residue,T135,135,rough W-loop spatial candidate,Other/candidate,8.875678
Pro00121,HiC,4OYY,74,GLY,G74,no named landmark assigned,Other/candidate,low,trajectory-derived contact residue,T135,135,rough W-loop spatial candidate,Other/candidate,6.454587
Pro00121,HiC,4OYY,75,THR,T75,no named landmark assigned,Other/candidate,low,trajectory-derived contact residue,T135,135,rough W-loop spatial candidate,Other/candidate,9.534171
Pro00121,HiC,4OYY,76,SER,S76,no named landmark assigned,Other/candidate,low,trajectory-derived contact residue,T135,135,rough W-loop spatial candidate,Other/candidate,13.326347
Pro00121,HiC,4OYY,77,GLN,Q77,no named landmark assigned,Other/candidate,low,trajectory-derived contact residue,T135,135,rough W-loop spatial candidate,Other/candidate,15.55365
Pro00121,HiC,4OYY,78,ALA,A78,no named landmark assigned,Other/candidate,low,trajectory-derived contact residue,S105,105,catalytic Ser,Catalytic/oxyanion,17.070134
Pro00121,HiC,4OYY,79,ASN,N79,no named landmark assigned,Other/candidate,low,trajectory-derived contact residue,S105,105,catalytic Ser,Catalytic/oxyanion,13.618332
Pro00121,HiC,4OYY,80,ILE,I80,no named landmark assigned,Other/candidate,low,trajectory-derived contact residue,S105,105,catalytic Ser,Catalytic/oxyanion,14.041019
Pro00121,HiC,4OYY,81,ASP,D81,no named landmark assigned,Other/candidate,low,trajectory-derived contact residue,S105,105,catalytic Ser,Catalytic/oxyanion,17.604821
Pro00121,HiC,4OYY,82,GLU,E82,no named landmark assigned,Other/candidate,low,trajectory-derived contact residue,S105,105,catalytic Ser,Catalytic/oxyanion,16.735862
Pro00121,HiC,4OYY,83,GLY,G83,no named landmark assigned,Other/candidate,low,trajectory-derived contact residue,S105,105,catalytic Ser,Catalytic/oxyanion,14.825596
Pro00121,HiC,4OYY,84,LYS,K84,no named landmark assigned,Other/candidate,low,trajectory-derived contact residue,S105,105,catalytic Ser,Catalytic/oxyanion,17.891494
Pro00121,HiC,4OYY,85,ARG,R85,no named landmark assigned,Other/candidate,low,trajectory-derived contact residue,S105,105,catalytic Ser,Catalytic/oxyanion,20.199809
Pro00121,HiC,4OYY,86,LEU,L86,no named landmark assigned,Other/candidate,low,trajectory-derived contact residue,S105,105,catalytic Ser,Catalytic/oxyanion,19.040004
Pro00121,HiC,4OYY,87,PHE,F87,no named landmark assigned,Other/candidate,low,trajectory-derived contact residue,S105,105,catalytic Ser,Catalytic/oxyanion,19.543995
Pro00121,HiC,4OYY,88,ALA,A88,no named landmark assigned,Other/candidate,low,trajectory-derived contact residue,S105,105,catalytic Ser,Catalytic/oxyanion,22.833943
Pro00121,HiC,4OYY,89,LEU,L89,no named landmark assigned,Other/candidate,low,trajectory-derived contact residue,S105,105,catalytic Ser,Catalytic/oxyanion,23.710638
Pro00121,HiC,4OYY,90,ALA,A90,no named landmark assigned,Other/candidate,low,trajectory-derived contact residue,S105,105,catalytic Ser,Catalytic/oxyanion,23.298841
Pro00121,HiC,4OYY,91,ASN,N91,no named landmark assigned,Other/candidate,low,trajectory-derived contact residue,S105,105,catalytic Ser,Catalytic/oxyanion,25.545268
Pro00121,HiC,4OYY,92,GLN,Q92,no named landmark assigned,Other/candidate,low,trajectory-derived contact residue,S105,105,catalytic Ser,Catalytic/oxyanion,28.016926
Pro00121,HiC,4OYY,93,LYS,K93,no named landmark assigned,Other/candidate,low,trajectory-derived contact residue,S105,105,catalytic Ser,Catalytic/oxyanion,28.40047
Pro00121,HiC,4OYY,94,CYS,C94,no named landmark assigned,Other/candidate,low,trajectory-derived contact residue,S105,105,catalytic Ser,Catalytic/oxyanion,28.22398
Pro00121,HiC,4OYY,95,PRO,P95,no named landmark assigned,Other/candidate,low,trajectory-derived contact residue,S105,105,catalytic Ser,Catalytic/oxyanion,28.60115
Pro00121,HiC,4OYY,96,ASN,N96,no named landmark assigned,Other/candidate,low,trajectory-derived contact residue,S105,105,catalytic Ser,Catalytic/oxyanion,29.438737
Pro00121,HiC,4OYY,97,THR,T97,no named landmark assigned,Other/candidate,low,trajectory-derived contact residue,S105,105,catalytic Ser,Catalytic/oxyanion,26.615634
Pro00121,HiC,4OYY,98,PRO,P98,no named landmark assigned,Other/candidate,low,trajectory-derived contact residue,S105,105,catalytic Ser,Catalytic/oxyanion,23.92053
Pro00121,HiC,4OYY,99,VAL,V99,no named landmark assigned,Other/candidate,low,trajectory-derived contact residue,S105,105,catalytic Ser,Catalytic/oxyanion,20.37193
Pro00121,HiC,4OYY,100,VAL,V100,no named landmark assigned,Other/candidate,low,trajectory-derived contact residue,S105,105,catalytic Ser,Catalytic/oxyanion,17.307052
Pro00121,HiC,4OYY,101,ALA,A101,no named landmark assigned,Other/candidate,low,trajectory-derived contact residue,S105,105,catalytic Ser,Catalytic/oxyanion,13.72178
Pro00121,HiC,4OYY,102,GLY,G102,no named landmark assigned,Other/candidate,low,trajectory-derived contact residue,S105,105,catalytic Ser,Catalytic/oxyanion,10.284862
Pro00121,HiC,4OYY,103,GLY,G103,no named landmark assigned,Other/candidate,low,trajectory-derived contact residue,S105,105,catalytic Ser,Catalytic/oxyanion,6.719104
Pro00121,HiC,4OYY,104,TYR,Y104,near S105 (catalytic Ser),Catalytic/oxyanion,medium-low,local CA-distance annotation,S105,105,catalytic Ser,Catalytic/oxyanion,3.821228
Pro00121,HiC,4OYY,105,SER,S105,catalytic Ser,Catalytic/oxyanion,high,memo/local registry,S105,105,catalytic Ser,Catalytic/oxyanion,0.0
Pro00121,HiC,4OYY,106,GLN,Q106,near S105 (catalytic Ser),Catalytic/oxyanion,medium-low,local CA-distance annotation,S105,105,catalytic Ser,Catalytic/oxyanion,3.847336
Pro00121,HiC,4OYY,107,GLY,G107,near S105 (catalytic Ser),Catalytic/oxyanion,medium-low,local CA-distance annotation,S105,105,catalytic Ser,Catalytic/oxyanion,5.357416
Pro00121,HiC,4OYY,108,ALA,A108,near S105 (catalytic Ser),Catalytic/oxyanion,medium-low,local CA-distance annotation,S105,105,catalytic Ser,Catalytic/oxyanion,5.184953
Pro00121,HiC,4OYY,109,ALA,A109,near T135 (rough W-loop spatial candidate),Other/candidate,medium-low,local CA-distance annotation,T135,135,rough W-loop spatial candidate,Other/candidate,5.911077
Pro00121,HiC,4OYY,110,LEU,L110,no named landmark assigned,Other/candidate,low,trajectory-derived contact residue,S105,105,catalytic Ser,Catalytic/oxyanion,8.876225
Pro00121,HiC,4OYY,111,ILE,I111,no named landmark assigned,Other/candidate,low,trajectory-derived contact residue,S105,105,catalytic Ser,Catalytic/oxyanion,10.135978
Pro00121,HiC,4OYY,112,ALA,A112,no named landmark assigned,Other/candidate,low,trajectory-derived contact residue,T135,135,rough W-loop spatial candidate,Other/candidate,10.061632
Pro00121,HiC,4OYY,113,ALA,A113,no named landmark assigned,Other/candidate,low,trajectory-derived contact residue,T135,135,rough W-loop spatial candidate,Other/candidate,11.240827
Pro00121,HiC,4OYY,114,ALA,A114,no named landmark assigned,Other/candidate,low,trajectory-derived contact residue,T135,135,rough W-loop spatial candidate,Other/candidate,14.263823
Pro00121,HiC,4OYY,115,VAL,V115,no named landmark assigned,Other/candidate,low,trajectory-derived contact residue,T135,135,rough W-loop spatial candidate,Other/candidate,15.320373
Pro00121,HiC,4OYY,116,SER,S116,no named landmark assigned,Other/candidate,low,trajectory-derived contact residue,T135,135,rough W-loop spatial candidate,Other/candidate,15.1638
Pro00121,HiC,4OYY,117,GLU,E117,no named landmark assigned,Other/candidate,low,trajectory-derived contact residue,T135,135,rough W-loop spatial candidate,Other/candidate,17.709039
Pro00121,HiC,4OYY,118,LEU,L118,no named landmark assigned,Other/candidate,low,trajectory-derived contact residue,T135,135,rough W-loop spatial candidate,Other/candidate,19.989799
Pro00121,HiC,4OYY,119,SER,S119,no named landmark assigned,Other/candidate,low,trajectory-derived contact residue,T135,135,rough W-loop spatial candidate,Other/candidate,23.361089
Pro00121,HiC,4OYY,120,GLY,G120,no named landmark assigned,Other/candidate,low,trajectory-derived contact residue,T135,135,rough W-loop spatial candidate,Other/candidate,26.567732
Pro00121,HiC,4OYY,121,ALA,A121,no named landmark assigned,Other/candidate,low,trajectory-derived contact residue,S105,105,catalytic Ser,Catalytic/oxyanion,27.168528
Pro00121,HiC,4OYY,122,VAL,V122,no named landmark assigned,Other/candidate,low,trajectory-derived contact residue,S105,105,catalytic Ser,Catalytic/oxyanion,23.806804
Pro00121,HiC,4OYY,123,LYS,K123,no named landmark assigned,Other/candidate,low,trajectory-derived contact residue,T135,135,rough W-loop spatial candidate,Other/candidate,21.983227
Pro00121,HiC,4OYY,124,GLU,E124,no named landmark assigned,Other/candidate,low,trajectory-derived contact residue,S105,105,catalytic Ser,Catalytic/oxyanion,24.323282
Pro00121,HiC,4OYY,125,GLN,Q125,no named landmark assigned,Other/candidate,low,trajectory-derived contact residue,S105,105,catalytic Ser,Catalytic/oxyanion,23.610618
Pro00121,HiC,4OYY,126,VAL,V126,no named landmark assigned,Other/candidate,low,trajectory-derived contact residue,S105,105,catalytic Ser,Catalytic/oxyanion,19.985753
Pro00121,HiC,4OYY,127,LYS,K127,no named landmark assigned,Other/candidate,low,trajectory-derived contact residue,S105,105,catalytic Ser,Catalytic/oxyanion,20.827094
Pro00121,HiC,4OYY,128,GLY,G128,no named landmark assigned,Other/candidate,low,trajectory-derived contact residue,S105,105,catalytic Ser,Catalytic/oxyanion,17.533136
Pro00121,HiC,4OYY,129,VAL,V129,no named landmark assigned,Other/candidate,low,trajectory-derived contact residue,S105,105,catalytic Ser,Catalytic/oxyanion,13.771841
Pro00121,HiC,4OYY,130,ALA,A130,no named landmark assigned,Other/candidate,low,trajectory-derived contact residue,S105,105,catalytic Ser,Catalytic/oxyanion,11.470883
Pro00121,HiC,4OYY,131,LEU,L131,no named landmark assigned,Other/candidate,low,trajectory-derived contact residue,S105,105,catalytic Ser,Catalytic/oxyanion,7.975914
Pro00121,HiC,4OYY,132,PHE,F132,HiC T135 candidate-region,Other/candidate,low,rough candidate only,S105,105,catalytic Ser,Catalytic/oxyanion,6.120883
Pro00121,HiC,4OYY,133,GLY,G133,HiC T135 candidate-region,Other/candidate,low,rough candidate only,S105,105,catalytic Ser,Catalytic/oxyanion,4.755249
Pro00121,HiC,4OYY,134,TYR,Y134,HiC T135 candidate-region,Other/candidate,low,rough candidate only,T135,135,rough W-loop spatial candidate,Other/candidate,3.901138
Pro00121,HiC,4OYY,135,THR,T135,rough W-loop spatial candidate,Other/candidate,low/unresolved,CE/ChimeraX rough candidate only,T135,135,rough W-loop spatial candidate,Other/candidate,0.0
Pro00121,HiC,4OYY,136,GLN,Q136,HiC T135 candidate-region,Other/candidate,low,rough candidate only,T135,135,rough W-loop spatial candidate,Other/candidate,3.791243
Pro00121,HiC,4OYY,137,ASN,N137,HiC T135 candidate-region,Other/candidate,low,rough candidate only,T135,135,rough W-loop spatial candidate,Other/candidate,5.590515
Pro00121,HiC,4OYY,138,LEU,L138,HiC T135 candidate-region,Other/candidate,low,rough candidate only,T135,135,rough W-loop spatial candidate,Other/candidate,7.745093
Pro00121,HiC,4OYY,139,GLN,Q139,HiC T135 candidate-region,Other/candidate,low,rough candidate only,T135,135,rough W-loop spatial candidate,Other/candidate,8.423832
Pro00121,HiC,4OYY,140,ASN,N140,HiC T135 candidate-region,Other/candidate,low,rough candidate only,T135,135,rough W-loop spatial candidate,Other/candidate,9.497323
Pro00121,HiC,4OYY,141,ARG,R141,no named landmark assigned,Other/candidate,low,trajectory-derived contact residue,T135,135,rough W-loop spatial candidate,Other/candidate,11.206514
Pro00121,HiC,4OYY,142,GLY,G142,no named landmark assigned,Other/candidate,low,trajectory-derived contact residue,T135,135,rough W-loop spatial candidate,Other/candidate,10.165517
Pro00121,HiC,4OYY,143,GLY,G143,no named landmark assigned,Other/candidate,low,trajectory-derived contact residue,T135,135,rough W-loop spatial candidate,Other/candidate,11.43312
Pro00121,HiC,4OYY,144,ILE,I144,no named landmark assigned,Other/candidate,low,trajectory-derived contact residue,T135,135,rough W-loop spatial candidate,Other/candidate,11.937689
Pro00121,HiC,4OYY,145,PRO,P145,no named landmark assigned,Other/candidate,low,trajectory-derived contact residue,T135,135,rough W-loop spatial candidate,Other/candidate,14.039337
Pro00121,HiC,4OYY,146,ASN,N146,no named landmark assigned,Other/candidate,low,trajectory-derived contact residue,T135,135,rough W-loop spatial candidate,Other/candidate,17.630892
Pro00121,HiC,4OYY,147,TYR,Y147,no named landmark assigned,Other/candidate,low,trajectory-derived contact residue,T135,135,rough W-loop spatial candidate,Other/candidate,17.352123
Pro00121,HiC,4OYY,148,PRO,P148,no named landmark assigned,Other/candidate,low,trajectory-derived contact residue,T135,135,rough W-loop spatial candidate,Other/candidate,19.180562
Pro00121,HiC,4OYY,149,ARG,R149,no named landmark assigned,Other/candidate,low,trajectory-derived contact residue,T135,135,rough W-loop spatial candidate,Other/candidate,17.559534
Pro00121,HiC,4OYY,150,GLU,E150,no named landmark assigned,Other/candidate,low,trajectory-derived contact residue,T135,135,rough W-loop spatial candidate,Other/candidate,19.91613
Pro00121,HiC,4OYY,151,ARG,R151,no named landmark assigned,Other/candidate,low,trajectory-derived contact residue,T135,135,rough W-loop spatial candidate,Other/candidate,18.726792
Pro00121,HiC,4OYY,152,THR,T152,no named landmark assigned,Other/candidate,low,trajectory-derived contact residue,T135,135,rough W-loop spatial candidate,Other/candidate,15.120277
Pro00121,HiC,4OYY,153,LYS,K153,no named landmark assigned,Other/candidate,low,trajectory-derived contact residue,S105,105,catalytic Ser,Catalytic/oxyanion,13.957748
Pro00121,HiC,4OYY,154,VAL,V154,no named landmark assigned,Other/candidate,low,trajectory-derived contact residue,T135,135,rough W-loop spatial candidate,Other/candidate,10.907192
Pro00121,HiC,4OYY,155,PHE,F155,no named landmark assigned,Other/candidate,low,trajectory-derived contact residue,D160,160,catalytic Asp,Catalytic/oxyanion,9.923602
Pro00121,HiC,4OYY,156,CYS,C156,no named landmark assigned,Other/candidate,low,trajectory-derived contact residue,D160,160,catalytic Asp,Catalytic/oxyanion,6.386242
Pro00121,HiC,4OYY,157,ASN,N157,near D160 (catalytic Asp),Catalytic/oxyanion,medium-low,local CA-distance annotation,D160,160,catalytic Asp,Catalytic/oxyanion,5.412498
Pro00121,HiC,4OYY,158,VAL,V158,near D160 (catalytic Asp),Catalytic/oxyanion,medium-low,local CA-distance annotation,D160,160,catalytic Asp,Catalytic/oxyanion,5.613806
Pro00121,HiC,4OYY,159,GLY,G159,near D160 (catalytic Asp),Catalytic/oxyanion,medium-low,local CA-distance annotation,D160,160,catalytic Asp,Catalytic/oxyanion,3.71666
Pro00121,HiC,4OYY,160,ASP,D160,catalytic Asp,Catalytic/oxyanion,high,memo/local registry,D160,160,catalytic Asp,Catalytic/oxyanion,0.0
Pro00121,HiC,4OYY,161,ALA,A161,near D160 (catalytic Asp),Catalytic/oxyanion,medium-low,local CA-distance annotation,D160,160,catalytic Asp,Catalytic/oxyanion,3.855596
Pro00121,HiC,4OYY,162,VAL,V162,near T135 (rough W-loop spatial candidate),Other/candidate,medium-low,local CA-distance annotation,T135,135,rough W-loop spatial candidate,Other/candidate,5.477247
Pro00121,HiC,4OYY,163,CYS,C163,near T135 (rough W-loop spatial candidate),Other/candidate,medium-low,local CA-distance annotation,T135,135,rough W-loop spatial candidate,Other/candidate,5.426869
Pro00121,HiC,4OYY,164,THR,T164,HiC catalytic-His-side active-site rim,Cleft/rim patch,medium,trajectory contact + 4OYY/local geometry,D160,160,catalytic Asp,Catalytic/oxyanion,7.29851
Pro00121,HiC,4OYY,165,GLY,G165,HiC catalytic-His-side active-site rim,Cleft/rim patch,medium,trajectory contact + 4OYY/local geometry,T135,135,rough W-loop spatial candidate,Other/candidate,6.705722
Pro00121,HiC,4OYY,166,THR,T166,HiC catalytic-His-side active-site rim,Cleft/rim patch,medium,trajectory contact + 4OYY/local geometry,T135,135,rough W-loop spatial candidate,Other/candidate,7.589869
Pro00121,HiC,4OYY,167,LEU,L167,HiC catalytic-His-side active-site rim,Cleft/rim patch,medium,trajectory contact + 4OYY/local geometry,T135,135,rough W-loop spatial candidate,Other/candidate,7.333071
Pro00121,HiC,4OYY,168,ILE,I168,HiC catalytic-His-side active-site rim,Cleft/rim patch,medium,trajectory contact + 4OYY/local geometry,D160,160,catalytic Asp,Catalytic/oxyanion,8.413975
Pro00121,HiC,4OYY,169,ILE,I169,HiC catalytic-His-side active-site rim,Cleft/rim patch,medium,trajectory contact + 4OYY/local geometry,H173,173,catalytic His,Catalytic/oxyanion,5.989981
Pro00121,HiC,4OYY,170,THR,T170,HiC catalytic-His-side active-site rim,Cleft/rim patch,medium,trajectory contact + 4OYY/local geometry,H173,173,catalytic His,Catalytic/oxyanion,5.222356
Pro00121,HiC,4OYY,171,PRO,P171,HiC catalytic-His-side active-site rim,Cleft/rim patch,medium,trajectory contact + 4OYY/local geometry,H173,173,catalytic His,Catalytic/oxyanion,5.305722
Pro00121,HiC,4OYY,172,ALA,A172,HiC catalytic-His-side active-site rim,Cleft/rim patch,medium,trajectory contact + 4OYY/local geometry,H173,173,catalytic His,Catalytic/oxyanion,3.824736
Pro00121,HiC,4OYY,173,HIS,H173,catalytic His,Catalytic/oxyanion,high,memo/local registry,H173,173,catalytic His,Catalytic/oxyanion,0.0
Pro00121,HiC,4OYY,174,LEU,L174,HiC catalytic-His-side active-site rim,Cleft/rim patch,medium,trajectory contact + 4OYY/local geometry,H173,173,catalytic His,Catalytic/oxyanion,3.769515
Pro00121,HiC,4OYY,175,SER,S175,HiC catalytic-His-side active-site rim,Cleft/rim patch,medium,trajectory contact + 4OYY/local geometry,H173,173,catalytic His,Catalytic/oxyanion,5.592658
Pro00121,HiC,4OYY,176,TYR,Y176,HiC catalytic-His-side active-site rim,Cleft/rim patch,medium,trajectory contact + 4OYY/local geometry,H173,173,catalytic His,Catalytic/oxyanion,7.517239
Pro00121,HiC,4OYY,177,THR,T177,HiC catalytic-His-side active-site rim,Cleft/rim patch,medium,trajectory contact + 4OYY/local geometry,H173,173,catalytic His,Catalytic/oxyanion,10.766341
Pro00121,HiC,4OYY,178,ILE,I178,HiC catalytic-His-side active-site rim,Cleft/rim patch,medium,trajectory contact + 4OYY/local geometry,H173,173,catalytic His,Catalytic/oxyanion,12.77853
Pro00121,HiC,4OYY,179,GLU,E179,HiC catalytic-His-side active-site rim,Cleft/rim patch,medium,trajectory contact + 4OYY/local geometry,H173,173,catalytic His,Catalytic/oxyanion,12.412288
Pro00121,HiC,4OYY,180,ALA,A180,no named landmark assigned,Other/candidate,low,trajectory-derived contact residue,S105,105,catalytic Ser,Catalytic/oxyanion,12.957936
Pro00121,HiC,4OYY,181,ARG,R181,no named landmark assigned,Other/candidate,low,trajectory-derived contact residue,H173,173,catalytic His,Catalytic/oxyanion,16.106553
Pro00121,HiC,4OYY,182,GLY,G182,no named landmark assigned,Other/candidate,low,trajectory-derived contact residue,H173,173,catalytic His,Catalytic/oxyanion,17.292549
Pro00121,HiC,4OYY,183,GLU,E183,no named landmark assigned,Other/candidate,low,trajectory-derived contact residue,H173,173,catalytic His,Catalytic/oxyanion,17.003645
Pro00121,HiC,4OYY,184,ALA,A184,no named landmark assigned,Other/candidate,low,trajectory-derived contact residue,S105,105,catalytic Ser,Catalytic/oxyanion,15.099574
Pro00121,HiC,4OYY,185,ALA,A185,no named landmark assigned,Other/candidate,low,trajectory-derived contact residue,S105,105,catalytic Ser,Catalytic/oxyanion,17.42525
Pro00121,HiC,4OYY,186,ARG,R186,no named landmark assigned,Other/candidate,low,trajectory-derived contact residue,S105,105,catalytic Ser,Catalytic/oxyanion,20.385769
Pro00121,HiC,4OYY,187,PHE,F187,no named landmark assigned,Other/candidate,low,trajectory-derived contact residue,S105,105,catalytic Ser,Catalytic/oxyanion,19.035681
Pro00121,HiC,4OYY,188,LEU,L188,no named landmark assigned,Other/candidate,low,trajectory-derived contact residue,S105,105,catalytic Ser,Catalytic/oxyanion,18.42579
Pro00121,HiC,4OYY,189,ARG,R189,no named landmark assigned,Other/candidate,low,trajectory-derived contact residue,S105,105,catalytic Ser,Catalytic/oxyanion,21.78302
Pro00121,HiC,4OYY,190,ASP,D190,no named landmark assigned,Other/candidate,low,trajectory-derived contact residue,S105,105,catalytic Ser,Catalytic/oxyanion,23.506261
Pro00121,HiC,4OYY,191,ARG,R191,no named landmark assigned,Other/candidate,low,trajectory-derived contact residue,S105,105,catalytic Ser,Catalytic/oxyanion,22.218785
Pro00121,HiC,4OYY,192,ILE,I192,no named landmark assigned,Other/candidate,low,trajectory-derived contact residue,S105,105,catalytic Ser,Catalytic/oxyanion,23.541818
Pro00121,HiC,4OYY,193,ARG,R193,no named landmark assigned,Other/candidate,low,trajectory-derived contact residue,S105,105,catalytic Ser,Catalytic/oxyanion,26.880526
Pro00121,HiC,4OYY,194,ALA,A194,no named landmark assigned,Other/candidate,low,trajectory-derived contact residue,S105,105,catalytic Ser,Catalytic/oxyanion,27.242312
Pro00137,PHL7,7NEI,1,MET,M1,no named landmark assigned,Other/candidate,low,trajectory-derived contact residue,F189,189,rigid-pair I218-equivalent,W-loop/flexible or rigid pair,35.461115
Pro00137,PHL7,7NEI,2,ALA,A2,no named landmark assigned,Other/candidate,low,trajectory-derived contact residue,H130,130,subsite II / thermal-stability hotspot,Subsite/hotspot/stability,34.589452
Pro00137,PHL7,7NEI,3,ASN,N3,no named landmark assigned,Other/candidate,low,trajectory-derived contact residue,H130,130,subsite II / thermal-stability hotspot,Subsite/hotspot/stability,30.833194
Pro00137,PHL7,7NEI,4,PRO,P4,no named landmark assigned,Other/candidate,low,trajectory-derived contact residue,H130,130,subsite II / thermal-stability hotspot,Subsite/hotspot/stability,30.880574
Pro00137,PHL7,7NEI,5,TYR,Y5,no named landmark assigned,Other/candidate,low,trajectory-derived contact residue,H130,130,subsite II / thermal-stability hotspot,Subsite/hotspot/stability,27.182706
Pro00137,PHL7,7NEI,6,GLU,E6,no named landmark assigned,Other/candidate,low,trajectory-derived contact residue,H130,130,subsite II / thermal-stability hotspot,Subsite/hotspot/stability,27.468417
Pro00137,PHL7,7NEI,7,ARG,R7,no named landmark assigned,Other/candidate,low,trajectory-derived contact residue,H130,130,subsite II / thermal-stability hotspot,Subsite/hotspot/stability,26.414226
Pro00137,PHL7,7NEI,8,GLY,G8,no named landmark assigned,Other/candidate,low,trajectory-derived contact residue,H130,130,subsite II / thermal-stability hotspot,Subsite/hotspot/stability,27.257959
Pro00137,PHL7,7NEI,9,PRO,P9,no named landmark assigned,Other/candidate,low,trajectory-derived contact residue,H130,130,subsite II / thermal-stability hotspot,Subsite/hotspot/stability,29.102213
Pro00137,PHL7,7NEI,10,ASP,D10,no named landmark assigned,Other/candidate,low,trajectory-derived contact residue,H130,130,subsite II / thermal-stability hotspot,Subsite/hotspot/stability,29.079628
Pro00137,PHL7,7NEI,11,PRO,P11,no named landmark assigned,Other/candidate,low,trajectory-derived contact residue,H130,130,subsite II / thermal-stability hotspot,Subsite/hotspot/stability,25.902721
Pro00137,PHL7,7NEI,12,THR,T12,no named landmark assigned,Other/candidate,low,trajectory-derived contact residue,H130,130,subsite II / thermal-stability hotspot,Subsite/hotspot/stability,26.485916
Pro00137,PHL7,7NEI,13,GLU,E13,no named landmark assigned,Other/candidate,low,trajectory-derived contact residue,H130,130,subsite II / thermal-stability hotspot,Subsite/hotspot/stability,24.490247
Pro00137,PHL7,7NEI,14,SER,S14,no named landmark assigned,Other/candidate,low,trajectory-derived contact residue,L210,210,subsite II / PHL7 activity hotspot,Subsite/hotspot/stability,24.878538
Pro00137,PHL7,7NEI,15,SER,S15,no named landmark assigned,Other/candidate,low,trajectory-derived contact residue,H130,130,subsite II / thermal-stability hotspot,Subsite/hotspot/stability,23.851806
Pro00137,PHL7,7NEI,16,ILE,I16,no named landmark assigned,Other/candidate,low,trajectory-derived contact residue,H130,130,subsite II / thermal-stability hotspot,Subsite/hotspot/stability,20.406569
Pro00137,PHL7,7NEI,17,GLU,E17,no named landmark assigned,Other/candidate,low,trajectory-derived contact residue,H130,130,subsite II / thermal-stability hotspot,Subsite/hotspot/stability,19.858458
Pro00137,PHL7,7NEI,18,ALA,A18,no named landmark assigned,Other/candidate,low,trajectory-derived contact residue,H130,130,subsite II / thermal-stability hotspot,Subsite/hotspot/stability,21.053902
Pro00137,PHL7,7NEI,19,VAL,V19,no named landmark assigned,Other/candidate,low,trajectory-derived contact residue,L210,210,subsite II / PHL7 activity hotspot,Subsite/hotspot/stability,19.201425
Pro00137,PHL7,7NEI,20,ARG,R20,no named landmark assigned,Other/candidate,low,trajectory-derived contact residue,H130,130,subsite II / thermal-stability hotspot,Subsite/hotspot/stability,21.028004
Pro00137,PHL7,7NEI,21,GLY,G21,no named landmark assigned,Other/candidate,low,trajectory-derived contact residue,H130,130,subsite II / thermal-stability hotspot,Subsite/hotspot/stability,22.235792
Pro00137,PHL7,7NEI,22,PRO,P22,no named landmark assigned,Other/candidate,low,trajectory-derived contact residue,H130,130,subsite II / thermal-stability hotspot,Subsite/hotspot/stability,25.6153
Pro00137,PHL7,7NEI,23,PHE,F23,no named landmark assigned,Other/candidate,low,trajectory-derived contact residue,H130,130,subsite II / thermal-stability hotspot,Subsite/hotspot/stability,24.978325
Pro00137,PHL7,7NEI,24,ALA,A24,no named landmark assigned,Other/candidate,low,trajectory-derived contact residue,H130,130,subsite II / thermal-stability hotspot,Subsite/hotspot/stability,25.517334
Pro00137,PHL7,7NEI,25,VAL,V25,no named landmark assigned,Other/candidate,low,trajectory-derived contact residue,H130,130,subsite II / thermal-stability hotspot,Subsite/hotspot/stability,22.763597
Pro00137,PHL7,7NEI,26,ALA,A26,no named landmark assigned,Other/candidate,low,trajectory-derived contact residue,H130,130,subsite II / thermal-stability hotspot,Subsite/hotspot/stability,23.342693
Pro00137,PHL7,7NEI,27,GLN,Q27,no named landmark assigned,Other/candidate,low,trajectory-derived contact residue,H130,130,subsite II / thermal-stability hotspot,Subsite/hotspot/stability,21.163057
Pro00137,PHL7,7NEI,28,THR,T28,no named landmark assigned,Other/candidate,low,trajectory-derived contact residue,H130,130,subsite II / thermal-stability hotspot,Subsite/hotspot/stability,21.864551
Pro00137,PHL7,7NEI,29,THR,T29,no named landmark assigned,Other/candidate,low,trajectory-derived contact residue,H130,130,subsite II / thermal-stability hotspot,Subsite/hotspot/stability,20.44552
Pro00137,PHL7,7NEI,30,VAL,V30,no named landmark assigned,Other/candidate,low,trajectory-derived contact residue,H130,130,subsite II / thermal-stability hotspot,Subsite/hotspot/stability,20.154723
Pro00137,PHL7,7NEI,31,SER,S31,no named landmark assigned,Other/candidate,low,trajectory-derived contact residue,L93,93,LCC-derived stability position,Subsite/hotspot/stability,19.046147
Pro00137,PHL7,7NEI,32,ARG,R32,no named landmark assigned,Other/candidate,low,trajectory-derived contact residue,L93,93,LCC-derived stability position,Subsite/hotspot/stability,16.255224
Pro00137,PHL7,7NEI,33,LEU,L33,no named landmark assigned,Other/candidate,low,trajectory-derived contact residue,L93,93,LCC-derived stability position,Subsite/hotspot/stability,19.338999
Pro00137,PHL7,7NEI,34,GLN,Q34,no named landmark assigned,Other/candidate,low,trajectory-derived contact residue,L93,93,LCC-derived stability position,Subsite/hotspot/stability,20.832527
Pro00137,PHL7,7NEI,35,ALA,A35,no named landmark assigned,Other/candidate,low,trajectory-derived contact residue,L93,93,LCC-derived stability position,Subsite/hotspot/stability,17.899522
Pro00137,PHL7,7NEI,36,ASP,D36,no named landmark assigned,Other/candidate,low,trajectory-derived contact residue,Q95,95,LCC-derived stability position,Subsite/hotspot/stability,17.910536
Pro00137,PHL7,7NEI,37,GLY,G37,no named landmark assigned,Other/candidate,low,trajectory-derived contact residue,Q95,95,LCC-derived stability position,Subsite/hotspot/stability,14.301387
Pro00137,PHL7,7NEI,38,PHE,F38,no named landmark assigned,Other/candidate,low,trajectory-derived contact residue,L93,93,LCC-derived stability position,Subsite/hotspot/stability,12.863854
Pro00137,PHL7,7NEI,39,GLY,G39,no named landmark assigned,Other/candidate,low,trajectory-derived contact residue,L93,93,LCC-derived stability position,Subsite/hotspot/stability,11.877455
Pro00137,PHL7,7NEI,40,GLY,G40,no named landmark assigned,Other/candidate,low,trajectory-derived contact residue,L93,93,LCC-derived stability position,Subsite/hotspot/stability,15.246853
Pro00137,PHL7,7NEI,41,GLY,G41,no named landmark assigned,Other/candidate,low,trajectory-derived contact residue,H130,130,subsite II / thermal-stability hotspot,Subsite/hotspot/stability,15.266066
Pro00137,PHL7,7NEI,42,THR,T42,no named landmark assigned,Other/candidate,low,trajectory-derived contact residue,H130,130,subsite II / thermal-stability hotspot,Subsite/hotspot/stability,16.23026
Pro00137,PHL7,7NEI,43,ILE,I43,no named landmark assigned,Other/candidate,low,trajectory-derived contact residue,H130,130,subsite II / thermal-stability hotspot,Subsite/hotspot/stability,17.512698
Pro00137,PHL7,7NEI,44,TYR,Y44,no named landmark assigned,Other/candidate,low,trajectory-derived contact residue,H130,130,subsite II / thermal-stability hotspot,Subsite/hotspot/stability,18.069153
Pro00137,PHL7,7NEI,45,TYR,Y45,no named landmark assigned,Other/candidate,low,trajectory-derived contact residue,H130,130,subsite II / thermal-stability hotspot,Subsite/hotspot/stability,20.762864
Pro00137,PHL7,7NEI,46,PRO,P46,no named landmark assigned,Other/candidate,low,trajectory-derived contact residue,H130,130,subsite II / thermal-stability hotspot,Subsite/hotspot/stability,23.540838
Pro00137,PHL7,7NEI,47,THR,T47,no named landmark assigned,Other/candidate,low,trajectory-derived contact residue,H130,130,subsite II / thermal-stability hotspot,Subsite/hotspot/stability,26.833121
Pro00137,PHL7,7NEI,48,ASP,D48,no named landmark assigned,Other/candidate,low,trajectory-derived contact residue,H130,130,subsite II / thermal-stability hotspot,Subsite/hotspot/stability,28.978499
Pro00137,PHL7,7NEI,49,THR,T49,no named landmark assigned,Other/candidate,low,trajectory-derived contact residue,H130,130,subsite II / thermal-stability hotspot,Subsite/hotspot/stability,29.24799
Pro00137,PHL7,7NEI,50,SER,S50,no named landmark assigned,Other/candidate,low,trajectory-derived contact residue,H130,130,subsite II / thermal-stability hotspot,Subsite/hotspot/stability,32.290036
Pro00137,PHL7,7NEI,51,GLN,Q51,no named landmark assigned,Other/candidate,low,trajectory-derived contact residue,H130,130,subsite II / thermal-stability hotspot,Subsite/hotspot/stability,30.416648
Pro00137,PHL7,7NEI,52,GLY,G52,no named landmark assigned,Other/candidate,low,trajectory-derived contact residue,H130,130,subsite II / thermal-stability hotspot,Subsite/hotspot/stability,29.573058
Pro00137,PHL7,7NEI,53,THR,T53,no named landmark assigned,Other/candidate,low,trajectory-derived contact residue,H130,130,subsite II / thermal-stability hotspot,Subsite/hotspot/stability,26.705554
Pro00137,PHL7,7NEI,54,PHE,F54,no named landmark assigned,Other/candidate,low,trajectory-derived contact residue,H130,130,subsite II / thermal-stability hotspot,Subsite/hotspot/stability,23.068169
Pro00137,PHL7,7NEI,55,GLY,G55,no named landmark assigned,Other/candidate,low,trajectory-derived contact residue,H130,130,subsite II / thermal-stability hotspot,Subsite/hotspot/stability,20.168585
Pro00137,PHL7,7NEI,56,ALA,A56,no named landmark assigned,Other/candidate,low,trajectory-derived contact residue,H130,130,subsite II / thermal-stability hotspot,Subsite/hotspot/stability,17.390968
Pro00137,PHL7,7NEI,57,VAL,V57,no named landmark assigned,Other/candidate,low,trajectory-derived contact residue,H130,130,subsite II / thermal-stability hotspot,Subsite/hotspot/stability,13.572771
Pro00137,PHL7,7NEI,58,ALA,A58,no named landmark assigned,Other/candidate,low,trajectory-derived contact residue,H130,130,subsite II / thermal-stability hotspot,Subsite/hotspot/stability,11.576624
Pro00137,PHL7,7NEI,59,ILE,I59,no named landmark assigned,Other/candidate,low,trajectory-derived contact residue,H130,130,subsite II / thermal-stability hotspot,Subsite/hotspot/stability,7.990479
Pro00137,PHL7,7NEI,60,SER,S60,no named landmark assigned,Other/candidate,low,trajectory-derived contact residue,H130,130,subsite II / thermal-stability hotspot,Subsite/hotspot/stability,6.547579
Pro00137,PHL7,7NEI,61,PRO,P61,near H130 (subsite II / thermal-stability hotspot),Subsite/hotspot/stability,medium-low,local CA-distance annotation,H130,130,subsite II / thermal-stability hotspot,Subsite/hotspot/stability,5.38395
Pro00137,PHL7,7NEI,62,GLY,G62,near F63 (subsite I / oxyanion-side wall),Subsite/hotspot/stability,medium-low,local CA-distance annotation,F63,63,subsite I / oxyanion-side wall,Subsite/hotspot/stability,3.85417
Pro00137,PHL7,7NEI,63,PHE,F63,subsite I / oxyanion-side wall,Subsite/hotspot/stability,high,memo + local mapping,F63,63,subsite I / oxyanion-side wall,Subsite/hotspot/stability,0.0
Pro00137,PHL7,7NEI,64,THR,T64,PHL7 subsite-I adjacent patch,Subsite/hotspot/stability,medium,sequence adjacency + local mapping,F63,63,subsite I / oxyanion-side wall,Subsite/hotspot/stability,3.835358
Pro00137,PHL7,7NEI,65,ALA,A65,PHL7 subsite-I adjacent patch,Subsite/hotspot/stability,medium,sequence adjacency + local mapping,F63,63,subsite I / oxyanion-side wall,Subsite/hotspot/stability,5.470658
Pro00137,PHL7,7NEI,66,GLY,G66,no named landmark assigned,Other/candidate,low,trajectory-derived contact residue,F63,63,subsite I / oxyanion-side wall,Subsite/hotspot/stability,8.571854
Pro00137,PHL7,7NEI,67,GLN,Q67,no named landmark assigned,Other/candidate,low,trajectory-derived contact residue,H130,130,subsite II / thermal-stability hotspot,Subsite/hotspot/stability,10.095699
Pro00137,PHL7,7NEI,68,GLU,E68,no named landmark assigned,Other/candidate,low,trajectory-derived contact residue,H130,130,subsite II / thermal-stability hotspot,Subsite/hotspot/stability,11.742474
Pro00137,PHL7,7NEI,69,SER,S69,no named landmark assigned,Other/candidate,low,trajectory-derived contact residue,H130,130,subsite II / thermal-stability hotspot,Subsite/hotspot/stability,8.963676
Pro00137,PHL7,7NEI,70,ILE,I70,no named landmark assigned,Other/candidate,low,trajectory-derived contact residue,H130,130,subsite II / thermal-stability hotspot,Subsite/hotspot/stability,7.564099
Pro00137,PHL7,7NEI,71,ALA,A71,no named landmark assigned,Other/candidate,low,trajectory-derived contact residue,H130,130,subsite II / thermal-stability hotspot,Subsite/hotspot/stability,11.184345
Pro00137,PHL7,7NEI,72,TRP,W72,no named landmark assigned,Other/candidate,low,trajectory-derived contact residue,H130,130,subsite II / thermal-stability hotspot,Subsite/hotspot/stability,12.329877
Pro00137,PHL7,7NEI,73,LEU,L73,no named landmark assigned,Other/candidate,low,trajectory-derived contact residue,H130,130,subsite II / thermal-stability hotspot,Subsite/hotspot/stability,11.045949
Pro00137,PHL7,7NEI,74,GLY,G74,no named landmark assigned,Other/candidate,low,trajectory-derived contact residue,H130,130,subsite II / thermal-stability hotspot,Subsite/hotspot/stability,13.273142
Pro00137,PHL7,7NEI,75,PRO,P75,no named landmark assigned,Other/candidate,low,trajectory-derived contact residue,H130,130,subsite II / thermal-stability hotspot,Subsite/hotspot/stability,16.637102
Pro00137,PHL7,7NEI,76,ARG,R76,no named landmark assigned,Other/candidate,low,trajectory-derived contact residue,H130,130,subsite II / thermal-stability hotspot,Subsite/hotspot/stability,15.889746
Pro00137,PHL7,7NEI,77,ILE,I77,no named landmark assigned,Other/candidate,low,trajectory-derived contact residue,H130,130,subsite II / thermal-stability hotspot,Subsite/hotspot/stability,15.156437
Pro00137,PHL7,7NEI,78,ALA,A78,no named landmark assigned,Other/candidate,low,trajectory-derived contact residue,H130,130,subsite II / thermal-stability hotspot,Subsite/hotspot/stability,17.724115
Pro00137,PHL7,7NEI,79,SER,S79,no named landmark assigned,Other/candidate,low,trajectory-derived contact residue,H130,130,subsite II / thermal-stability hotspot,Subsite/hotspot/stability,20.22718
Pro00137,PHL7,7NEI,80,GLN,Q80,no named landmark assigned,Other/candidate,low,trajectory-derived contact residue,H130,130,subsite II / thermal-stability hotspot,Subsite/hotspot/stability,20.062245
Pro00137,PHL7,7NEI,81,GLY,G81,no named landmark assigned,Other/candidate,low,trajectory-derived contact residue,H130,130,subsite II / thermal-stability hotspot,Subsite/hotspot/stability,21.397037
Pro00137,PHL7,7NEI,82,PHE,F82,no named landmark assigned,Other/candidate,low,trajectory-derived contact residue,H130,130,subsite II / thermal-stability hotspot,Subsite/hotspot/stability,18.740939
Pro00137,PHL7,7NEI,83,VAL,V83,no named landmark assigned,Other/candidate,low,trajectory-derived contact residue,H130,130,subsite II / thermal-stability hotspot,Subsite/hotspot/stability,18.474618
Pro00137,PHL7,7NEI,84,VAL,V84,no named landmark assigned,Other/candidate,low,trajectory-derived contact residue,H130,130,subsite II / thermal-stability hotspot,Subsite/hotspot/stability,14.94237
Pro00137,PHL7,7NEI,85,ILE,I85,no named landmark assigned,Other/candidate,low,trajectory-derived contact residue,H130,130,subsite II / thermal-stability hotspot,Subsite/hotspot/stability,13.85661
Pro00137,PHL7,7NEI,86,THR,T86,no named landmark assigned,Other/candidate,low,trajectory-derived contact residue,H130,130,subsite II / thermal-stability hotspot,Subsite/hotspot/stability,11.054648
Pro00137,PHL7,7NEI,87,ILE,I87,no named landmark assigned,Other/candidate,low,trajectory-derived contact residue,H130,130,subsite II / thermal-stability hotspot,Subsite/hotspot/stability,11.574384
Pro00137,PHL7,7NEI,88,ASP,D88,no named landmark assigned,Other/candidate,low,trajectory-derived contact residue,F63,63,subsite I / oxyanion-side wall,Subsite/hotspot/stability,10.970307
Pro00137,PHL7,7NEI,89,THR,T89,no named landmark assigned,Other/candidate,low,trajectory-derived contact residue,L93,93,LCC-derived stability position,Subsite/hotspot/stability,8.354877
Pro00137,PHL7,7NEI,90,ILE,I90,no named landmark assigned,Other/candidate,low,trajectory-derived contact residue,L93,93,LCC-derived stability position,Subsite/hotspot/stability,8.542135
Pro00137,PHL7,7NEI,91,THR,T91,near L93 (LCC-derived stability position),Subsite/hotspot/stability,medium-low,local CA-distance annotation,L93,93,LCC-derived stability position,Subsite/hotspot/stability,5.285208
Pro00137,PHL7,7NEI,92,ARG,R92,near L93 (LCC-derived stability position),Subsite/hotspot/stability,medium-low,local CA-distance annotation,L93,93,LCC-derived stability position,Subsite/hotspot/stability,3.827163
Pro00137,PHL7,7NEI,93,LEU,L93,LCC-derived stability position,Subsite/hotspot/stability,high for residue identity,memo,L93,93,LCC-derived stability position,Subsite/hotspot/stability,0.0
Pro00137,PHL7,7NEI,94,ASP,D94,near L93 (LCC-derived stability position),Subsite/hotspot/stability,medium-low,local CA-distance annotation,L93,93,LCC-derived stability position,Subsite/hotspot/stability,3.780801
Pro00137,PHL7,7NEI,95,GLN,Q95,LCC-derived stability position,Subsite/hotspot/stability,high for residue identity,memo,Q95,95,LCC-derived stability position,Subsite/hotspot/stability,0.0
Pro00137,PHL7,7NEI,96,PRO,P96,near Q95 (LCC-derived stability position),Subsite/hotspot/stability,medium-low,local CA-distance annotation,Q95,95,LCC-derived stability position,Subsite/hotspot/stability,3.868631
Pro00137,PHL7,7NEI,97,ASP,D97,near Q95 (LCC-derived stability position),Subsite/hotspot/stability,medium-low,local CA-distance annotation,Q95,95,LCC-derived stability position,Subsite/hotspot/stability,5.660886
Pro00137,PHL7,7NEI,98,SER,S98,near Q95 (LCC-derived stability position),Subsite/hotspot/stability,medium-low,local CA-distance annotation,Q95,95,LCC-derived stability position,Subsite/hotspot/stability,5.450502
Pro00137,PHL7,7NEI,99,ARG,R99,no named landmark assigned,Other/candidate,low,trajectory-derived contact residue,Q95,95,LCC-derived stability position,Subsite/hotspot/stability,6.35364
Pro00137,PHL7,7NEI,100,GLY,G100,no named landmark assigned,Other/candidate,low,trajectory-derived contact residue,Q95,95,LCC-derived stability position,Subsite/hotspot/stability,8.844072
Pro00137,PHL7,7NEI,101,ARG,R101,no named landmark assigned,Other/candidate,low,trajectory-derived contact residue,Q95,95,LCC-derived stability position,Subsite/hotspot/stability,10.323903
Pro00137,PHL7,7NEI,102,GLN,Q102,no named landmark assigned,Other/candidate,low,trajectory-derived contact residue,Q95,95,LCC-derived stability position,Subsite/hotspot/stability,10.715493
Pro00137,PHL7,7NEI,103,LEU,L103,no named landmark assigned,Other/candidate,low,trajectory-derived contact residue,M132,132,oxyanion donor / subsite I,Catalytic/oxyanion,12.02671
Pro00137,PHL7,7NEI,104,GLN,Q104,no named landmark assigned,Other/candidate,low,trajectory-derived contact residue,Q95,95,LCC-derived stability position,Subsite/hotspot/stability,14.631237
Pro00137,PHL7,7NEI,105,ALA,A105,no named landmark assigned,Other/candidate,low,trajectory-derived contact residue,Q95,95,LCC-derived stability position,Subsite/hotspot/stability,15.430345
Pro00137,PHL7,7NEI,106,ALA,A106,no named landmark assigned,Other/candidate,low,trajectory-derived contact residue,H130,130,subsite II / thermal-stability hotspot,Subsite/hotspot/stability,15.914051
Pro00137,PHL7,7NEI,107,LEU,L107,no named landmark assigned,Other/candidate,low,trajectory-derived contact residue,H130,130,subsite II / thermal-stability hotspot,Subsite/hotspot/stability,16.961598
Pro00137,PHL7,7NEI,108,ASP,D108,no named landmark assigned,Other/candidate,low,trajectory-derived contact residue,Q95,95,LCC-derived stability position,Subsite/hotspot/stability,20.107302
Pro00137,PHL7,7NEI,109,HIS,H109,no named landmark assigned,Other/candidate,low,trajectory-derived contact residue,H130,130,subsite II / thermal-stability hotspot,Subsite/hotspot/stability,20.699634
Pro00137,PHL7,7NEI,110,LEU,L110,no named landmark assigned,Other/candidate,low,trajectory-derived contact residue,H130,130,subsite II / thermal-stability hotspot,Subsite/hotspot/stability,20.264161
Pro00137,PHL7,7NEI,111,ARG,R111,no named landmark assigned,Other/candidate,low,trajectory-derived contact residue,H130,130,subsite II / thermal-stability hotspot,Subsite/hotspot/stability,22.885373
Pro00137,PHL7,7NEI,112,THR,T112,no named landmark assigned,Other/candidate,low,trajectory-derived contact residue,H130,130,subsite II / thermal-stability hotspot,Subsite/hotspot/stability,25.334664
Pro00137,PHL7,7NEI,113,ASN,N113,no named landmark assigned,Other/candidate,low,trajectory-derived contact residue,H130,130,subsite II / thermal-stability hotspot,Subsite/hotspot/stability,25.38822
Pro00137,PHL7,7NEI,114,SER,S114,no named landmark assigned,Other/candidate,low,trajectory-derived contact residue,H130,130,subsite II / thermal-stability hotspot,Subsite/hotspot/stability,23.786226
Pro00137,PHL7,7NEI,115,VAL,V115,no named landmark assigned,Other/candidate,low,trajectory-derived contact residue,H130,130,subsite II / thermal-stability hotspot,Subsite/hotspot/stability,26.148404
Pro00137,PHL7,7NEI,116,VAL,V116,no named landmark assigned,Other/candidate,low,trajectory-derived contact residue,H130,130,subsite II / thermal-stability hotspot,Subsite/hotspot/stability,24.657575
Pro00137,PHL7,7NEI,117,ARG,R117,no named landmark assigned,Other/candidate,low,trajectory-derived contact residue,H130,130,subsite II / thermal-stability hotspot,Subsite/hotspot/stability,25.13724
Pro00137,PHL7,7NEI,118,ASN,N118,no named landmark assigned,Other/candidate,low,trajectory-derived contact residue,H130,130,subsite II / thermal-stability hotspot,Subsite/hotspot/stability,28.031234
Pro00137,PHL7,7NEI,119,ARG,R119,no named landmark assigned,Other/candidate,low,trajectory-derived contact residue,H130,130,subsite II / thermal-stability hotspot,Subsite/hotspot/stability,25.866028
Pro00137,PHL7,7NEI,120,ILE,I120,no named landmark assigned,Other/candidate,low,trajectory-derived contact residue,H130,130,subsite II / thermal-stability hotspot,Subsite/hotspot/stability,23.685532
Pro00137,PHL7,7NEI,121,ASP,D121,no named landmark assigned,Other/candidate,low,trajectory-derived contact residue,H130,130,subsite II / thermal-stability hotspot,Subsite/hotspot/stability,24.653689
Pro00137,PHL7,7NEI,122,PRO,P122,no named landmark assigned,Other/candidate,low,trajectory-derived contact residue,H130,130,subsite II / thermal-stability hotspot,Subsite/hotspot/stability,23.677077
Pro00137,PHL7,7NEI,123,ASN,N123,no named landmark assigned,Other/candidate,low,trajectory-derived contact residue,H130,130,subsite II / thermal-stability hotspot,Subsite/hotspot/stability,23.656522
Pro00137,PHL7,7NEI,124,ARG,R124,no named landmark assigned,Other/candidate,low,trajectory-derived contact residue,H130,130,subsite II / thermal-stability hotspot,Subsite/hotspot/stability,21.031322
Pro00137,PHL7,7NEI,125,MET,M125,no named landmark assigned,Other/candidate,low,trajectory-derived contact residue,H130,130,subsite II / thermal-stability hotspot,Subsite/hotspot/stability,17.649559
Pro00137,PHL7,7NEI,126,ALA,A126,no named landmark assigned,Other/candidate,low,trajectory-derived contact residue,H130,130,subsite II / thermal-stability hotspot,Subsite/hotspot/stability,14.171327
Pro00137,PHL7,7NEI,127,VAL,V127,no named landmark assigned,Other/candidate,low,trajectory-derived contact residue,H130,130,subsite II / thermal-stability hotspot,Subsite/hotspot/stability,10.730132
Pro00137,PHL7,7NEI,128,MET,M128,no named landmark assigned,Other/candidate,low,trajectory-derived contact residue,H130,130,subsite II / thermal-stability hotspot,Subsite/hotspot/stability,7.227374
Pro00137,PHL7,7NEI,129,GLY,G129,near H130 (subsite II / thermal-stability hotspot),Subsite/hotspot/stability,medium-low,local CA-distance annotation,H130,130,subsite II / thermal-stability hotspot,Subsite/hotspot/stability,3.784691
Pro00137,PHL7,7NEI,130,HIS,H130,subsite II / thermal-stability hotspot,Subsite/hotspot/stability,high,memo + local mapping,H130,130,subsite II / thermal-stability hotspot,Subsite/hotspot/stability,0.0
Pro00137,PHL7,7NEI,131,SER,S131,catalytic Ser,Catalytic/oxyanion,high,memo/local registry,S131,131,catalytic Ser,Catalytic/oxyanion,0.0
Pro00137,PHL7,7NEI,132,MET,M132,oxyanion donor / subsite I,Catalytic/oxyanion,high,memo + local mapping,M132,132,oxyanion donor / subsite I,Catalytic/oxyanion,0.0
Pro00137,PHL7,7NEI,133,GLY,G133,near M132 (oxyanion donor / subsite I),Catalytic/oxyanion,medium-low,local CA-distance annotation,M132,132,oxyanion donor / subsite I,Catalytic/oxyanion,3.807942
Pro00137,PHL7,7NEI,134,GLY,G134,near H130 (subsite II / thermal-stability hotspot),Subsite/hotspot/stability,medium-low,local CA-distance annotation,H130,130,subsite II / thermal-stability hotspot,Subsite/hotspot/stability,4.416549
Pro00137,PHL7,7NEI,135,GLY,G135,near M132 (oxyanion donor / subsite I),Catalytic/oxyanion,medium-low,local CA-distance annotation,M132,132,oxyanion donor / subsite I,Catalytic/oxyanion,4.87378
Pro00137,PHL7,7NEI,136,GLY,G136,no named landmark assigned,Other/candidate,low,trajectory-derived contact residue,M132,132,oxyanion donor / subsite I,Catalytic/oxyanion,6.150453
Pro00137,PHL7,7NEI,137,ALA,A137,no named landmark assigned,Other/candidate,low,trajectory-derived contact residue,H130,130,subsite II / thermal-stability hotspot,Subsite/hotspot/stability,8.606476
Pro00137,PHL7,7NEI,138,LEU,L138,no named landmark assigned,Other/candidate,low,trajectory-derived contact residue,F189,189,rigid-pair I218-equivalent,W-loop/flexible or rigid pair,8.846542
Pro00137,PHL7,7NEI,139,SER,S139,no named landmark assigned,Other/candidate,low,trajectory-derived contact residue,M132,132,oxyanion donor / subsite I,Catalytic/oxyanion,10.262464
Pro00137,PHL7,7NEI,140,ALA,A140,no named landmark assigned,Other/candidate,low,trajectory-derived contact residue,M132,132,oxyanion donor / subsite I,Catalytic/oxyanion,12.097574
Pro00137,PHL7,7NEI,141,ALA,A141,no named landmark assigned,Other/candidate,low,trajectory-derived contact residue,F189,189,rigid-pair I218-equivalent,W-loop/flexible or rigid pair,12.49773
Pro00137,PHL7,7NEI,142,ALA,A142,no named landmark assigned,Other/candidate,low,trajectory-derived contact residue,F189,189,rigid-pair I218-equivalent,W-loop/flexible or rigid pair,11.995033
Pro00137,PHL7,7NEI,143,ASN,N143,no named landmark assigned,Other/candidate,low,trajectory-derived contact residue,Q95,95,LCC-derived stability position,Subsite/hotspot/stability,15.4704
Pro00137,PHL7,7NEI,144,ASN,N144,no named landmark assigned,Other/candidate,low,trajectory-derived contact residue,F189,189,rigid-pair I218-equivalent,W-loop/flexible or rigid pair,17.257649
Pro00137,PHL7,7NEI,145,THR,T145,no named landmark assigned,Other/candidate,low,trajectory-derived contact residue,F189,189,rigid-pair I218-equivalent,W-loop/flexible or rigid pair,17.358945
Pro00137,PHL7,7NEI,146,SER,S146,no named landmark assigned,Other/candidate,low,trajectory-derived contact residue,F189,189,rigid-pair I218-equivalent,W-loop/flexible or rigid pair,19.96985
Pro00137,PHL7,7NEI,147,LEU,L147,no named landmark assigned,Other/candidate,low,trajectory-derived contact residue,F189,189,rigid-pair I218-equivalent,W-loop/flexible or rigid pair,17.717616
Pro00137,PHL7,7NEI,148,GLU,E148,no named landmark assigned,Other/candidate,low,trajectory-derived contact residue,F189,189,rigid-pair I218-equivalent,W-loop/flexible or rigid pair,18.028891
Pro00137,PHL7,7NEI,149,ALA,A149,no named landmark assigned,Other/candidate,low,trajectory-derived contact residue,H130,130,subsite II / thermal-stability hotspot,Subsite/hotspot/stability,15.124449
Pro00137,PHL7,7NEI,150,ALA,A150,no named landmark assigned,Other/candidate,low,trajectory-derived contact residue,H130,130,subsite II / thermal-stability hotspot,Subsite/hotspot/stability,11.745263
Pro00137,PHL7,7NEI,151,ILE,I151,no named landmark assigned,Other/candidate,low,trajectory-derived contact residue,H130,130,subsite II / thermal-stability hotspot,Subsite/hotspot/stability,8.972694
Pro00137,PHL7,7NEI,152,PRO,P152,no named landmark assigned,Other/candidate,low,trajectory-derived contact residue,H130,130,subsite II / thermal-stability hotspot,Subsite/hotspot/stability,6.301138
Pro00137,PHL7,7NEI,153,LEU,L153,near H130 (subsite II / thermal-stability hotspot),Subsite/hotspot/stability,medium-low,local CA-distance annotation,H130,130,subsite II / thermal-stability hotspot,Subsite/hotspot/stability,4.599402
Pro00137,PHL7,7NEI,154,GLN,Q154,near S131 (catalytic Ser),Catalytic/oxyanion,medium-low,local CA-distance annotation,S131,131,catalytic Ser,Catalytic/oxyanion,5.237161
Pro00137,PHL7,7NEI,155,GLY,G155,near W156 (W-loop Trp equivalent),W-loop/flexible or rigid pair,medium-low,local CA-distance annotation,W156,156,W-loop Trp equivalent,W-loop/flexible or rigid pair,3.761892
Pro00137,PHL7,7NEI,156,TRP,W156,W-loop Trp equivalent,W-loop/flexible or rigid pair,high,memo + CE/ChimeraX mapping,W156,156,W-loop Trp equivalent,W-loop/flexible or rigid pair,0.0
Pro00137,PHL7,7NEI,157,HIS,H157,PHL7 W-loop/rigid-pair neighborhood,W-loop/flexible or rigid pair,medium,sequence adjacency + local mapping,W156,156,W-loop Trp equivalent,W-loop/flexible or rigid pair,3.8729
Pro00137,PHL7,7NEI,158,THR,T158,PHL7 W-loop/rigid-pair neighborhood,W-loop/flexible or rigid pair,medium,sequence adjacency + local mapping,W156,156,W-loop Trp equivalent,W-loop/flexible or rigid pair,7.181913
Pro00137,PHL7,7NEI,159,ARG,R159,PHL7 W-loop/rigid-pair neighborhood,W-loop/flexible or rigid pair,medium,sequence adjacency + local mapping,F189,189,rigid-pair I218-equivalent,W-loop/flexible or rigid pair,8.64338
Pro00137,PHL7,7NEI,160,LYS,K160,PHL7 W-loop/rigid-pair neighborhood,W-loop/flexible or rigid pair,medium,sequence adjacency + local mapping,F189,189,rigid-pair I218-equivalent,W-loop/flexible or rigid pair,5.618625
Pro00137,PHL7,7NEI,161,ASN,N161,no named landmark assigned,Other/candidate,low,trajectory-derived contact residue,F189,189,rigid-pair I218-equivalent,W-loop/flexible or rigid pair,6.594738
Pro00137,PHL7,7NEI,162,TRP,W162,no named landmark assigned,Other/candidate,low,trajectory-derived contact residue,F189,189,rigid-pair I218-equivalent,W-loop/flexible or rigid pair,6.464929
Pro00137,PHL7,7NEI,163,SER,S163,no named landmark assigned,Other/candidate,low,trajectory-derived contact residue,F189,189,rigid-pair I218-equivalent,W-loop/flexible or rigid pair,9.153065
Pro00137,PHL7,7NEI,164,SER,S164,no named landmark assigned,Other/candidate,low,trajectory-derived contact residue,F189,189,rigid-pair I218-equivalent,W-loop/flexible or rigid pair,11.583142
Pro00137,PHL7,7NEI,165,VAL,V165,no named landmark assigned,Other/candidate,low,trajectory-derived contact residue,F189,189,rigid-pair I218-equivalent,W-loop/flexible or rigid pair,10.524302
Pro00137,PHL7,7NEI,166,ARG,R166,no named landmark assigned,Other/candidate,low,trajectory-derived contact residue,F189,189,rigid-pair I218-equivalent,W-loop/flexible or rigid pair,13.410067
Pro00137,PHL7,7NEI,167,THR,T167,no named landmark assigned,Other/candidate,low,trajectory-derived contact residue,F189,189,rigid-pair I218-equivalent,W-loop/flexible or rigid pair,13.382222
Pro00137,PHL7,7NEI,168,PRO,P168,no named landmark assigned,Other/candidate,low,trajectory-derived contact residue,F189,189,rigid-pair I218-equivalent,W-loop/flexible or rigid pair,13.070498
Pro00137,PHL7,7NEI,169,THR,T169,no named landmark assigned,Other/candidate,low,trajectory-derived contact residue,F189,189,rigid-pair I218-equivalent,W-loop/flexible or rigid pair,10.142853
Pro00137,PHL7,7NEI,170,LEU,L170,no named landmark assigned,Other/candidate,low,trajectory-derived contact residue,F189,189,rigid-pair I218-equivalent,W-loop/flexible or rigid pair,10.344674
Pro00137,PHL7,7NEI,171,VAL,V171,no named landmark assigned,Other/candidate,low,trajectory-derived contact residue,F189,189,rigid-pair I218-equivalent,W-loop/flexible or rigid pair,7.564259
Pro00137,PHL7,7NEI,172,VAL,V172,no named landmark assigned,Other/candidate,low,trajectory-derived contact residue,H130,130,subsite II / thermal-stability hotspot,Subsite/hotspot/stability,9.50933
Pro00137,PHL7,7NEI,173,GLY,G173,no named landmark assigned,Other/candidate,low,trajectory-derived contact residue,D177,177,catalytic Asp,Catalytic/oxyanion,7.8348
Pro00137,PHL7,7NEI,174,ALA,A174,near D177 (catalytic Asp),Catalytic/oxyanion,medium-low,local CA-distance annotation,D177,177,catalytic Asp,Catalytic/oxyanion,5.249879
Pro00137,PHL7,7NEI,175,GLN,Q175,near D177 (catalytic Asp),Catalytic/oxyanion,medium-low,local CA-distance annotation,D177,177,catalytic Asp,Catalytic/oxyanion,5.732024
Pro00137,PHL7,7NEI,176,LEU,L176,near D177 (catalytic Asp),Catalytic/oxyanion,medium-low,local CA-distance annotation,D177,177,catalytic Asp,Catalytic/oxyanion,3.850622
Pro00137,PHL7,7NEI,177,ASP,D177,catalytic Asp,Catalytic/oxyanion,high,memo/local registry,D177,177,catalytic Asp,Catalytic/oxyanion,0.0
Pro00137,PHL7,7NEI,178,THR,T178,PHL7 subsite-I adjacent patch,Subsite/hotspot/stability,medium,sequence adjacency + local mapping,I179,179,subsite I,Subsite/hotspot/stability,3.84309
Pro00137,PHL7,7NEI,179,ILE,I179,subsite I,Subsite/hotspot/stability,high,memo + local mapping,I179,179,subsite I,Subsite/hotspot/stability,0.0
Pro00137,PHL7,7NEI,180,ALA,A180,PHL7 subsite-I adjacent patch,Subsite/hotspot/stability,medium,sequence adjacency + local mapping,I179,179,subsite I,Subsite/hotspot/stability,3.817926
Pro00137,PHL7,7NEI,181,PRO,P181,PHL7 subsite-I adjacent patch,Subsite/hotspot/stability,medium,sequence adjacency + local mapping,D177,177,catalytic Asp,Catalytic/oxyanion,5.053614
Pro00137,PHL7,7NEI,182,VAL,V182,near H185 (rigid-pair S214-equivalent),W-loop/flexible or rigid pair,medium-low,local CA-distance annotation,H185,185,rigid-pair S214-equivalent,W-loop/flexible or rigid pair,5.036787
Pro00137,PHL7,7NEI,183,SER,S183,near H185 (rigid-pair S214-equivalent),W-loop/flexible or rigid pair,medium-low,local CA-distance annotation,H185,185,rigid-pair S214-equivalent,W-loop/flexible or rigid pair,5.78657
Pro00137,PHL7,7NEI,184,SER,S184,PHL7 W-loop/rigid-pair neighborhood,W-loop/flexible or rigid pair,medium,sequence adjacency + local mapping,H185,185,rigid-pair S214-equivalent,W-loop/flexible or rigid pair,3.83121
Pro00137,PHL7,7NEI,185,HIS,H185,rigid-pair S214-equivalent,W-loop/flexible or rigid pair,high,memo + CE/ChimeraX mapping,H185,185,rigid-pair S214-equivalent,W-loop/flexible or rigid pair,0.0
Pro00137,PHL7,7NEI,186,SER,S186,PHL7 W-loop/rigid-pair neighborhood,W-loop/flexible or rigid pair,medium,sequence adjacency + local mapping,H185,185,rigid-pair S214-equivalent,W-loop/flexible or rigid pair,3.80677
Pro00137,PHL7,7NEI,187,GLU,E187,PHL7 W-loop/rigid-pair neighborhood,W-loop/flexible or rigid pair,medium,sequence adjacency + local mapping,F189,189,rigid-pair I218-equivalent,W-loop/flexible or rigid pair,5.352147
Pro00137,PHL7,7NEI,188,ALA,A188,PHL7 W-loop/rigid-pair neighborhood,W-loop/flexible or rigid pair,medium,sequence adjacency + local mapping,F189,189,rigid-pair I218-equivalent,W-loop/flexible or rigid pair,3.799577
Pro00137,PHL7,7NEI,189,PHE,F189,rigid-pair I218-equivalent,W-loop/flexible or rigid pair,high,memo + CE/ChimeraX mapping,F189,189,rigid-pair I218-equivalent,W-loop/flexible or rigid pair,0.0
Pro00137,PHL7,7NEI,190,TYR,Y190,PHL7 W-loop/rigid-pair neighborhood,W-loop/flexible or rigid pair,medium,sequence adjacency + local mapping,F189,189,rigid-pair I218-equivalent,W-loop/flexible or rigid pair,3.810243
Pro00137,PHL7,7NEI,191,ASN,N191,near F189 (rigid-pair I218-equivalent),W-loop/flexible or rigid pair,medium-low,local CA-distance annotation,F189,189,rigid-pair I218-equivalent,W-loop/flexible or rigid pair,5.534371
Pro00137,PHL7,7NEI,192,SER,S192,near F189 (rigid-pair I218-equivalent),W-loop/flexible or rigid pair,medium-low,local CA-distance annotation,F189,189,rigid-pair I218-equivalent,W-loop/flexible or rigid pair,5.37977
Pro00137,PHL7,7NEI,193,LEU,L193,no named landmark assigned,Other/candidate,low,trajectory-derived contact residue,F189,189,rigid-pair I218-equivalent,W-loop/flexible or rigid pair,6.613958
Pro00137,PHL7,7NEI,194,PRO,P194,no named landmark assigned,Other/candidate,low,trajectory-derived contact residue,F189,189,rigid-pair I218-equivalent,W-loop/flexible or rigid pair,10.366831
Pro00137,PHL7,7NEI,195,SER,S195,no named landmark assigned,Other/candidate,low,trajectory-derived contact residue,F189,189,rigid-pair I218-equivalent,W-loop/flexible or rigid pair,12.077959
Pro00137,PHL7,7NEI,196,ASP,D196,no named landmark assigned,Other/candidate,low,trajectory-derived contact residue,F189,189,rigid-pair I218-equivalent,W-loop/flexible or rigid pair,14.875554
Pro00137,PHL7,7NEI,197,LEU,L197,no named landmark assigned,Other/candidate,low,trajectory-derived contact residue,F189,189,rigid-pair I218-equivalent,W-loop/flexible or rigid pair,12.937707
Pro00137,PHL7,7NEI,198,ASP,D198,no named landmark assigned,Other/candidate,low,trajectory-derived contact residue,F189,189,rigid-pair I218-equivalent,W-loop/flexible or rigid pair,13.76367
Pro00137,PHL7,7NEI,199,LYS,K199,no named landmark assigned,Other/candidate,low,trajectory-derived contact residue,F189,189,rigid-pair I218-equivalent,W-loop/flexible or rigid pair,10.652337
Pro00137,PHL7,7NEI,200,ALA,A200,no named landmark assigned,Other/candidate,low,trajectory-derived contact residue,F189,189,rigid-pair I218-equivalent,W-loop/flexible or rigid pair,10.694957
Pro00137,PHL7,7NEI,201,TYR,Y201,no named landmark assigned,Other/candidate,low,trajectory-derived contact residue,F189,189,rigid-pair I218-equivalent,W-loop/flexible or rigid pair,9.209443
Pro00137,PHL7,7NEI,202,MET,M202,no named landmark assigned,Other/candidate,low,trajectory-derived contact residue,F189,189,rigid-pair I218-equivalent,W-loop/flexible or rigid pair,11.902333
Pro00137,PHL7,7NEI,203,GLU,E203,no named landmark assigned,Other/candidate,low,trajectory-derived contact residue,D177,177,catalytic Asp,Catalytic/oxyanion,10.215119
Pro00137,PHL7,7NEI,204,LEU,L204,no named landmark assigned,Other/candidate,low,trajectory-derived contact residue,D177,177,catalytic Asp,Catalytic/oxyanion,9.704187
Pro00137,PHL7,7NEI,205,ARG,R205,no named landmark assigned,Other/candidate,low,trajectory-derived contact residue,D177,177,catalytic Asp,Catalytic/oxyanion,10.366371
Pro00137,PHL7,7NEI,206,GLY,G206,no named landmark assigned,Other/candidate,low,trajectory-derived contact residue,D177,177,catalytic Asp,Catalytic/oxyanion,8.865758
Pro00137,PHL7,7NEI,207,ALA,A207,no named landmark assigned,Other/candidate,low,trajectory-derived contact residue,D177,177,catalytic Asp,Catalytic/oxyanion,6.952643
Pro00137,PHL7,7NEI,208,SER,S208,PHL7 catalytic-His/L210 hotspot neighborhood,Subsite/hotspot/stability,medium,sequence adjacency + local mapping,H209,209,catalytic His,Catalytic/oxyanion,3.848212
Pro00137,PHL7,7NEI,209,HIS,H209,catalytic His,Catalytic/oxyanion,high,memo/local registry,H209,209,catalytic His,Catalytic/oxyanion,0.0
Pro00137,PHL7,7NEI,210,LEU,L210,subsite II / PHL7 activity hotspot,Subsite/hotspot/stability,high,memo + local mapping,L210,210,subsite II / PHL7 activity hotspot,Subsite/hotspot/stability,0.0
Pro00137,PHL7,7NEI,211,VAL,V211,PHL7 catalytic-His/L210 hotspot neighborhood,Subsite/hotspot/stability,medium,sequence adjacency + local mapping,L210,210,subsite II / PHL7 activity hotspot,Subsite/hotspot/stability,3.829031
Pro00137,PHL7,7NEI,212,SER,S212,PHL7 catalytic-His/L210 hotspot neighborhood,Subsite/hotspot/stability,medium,sequence adjacency + local mapping,L210,210,subsite II / PHL7 activity hotspot,Subsite/hotspot/stability,5.4073
Pro00137,PHL7,7NEI,213,ASN,N213,PHL7 catalytic-His/L210 hotspot neighborhood,Subsite/hotspot/stability,medium,sequence adjacency + local mapping,L210,210,subsite II / PHL7 activity hotspot,Subsite/hotspot/stability,5.37824
Pro00137,PHL7,7NEI,214,THR,T214,PHL7 catalytic-His/L210 hotspot neighborhood,Subsite/hotspot/stability,medium,sequence adjacency + local mapping,L210,210,subsite II / PHL7 activity hotspot,Subsite/hotspot/stability,7.629547
Pro00137,PHL7,7NEI,215,PRO,P215,no named landmark assigned,Other/candidate,low,trajectory-derived contact residue,L210,210,subsite II / PHL7 activity hotspot,Subsite/hotspot/stability,10.525024
Pro00137,PHL7,7NEI,216,ASP,D216,no named landmark assigned,Other/candidate,low,trajectory-derived contact residue,L210,210,subsite II / PHL7 activity hotspot,Subsite/hotspot/stability,10.587814
Pro00137,PHL7,7NEI,217,THR,T217,no named landmark assigned,Other/candidate,low,trajectory-derived contact residue,L210,210,subsite II / PHL7 activity hotspot,Subsite/hotspot/stability,14.216707
Pro00137,PHL7,7NEI,218,THR,T218,no named landmark assigned,Other/candidate,low,trajectory-derived contact residue,L210,210,subsite II / PHL7 activity hotspot,Subsite/hotspot/stability,14.087876
Pro00137,PHL7,7NEI,219,THR,T219,no named landmark assigned,Other/candidate,low,trajectory-derived contact residue,H130,130,subsite II / thermal-stability hotspot,Subsite/hotspot/stability,11.329616
Pro00137,PHL7,7NEI,220,ALA,A220,no named landmark assigned,Other/candidate,low,trajectory-derived contact residue,H130,130,subsite II / thermal-stability hotspot,Subsite/hotspot/stability,12.924629
Pro00137,PHL7,7NEI,221,LYS,K221,no named landmark assigned,Other/candidate,low,trajectory-derived contact residue,H130,130,subsite II / thermal-stability hotspot,Subsite/hotspot/stability,16.073155
Pro00137,PHL7,7NEI,222,TYR,Y222,no named landmark assigned,Other/candidate,low,trajectory-derived contact residue,H130,130,subsite II / thermal-stability hotspot,Subsite/hotspot/stability,15.095386
Pro00137,PHL7,7NEI,223,SER,S223,no named landmark assigned,Other/candidate,low,trajectory-derived contact residue,H130,130,subsite II / thermal-stability hotspot,Subsite/hotspot/stability,12.613462
Pro00137,PHL7,7NEI,224,ILE,I224,no named landmark assigned,Other/candidate,low,trajectory-derived contact residue,H130,130,subsite II / thermal-stability hotspot,Subsite/hotspot/stability,15.663464
Pro00137,PHL7,7NEI,225,ALA,A225,no named landmark assigned,Other/candidate,low,trajectory-derived contact residue,H130,130,subsite II / thermal-stability hotspot,Subsite/hotspot/stability,18.023355
Pro00137,PHL7,7NEI,226,TRP,W226,no named landmark assigned,Other/candidate,low,trajectory-derived contact residue,H130,130,subsite II / thermal-stability hotspot,Subsite/hotspot/stability,16.315708
Pro00137,PHL7,7NEI,227,LEU,L227,no named landmark assigned,Other/candidate,low,trajectory-derived contact residue,H130,130,subsite II / thermal-stability hotspot,Subsite/hotspot/stability,16.194729
Pro00137,PHL7,7NEI,228,LYS,K228,no named landmark assigned,Other/candidate,low,trajectory-derived contact residue,H130,130,subsite II / thermal-stability hotspot,Subsite/hotspot/stability,19.742758
Pro00137,PHL7,7NEI,229,ARG,R229,no named landmark assigned,Other/candidate,low,trajectory-derived contact residue,H130,130,subsite II / thermal-stability hotspot,Subsite/hotspot/stability,20.966541
Pro00137,PHL7,7NEI,230,PHE,F230,no named landmark assigned,Other/candidate,low,trajectory-derived contact residue,F189,189,rigid-pair I218-equivalent,W-loop/flexible or rigid pair,19.504078
Pro00137,PHL7,7NEI,231,VAL,V231,no named landmark assigned,Other/candidate,low,trajectory-derived contact residue,H130,130,subsite II / thermal-stability hotspot,Subsite/hotspot/stability,19.618809
Pro00137,PHL7,7NEI,232,ASP,D232,no named landmark assigned,Other/candidate,low,trajectory-derived contact residue,H130,130,subsite II / thermal-stability hotspot,Subsite/hotspot/stability,22.697916
Pro00137,PHL7,7NEI,233,ASP,D233,no named landmark assigned,Other/candidate,low,trajectory-derived contact residue,F189,189,rigid-pair I218-equivalent,W-loop/flexible or rigid pair,24.234447
Pro00137,PHL7,7NEI,234,ASP,D234,no named landmark assigned,Other/candidate,low,trajectory-derived contact residue,H130,130,subsite II / thermal-stability hotspot,Subsite/hotspot/stability,25.138855
Pro00137,PHL7,7NEI,235,LEU,L235,no named landmark assigned,Other/candidate,low,trajectory-derived contact residue,F189,189,rigid-pair I218-equivalent,W-loop/flexible or rigid pair,25.745109
Pro00137,PHL7,7NEI,236,ARG,R236,no named landmark assigned,Other/candidate,low,trajectory-derived contact residue,H130,130,subsite II / thermal-stability hotspot,Subsite/hotspot/stability,27.004107
Pro00137,PHL7,7NEI,237,TYR,Y237,no named landmark assigned,Other/candidate,low,trajectory-derived contact residue,H130,130,subsite II / thermal-stability hotspot,Subsite/hotspot/stability,23.321384
Pro00137,PHL7,7NEI,238,GLU,E238,no named landmark assigned,Other/candidate,low,trajectory-derived contact residue,F189,189,rigid-pair I218-equivalent,W-loop/flexible or rigid pair,22.5533
Pro00137,PHL7,7NEI,239,GLN,Q239,no named landmark assigned,Other/candidate,low,trajectory-derived contact residue,F189,189,rigid-pair I218-equivalent,W-loop/flexible or rigid pair,24.489336
Pro00137,PHL7,7NEI,240,PHE,F240,no named landmark assigned,Other/candidate,low,trajectory-derived contact residue,F189,189,rigid-pair I218-equivalent,W-loop/flexible or rigid pair,22.281794
Pro00137,PHL7,7NEI,241,LEU,L241,no named landmark assigned,Other/candidate,low,trajectory-derived contact residue,F189,189,rigid-pair I218-equivalent,W-loop/flexible or rigid pair,19.022232
Pro00137,PHL7,7NEI,242,CYS,C242,no named landmark assigned,Other/candidate,low,trajectory-derived contact residue,F189,189,rigid-pair I218-equivalent,W-loop/flexible or rigid pair,20.577237
Pro00137,PHL7,7NEI,243,PRO,P243,no named landmark assigned,Other/candidate,low,trajectory-derived contact residue,F189,189,rigid-pair I218-equivalent,W-loop/flexible or rigid pair,21.354796
Pro00137,PHL7,7NEI,244,ALA,A244,no named landmark assigned,Other/candidate,low,trajectory-derived contact residue,F189,189,rigid-pair I218-equivalent,W-loop/flexible or rigid pair,18.937675
Pro00137,PHL7,7NEI,245,PRO,P245,no named landmark assigned,Other/candidate,low,trajectory-derived contact residue,F189,189,rigid-pair I218-equivalent,W-loop/flexible or rigid pair,20.577653
Pro00137,PHL7,7NEI,246,ASP,D246,no named landmark assigned,Other/candidate,low,trajectory-derived contact residue,D177,177,catalytic Asp,Catalytic/oxyanion,21.85466
Pro00137,PHL7,7NEI,247,ASP,D247,no named landmark assigned,Other/candidate,low,trajectory-derived contact residue,D177,177,catalytic Asp,Catalytic/oxyanion,19.356658
Pro00137,PHL7,7NEI,248,PHE,F248,no named landmark assigned,Other/candidate,low,trajectory-derived contact residue,D177,177,catalytic Asp,Catalytic/oxyanion,17.951314
Pro00137,PHL7,7NEI,249,ALA,A249,no named landmark assigned,Other/candidate,low,trajectory-derived contact residue,D177,177,catalytic Asp,Catalytic/oxyanion,14.93817
Pro00137,PHL7,7NEI,250,ILE,I250,no named landmark assigned,Other/candidate,low,trajectory-derived contact residue,D177,177,catalytic Asp,Catalytic/oxyanion,14.060739
Pro00137,PHL7,7NEI,251,SER,S251,no named landmark assigned,Other/candidate,low,trajectory-derived contact residue,D177,177,catalytic Asp,Catalytic/oxyanion,12.979393
Pro00137,PHL7,7NEI,252,GLU,E252,no named landmark assigned,Other/candidate,low,trajectory-derived contact residue,D177,177,catalytic Asp,Catalytic/oxyanion,14.025589
Pro00137,PHL7,7NEI,253,TYR,Y253,no named landmark assigned,Other/candidate,low,trajectory-derived contact residue,F189,189,rigid-pair I218-equivalent,W-loop/flexible or rigid pair,14.048252
Pro00137,PHL7,7NEI,254,ARG,R254,no named landmark assigned,Other/candidate,low,trajectory-derived contact residue,F189,189,rigid-pair I218-equivalent,W-loop/flexible or rigid pair,12.472331
Pro00137,PHL7,7NEI,255,SER,S255,no named landmark assigned,Other/candidate,low,trajectory-derived contact residue,F189,189,rigid-pair I218-equivalent,W-loop/flexible or rigid pair,13.017173
Pro00137,PHL7,7NEI,256,THR,T256,no named landmark assigned,Other/candidate,low,trajectory-derived contact residue,F189,189,rigid-pair I218-equivalent,W-loop/flexible or rigid pair,14.404282
Pro00137,PHL7,7NEI,257,CYS,C257,no named landmark assigned,Other/candidate,low,trajectory-derived contact residue,F189,189,rigid-pair I218-equivalent,W-loop/flexible or rigid pair,17.57266
Pro00137,PHL7,7NEI,258,PRO,P258,no named landmark assigned,Other/candidate,low,trajectory-derived contact residue,F189,189,rigid-pair I218-equivalent,W-loop/flexible or rigid pair,20.257509
Pro00137,PHL7,7NEI,259,PHE,F259,no named landmark assigned,Other/candidate,low,trajectory-derived contact residue,F189,189,rigid-pair I218-equivalent,W-loop/flexible or rigid pair,18.89184
Pro00137,PHL7,7NEI,260,LEU,L260,no named landmark assigned,Other/candidate,low,trajectory-derived contact residue,F189,189,rigid-pair I218-equivalent,W-loop/flexible or rigid pair,20.742261
Pro00137,PHL7,7NEI,261,GLU,E261,no named landmark assigned,Other/candidate,low,trajectory-derived contact residue,F189,189,rigid-pair I218-equivalent,W-loop/flexible or rigid pair,23.546441
Pro00137,PHL7,7NEI,262,HIS,H262,no named landmark assigned,Other/candidate,low,trajectory-derived contact residue,F189,189,rigid-pair I218-equivalent,W-loop/flexible or rigid pair,22.769767
Pro00137,PHL7,7NEI,263,HIS,H263,no named landmark assigned,Other/candidate,low,trajectory-derived contact residue,F189,189,rigid-pair I218-equivalent,W-loop/flexible or rigid pair,26.514235
Pro00137,PHL7,7NEI,264,HIS,H264,no named landmark assigned,Other/candidate,low,trajectory-derived contact residue,F189,189,rigid-pair I218-equivalent,W-loop/flexible or rigid pair,26.8656
Pro00137,PHL7,7NEI,265,HIS,H265,no named landmark assigned,Other/candidate,low,trajectory-derived contact residue,F189,189,rigid-pair I218-equivalent,W-loop/flexible or rigid pair,29.034612
Pro00137,PHL7,7NEI,266,HIS,H266,no named landmark assigned,Other/candidate,low,trajectory-derived contact residue,F189,189,rigid-pair I218-equivalent,W-loop/flexible or rigid pair,31.415761
Pro00137,PHL7,7NEI,267,HIS,H267,no named landmark assigned,Other/candidate,low,trajectory-derived contact residue,F189,189,rigid-pair I218-equivalent,W-loop/flexible or rigid pair,33.149507
