package_path,package_sha256,source_namespace,source_label,source_sha256,transformation
01_simulation/configurations/mdp/IsPETase/L4/single/rep01/NVT.mdp,f09cf1e19cdb333c8c92f5ce4976d4f7bf807159fe768e13b871801a5dce51eb,AutoProPET source snapshot (not a runtime path),Paper/PETase_Manuscript_2026/public_release/inputs/mdp/Pro00083__PET_L4__single__r1/NVT.mdp,00dbabfd89db4d202eb9ccf3178436d44e83eb8466e6e8aecbb887251bc0beb7,byte_exact_copy; identity_based_path_rename_content_unchanged
01_simulation/configurations/mdp/TfCut1/L10/bi/rep03/NVT.mdp,93a9888ec575f2c3527eaca32883795e4542a3ac41879d63b8394d03b6e1c7e1,AutoProPET source snapshot (not a runtime path),Paper/PETase_Manuscript_2026/public_release/inputs/mdp/Pro00057__PET_L10__bidirectional__r3/NVT.mdp,018744beb48815148917c9de50dd4e7779d9c5fdc0aac2efeb699cb0b317bccf,byte_exact_copy; identity_based_path_rename_content_unchanged
01_simulation/configurations/mdp/HiC/L4/single/rep03/MD.mdp,f417b2a4b2058bf210a368a2fdf7ede592379a6acce9b8c1ae6a0e229997fda1,AutoProPET source snapshot (not a runtime path),Paper/PETase_Manuscript_2026/public_release/inputs/mdp/Pro00121__PET_L4__single__r3/MD.mdp,01e3cd64eb264f179301ac7d4e5055669542863c0efb8e56e5064a509ed47cd3,byte_exact_copy; identity_based_path_rename_content_unchanged
01_simulation/configurations/mdp/TfCut1/L20/head/rep02/NVT.mdp,4193d7e1d14342529337e2efd799d6fa19abf29e350bbb8d5a7f76119c1c8cab,AutoProPET source snapshot (not a runtime path),Paper/PETase_Manuscript_2026/public_release/inputs/mdp/Pro00057__PET_L20__head-side__r2/NVT.mdp,030ca564f5cb2e455af42ba7cbdc4f1fbf42dd3eca609dbdfed5f25cc4416d63,byte_exact_copy; identity_based_path_rename_content_unchanged
01_simulation/configurations/mdp/FoCut5a/L4/single/rep02/MD.mdp,5ef303cbbf44a960a6a482631e0d780faeda4720eee79c700d60d3acbd55b300,AutoProPET source snapshot (not a runtime path),Paper/PETase_Manuscript_2026/public_release/inputs/mdp/Pro00075__PET_L4__single__r2/MD.mdp,03e27cac2651380b91167b0437edb636d46e0e0012be63b2de60ef3e709b6344,byte_exact_copy; identity_based_path_rename_content_unchanged
01_simulation/configurations/mdp/TfCut1/L10/tail/rep01/NVT.mdp,e038740f46b372213d4d379091f53a2bac27b3c60a71a157fe57d91dfdb98022,AutoProPET source snapshot (not a runtime path),Paper/PETase_Manuscript_2026/public_release/inputs/mdp/Pro00057__PET_L10__tail-side__r1/NVT.mdp,0478269da1f75da1bbd5fa9bf9b9c00b4952474d4f32d5153afb7814dcacb58a,byte_exact_copy; identity_based_path_rename_content_unchanged
01_simulation/configurations/mdp/PHL7/L10/tail/rep03/NVT.mdp,a97ca4ccb469a6563ad7a111e24fe6573639ec9ffbdd525e0afd48b0a9fee381,AutoProPET source snapshot (not a runtime path),Paper/PETase_Manuscript_2026/public_release/inputs/mdp/Pro00137__PET_L10__tail-side__r3/NVT.mdp,047a982675a18b27da324be4cbad72c84a2e8b25cb89c6af75321142e19d445c,byte_exact_copy; identity_based_path_rename_content_unchanged
01_simulation/configurations/mdp/FoCut5a/L10/tail/rep02/MD.mdp,651eabdaaadf4c29fb9463597893244d7351aaa09b27167f38663b71ab390918,AutoProPET source snapshot (not a runtime path),Paper/PETase_Manuscript_2026/public_release/inputs/mdp/Pro00075__PET_L10__tail-side__r2/MD.mdp,049ada0f5009a581f0cabe52f605eaf87c1da94b6fd5f33b04badadb22668335,byte_exact_copy; identity_based_path_rename_content_unchanged
01_simulation/configurations/mdp/TfCut1/L20/head/rep01/NPT.mdp,824cb088a0c94c6a37d4c8188892d0d00cd6c3cc928a7dbde44a8007e3096c6b,AutoProPET source snapshot (not a runtime path),Paper/PETase_Manuscript_2026/public_release/inputs/mdp/Pro00057__PET_L20__head-side__r1/NPT.mdp,04e153981155369a2bd2e95fbb85441e35e034cf0fe1587a34f3202204faa03c,byte_exact_copy; identity_based_path_rename_content_unchanged
01_simulation/configurations/mdp/IsPETase/L10/head/rep03/NVT.mdp,d3d126101d579f5d801087fcc49373adac85332b84b461dee8d2886b173f595d,AutoProPET source snapshot (not a runtime path),Paper/PETase_Manuscript_2026/public_release/inputs/mdp/Pro00083__PET_L10__head-side__r3/NVT.mdp,06283570baba9471c56ba5a0b8df8eac71a35aed58b382240c0ef1e37e984833,byte_exact_copy; identity_based_path_rename_content_unchanged
01_simulation/configurations/mdp/LCC/L20/bi/rep02/NVT.mdp,492d1ef28672c4c6ab23e6c0ea364a49c11790161ec825354f35d1d350005286,AutoProPET source snapshot (not a runtime path),Paper/PETase_Manuscript_2026/public_release/inputs/mdp/Pro00062__PET_L20__bidirectional__r2/NVT.mdp,0644bb1d416cf68e47af1210e13ec45e3da8084e563a9ffc89412b453b74f307,byte_exact_copy; identity_based_path_rename_content_unchanged
01_simulation/configurations/mdp/HiC/L20/bi/rep02/NVT.mdp,e00c00f863a90449f6dedab39b67a9952f215748a8a902d0ed592f9a6306b650,AutoProPET source snapshot (not a runtime path),Paper/PETase_Manuscript_2026/public_release/inputs/mdp/Pro00121__PET_L20__bidirectional__r2/NVT.mdp,0714c74aadfc94e2a9209bf634bbb0ad60c4b70e61d91b089413b310ce524dbd,byte_exact_copy; identity_based_path_rename_content_unchanged
01_simulation/configurations/mdp/FoCut5a/L20/tail/rep01/MD.mdp,9a623ea541b7fc617d8cb0aecddd6e0277f18a482c0d41f7cdeec4774018c70e,AutoProPET source snapshot (not a runtime path),Paper/PETase_Manuscript_2026/public_release/inputs/mdp/Pro00075__PET_L20__tail-side__r1/MD.mdp,07f01d9886db6e9121ccf2caceca783104ac687db2eb9411bad59c1bf63c6f14,byte_exact_copy; identity_based_path_rename_content_unchanged
01_simulation/configurations/mdp/IsPETase/L10/bi/rep02/MD.mdp,d50f2aeb7dc01faed6dcf68bd94596d0e68a3d1b04daf724537dd333f44b5301,AutoProPET source snapshot (not a runtime path),Paper/PETase_Manuscript_2026/public_release/inputs/mdp/Pro00083__PET_L10__bidirectional__r2/MD.mdp,09f539c91b8f1f4de9e32a2c22dc71cd9b361c6d9e55a7d5c09f7020b4081008,byte_exact_copy; identity_based_path_rename_content_unchanged
01_simulation/configurations/mdp/IsPETase/L10/tail/rep02/NPT.mdp,f1a47057c12a72645e03d6550e2a60994c520b2bda78f4ca4560414c703dcf88,AutoProPET source snapshot (not a runtime path),Paper/PETase_Manuscript_2026/public_release/inputs/mdp/Pro00083__PET_L10__tail-side__r2/NPT.mdp,0a878c095a929d443725e4fe58b432e9ad8d439d94b1cf2fd5f20530a62699ec,byte_exact_copy; identity_based_path_rename_content_unchanged
01_simulation/configurations/mdp/TfCut1/L10/bi/rep01/MD.mdp,2aa017133c66f77f640dc9852daf110772607bba8cac883c05f7235a38e04f6c,AutoProPET source snapshot (not a runtime path),Paper/PETase_Manuscript_2026/public_release/inputs/mdp/Pro00057__PET_L10__bidirectional__r1/MD.mdp,0ac0942129795f8c6388a31f2979bc30f40d0d5c012942b1c0d4edb82173a791,byte_exact_copy; identity_based_path_rename_content_unchanged
01_simulation/configurations/mdp/FoCut5a/L10/head/rep02/MD.mdp,c55b0594fe58cbc73259ab9354fca08d2d4bc999ded857650ffea9c7cd8f7052,AutoProPET source snapshot (not a runtime path),Paper/PETase_Manuscript_2026/public_release/inputs/mdp/Pro00075__PET_L10__head-side__r2/MD.mdp,0d96dfa67928128f5772b043a08a46659a9ef1d22e24e6dc8955842458da44fb,byte_exact_copy; identity_based_path_rename_content_unchanged
01_simulation/configurations/mdp/TfCut1/L20/head/rep03/NVT.mdp,ad4cdf126c69e54da7ab4f785177b5082a4fcf7ca2f2f56e5d80cbe1fe5bf3dc,AutoProPET source snapshot (not a runtime path),Paper/PETase_Manuscript_2026/public_release/inputs/mdp/Pro00057__PET_L20__head-side__r3/NVT.mdp,0e1e81de3feb4596f915a00f8f8e5d6b70d97bb476f3bc5e0c678d43a47caa2c,byte_exact_copy; identity_based_path_rename_content_unchanged
01_simulation/configurations/mdp/TfCut1/L10/tail/rep02/NVT.mdp,6f8b60c8ba0d4e646bbc7061350fa11415d87560b12dd25a6a89a11d312a715c,AutoProPET source snapshot (not a runtime path),Paper/PETase_Manuscript_2026/public_release/inputs/mdp/Pro00057__PET_L10__tail-side__r2/NVT.mdp,0e41ddc973f306e768bd634c179a544432ec9338fb7b2b78238bcc1a6bdfcb09,byte_exact_copy; identity_based_path_rename_content_unchanged
01_simulation/configurations/mdp/TfCut1/L10/head/rep01/NVT.mdp,ffc28530cd2a4c9d85043bd2b3ab8ded3dd7088e6e98d12c346e060e888f8321,AutoProPET source snapshot (not a runtime path),Paper/PETase_Manuscript_2026/public_release/inputs/mdp/Pro00057__PET_L10__head-side__r1/NVT.mdp,0f57b44b021bf9e2192e3a54cd754ba020c393c4559bc2d5be9108f331cad178,byte_exact_copy; identity_based_path_rename_content_unchanged
01_simulation/configurations/mdp/FoCut5a/L10/bi/rep03/MD.mdp,88935a446a788875fcd35d05d58c1bd178ffd0742c95de6cac28a6d7f2ff20d6,AutoProPET source snapshot (not a runtime path),Paper/PETase_Manuscript_2026/public_release/inputs/mdp/Pro00075__PET_L10__bidirectional__r3/MD.mdp,10563f2701dd85372d8b838a7efb8eb06682b914c0f99dce795d022df0ddb741,byte_exact_copy; identity_based_path_rename_content_unchanged
01_simulation/configurations/mdp/PHL7/L20/head/rep02/MD.mdp,063947be6746999466db1fb4ec2770820f228f8a0065a3ef458764cd68406779,AutoProPET source snapshot (not a runtime path),Paper/PETase_Manuscript_2026/public_release/inputs/mdp/Pro00137__PET_L20__head-side__r2/MD.mdp,10a0dcf94de26864afe5f03ebc8977de68a4560709efa9b275af53f98cdb2645,byte_exact_copy; identity_based_path_rename_content_unchanged
01_simulation/configurations/mdp/TfCut1/L10/tail/rep02/NPT.mdp,bbe04a310264b206217131710fccf1c3709f6b16f3a0d8c1b67ba81e54ceac0d,AutoProPET source snapshot (not a runtime path),Paper/PETase_Manuscript_2026/public_release/inputs/mdp/Pro00057__PET_L10__tail-side__r2/NPT.mdp,1133896fc557051d1bde735021213e45b7dc36d65772791fc9eb087eacaaca92,byte_exact_copy; identity_based_path_rename_content_unchanged
01_simulation/configurations/mdp/IsPETase/L20/bi/rep01/MD.mdp,a1e5d448c3622254b9dd6d7bd14bf6e7bd41d9562b985ba7c9cf7006f9252120,AutoProPET source snapshot (not a runtime path),Paper/PETase_Manuscript_2026/public_release/inputs/mdp/Pro00083__PET_L20__bidirectional__r1/MD.mdp,121de07f911c15c5931bd94f7c214123fdef66b9acdc3d15990b852a32e237ba,byte_exact_copy; identity_based_path_rename_content_unchanged
01_simulation/configurations/mdp/HiC/L10/bi/rep02/NVT.mdp,8cafcd4d7c2fd0a82b7c0455185956c2eadcb119a0222447bcabed8b932a21fa,AutoProPET source snapshot (not a runtime path),Paper/PETase_Manuscript_2026/public_release/inputs/mdp/Pro00121__PET_L10__bidirectional__r2/NVT.mdp,12a95e9559bcaa8c3f313a1425282e38169ad8d058bd7f00ff28cf8d20e21c37,byte_exact_copy; identity_based_path_rename_content_unchanged
01_simulation/configurations/mdp/TfCut1/L10/head/rep03/NVT.mdp,f6aebd251be7cc35b046e34ddb6a0c3b8bffb9bcdfbd3194701ca1776b23636d,AutoProPET source snapshot (not a runtime path),Paper/PETase_Manuscript_2026/public_release/inputs/mdp/Pro00057__PET_L10__head-side__r3/NVT.mdp,12c3cf922e54dd26373c263e5454841c0d1fbcfb8d57a4b07c1a77c92c7e9267,byte_exact_copy; identity_based_path_rename_content_unchanged
01_simulation/configurations/mdp/LCC/L10/tail/rep01/NVT.mdp,89f066100a4bacc7224d35c0243c3d7135f1541591c0eccc05fc7e90243770a1,AutoProPET source snapshot (not a runtime path),Paper/PETase_Manuscript_2026/public_release/inputs/mdp/Pro00062__PET_L10__tail-side__r1/NVT.mdp,12c573d7f0e89ab3d9d9edb5c912f45ad570609cab2268924e66fe4e219b963c,byte_exact_copy; identity_based_path_rename_content_unchanged
01_simulation/configurations/mdp/TfCut1/L20/tail/rep01/NPT.mdp,dcfd559ae8ea9e34f5cce2ffe51e6fa21d1307b06ebc3ad5643103681cd67f3a,AutoProPET source snapshot (not a runtime path),Paper/PETase_Manuscript_2026/public_release/inputs/mdp/Pro00057__PET_L20__tail-side__r1/NPT.mdp,13c6651b3e213851d52b676f7599ef46d234518d0d3b606affe1968d1d42ae79,byte_exact_copy; identity_based_path_rename_content_unchanged
01_simulation/configurations/mdp/TfCut1/L10/bi/rep01/NVT.mdp,a7f1c2f34d795586eb7014be80a2cd19aa2beca497a3e06c44afded379f2100d,AutoProPET source snapshot (not a runtime path),Paper/PETase_Manuscript_2026/public_release/inputs/mdp/Pro00057__PET_L10__bidirectional__r1/NVT.mdp,1400d6af07b6bccf84751ff12b13994a8b945324869190900b23812bb26aa23b,byte_exact_copy; identity_based_path_rename_content_unchanged
01_simulation/configurations/mdp/HiC/L10/tail/rep03/MD.mdp,1b290e25c7a2821d03429f70686e2ae37de2d1f30b1e50ef4beab3759c93271a,AutoProPET source snapshot (not a runtime path),Paper/PETase_Manuscript_2026/public_release/inputs/mdp/Pro00121__PET_L10__tail-side__r3/MD.mdp,143c028e09367caa346e401c8939b1563634ff84178d1c57ebbc85299eb26b50,byte_exact_copy; identity_based_path_rename_content_unchanged
01_simulation/configurations/mdp/TfCut1/L20/bi/rep01/NPT.mdp,5cd20e60800bf802ce2688d2b8bd1ef517b9d76071ec96ddc8bf38bef107c1c9,AutoProPET source snapshot (not a runtime path),Paper/PETase_Manuscript_2026/public_release/inputs/mdp/Pro00057__PET_L20__bidirectional__r1/NPT.mdp,143da99e6e8d670eb18f9d6b9ce0abdf293d45b97482b8108dd9ee802b514af3,byte_exact_copy; identity_based_path_rename_content_unchanged
01_simulation/configurations/mdp/LCC/L4/single/rep01/NVT.mdp,ee7320083a11d9934a987d7d4490bed55016d33f69900d72a5e6e0ed0ae48298,AutoProPET source snapshot (not a runtime path),Paper/PETase_Manuscript_2026/public_release/inputs/mdp/Pro00062__PET_L4__single__r1/NVT.mdp,166d2a3f069d3a754ea214006e7e5ac95683962ecb147eead6dc935227796674,byte_exact_copy; identity_based_path_rename_content_unchanged
01_simulation/configurations/mdp/PHL7/L10/bi/rep01/MD.mdp,e7c5f7bd99f52356f20b6e6c2bc489f1fef550585658975080fa06d233f0342c,AutoProPET source snapshot (not a runtime path),Paper/PETase_Manuscript_2026/public_release/inputs/mdp/Pro00137__PET_L10__bidirectional__r1/MD.mdp,16961604b4fbb5f7d60e6aeed4e18d2afe7006051b8928564257811ad19d2bb2,byte_exact_copy; identity_based_path_rename_content_unchanged
01_simulation/configurations/mdp/FoCut5a/L20/head/rep02/NVT.mdp,611955010e4b140fea63c402160a9dd0800e13692faa562a27dcc3138d2939d2,AutoProPET source snapshot (not a runtime path),Paper/PETase_Manuscript_2026/public_release/inputs/mdp/Pro00075__PET_L20__head-side__r2/NVT.mdp,16e10c352ab77fa6faacee6bc5c5d3c45964ea3d06342367a722a499536e966e,byte_exact_copy; identity_based_path_rename_content_unchanged
01_simulation/configurations/mdp/HiC/L10/head/rep01/NVT.mdp,d3c5d8f4ba4c816f76041205a02050bd0c30c366befc9916a626e0c26dad69c1,AutoProPET source snapshot (not a runtime path),Paper/PETase_Manuscript_2026/public_release/inputs/mdp/Pro00121__PET_L10__head-side__r1/NVT.mdp,17242270abc4d691d00c0db2b4c4c214bc9988cb654f398bdc9543109ce69207,byte_exact_copy; identity_based_path_rename_content_unchanged
01_simulation/configurations/mdp/FoCut5a/L10/head/rep01/MD.mdp,8fa97c54b01ab2e071425660c72727039e1cb01ddd37b2d2fc9220dc83e43f65,AutoProPET source snapshot (not a runtime path),Paper/PETase_Manuscript_2026/public_release/inputs/mdp/Pro00075__PET_L10__head-side__r1/MD.mdp,187c20a05a37605a90ca81156b36f69a41ae8cd1574049bac572e540141e4c86,byte_exact_copy; identity_based_path_rename_content_unchanged
01_simulation/configurations/mdp/IsPETase/L10/tail/rep02/MD.mdp,9d3f8e12080a6bb7c76f24b84d54aa2bc31a111120949feb60b626bc36166f0b,AutoProPET source snapshot (not a runtime path),Paper/PETase_Manuscript_2026/public_release/inputs/mdp/Pro00083__PET_L10__tail-side__r2/MD.mdp,1945610b2e257841d4abad3a8a2cdcc5206bcb7247a3828813b15b3d53e99542,byte_exact_copy; identity_based_path_rename_content_unchanged
01_simulation/configurations/mdp/FoCut5a/L4/single/rep02/NVT.mdp,a9b2f35fafdbf5384589fdf1c1870fa54e933481a617af13e16a61f774b22f0b,AutoProPET source snapshot (not a runtime path),Paper/PETase_Manuscript_2026/public_release/inputs/mdp/Pro00075__PET_L4__single__r2/NVT.mdp,1968162a6befc7652dba372959dd3c8963094ede063c98bdcef0ffe248db9996,byte_exact_copy; identity_based_path_rename_content_unchanged
01_simulation/configurations/mdp/IsPETase/L10/bi/rep03/NPT.mdp,93f2a17352054021456d9a32c240f68413fbd64dd2ee9fd824c6b0bd62920d2b,AutoProPET source snapshot (not a runtime path),Paper/PETase_Manuscript_2026/public_release/inputs/mdp/Pro00083__PET_L10__bidirectional__r3/NPT.mdp,19cd53506a64dcd3bcd87fff8ac103a78b510cd3d413e1f049a67a497eb0432a,byte_exact_copy; identity_based_path_rename_content_unchanged
01_simulation/configurations/mdp/HiC/L10/bi/rep02/MD.mdp,56d8e9cbc16bbea254861ad8e3a177d501a8dc6c69db0e2c7c938a726eb61801,AutoProPET source snapshot (not a runtime path),Paper/PETase_Manuscript_2026/public_release/inputs/mdp/Pro00121__PET_L10__bidirectional__r2/MD.mdp,1a07d483d599f30098befe31c38928382136ed9bb40f7dcd7291efbc8a3fcfc0,byte_exact_copy; identity_based_path_rename_content_unchanged
01_simulation/configurations/mdp/FoCut5a/L20/head/rep03/NPT.mdp,0f7c065ad09d973377236b4bcadd11e3eaf3c48be428ad871cbe6d8e1dc30c9e,AutoProPET source snapshot (not a runtime path),Paper/PETase_Manuscript_2026/public_release/inputs/mdp/Pro00075__PET_L20__head-side__r3/NPT.mdp,1a71a19fc5735dde7ac308938465b1e06fe3ee90f47318af47b5a53b40fd8e40,byte_exact_copy; identity_based_path_rename_content_unchanged
01_simulation/configurations/mdp/FoCut5a/L20/head/rep03/NVT.mdp,7785ad2a9fff88e42fe549bfb0fc0e74ac9ccb45644198b3feb701722f54ae54,AutoProPET source snapshot (not a runtime path),Paper/PETase_Manuscript_2026/public_release/inputs/mdp/Pro00075__PET_L20__head-side__r3/NVT.mdp,1a9ae9d52a9d34470db3007d3784eb3e761757e391c6cf6513d8a9b0873c3e63,byte_exact_copy; identity_based_path_rename_content_unchanged
01_simulation/configurations/mdp/LCC/L20/bi/rep01/NPT.mdp,38eab527f47a6b1799c7442c06cf6486c013238c77f5999854f01efb765928d7,AutoProPET source snapshot (not a runtime path),Paper/PETase_Manuscript_2026/public_release/inputs/mdp/Pro00062__PET_L20__bidirectional__r1/NPT.mdp,1d3d3e38f73d6bd0afb04d8024b822a6c8c0bfb610a0d8014c456daa83d56208,byte_exact_copy; identity_based_path_rename_content_unchanged
01_simulation/configurations/mdp/LCC/L20/head/rep02/NPT.mdp,ddd6d19feaedac11bdfab2040142271dffacba643c139d23dad63bdf0dc65eab,AutoProPET source snapshot (not a runtime path),Paper/PETase_Manuscript_2026/public_release/inputs/mdp/Pro00062__PET_L20__head-side__r2/NPT.mdp,1d54123c22ecd61ab4bc61e920e0e999b43b1fe3b3a1eda7bf4a36630c3b24b0,byte_exact_copy; identity_based_path_rename_content_unchanged
01_simulation/configurations/mdp/LCC/L4/single/rep03/MD.mdp,1ccbfd85ae845eb265c33454c37ab4ea4afaa1e123089c57ea833f5f1926cfd9,AutoProPET source snapshot (not a runtime path),Paper/PETase_Manuscript_2026/public_release/inputs/mdp/Pro00062__PET_L4__single__r3/MD.mdp,1e5496ce1fbd1e6af8b9e665cf43ab18496ec06f76bb68fcb6d68ded32506409,byte_exact_copy; identity_based_path_rename_content_unchanged
01_simulation/configurations/mdp/TfCut1/L10/bi/rep03/MD.mdp,a2d116507ef0b6eca3c67e094514a7548021b5e9f200c02138bb9b9238f877e1,AutoProPET source snapshot (not a runtime path),Paper/PETase_Manuscript_2026/public_release/inputs/mdp/Pro00057__PET_L10__bidirectional__r3/MD.mdp,1e8217aedfa0d63eda5f7d066861235fa1a1a38dd4d13b1dd64d28d44f0965fa,byte_exact_copy; identity_based_path_rename_content_unchanged
01_simulation/configurations/mdp/FoCut5a/L10/head/rep01/NPT.mdp,df97c8e2808831e5bf76b8b2d48d79828960870e9ce39b80258c18fa97ed6a98,AutoProPET source snapshot (not a runtime path),Paper/PETase_Manuscript_2026/public_release/inputs/mdp/Pro00075__PET_L10__head-side__r1/NPT.mdp,1f290a3a451d5788b0cd1d6be09b32928e28e1acb5a319c26fc608223e690041,byte_exact_copy; identity_based_path_rename_content_unchanged
01_simulation/configurations/mdp/IsPETase/L20/bi/rep03/MD.mdp,f09604305b428034bd1cab3c1e39cd59b8545ff5dc58d508edf8b19e688211da,AutoProPET source snapshot (not a runtime path),Paper/PETase_Manuscript_2026/public_release/inputs/mdp/Pro00083__PET_L20__bidirectional__r3/MD.mdp,1fe0663a0dc9e6c1bd79c9f3d909e9d4b7d065247df7831cf666d579e6adebbe,byte_exact_copy; identity_based_path_rename_content_unchanged
01_simulation/configurations/mdp/LCC/L20/bi/rep03/NVT.mdp,48e381b8aa02c04d42793ad749adfcb7e8a29e81c48bd834be85c5fef642e17d,AutoProPET source snapshot (not a runtime path),Paper/PETase_Manuscript_2026/public_release/inputs/mdp/Pro00062__PET_L20__bidirectional__r3/NVT.mdp,213ab2ae147ce84a70ff710ae03274b24a747ab101b7d41d8f67bdab3d00d64f,byte_exact_copy; identity_based_path_rename_content_unchanged
01_simulation/configurations/mdp/LCC/L20/bi/rep01/NVT.mdp,739de4d69763eb942abe8641edda00afeea44a1578402258bd2c0a18085ff8f9,AutoProPET source snapshot (not a runtime path),Paper/PETase_Manuscript_2026/public_release/inputs/mdp/Pro00062__PET_L20__bidirectional__r1/NVT.mdp,222131f98c69b16fea88fcf350548a21f31c96ece11bfeb3bd99a9071993b130,byte_exact_copy; identity_based_path_rename_content_unchanged
01_simulation/configurations/mdp/FoCut5a/L20/bi/rep01/NPT.mdp,8e5edf6ad585448ec49c018f96a236a10b2e8d87817b6db4cef45ef02d690d9e,AutoProPET source snapshot (not a runtime path),Paper/PETase_Manuscript_2026/public_release/inputs/mdp/Pro00075__PET_L20__bidirectional__r1/NPT.mdp,224ccaefe8eeda9111639a91b505889f05014d4de85dccf0ec3cb0cafa8d47cb,byte_exact_copy; identity_based_path_rename_content_unchanged
01_simulation/configurations/mdp/FoCut5a/L20/head/rep01/NVT.mdp,15c6c05789064002ef2efc2be4d5970ff9acc80e60f58d85e7e97369bfdc51ea,AutoProPET source snapshot (not a runtime path),Paper/PETase_Manuscript_2026/public_release/inputs/mdp/Pro00075__PET_L20__head-side__r1/NVT.mdp,22ce2e0d0228557a41cdae11e390be539bfd0eb66a37010c46af110b9f5eb225,byte_exact_copy; identity_based_path_rename_content_unchanged
01_simulation/configurations/mdp/LCC/L20/head/rep01/MD.mdp,c338591faa149919cccdced39a58828ce553357fc2a29683c0193253c95ee957,AutoProPET source snapshot (not a runtime path),Paper/PETase_Manuscript_2026/public_release/inputs/mdp/Pro00062__PET_L20__head-side__r1/MD.mdp,246ac273bb12ab6958d64c0b9c00b7c681ac709a27b003c546a00dc0de375fed,byte_exact_copy; identity_based_path_rename_content_unchanged
01_simulation/configurations/mdp/LCC/L10/tail/rep02/NVT.mdp,74a5043619a51818a8b307e28ab2e00612ac52542fdb8202400ab535e234eb7e,AutoProPET source snapshot (not a runtime path),Paper/PETase_Manuscript_2026/public_release/inputs/mdp/Pro00062__PET_L10__tail-side__r2/NVT.mdp,26954304ed389cf912419f8db8427952564e22a0a5d976ce7218c53c97c7ae94,byte_exact_copy; identity_based_path_rename_content_unchanged
01_simulation/configurations/mdp/HiC/L20/head/rep01/NVT.mdp,d6b69daec0f4c0c96722e9cbc9f53323a5b06c08aaff8f15fc614258a63eb641,AutoProPET source snapshot (not a runtime path),Paper/PETase_Manuscript_2026/public_release/inputs/mdp/Pro00121__PET_L20__head-side__r1/NVT.mdp,27040c0a8981834d70cef8facd3bdb0b47257c900cf5c36f51bed0fa87ba4bbf,byte_exact_copy; identity_based_path_rename_content_unchanged
01_simulation/configurations/mdp/PHL7/L10/bi/rep03/NPT.mdp,2899d8d943d07c5b05843349da5b9efd2ff20957066041c69fec015b4502040b,AutoProPET source snapshot (not a runtime path),Paper/PETase_Manuscript_2026/public_release/inputs/mdp/Pro00137__PET_L10__bidirectional__r3/NPT.mdp,2734267fee0af07a84f1d97f76cb7f72408bf7ac12d3f9b675329db519b4efd7,byte_exact_copy; identity_based_path_rename_content_unchanged
01_simulation/configurations/mdp/TfCut1/L20/tail/rep03/NVT.mdp,108c5bd718280229fe12daf4660bed460f581e420321986195240fda5a53322a,AutoProPET source snapshot (not a runtime path),Paper/PETase_Manuscript_2026/public_release/inputs/mdp/Pro00057__PET_L20__tail-side__r3/NVT.mdp,27d31c79e22ded1c3b0f39c56ea02b99a02558d4e100a281be552a10fef0377e,byte_exact_copy; identity_based_path_rename_content_unchanged
01_simulation/configurations/mdp/HiC/L20/bi/rep01/NPT.mdp,931df671253bdca72b9ec3b5ed8fbb0d98561dcfeb28886c0891c914fae5a32c,AutoProPET source snapshot (not a runtime path),Paper/PETase_Manuscript_2026/public_release/inputs/mdp/Pro00121__PET_L20__bidirectional__r1/NPT.mdp,2917697e185b091a34f7c3de856a4db9aa8c87adbaf94cee90796e814bc56541,byte_exact_copy; identity_based_path_rename_content_unchanged
01_simulation/configurations/mdp/PHL7/L10/tail/rep02/NVT.mdp,4fb21856bd3e9e50fa8e53585f702e671c3077c6c318bd7d6b42476fbd0aa7ad,AutoProPET source snapshot (not a runtime path),Paper/PETase_Manuscript_2026/public_release/inputs/mdp/Pro00137__PET_L10__tail-side__r2/NVT.mdp,2998dbaa22315ff044fa028008b9afef4618c9717c5f6791116d5e4e2bd0f8d3,byte_exact_copy; identity_based_path_rename_content_unchanged
01_simulation/configurations/mdp/LCC/L10/bi/rep03/MD.mdp,8f94585823a1795dc6dae63a224784e1ad81151bea74d2f750ecc239647c91b8,AutoProPET source snapshot (not a runtime path),Paper/PETase_Manuscript_2026/public_release/inputs/mdp/Pro00062__PET_L10__bidirectional__r3/MD.mdp,2e4441255530c51544431c78ec6a097f0c73c7efa811e5e794a9eae2912e10f3,byte_exact_copy; identity_based_path_rename_content_unchanged
01_simulation/configurations/mdp/IsPETase/L10/head/rep03/NPT.mdp,d0dcf70a567805cb280d6db3742597cd04a66544cd831247c635439fa8a05e3f,AutoProPET source snapshot (not a runtime path),Paper/PETase_Manuscript_2026/public_release/inputs/mdp/Pro00083__PET_L10__head-side__r3/NPT.mdp,2f1de2720f12758ef2ce94cb0d9ec05505c03093a246e87fb7e09a51c9362e60,byte_exact_copy; identity_based_path_rename_content_unchanged
01_simulation/configurations/mdp/LCC/L20/bi/rep03/NPT.mdp,e1374a97fd4c96da565992a547e87155bea2f8a092f29aa19d58ee5e78bdde67,AutoProPET source snapshot (not a runtime path),Paper/PETase_Manuscript_2026/public_release/inputs/mdp/Pro00062__PET_L20__bidirectional__r3/NPT.mdp,2f7964a6cfc0cef8ad7be0b8d402c3fcacbce78f5d7833ee7cd110bce7e20980,byte_exact_copy; identity_based_path_rename_content_unchanged
01_simulation/configurations/mdp/TfCut1/L10/tail/rep03/MD.mdp,44b2a469ffc0e43958c5443da499316eff1a47def5cede14ca6a4ef56510a438,AutoProPET source snapshot (not a runtime path),Paper/PETase_Manuscript_2026/public_release/inputs/mdp/Pro00057__PET_L10__tail-side__r3/MD.mdp,2ff6764924332ac43c941019d5f308bfcd5291d42e1d4703bb36f9f6572fd31b,byte_exact_copy; identity_based_path_rename_content_unchanged
01_simulation/configurations/mdp/FoCut5a/L10/head/rep03/MD.mdp,2d4d6f60a5769471940ad7aef20f79c0d9f1de1207bdb05a5b4c0f52c197a8c3,AutoProPET source snapshot (not a runtime path),Paper/PETase_Manuscript_2026/public_release/inputs/mdp/Pro00075__PET_L10__head-side__r3/MD.mdp,30f6be915517fec6fb59d93b24b0cec95316c178581819427c89f66212accd8b,byte_exact_copy; identity_based_path_rename_content_unchanged
01_simulation/configurations/mdp/IsPETase/L20/bi/rep01/NVT.mdp,18e286283bac1a3f9785c1ae4af02f380eb1fbcdb05a2a666c4efcda5bf5a808,AutoProPET source snapshot (not a runtime path),Paper/PETase_Manuscript_2026/public_release/inputs/mdp/Pro00083__PET_L20__bidirectional__r1/NVT.mdp,3112b066d2c9ac561c765a173fe39d6ed4e62a62505fb5adfe45a688152aeaa8,byte_exact_copy; identity_based_path_rename_content_unchanged
01_simulation/configurations/mdp/LCC/L10/bi/rep01/MD.mdp,a321fa0e06e6034b2af0dabb8f00227abf35eca41a6efcf47143122d90e8e6f0,AutoProPET source snapshot (not a runtime path),Paper/PETase_Manuscript_2026/public_release/inputs/mdp/Pro00062__PET_L10__bidirectional__r1/MD.mdp,3191a5d6b7945150bbeee71b5a1b1e78aa0a111a85a71ee6ae37e3a0746a860b,byte_exact_copy; identity_based_path_rename_content_unchanged
01_simulation/configurations/mdp/IsPETase/L20/head/rep01/NVT.mdp,38b9ad7d2a450e2e0552226f581b7a0b675bf02e7fd549f0ac357f9daa884778,AutoProPET source snapshot (not a runtime path),Paper/PETase_Manuscript_2026/public_release/inputs/mdp/Pro00083__PET_L20__head-side__r1/NVT.mdp,31a9edebabfd13affd9e9f5b65e22814de6ca3a0a943284c0a283523ada84771,byte_exact_copy; identity_based_path_rename_content_unchanged
01_simulation/configurations/mdp/PHL7/L20/bi/rep01/MD.mdp,fbe110ef064d6a6a0de0824ab2a95896cdcefdf8a79f31c5bcaa1e63154c2341,AutoProPET source snapshot (not a runtime path),Paper/PETase_Manuscript_2026/public_release/inputs/mdp/Pro00137__PET_L20__bidirectional__r1/MD.mdp,31dceca4e4863fb7bc1ba6633a60d49ee1163781506bf851f8f3be909dd0705a,byte_exact_copy; identity_based_path_rename_content_unchanged
01_simulation/configurations/mdp/LCC/L4/single/rep02/NVT.mdp,a9b2f35fafdbf5384589fdf1c1870fa54e933481a617af13e16a61f774b22f0b,AutoProPET source snapshot (not a runtime path),Paper/PETase_Manuscript_2026/public_release/inputs/mdp/Pro00062__PET_L4__single__r2/NVT.mdp,32135a79f3220a28a35a6f9bc8430ed72414d5b07abf50daf651eb825321caaf,byte_exact_copy; identity_based_path_rename_content_unchanged
01_simulation/configurations/mdp/LCC/L10/head/rep02/NPT.mdp,3922ff4c8fc3a8ae95a0355c8c98ff4882eff505e13e0d89a9ff41a71a635da2,AutoProPET source snapshot (not a runtime path),Paper/PETase_Manuscript_2026/public_release/inputs/mdp/Pro00062__PET_L10__head-side__r2/NPT.mdp,3242f874344740ffe67e1dc2a085dc7f9a643d836fa56bbc8789be088a09a2e9,byte_exact_copy; identity_based_path_rename_content_unchanged
01_simulation/configurations/mdp/LCC/L20/bi/rep01/MD.mdp,809e0a0327204a1beb55839ef2f3819092d035809b520e077e0bdb904d9e3902,AutoProPET source snapshot (not a runtime path),Paper/PETase_Manuscript_2026/public_release/inputs/mdp/Pro00062__PET_L20__bidirectional__r1/MD.mdp,32787e3f4cf2c411ff3855e975339cc7313cded890d328824da245ed6e5d85a6,byte_exact_copy; identity_based_path_rename_content_unchanged
01_simulation/configurations/mdp/PHL7/L20/head/rep01/NVT.mdp,035338a5850e113215ecc90ed30f6501e069fc259bba045155806191ba300260,AutoProPET source snapshot (not a runtime path),Paper/PETase_Manuscript_2026/public_release/inputs/mdp/Pro00137__PET_L20__head-side__r1/NVT.mdp,3300bff5ae78cd5d533d4a0c2bc00b9c3cab9d8d237186a239827ff07c5b629b,byte_exact_copy; identity_based_path_rename_content_unchanged
01_simulation/configurations/mdp/LCC/L20/tail/rep01/NPT.mdp,c5bb8094bf005cde0981ef8744f226ebf17ed24822d99fe632a2dce8d0c8b131,AutoProPET source snapshot (not a runtime path),Paper/PETase_Manuscript_2026/public_release/inputs/mdp/Pro00062__PET_L20__tail-side__r1/NPT.mdp,332053bf5d73e7ff4c5433cbc9bf4619a5d3fd42d2afd7ba9579cb6d92c8b04a,byte_exact_copy; identity_based_path_rename_content_unchanged
01_simulation/configurations/mdp/HiC/L10/head/rep03/NPT.mdp,c274a7f99afa16bcf8c8506b5d4deb6df49c64289a312280c2036f83de3ec285,AutoProPET source snapshot (not a runtime path),Paper/PETase_Manuscript_2026/public_release/inputs/mdp/Pro00121__PET_L10__head-side__r3/NPT.mdp,33f30e2ea10ac5a41093cbadfe26eb0eec0a1b39d899d6be2316073b8181eb7b,byte_exact_copy; identity_based_path_rename_content_unchanged
01_simulation/configurations/mdp/LCC/L10/tail/rep01/NPT.mdp,211e60e13a637e9208390c52890688fe13340495a1c41a45b0c9b27c010a8c6d,AutoProPET source snapshot (not a runtime path),Paper/PETase_Manuscript_2026/public_release/inputs/mdp/Pro00062__PET_L10__tail-side__r1/NPT.mdp,34c4ffb1f29740e3498d13d6c786d47c9d136381ecebb0cdf9c22b8e3d422b67,byte_exact_copy; identity_based_path_rename_content_unchanged
01_simulation/configurations/mdp/TfCut1/L20/head/rep01/MD.mdp,64e3e43cf4ef178b1bd5d985d8014ca91644b00ce6581d84dc58c75b3760bc2e,AutoProPET source snapshot (not a runtime path),Paper/PETase_Manuscript_2026/public_release/inputs/mdp/Pro00057__PET_L20__head-side__r1/MD.mdp,34d46f51dc5039b4043cdb75f6c10795c31ca925d5bbe033e17db81410e4507c,byte_exact_copy; identity_based_path_rename_content_unchanged
01_simulation/configurations/mdp/FoCut5a/L10/tail/rep02/NPT.mdp,d330a85e908352204bd32efa2f92f141cdb9a7dd60c7d32741ea3392eb4b425c,AutoProPET source snapshot (not a runtime path),Paper/PETase_Manuscript_2026/public_release/inputs/mdp/Pro00075__PET_L10__tail-side__r2/NPT.mdp,351498cbb7050a5d3b7dbe75e3e04ab706260eb379b28b8899a15b4288ead958,byte_exact_copy; identity_based_path_rename_content_unchanged
01_simulation/configurations/mdp/LCC/L4/single/rep02/NPT.mdp,d7bbbdfcc09727f0f3810d25952d91c748b815238f707cb9c92af2471c0e7be9,AutoProPET source snapshot (not a runtime path),Paper/PETase_Manuscript_2026/public_release/inputs/mdp/Pro00062__PET_L4__single__r2/NPT.mdp,366dba5a2c258a377c6c9a5c9c0de9bc0151cb1b3d6d4553f3e95010de49d63a,byte_exact_copy; identity_based_path_rename_content_unchanged
01_simulation/configurations/mdp/TfCut1/L10/tail/rep03/NPT.mdp,117ccc0c9bdda5595add28427f6eb8e3c257ac076c786beaea478d2b8fb36f88,AutoProPET source snapshot (not a runtime path),Paper/PETase_Manuscript_2026/public_release/inputs/mdp/Pro00057__PET_L10__tail-side__r3/NPT.mdp,36ce39368c8f02fee7dbe4526ccf40b9164b68041909fe7d44dfe6ef5fbb0f95,byte_exact_copy; identity_based_path_rename_content_unchanged
01_simulation/configurations/mdp/HiC/L20/head/rep01/MD.mdp,c4f26f7cde31fa54838dfaf611920b7ff15d33a7432a8c73c46240606cf68f4b,AutoProPET source snapshot (not a runtime path),Paper/PETase_Manuscript_2026/public_release/inputs/mdp/Pro00121__PET_L20__head-side__r1/MD.mdp,36e4588b76f620a21930833ceba95aef00e26fa70d1c611bb36d225ef034d9ce,byte_exact_copy; identity_based_path_rename_content_unchanged
01_simulation/configurations/mdp/HiC/L10/tail/rep01/NVT.mdp,6486dbf87c265699b89cc63a6ecf8c056102ba1f3612b74fada0624a84bfb7a8,AutoProPET source snapshot (not a runtime path),Paper/PETase_Manuscript_2026/public_release/inputs/mdp/Pro00121__PET_L10__tail-side__r1/NVT.mdp,37f831528bc5286ebe4f8b2f06db220999e89283aec2ec092983b6921cb1ed85,byte_exact_copy; identity_based_path_rename_content_unchanged
01_simulation/configurations/mdp/PHL7/L4/single/rep02/MD.mdp,292b2c2b6eab004ce88fed54efcb241caa871c226ffe8971024ad0cab36a7841,AutoProPET source snapshot (not a runtime path),Paper/PETase_Manuscript_2026/public_release/inputs/mdp/Pro00137__PET_L4__single__r2/MD.mdp,384c7639276dd8a5c4888fc2247c38e0702c7fd2101eedd66bcdc42cde1ece7e,byte_exact_copy; identity_based_path_rename_content_unchanged
01_simulation/configurations/mdp/FoCut5a/L10/tail/rep01/MD.mdp,36ac042835dd5202cd3855b56635d525737a050f16e444fff9fea949eb8479b6,AutoProPET source snapshot (not a runtime path),Paper/PETase_Manuscript_2026/public_release/inputs/mdp/Pro00075__PET_L10__tail-side__r1/MD.mdp,3855bf32f64107f9a5d5391a1a78928ca20cfcda917af4231a0d21fadaade11c,byte_exact_copy; identity_based_path_rename_content_unchanged
01_simulation/configurations/mdp/FoCut5a/L20/tail/rep02/NPT.mdp,df0156c59bde06d98db34c32e3ad187a2f937c651e3b4e06ce8a538444631279,AutoProPET source snapshot (not a runtime path),Paper/PETase_Manuscript_2026/public_release/inputs/mdp/Pro00075__PET_L20__tail-side__r2/NPT.mdp,38a67b1fc093ef9d6026dbacc53ea3ac10c8aa46624dfd03df3cd01fcddbf26e,byte_exact_copy; identity_based_path_rename_content_unchanged
01_simulation/configurations/mdp/PHL7/L20/tail/rep02/NVT.mdp,eb08292a64dfbfd000be764bff1f16875f5a09d75eb7b9e489e4b83f56848466,AutoProPET source snapshot (not a runtime path),Paper/PETase_Manuscript_2026/public_release/inputs/mdp/Pro00137__PET_L20__tail-side__r2/NVT.mdp,38c73d1689e8d27e58079af8778935d420a8990099260295b3468d3853a8b7f3,byte_exact_copy; identity_based_path_rename_content_unchanged
01_simulation/configurations/mdp/LCC/L10/head/rep02/NVT.mdp,3a8137f337e321b3b8c41464ab29e802595c7aa6b8e7a16f9ebf7f7d227baa23,AutoProPET source snapshot (not a runtime path),Paper/PETase_Manuscript_2026/public_release/inputs/mdp/Pro00062__PET_L10__head-side__r2/NVT.mdp,38f06f80954647f2cc0243550ab61d29f9f6ada3f53f21fa23a8d3e37f4c6c32,byte_exact_copy; identity_based_path_rename_content_unchanged
01_simulation/configurations/mdp/TfCut1/L20/bi/rep01/MD.mdp,b88dfaae5b096a2e1cfab5a8b4cc73b8bbf1b7e4c4abd2d6cf2d9932be626984,AutoProPET source snapshot (not a runtime path),Paper/PETase_Manuscript_2026/public_release/inputs/mdp/Pro00057__PET_L20__bidirectional__r1/MD.mdp,39916260b38f18c0a75fcff52b42ede355c5f3ccadb390429ace06f2d931ec6d,byte_exact_copy; identity_based_path_rename_content_unchanged
01_simulation/configurations/mdp/IsPETase/L20/head/rep03/MD.mdp,d6cf12081e189d7601f6729248634fc26e6238a448a9255408988fd36709d347,AutoProPET source snapshot (not a runtime path),Paper/PETase_Manuscript_2026/public_release/inputs/mdp/Pro00083__PET_L20__head-side__r3/MD.mdp,3c079ae700b728c2d57c696593c3952dac4585d9474819093c69c9ea2f7209ff,byte_exact_copy; identity_based_path_rename_content_unchanged
01_simulation/configurations/mdp/TfCut1/L4/single/rep02/NVT.mdp,c140a98457ef43eef0ca302c13da6defdb3ecde0eae756ec32d17c3a745669f2,AutoProPET source snapshot (not a runtime path),Paper/PETase_Manuscript_2026/public_release/inputs/mdp/Pro00057__PET_L4__single__r2/NVT.mdp,3c4bd88477bc84cc892107d82b9995d77a0cb3f242da54c29ec757dd1b0441b8,byte_exact_copy; identity_based_path_rename_content_unchanged
01_simulation/configurations/mdp/LCC/L10/head/rep03/MD.mdp,98c48ffb678202b2023152cc7f293928184f3fcfbe30f859d761be53b7029a8a,AutoProPET source snapshot (not a runtime path),Paper/PETase_Manuscript_2026/public_release/inputs/mdp/Pro00062__PET_L10__head-side__r3/MD.mdp,3db01cb25902eebab435412bbb0892f8e417eb88905e8973fa45cd5d52d3eda6,byte_exact_copy; identity_based_path_rename_content_unchanged
01_simulation/configurations/mdp/IsPETase/L20/tail/rep03/NPT.mdp,3a468a1a55636a4460d8617b388de2cd1498b68fc8f6459583190a6db458c772,AutoProPET source snapshot (not a runtime path),Paper/PETase_Manuscript_2026/public_release/inputs/mdp/Pro00083__PET_L20__tail-side__r3/NPT.mdp,3dc7379f76425261cbe4dca0b45c24ccc9c9c413a34793f5d90b59a3a6d444bf,byte_exact_copy; identity_based_path_rename_content_unchanged
01_simulation/configurations/mdp/HiC/L10/tail/rep03/NPT.mdp,624eddbea98ad358e6d998fdae59080dba30fb8c04a67f9edf99350419a52179,AutoProPET source snapshot (not a runtime path),Paper/PETase_Manuscript_2026/public_release/inputs/mdp/Pro00121__PET_L10__tail-side__r3/NPT.mdp,3ebfa0795ad767125e6326d63d47db7e778fb8a9fd67c312b2545bc56458428c,byte_exact_copy; identity_based_path_rename_content_unchanged
01_simulation/configurations/mdp/IsPETase/L20/tail/rep03/MD.mdp,1d66e970d5300f6a4b25713912a1ce27172d55d176e96fe86886bab33ce857d1,AutoProPET source snapshot (not a runtime path),Paper/PETase_Manuscript_2026/public_release/inputs/mdp/Pro00083__PET_L20__tail-side__r3/MD.mdp,3ef45e66bec122ce33b2903e9702c01157bc9d596115c60ef7b81a2e9de925de,byte_exact_copy; identity_based_path_rename_content_unchanged
01_simulation/configurations/mdp/HiC/L10/bi/rep01/MD.mdp,f60c5ffd64d8dcb3dda4998e273c94b964a42b1948a2d0f799befd297b9bf614,AutoProPET source snapshot (not a runtime path),Paper/PETase_Manuscript_2026/public_release/inputs/mdp/Pro00121__PET_L10__bidirectional__r1/MD.mdp,411292d607d32c7b46fa8e2c732f8a6fbed3ddfc4e84244af970a4860393a68a,byte_exact_copy; identity_based_path_rename_content_unchanged
01_simulation/configurations/mdp/FoCut5a/L20/tail/rep03/NPT.mdp,fb4f3449da523ede015de86a1e1309fb8b825d4f7a0dc98a09f1a04955f636b8,AutoProPET source snapshot (not a runtime path),Paper/PETase_Manuscript_2026/public_release/inputs/mdp/Pro00075__PET_L20__tail-side__r3/NPT.mdp,411ec09a177cd54362a95ee9dc6be3ccde549a6574f0e3e04df66fc26894f0f7,byte_exact_copy; identity_based_path_rename_content_unchanged
01_simulation/configurations/mdp/LCC/L10/tail/rep03/MD.mdp,c746b6274a9b1e33716ca97c7b7bb9c74cc0c45726f793020e19f3251d330ff0,AutoProPET source snapshot (not a runtime path),Paper/PETase_Manuscript_2026/public_release/inputs/mdp/Pro00062__PET_L10__tail-side__r3/MD.mdp,42ac66e083108f2eb5b2a9c5709e455af08c76be2a9baec3f77bb6db8988f5f1,byte_exact_copy; identity_based_path_rename_content_unchanged
01_simulation/configurations/mdp/IsPETase/L10/tail/rep03/NPT.mdp,6297106af0a8bc35867664a046b96a8d3054c6b00f4527353eff9e1c25207e0b,AutoProPET source snapshot (not a runtime path),Paper/PETase_Manuscript_2026/public_release/inputs/mdp/Pro00083__PET_L10__tail-side__r3/NPT.mdp,42fba67acae15f8aad3944097eed2e8208621b054a9330d97fba9d7e2a3e642c,byte_exact_copy; identity_based_path_rename_content_unchanged
01_simulation/configurations/mdp/IsPETase/L10/head/rep03/MD.mdp,5fb85fdeea602bee2df1ec54877fce657cdb29a5baff632ae9a29883a5afe474,AutoProPET source snapshot (not a runtime path),Paper/PETase_Manuscript_2026/public_release/inputs/mdp/Pro00083__PET_L10__head-side__r3/MD.mdp,4307970a034e3798f5d0ffdfbd7da343232c238990f0fad161a0a1bf5a38e5a5,byte_exact_copy; identity_based_path_rename_content_unchanged
01_simulation/configurations/mdp/HiC/L20/tail/rep01/NVT.mdp,7c3cf2788ea58bae0e13d5a3d987dfb5507ce5a218710d3c20426dd320aa7295,AutoProPET source snapshot (not a runtime path),Paper/PETase_Manuscript_2026/public_release/inputs/mdp/Pro00121__PET_L20__tail-side__r1/NVT.mdp,430c58c6f3cdf04c89856f96a9e0bb1d81c6059e88d3fcbc7bd3abc51245fecb,byte_exact_copy; identity_based_path_rename_content_unchanged
01_simulation/configurations/mdp/PHL7/L10/tail/rep01/MD.mdp,0d825da513a0889524b289f1cd28fc8ddb76d76f1cf7afcc52b915b6e973b525,AutoProPET source snapshot (not a runtime path),Paper/PETase_Manuscript_2026/public_release/inputs/mdp/Pro00137__PET_L10__tail-side__r1/MD.mdp,440110df48189f26bb1c68b7d855ca1df649351471bb337133353da32c0eb36a,byte_exact_copy; identity_based_path_rename_content_unchanged
01_simulation/configurations/mdp/LCC/L20/tail/rep01/NVT.mdp,c94ad97bc17f0d4de3431cddbaabd48ef30685cc0f6e657b30687fb838476c2a,AutoProPET source snapshot (not a runtime path),Paper/PETase_Manuscript_2026/public_release/inputs/mdp/Pro00062__PET_L20__tail-side__r1/NVT.mdp,4417883d3834cea65ce2a1e100a224980a82be997722d711a488fd144c896aab,byte_exact_copy; identity_based_path_rename_content_unchanged
01_simulation/configurations/mdp/FoCut5a/L10/tail/rep02/NVT.mdp,b8b55d23928b05f36bf624cf2b37afccb4c352e607f06ec0bc7644f4ee8dc529,AutoProPET source snapshot (not a runtime path),Paper/PETase_Manuscript_2026/public_release/inputs/mdp/Pro00075__PET_L10__tail-side__r2/NVT.mdp,45a2ef10ff53959eb3472b7a4f54fd9369dfdf0c3cbfe4456fd541b4b6ad0d40,byte_exact_copy; identity_based_path_rename_content_unchanged
01_simulation/configurations/mdp/PHL7/L20/bi/rep02/NPT.mdp,6fb930358c161f83b4331472ad9ab63734fdf1790c4744510131a493d8ef8656,AutoProPET source snapshot (not a runtime path),Paper/PETase_Manuscript_2026/public_release/inputs/mdp/Pro00137__PET_L20__bidirectional__r2/NPT.mdp,45ab16256eb33c95add713526a72f99b19f06604fda99cbe432659b7365e7cf2,byte_exact_copy; identity_based_path_rename_content_unchanged
01_simulation/configurations/mdp/IsPETase/L10/bi/rep03/NVT.mdp,638f79c92d884ea026d224dd4a8e63624fae28e4aac3d4f0d83e696138c1041a,AutoProPET source snapshot (not a runtime path),Paper/PETase_Manuscript_2026/public_release/inputs/mdp/Pro00083__PET_L10__bidirectional__r3/NVT.mdp,463aa4fe128be04d0604e77b1c2fcf7e8cd93ab9913e265364414be1f84fa89e,byte_exact_copy; identity_based_path_rename_content_unchanged
01_simulation/configurations/mdp/FoCut5a/L20/tail/rep03/NVT.mdp,aa0e7b58234df7878c5863dff061c04b678d15e63f30dc03b08a9c55cb375603,AutoProPET source snapshot (not a runtime path),Paper/PETase_Manuscript_2026/public_release/inputs/mdp/Pro00075__PET_L20__tail-side__r3/NVT.mdp,46fe0ed6426e8abf9f1243b42c8c4d1ac697bccbb8f7b54dae8c37b00c5f6d91,byte_exact_copy; identity_based_path_rename_content_unchanged
01_simulation/configurations/mdp/HiC/L4/single/rep01/NVT.mdp,bfafbb03c29bf47d653a1fffdb8c2d4f59445882d78e03bcf9201e855b72911a,AutoProPET source snapshot (not a runtime path),Paper/PETase_Manuscript_2026/public_release/inputs/mdp/Pro00121__PET_L4__single__r1/NVT.mdp,470c6a19a200622601c70c747ddfcac76fa7b39e3d93604e4238ae2be21d8800,byte_exact_copy; identity_based_path_rename_content_unchanged
01_simulation/configurations/mdp/IsPETase/L20/bi/rep02/MD.mdp,428b4648721e4afeb4d41f1350ac5fbe46dd6435f4096b3d8a853a1c11c41abc,AutoProPET source snapshot (not a runtime path),Paper/PETase_Manuscript_2026/public_release/inputs/mdp/Pro00083__PET_L20__bidirectional__r2/MD.mdp,48b3ba2e8f00b925fcf9edc52b64c8124e96458f39cb001d37a9082be4ef78e4,byte_exact_copy; identity_based_path_rename_content_unchanged
01_simulation/configurations/mdp/LCC/L20/tail/rep02/MD.mdp,1f0c37790d30b8b5102a18f10df15ca514aeca461b6f138d700b1dd5b14497db,AutoProPET source snapshot (not a runtime path),Paper/PETase_Manuscript_2026/public_release/inputs/mdp/Pro00062__PET_L20__tail-side__r2/MD.mdp,48cf58226e49a13df51ab3811748953afa61fc8d6c02412c32c1ea2fe0539be6,byte_exact_copy; identity_based_path_rename_content_unchanged
01_simulation/configurations/mdp/IsPETase/L20/head/rep02/MD.mdp,4c7ba8b27b9b7733bf9a7ed6ca6209c288af4d184c69cfef70428706fe8eba3f,AutoProPET source snapshot (not a runtime path),Paper/PETase_Manuscript_2026/public_release/inputs/mdp/Pro00083__PET_L20__head-side__r2/MD.mdp,490b83f466c6d407fde5d9df5d1a5ac48920948101a9aab9d501857ed2e5e5e3,byte_exact_copy; identity_based_path_rename_content_unchanged
01_simulation/configurations/mdp/TfCut1/L4/single/rep01/NPT.mdp,bae248fc7b45f3f5412fd017ba4e211cd2df1d0f88182324ad00af3520a79e4f,AutoProPET source snapshot (not a runtime path),Paper/PETase_Manuscript_2026/public_release/inputs/mdp/Pro00057__PET_L4__single__r1/NPT.mdp,4919d6744817cf051d33290e4fde22a1d0d2390332b3014553a5365847d0eb02,byte_exact_copy; identity_based_path_rename_content_unchanged
01_simulation/configurations/mdp/TfCut1/L20/tail/rep01/MD.mdp,a43cf0a78633901688f43f9965d155ebcffd42319a01ee88670e62d6c3f3d54f,AutoProPET source snapshot (not a runtime path),Paper/PETase_Manuscript_2026/public_release/inputs/mdp/Pro00057__PET_L20__tail-side__r1/MD.mdp,4a74585a616aba460bf5ccd288f2fbeaec269ef14ef741ce74ef24c4fb029da7,byte_exact_copy; identity_based_path_rename_content_unchanged
01_simulation/configurations/mdp/FoCut5a/L10/head/rep01/NVT.mdp,7c7211e9be73f19777eea58c98cfc5edc733c48b818b8568802d349665677159,AutoProPET source snapshot (not a runtime path),Paper/PETase_Manuscript_2026/public_release/inputs/mdp/Pro00075__PET_L10__head-side__r1/NVT.mdp,4b0898e2c7c03e25569a0498354fe541a841324eec6e2c33460e3983b6e13487,byte_exact_copy; identity_based_path_rename_content_unchanged
01_simulation/configurations/mdp/IsPETase/L4/single/rep01/NPT.mdp,e862534959c1883b586dfeacf7ac29cc713ba5661b91e13a68e9570ba527030a,AutoProPET source snapshot (not a runtime path),Paper/PETase_Manuscript_2026/public_release/inputs/mdp/Pro00083__PET_L4__single__r1/NPT.mdp,4cc7e1da7b487976954960df7abd47eea1e56771b72ba00db01ea94501882f06,byte_exact_copy; identity_based_path_rename_content_unchanged
01_simulation/configurations/mdp/PHL7/L20/bi/rep03/NPT.mdp,a4eb70e4fa5a59ae692d6ad50d5b97bae001c4f0160157d50458c8bb98fc69be,AutoProPET source snapshot (not a runtime path),Paper/PETase_Manuscript_2026/public_release/inputs/mdp/Pro00137__PET_L20__bidirectional__r3/NPT.mdp,4d10fbeb4b11b257f3ee430922392c94a760816215ac00d81cdbde9eb6b40fee,byte_exact_copy; identity_based_path_rename_content_unchanged
01_simulation/configurations/mdp/LCC/L20/head/rep03/MD.mdp,6bfdd77d379e762fe87df9ca1bce96d99a63a78b931451cdc91fbaa4dc27e8d0,AutoProPET source snapshot (not a runtime path),Paper/PETase_Manuscript_2026/public_release/inputs/mdp/Pro00062__PET_L20__head-side__r3/MD.mdp,4d6bf4f06675b816bb7236b1e62f52dee80ea0594381be6943031d85b6ad5089,byte_exact_copy; identity_based_path_rename_content_unchanged
01_simulation/configurations/mdp/PHL7/L4/single/rep02/NPT.mdp,be4c8774921ce9a1156a7b2308b61c423d76cd690160a3e230a03efa89478b92,AutoProPET source snapshot (not a runtime path),Paper/PETase_Manuscript_2026/public_release/inputs/mdp/Pro00137__PET_L4__single__r2/NPT.mdp,4e551be34897f60806eb4caea11d8747ccfb84c269ec14af2e9cbc594d18f683,byte_exact_copy; identity_based_path_rename_content_unchanged
01_simulation/configurations/mdp/HiC/L10/tail/rep03/NVT.mdp,2ccc0a85a701dda509b20349a2e2dd961c47c4c3cd415d23d5ead86e756c39ab,AutoProPET source snapshot (not a runtime path),Paper/PETase_Manuscript_2026/public_release/inputs/mdp/Pro00121__PET_L10__tail-side__r3/NVT.mdp,4e59fcac70e65294c4da92dd6c0122668505e0b56aef396eb0c39a5a351cf703,byte_exact_copy; identity_based_path_rename_content_unchanged
01_simulation/configurations/mdp/HiC/L20/head/rep02/MD.mdp,d2d8700418848dc639358076e308d82099cc596159fd79601a65e2376ef455fa,AutoProPET source snapshot (not a runtime path),Paper/PETase_Manuscript_2026/public_release/inputs/mdp/Pro00121__PET_L20__head-side__r2/MD.mdp,4f88ec3b6917f56118b2d1c391077305350d44802e5a6228826fc9940f659ddc,byte_exact_copy; identity_based_path_rename_content_unchanged
01_simulation/configurations/mdp/LCC/L20/tail/rep03/NVT.mdp,0581ef6e719aef67afa6471a77608a1d42e12a0bfbf699fc700003513bf3a91f,AutoProPET source snapshot (not a runtime path),Paper/PETase_Manuscript_2026/public_release/inputs/mdp/Pro00062__PET_L20__tail-side__r3/NVT.mdp,4fa2e2036f34e8c2c4262520048974f9473a7be870796e3c7c65b6c0f13ebbab,byte_exact_copy; identity_based_path_rename_content_unchanged
01_simulation/configurations/mdp/IsPETase/L10/bi/rep02/NVT.mdp,9dc13b1f414c9ad6611fc349a76db78d024d6d146289e1f335c021a2409f6c3f,AutoProPET source snapshot (not a runtime path),Paper/PETase_Manuscript_2026/public_release/inputs/mdp/Pro00083__PET_L10__bidirectional__r2/NVT.mdp,4fca062972e9e664de9a62c5f71101b9b4ceaccf7d39beebe06dc484eac9430e,byte_exact_copy; identity_based_path_rename_content_unchanged
01_simulation/configurations/mdp/TfCut1/L10/head/rep02/NPT.mdp,e2456f4c906ded4e4bf081f2301a8c50a87161ddcd21f40427168d3b14d46dda,AutoProPET source snapshot (not a runtime path),Paper/PETase_Manuscript_2026/public_release/inputs/mdp/Pro00057__PET_L10__head-side__r2/NPT.mdp,505eb9567f4764cc7540a9e44a55306e3a420f2758b752888a960991b3846a0e,byte_exact_copy; identity_based_path_rename_content_unchanged
01_simulation/configurations/mdp/HiC/L10/bi/rep01/NPT.mdp,ba52ea5abb803f6aa6f0a71ba574b52d46ead79f3cfc2b0ebd22d3adffa53938,AutoProPET source snapshot (not a runtime path),Paper/PETase_Manuscript_2026/public_release/inputs/mdp/Pro00121__PET_L10__bidirectional__r1/NPT.mdp,506381e1a977cfe2b42801008f5f6bbfa7a896c475f8971df0c8f775ce1d727c,byte_exact_copy; identity_based_path_rename_content_unchanged
01_simulation/configurations/mdp/FoCut5a/L10/head/rep03/NVT.mdp,31b52d9716d61f80abd54872e12a3c2f19f27d86284c5e6a759cabfe192b8a15,AutoProPET source snapshot (not a runtime path),Paper/PETase_Manuscript_2026/public_release/inputs/mdp/Pro00075__PET_L10__head-side__r3/NVT.mdp,50ab7b803f189de6301466d8ac5ffd9b20884440952578e03d4309c5feb3f19a,byte_exact_copy; identity_based_path_rename_content_unchanged
01_simulation/configurations/mdp/LCC/L10/tail/rep02/NPT.mdp,8449c8397065fde96e0fcb17749354ee678ea138c79e54236b277f37b83da0b7,AutoProPET source snapshot (not a runtime path),Paper/PETase_Manuscript_2026/public_release/inputs/mdp/Pro00062__PET_L10__tail-side__r2/NPT.mdp,51d28dca21bd5b61b4051ecd8a5f55f64b1cefb668a129edd9ce6c6fdcb61571,byte_exact_copy; identity_based_path_rename_content_unchanged
01_simulation/configurations/mdp/IsPETase/L10/head/rep01/NVT.mdp,d7caae9555f9d5015d8cd72d676ed71f131117b7a008c7f56367ca3f0ca76354,AutoProPET source snapshot (not a runtime path),Paper/PETase_Manuscript_2026/public_release/inputs/mdp/Pro00083__PET_L10__head-side__r1/NVT.mdp,5292d5ca281a499e57ee52cab7dd79e9b1b9e0756ebd9e08537f295a9260fac8,byte_exact_copy; identity_based_path_rename_content_unchanged
01_simulation/configurations/mdp/IsPETase/L20/tail/rep02/MD.mdp,1a3f922bf686fece9a964cf369e8e69b6cc5a2ea92d179b5466cc63f25fde8d7,AutoProPET source snapshot (not a runtime path),Paper/PETase_Manuscript_2026/public_release/inputs/mdp/Pro00083__PET_L20__tail-side__r2/MD.mdp,540585386a2872cb0f9bc0f207b16cd6a2a29c4c0f0a433e767192f820df85c4,byte_exact_copy; identity_based_path_rename_content_unchanged
01_simulation/configurations/mdp/PHL7/L10/head/rep02/MD.mdp,2e35bc3a0817abc0e3e079c6dfc4e75d42787294456bd783da6c0d3ec8f7ec1e,AutoProPET source snapshot (not a runtime path),Paper/PETase_Manuscript_2026/public_release/inputs/mdp/Pro00137__PET_L10__head-side__r2/MD.mdp,5412952eb420b85c801655fc72757addd5aad17241451543482835c78d6609d6,byte_exact_copy; identity_based_path_rename_content_unchanged
01_simulation/configurations/mdp/PHL7/L10/bi/rep02/NPT.mdp,b6054cd4f41741008400a85a1d7e04d43500a78c9fe2637e57ea70c23a9d4ffe,AutoProPET source snapshot (not a runtime path),Paper/PETase_Manuscript_2026/public_release/inputs/mdp/Pro00137__PET_L10__bidirectional__r2/NPT.mdp,54141caa95e3efbe37a437737a6bb0faf88059f4e8d1e0933e0ba6e9f5fb856f,byte_exact_copy; identity_based_path_rename_content_unchanged
01_simulation/configurations/mdp/FoCut5a/L20/tail/rep01/NPT.mdp,2d4d6860da6e43aa043fa15d2a1142427d6d1526eea1025c91813146371e51d9,AutoProPET source snapshot (not a runtime path),Paper/PETase_Manuscript_2026/public_release/inputs/mdp/Pro00075__PET_L20__tail-side__r1/NPT.mdp,55e8e8376ff202df210afd46e5d3e7a0c22b0a4dec821c54f13205b90ca89153,byte_exact_copy; identity_based_path_rename_content_unchanged
01_simulation/configurations/mdp/HiC/L20/bi/rep03/MD.mdp,ec89c31e7efd2411df349673da8970b529c509d4063abae03430ab920ec7005d,AutoProPET source snapshot (not a runtime path),Paper/PETase_Manuscript_2026/public_release/inputs/mdp/Pro00121__PET_L20__bidirectional__r3/MD.mdp,572ec10094034ddadfbf92e278a216312f88994de5a8f48bf263c9a0b7844896,byte_exact_copy; identity_based_path_rename_content_unchanged
01_simulation/configurations/mdp/HiC/L10/head/rep03/NVT.mdp,ae3211f95d259b15bca2ddcf52cd4984e22a6fdb35e508c5261a0747a3f81299,AutoProPET source snapshot (not a runtime path),Paper/PETase_Manuscript_2026/public_release/inputs/mdp/Pro00121__PET_L10__head-side__r3/NVT.mdp,575157c1154540dfbee878cf0e0b4d72846352b708a02666c2527c07c9e7e149,byte_exact_copy; identity_based_path_rename_content_unchanged
01_simulation/configurations/mdp/FoCut5a/L20/bi/rep03/NVT.mdp,d53c17cf3c8433342982e48a339e9b14179408b6356fc9bb2efdda5eae83f4eb,AutoProPET source snapshot (not a runtime path),Paper/PETase_Manuscript_2026/public_release/inputs/mdp/Pro00075__PET_L20__bidirectional__r3/NVT.mdp,58025b963e161d1ca048e826050ef013f89d7f61f994e563e16655fa9ea6096f,byte_exact_copy; identity_based_path_rename_content_unchanged
01_simulation/configurations/mdp/HiC/L20/bi/rep01/NVT.mdp,7e07b33c8a405e25f40f1879aedeec4c40651367b4ecb03ae931d0ad2b13d5c5,AutoProPET source snapshot (not a runtime path),Paper/PETase_Manuscript_2026/public_release/inputs/mdp/Pro00121__PET_L20__bidirectional__r1/NVT.mdp,58c4be17aa47e86f7cc1518fa3b007bcced4d02f59a4973526e52fcd6f06ea70,byte_exact_copy; identity_based_path_rename_content_unchanged
01_simulation/configurations/mdp/LCC/L20/bi/rep02/MD.mdp,64b6e24bc4bfa6f5d82383dad3f4a3720f680c76b38c8a87d08f66bcfb19fa78,AutoProPET source snapshot (not a runtime path),Paper/PETase_Manuscript_2026/public_release/inputs/mdp/Pro00062__PET_L20__bidirectional__r2/MD.mdp,59d6a5179a9859106ec196af15383e7a969040696374009b940c646d9eb27562,byte_exact_copy; identity_based_path_rename_content_unchanged
01_simulation/configurations/mdp/FoCut5a/L20/bi/rep01/MD.mdp,7083e710cca9f68733f824925d27050c931e6ab6db4e2c5247b64e5f6853c554,AutoProPET source snapshot (not a runtime path),Paper/PETase_Manuscript_2026/public_release/inputs/mdp/Pro00075__PET_L20__bidirectional__r1/MD.mdp,5ade9f68b9812b17b2a631a2978add2181a9b86dd33ef70bdb20cf6d9e5d453c,byte_exact_copy; identity_based_path_rename_content_unchanged
01_simulation/configurations/mdp/IsPETase/L4/single/rep01/MD.mdp,5d0c94da80079efcb8b2012ff526455296688c91b602a29b358bede0180ab871,AutoProPET source snapshot (not a runtime path),Paper/PETase_Manuscript_2026/public_release/inputs/mdp/Pro00083__PET_L4__single__r1/MD.mdp,5b0486d864f19bc29589bf0bca31e7cc2bf7385cc061ebd31be14ad2d16ff50b,byte_exact_copy; identity_based_path_rename_content_unchanged
01_simulation/configurations/mdp/IsPETase/L10/tail/rep01/NVT.mdp,07da4ddbd073b14169a7b0734678d04a604da8595215efc842bcc0e78161e3ce,AutoProPET source snapshot (not a runtime path),Paper/PETase_Manuscript_2026/public_release/inputs/mdp/Pro00083__PET_L10__tail-side__r1/NVT.mdp,5b67eed255999f87e4f35db3ef73349ba7ec5abe480c59f5af5ee386518d8ab3,byte_exact_copy; identity_based_path_rename_content_unchanged
01_simulation/configurations/mdp/IsPETase/L4/single/rep02/NPT.mdp,0cd0da80c972bd6f11fcb9acc2687b6ed28802234958f992b2f9c4d44a9593c1,AutoProPET source snapshot (not a runtime path),Paper/PETase_Manuscript_2026/public_release/inputs/mdp/Pro00083__PET_L4__single__r2/NPT.mdp,5c1c09e85efe2ee829bf2f6aecf0e991354d131c1c1bb9a7831241c34094944e,byte_exact_copy; identity_based_path_rename_content_unchanged
01_simulation/configurations/mdp/PHL7/L20/head/rep01/MD.mdp,23b3e783071290018689fb6f025370d08993d2495e7aa475cbff9740b4132683,AutoProPET source snapshot (not a runtime path),Paper/PETase_Manuscript_2026/public_release/inputs/mdp/Pro00137__PET_L20__head-side__r1/MD.mdp,5d2c93efaee01ecda35306741a25fad637825ce9945c47676527585a696131fa,byte_exact_copy; identity_based_path_rename_content_unchanged
01_simulation/configurations/mdp/IsPETase/L20/head/rep01/MD.mdp,22df8921897acaebb91a5ef2fed468290cc825447a8e7ffbee99fea87a6cf683,AutoProPET source snapshot (not a runtime path),Paper/PETase_Manuscript_2026/public_release/inputs/mdp/Pro00083__PET_L20__head-side__r1/MD.mdp,5d6c221ecc60cba48823d76f6146896eef44f95babf9244bfa28245ff445e003,byte_exact_copy; identity_based_path_rename_content_unchanged
01_simulation/configurations/mdp/IsPETase/L20/bi/rep02/NVT.mdp,4a50475c7b8e77b46edc19415017bab1854828ff099ef79ed51d2f23e7350d49,AutoProPET source snapshot (not a runtime path),Paper/PETase_Manuscript_2026/public_release/inputs/mdp/Pro00083__PET_L20__bidirectional__r2/NVT.mdp,5e5b50ed79a1764bb4348456df076d8cd9e88ee66fc163eeba67adcc3b53b0a7,byte_exact_copy; identity_based_path_rename_content_unchanged
01_simulation/configurations/mdp/FoCut5a/L10/head/rep02/NVT.mdp,5139c7a760c5ce9673ee3153e40c57e16491f9fa1875a9d10871dd9e487b5715,AutoProPET source snapshot (not a runtime path),Paper/PETase_Manuscript_2026/public_release/inputs/mdp/Pro00075__PET_L10__head-side__r2/NVT.mdp,5ee44118b2d0c555c548b4d09368e0fd60e85b4c6010a9dfca0885376d7f969b,byte_exact_copy; identity_based_path_rename_content_unchanged
01_simulation/configurations/mdp/HiC/L10/head/rep03/MD.mdp,0556be5f31a393c3718a4586cd30ad1e59ecec66e1ceeb4b53c85100b972c7dc,AutoProPET source snapshot (not a runtime path),Paper/PETase_Manuscript_2026/public_release/inputs/mdp/Pro00121__PET_L10__head-side__r3/MD.mdp,61d9df351ba42296f2602ff2ca9a6bc0a0a69ebe61a21c817d86e6d151bd38bf,byte_exact_copy; identity_based_path_rename_content_unchanged
01_simulation/configurations/mdp/LCC/L10/tail/rep03/NVT.mdp,31ab2d2504bc29486ae1b418f7bad2d2134d032eb1fe1ae35e337e8577bf4a91,AutoProPET source snapshot (not a runtime path),Paper/PETase_Manuscript_2026/public_release/inputs/mdp/Pro00062__PET_L10__tail-side__r3/NVT.mdp,63c678844c3a76c98679608e7d8bdad25af81f229603f564f8984781dd7fdda3,byte_exact_copy; identity_based_path_rename_content_unchanged
01_simulation/configurations/mdp/TfCut1/L4/single/rep03/MD.mdp,5a576efeb27d62dea7c37d0b2c0b564595581d969ba95de8c9cc96af24a343fe,AutoProPET source snapshot (not a runtime path),Paper/PETase_Manuscript_2026/public_release/inputs/mdp/Pro00057__PET_L4__single__r3/MD.mdp,6493c42801ebf7002f446e5aa1f21b22985ebbd16516bd1333bc7acf4a836616,byte_exact_copy; identity_based_path_rename_content_unchanged
01_simulation/configurations/mdp/PHL7/L10/bi/rep01/NVT.mdp,71a0ddcd80717b856119eba0ce1a3e391a7ec28b2cb6406d80ce6953abe2153a,AutoProPET source snapshot (not a runtime path),Paper/PETase_Manuscript_2026/public_release/inputs/mdp/Pro00137__PET_L10__bidirectional__r1/NVT.mdp,653b99106fa63118f6dd25bee204f6504e3a9f16cc7f112ee2030029ad35ef0a,byte_exact_copy; identity_based_path_rename_content_unchanged
01_simulation/configurations/mdp/PHL7/L20/head/rep03/NPT.mdp,405d1ff4c1b59766d08a4f2cdd7252cf17398f668e0f1a2b3e216226feffdc60,AutoProPET source snapshot (not a runtime path),Paper/PETase_Manuscript_2026/public_release/inputs/mdp/Pro00137__PET_L20__head-side__r3/NPT.mdp,662b302f8591e8553998176613568f99273f4085d6581ac916712d8ec6c569bf,byte_exact_copy; identity_based_path_rename_content_unchanged
01_simulation/configurations/mdp/TfCut1/L10/bi/rep02/NVT.mdp,b442e1102a5cd50a498e823dd5495b8464f0ccaf6e93b610aef599329d333f4a,AutoProPET source snapshot (not a runtime path),Paper/PETase_Manuscript_2026/public_release/inputs/mdp/Pro00057__PET_L10__bidirectional__r2/NVT.mdp,668fea7cac14cba436d31fa0d3d6dbb5ed90d020b31a46aa929a1de110e9c31b,byte_exact_copy; identity_based_path_rename_content_unchanged
01_simulation/configurations/mdp/LCC/L10/tail/rep02/MD.mdp,b388cfc7dfe3acb93b08fcc0a93a48acb61569c55950d9bba1c8f48f935d4cfe,AutoProPET source snapshot (not a runtime path),Paper/PETase_Manuscript_2026/public_release/inputs/mdp/Pro00062__PET_L10__tail-side__r2/MD.mdp,678cd2940b4636c7745d187b7ed1d7450523a237388b9adebcc63cd0cc9ff627,byte_exact_copy; identity_based_path_rename_content_unchanged
01_simulation/configurations/mdp/IsPETase/L10/tail/rep01/NPT.mdp,d52a246898dd1ba830f0e48b6a37b5885d80b835e88ee335a3166bc0ec2f747e,AutoProPET source snapshot (not a runtime path),Paper/PETase_Manuscript_2026/public_release/inputs/mdp/Pro00083__PET_L10__tail-side__r1/NPT.mdp,67b3d7adc33997bd23fd83280c70b50b64b24c5475ff0045072c6646b1dcb428,byte_exact_copy; identity_based_path_rename_content_unchanged
01_simulation/configurations/mdp/TfCut1/L20/tail/rep03/NPT.mdp,9587a349feb38ef2a8e26265d930bef22eeeed989e2e1926c95a6d1dabba87b5,AutoProPET source snapshot (not a runtime path),Paper/PETase_Manuscript_2026/public_release/inputs/mdp/Pro00057__PET_L20__tail-side__r3/NPT.mdp,67f4008389f49c39ca04bab33f9ca4849f76c30f43736a42559d864d1a232d34,byte_exact_copy; identity_based_path_rename_content_unchanged
01_simulation/configurations/mdp/IsPETase/L20/head/rep01/NPT.mdp,f290ce0046869508d918fed53ae4b5f88e7f5060f781140f21d04cf25fdd4404,AutoProPET source snapshot (not a runtime path),Paper/PETase_Manuscript_2026/public_release/inputs/mdp/Pro00083__PET_L20__head-side__r1/NPT.mdp,681f4303d9378b0cc382dbd8d09c2fb14ce7ec5a6844fccc42423a97e3bd8fae,byte_exact_copy; identity_based_path_rename_content_unchanged
01_simulation/configurations/mdp/IsPETase/L10/bi/rep01/NPT.mdp,f3e2076afe0caa9c0f9f0490e19f0c2d63f98e471de197c60f11d0d07b0599d4,AutoProPET source snapshot (not a runtime path),Paper/PETase_Manuscript_2026/public_release/inputs/mdp/Pro00083__PET_L10__bidirectional__r1/NPT.mdp,68762be2b56067eef736a862f077af95a40abb7efc7a73fc3f2494a27fe0280a,byte_exact_copy; identity_based_path_rename_content_unchanged
01_simulation/configurations/mdp/FoCut5a/L20/tail/rep01/NVT.mdp,0577ffa8bbb0627094e35ecc133f5ce117a86c9ce3355a750d61082a2f17a846,AutoProPET source snapshot (not a runtime path),Paper/PETase_Manuscript_2026/public_release/inputs/mdp/Pro00075__PET_L20__tail-side__r1/NVT.mdp,68c8a7bc551bd908f0c741698b564f48b8b65553e2ecaac8ea25e703f91495a7,byte_exact_copy; identity_based_path_rename_content_unchanged
01_simulation/configurations/mdp/HiC/L10/head/rep02/MD.mdp,8a8ca4a85d5fa2dc909ace0ed8afb2bae9b8a7ccd5e8c7ba74f318acd9ac8172,AutoProPET source snapshot (not a runtime path),Paper/PETase_Manuscript_2026/public_release/inputs/mdp/Pro00121__PET_L10__head-side__r2/MD.mdp,68d29ce52d6a0d422d3e8a539d3d5b35c62433723e95f0bb6ab3c061333200ba,byte_exact_copy; identity_based_path_rename_content_unchanged
01_simulation/configurations/mdp/HiC/L20/head/rep03/NVT.mdp,c85b3878a0be1c461bb7ce15017a2140a65cdc84d0c2f409c24f8f62cc398e0e,AutoProPET source snapshot (not a runtime path),Paper/PETase_Manuscript_2026/public_release/inputs/mdp/Pro00121__PET_L20__head-side__r3/NVT.mdp,69eda0d578024db603d9d1185324f0896c1b26b62c66423b803805b6b0d13a59,byte_exact_copy; identity_based_path_rename_content_unchanged
01_simulation/configurations/mdp/LCC/L10/head/rep02/MD.mdp,c78601c3e134bf8141c593c7bfc252e0a9c7589628a88e3e63dbea7a40cc6952,AutoProPET source snapshot (not a runtime path),Paper/PETase_Manuscript_2026/public_release/inputs/mdp/Pro00062__PET_L10__head-side__r2/MD.mdp,6a07d731b4cbade472bc855a5a2e9a063f1a5864538786a33ec10377e46fbceb,byte_exact_copy; identity_based_path_rename_content_unchanged
01_simulation/configurations/mdp/LCC/L20/bi/rep03/MD.mdp,30f68ec5c21e654abecb74c0d2b8360c122394071d82a1aa20999f21ec858de1,AutoProPET source snapshot (not a runtime path),Paper/PETase_Manuscript_2026/public_release/inputs/mdp/Pro00062__PET_L20__bidirectional__r3/MD.mdp,6a349f95efb36ec310293feec94e6f5eb83823cf7e541eec06c25e3f36f95058,byte_exact_copy; identity_based_path_rename_content_unchanged
01_simulation/configurations/mdp/IsPETase/L20/bi/rep03/NPT.mdp,ff3c04600754c8a960fd0bdcad4a5acc2cbfa668f3dbf4ef110717a0feb8b4ee,AutoProPET source snapshot (not a runtime path),Paper/PETase_Manuscript_2026/public_release/inputs/mdp/Pro00083__PET_L20__bidirectional__r3/NPT.mdp,6b2b35dd31a99aaaac014a321cc3357642fcb5b3d1dd3e033d4eebf2c352de45,byte_exact_copy; identity_based_path_rename_content_unchanged
01_simulation/configurations/mdp/FoCut5a/L10/tail/rep03/MD.mdp,13a6ee48d58a0fc5b713b16b4b0502935b7ad902ecc6efd85019f922c4debb23,AutoProPET source snapshot (not a runtime path),Paper/PETase_Manuscript_2026/public_release/inputs/mdp/Pro00075__PET_L10__tail-side__r3/MD.mdp,6b6d7f9e94721c9d651c11194e2ff27c208b4f4a2e8769ffedfacbc85dfdb14c,byte_exact_copy; identity_based_path_rename_content_unchanged
01_simulation/configurations/mdp/IsPETase/L10/tail/rep02/NVT.mdp,f3f76b93d9ef4cd8bb663b9d70c9132ed166464142266dac88fff1d01bab2ead,AutoProPET source snapshot (not a runtime path),Paper/PETase_Manuscript_2026/public_release/inputs/mdp/Pro00083__PET_L10__tail-side__r2/NVT.mdp,6bd432b648c00e44af54439f4c915a4b5c23f4dce28fecadd4c58f95eb12df43,byte_exact_copy; identity_based_path_rename_content_unchanged
01_simulation/configurations/mdp/IsPETase/L20/tail/rep01/NPT.mdp,5ed005c87242969db6d2aa6545fa739803975940441628c5a2cbce304df67fd1,AutoProPET source snapshot (not a runtime path),Paper/PETase_Manuscript_2026/public_release/inputs/mdp/Pro00083__PET_L20__tail-side__r1/NPT.mdp,6c30e7b5c7d3d0b050f9e9421871a41aaa84f87aa3b5ef59bed910e3b05a6cca,byte_exact_copy; identity_based_path_rename_content_unchanged
01_simulation/configurations/mdp/PHL7/L10/tail/rep01/NVT.mdp,b6b471bd10ef9845eef8844587675cb3b79bbd2e21690d9860f19bf8cce90360,AutoProPET source snapshot (not a runtime path),Paper/PETase_Manuscript_2026/public_release/inputs/mdp/Pro00137__PET_L10__tail-side__r1/NVT.mdp,6c39462c5863c5fcb41dbd9ea83c55ce53fbed6f91e8d2e973aa690c0815f26d,byte_exact_copy; identity_based_path_rename_content_unchanged
01_simulation/configurations/mdp/TfCut1/L10/bi/rep01/NPT.mdp,d87c16267b9f4bb07cc44bd60edd5dde1ec9f2dac1551509fad2755c3da758a8,AutoProPET source snapshot (not a runtime path),Paper/PETase_Manuscript_2026/public_release/inputs/mdp/Pro00057__PET_L10__bidirectional__r1/NPT.mdp,6c6dd77e196e06592871003402642c9da9ef4963ac9d7b465bb20c35bec60c67,byte_exact_copy; identity_based_path_rename_content_unchanged
01_simulation/configurations/mdp/HiC/L4/single/rep03/NPT.mdp,acfe8918e02a85f039d2a4f0d06b87c639d1d8857067a552bebfa19fb14f4287,AutoProPET source snapshot (not a runtime path),Paper/PETase_Manuscript_2026/public_release/inputs/mdp/Pro00121__PET_L4__single__r3/NPT.mdp,6c85d5920110bef88bbadf48b915b3315ed9ae98432cad3fe567df21e949b8af,byte_exact_copy; identity_based_path_rename_content_unchanged
01_simulation/configurations/mdp/FoCut5a/L10/head/rep03/NPT.mdp,bc4896198d59fcb54483902fc9585d3e3d8fe1c9b9dc0e2490c3341d5246e56b,AutoProPET source snapshot (not a runtime path),Paper/PETase_Manuscript_2026/public_release/inputs/mdp/Pro00075__PET_L10__head-side__r3/NPT.mdp,6cca0e2e83d2cadff46578b3a2b4cf3d365e1ad4e5937d5a21faf4b997bcde1f,byte_exact_copy; identity_based_path_rename_content_unchanged
01_simulation/configurations/mdp/LCC/L10/bi/rep01/NVT.mdp,3e0aabd303a9070f3d3878bab0b431b893279b34abe0134f3da6760bc18a24ad,AutoProPET source snapshot (not a runtime path),Paper/PETase_Manuscript_2026/public_release/inputs/mdp/Pro00062__PET_L10__bidirectional__r1/NVT.mdp,6d44c165a8716c4656fe6de6b7e82c84f498c0ae845c3c0fe7a8e136018bf784,byte_exact_copy; identity_based_path_rename_content_unchanged
01_simulation/configurations/mdp/LCC/L10/bi/rep03/NPT.mdp,5cac93c0d38302bea51f8ed588b387879f89ea76043239d21fd90dce69ca861f,AutoProPET source snapshot (not a runtime path),Paper/PETase_Manuscript_2026/public_release/inputs/mdp/Pro00062__PET_L10__bidirectional__r3/NPT.mdp,6dc3731e37a40bcc8ca5f560e9f49df42a7a376a58c89d50a952a177da0c4e7f,byte_exact_copy; identity_based_path_rename_content_unchanged
01_simulation/configurations/mdp/FoCut5a/L4/single/rep01/MD.mdp,08183421f8e0b5f3108b2ca00265265c13a987ef7fb9a78699c4132be1f6fa3b,AutoProPET source snapshot (not a runtime path),Paper/PETase_Manuscript_2026/public_release/inputs/mdp/Pro00075__PET_L4__single__r1/MD.mdp,6e5f21616d8482f55ab73d7b0b2e045cdc9b4d991f7b0976ad79c47dc9c334e3,byte_exact_copy; identity_based_path_rename_content_unchanged
01_simulation/configurations/mdp/LCC/L20/head/rep02/NVT.mdp,2c5902f65568d02e26ce5ba5e8ac7568c12128ee8c9c2a1a706e76610a63cd45,AutoProPET source snapshot (not a runtime path),Paper/PETase_Manuscript_2026/public_release/inputs/mdp/Pro00062__PET_L20__head-side__r2/NVT.mdp,6eb747d4e1b8dcbde8efda6aa0ff41d413210f6d3f2f24e0deab8bc1b1b01c02,byte_exact_copy; identity_based_path_rename_content_unchanged
01_simulation/configurations/mdp/PHL7/L20/tail/rep03/NVT.mdp,ce927808e577ba1672673c4fcf4ba38efb06de85e7f684c8661b25ab90f8dd81,AutoProPET source snapshot (not a runtime path),Paper/PETase_Manuscript_2026/public_release/inputs/mdp/Pro00137__PET_L20__tail-side__r3/NVT.mdp,6f819ffc974180e096bc9f9b78f3c9682aed48cde856e0ccabbd6b45da427add,byte_exact_copy; identity_based_path_rename_content_unchanged
01_simulation/configurations/mdp/PHL7/L10/tail/rep03/MD.mdp,fc2e27a9c83bb4445977064d89b3fa56c46cf4a620db17fea1c87e002d730034,AutoProPET source snapshot (not a runtime path),Paper/PETase_Manuscript_2026/public_release/inputs/mdp/Pro00137__PET_L10__tail-side__r3/MD.mdp,6fa0236c6dd6fd0e6e085259dd620845c50a5e77148bceaa4fef25cc4d44665f,byte_exact_copy; identity_based_path_rename_content_unchanged
01_simulation/configurations/mdp/FoCut5a/L20/tail/rep03/MD.mdp,bcbc84217063a7d2b245c37a38f0558d55435e523f6339c49125aa31ac3036bf,AutoProPET source snapshot (not a runtime path),Paper/PETase_Manuscript_2026/public_release/inputs/mdp/Pro00075__PET_L20__tail-side__r3/MD.mdp,6fc9f0948186e0188c82d0a3c385225400abaf388ddc60b3b12ce10d3ddab266,byte_exact_copy; identity_based_path_rename_content_unchanged
01_simulation/configurations/mdp/FoCut5a/L10/tail/rep01/NVT.mdp,fdc31eab8e6283c51837f662a63bb91f8e39240f7d7dbe929d7550a19fa1df5e,AutoProPET source snapshot (not a runtime path),Paper/PETase_Manuscript_2026/public_release/inputs/mdp/Pro00075__PET_L10__tail-side__r1/NVT.mdp,7067a201ff15084a20612e82351766363c7b12dbf119e27c6f396564ed0b2fa3,byte_exact_copy; identity_based_path_rename_content_unchanged
01_simulation/configurations/mdp/IsPETase/L20/tail/rep02/NVT.mdp,199c1ac3fe3e465481cee209d66a18b5ad1e9a3a311b48658f9e2cec412c98ae,AutoProPET source snapshot (not a runtime path),Paper/PETase_Manuscript_2026/public_release/inputs/mdp/Pro00083__PET_L20__tail-side__r2/NVT.mdp,7130470ae8d89ddac6f54a23fdbd7eafc89dbe233c7b45b23de132a27dd5798e,byte_exact_copy; identity_based_path_rename_content_unchanged
01_simulation/configurations/mdp/HiC/L20/tail/rep01/MD.mdp,08698d85a4d9c791566fbd2a68b050da11e43b07fd32d0ed4847bae0228fa954,AutoProPET source snapshot (not a runtime path),Paper/PETase_Manuscript_2026/public_release/inputs/mdp/Pro00121__PET_L20__tail-side__r1/MD.mdp,71e06266470850903d8e0123a25974603a00719951bddcbe325cb13e7e6b0be1,byte_exact_copy; identity_based_path_rename_content_unchanged
01_simulation/configurations/mdp/IsPETase/L10/bi/rep01/MD.mdp,86ee1e9644feec6a37acd1acae700679b489d2694d8a7f3e25da0647b02b4961,AutoProPET source snapshot (not a runtime path),Paper/PETase_Manuscript_2026/public_release/inputs/mdp/Pro00083__PET_L10__bidirectional__r1/MD.mdp,72365b56cdc0dc5458b0ec4d43fdb2c0f9aeca654a9a9719074460840bc2af6c,byte_exact_copy; identity_based_path_rename_content_unchanged
01_simulation/configurations/mdp/IsPETase/L20/tail/rep01/NVT.mdp,e3c2950a0695ac21910721fca562636f6af1fdefb432af4b30362e5c09a4d5b7,AutoProPET source snapshot (not a runtime path),Paper/PETase_Manuscript_2026/public_release/inputs/mdp/Pro00083__PET_L20__tail-side__r1/NVT.mdp,72f0c72949ff722394b7cbfe2ffdc7bf3cca0e1b9c37ff1b24e426b383100ee6,byte_exact_copy; identity_based_path_rename_content_unchanged
01_simulation/configurations/mdp/FoCut5a/L20/head/rep02/NPT.mdp,8acdc57ca541b3fd5109178d0f7a7d1b06a5abec5aeebeab035026d7fabf08a8,AutoProPET source snapshot (not a runtime path),Paper/PETase_Manuscript_2026/public_release/inputs/mdp/Pro00075__PET_L20__head-side__r2/NPT.mdp,73b0c3d43426e167c51f7a7a7ed80a72e47185d827166b322d0712daa33540e5,byte_exact_copy; identity_based_path_rename_content_unchanged
01_simulation/configurations/mdp/IsPETase/L20/head/rep02/NVT.mdp,f1289d4b3034fda20e9d4e0326bc5a8cd5ac606b1a48f0edaaf0f9ec63f45d94,AutoProPET source snapshot (not a runtime path),Paper/PETase_Manuscript_2026/public_release/inputs/mdp/Pro00083__PET_L20__head-side__r2/NVT.mdp,73bbbbcd9507145f775f5e538d3c212395d2b8b4dcaefb944bacf607a11183cc,byte_exact_copy; identity_based_path_rename_content_unchanged
01_simulation/configurations/mdp/TfCut1/L4/single/rep02/NPT.mdp,e7013dff06d465a70fceb5cc7feb715410d8672c0724431dc4a387e40f412cf6,AutoProPET source snapshot (not a runtime path),Paper/PETase_Manuscript_2026/public_release/inputs/mdp/Pro00057__PET_L4__single__r2/NPT.mdp,7479ba44523462d806e7a78e575ce5c3ce4eae9eeb148c19e7554524aa487c25,byte_exact_copy; identity_based_path_rename_content_unchanged
01_simulation/configurations/mdp/TfCut1/L10/head/rep02/MD.mdp,69d0c09e0bdee18875ae92288dc08be150ac900fa3594ff789922b871c15169b,AutoProPET source snapshot (not a runtime path),Paper/PETase_Manuscript_2026/public_release/inputs/mdp/Pro00057__PET_L10__head-side__r2/MD.mdp,74e998abe52c7a84da498ecf953f0d4f6532377936f0c110e5f2130811a4fcd2,byte_exact_copy; identity_based_path_rename_content_unchanged
01_simulation/configurations/mdp/LCC/L20/tail/rep03/MD.mdp,f7aaa854a3d544738f8c2ef0c8928839ce4cc3cbc6bfcaade2411e2f8fc8bb06,AutoProPET source snapshot (not a runtime path),Paper/PETase_Manuscript_2026/public_release/inputs/mdp/Pro00062__PET_L20__tail-side__r3/MD.mdp,75fec4d0be682af1881c2644d88dbdb04bd933c3f9d2d2c93779b3e8df4fc05a,byte_exact_copy; identity_based_path_rename_content_unchanged
01_simulation/configurations/mdp/TfCut1/L20/bi/rep02/MD.mdp,8e9c5942621e3812b4805584e4a83a0a011ec3c0e9de2e72ce27d541962c4732,AutoProPET source snapshot (not a runtime path),Paper/PETase_Manuscript_2026/public_release/inputs/mdp/Pro00057__PET_L20__bidirectional__r2/MD.mdp,767c24e56228385caffde282dd456fe797b5f0d9a8f2b7034684494950c77536,byte_exact_copy; identity_based_path_rename_content_unchanged
01_simulation/configurations/mdp/TfCut1/L10/head/rep01/MD.mdp,53f23102a6827e20d55a5c677e0105877649195b8f8d675c379590a24ad6e242,AutoProPET source snapshot (not a runtime path),Paper/PETase_Manuscript_2026/public_release/inputs/mdp/Pro00057__PET_L10__head-side__r1/MD.mdp,77cf9b9a219a6090c4d0fe28618ed7ee864a7270b6d4b16e3f731c2d92ea1040,byte_exact_copy; identity_based_path_rename_content_unchanged
01_simulation/configurations/mdp/LCC/L4/single/rep02/MD.mdp,9b523ae58cdddccd9419cd4182de79ff433aa8892fb62ee50996f81964d37952,AutoProPET source snapshot (not a runtime path),Paper/PETase_Manuscript_2026/public_release/inputs/mdp/Pro00062__PET_L4__single__r2/MD.mdp,78554a85c99486eb9960f03c6d69ff479668f3f58a2f72511f2a9c2aae42bccb,byte_exact_copy; identity_based_path_rename_content_unchanged
01_simulation/configurations/mdp/FoCut5a/L10/bi/rep01/MD.mdp,3da6af12633204edb942d65e1b3a44f1cc4e9936c9b2719fff55d58c77961c09,AutoProPET source snapshot (not a runtime path),Paper/PETase_Manuscript_2026/public_release/inputs/mdp/Pro00075__PET_L10__bidirectional__r1/MD.mdp,78ca949410fdf90b74a201c41f58da098867d36b0ad5e99a05d1368211b7d8e2,byte_exact_copy; identity_based_path_rename_content_unchanged
01_simulation/configurations/mdp/TfCut1/L10/bi/rep03/NPT.mdp,59b7ba896f24c4af72ae406e078c0261f1e0c4628c5a17489a82da79a1c3bdf1,AutoProPET source snapshot (not a runtime path),Paper/PETase_Manuscript_2026/public_release/inputs/mdp/Pro00057__PET_L10__bidirectional__r3/NPT.mdp,79a4d648982abfa6462883f7e4bb92b46dc52cae076f30532b483da27d040996,byte_exact_copy; identity_based_path_rename_content_unchanged
01_simulation/configurations/mdp/FoCut5a/L10/tail/rep01/NPT.mdp,5e295249292148c607f30a01a0974d910f37a40276572f1dadf22e067c62e96f,AutoProPET source snapshot (not a runtime path),Paper/PETase_Manuscript_2026/public_release/inputs/mdp/Pro00075__PET_L10__tail-side__r1/NPT.mdp,79f0a4171242d17f668c1521c8503088c70ea0255bb80f69df0279f13b9350a8,byte_exact_copy; identity_based_path_rename_content_unchanged
01_simulation/configurations/mdp/TfCut1/L20/bi/rep03/NPT.mdp,b8df06c4be55a0134ed1d3bf0a94e23b71ce223332d489cb27fdf6bdc9b5ff25,AutoProPET source snapshot (not a runtime path),Paper/PETase_Manuscript_2026/public_release/inputs/mdp/Pro00057__PET_L20__bidirectional__r3/NPT.mdp,7adeba3e57a6e75ab298050fa979328aa96e548776d397836b3e91104aa68962,byte_exact_copy; identity_based_path_rename_content_unchanged
01_simulation/configurations/mdp/LCC/L10/bi/rep02/NVT.mdp,a4fab6afafa42887abea7f614ba8f0c44f3ebaa5690337736594de9ceca26ac8,AutoProPET source snapshot (not a runtime path),Paper/PETase_Manuscript_2026/public_release/inputs/mdp/Pro00062__PET_L10__bidirectional__r2/NVT.mdp,7ae34a786b0ff26fed786d2a9b05f807142551534a17eb91dc84550ddf17ed48,byte_exact_copy; identity_based_path_rename_content_unchanged
01_simulation/configurations/mdp/TfCut1/L20/bi/rep01/NVT.mdp,66abeab7041f119b2cbed113d6f3bfd0f5747bcba5c1533183609b0b61f18ae8,AutoProPET source snapshot (not a runtime path),Paper/PETase_Manuscript_2026/public_release/inputs/mdp/Pro00057__PET_L20__bidirectional__r1/NVT.mdp,7ae3e01eae359284a395cb43f0027cd0315f4f5ac90bfcfce2fb98c0dad83704,byte_exact_copy; identity_based_path_rename_content_unchanged
01_simulation/configurations/mdp/TfCut1/L10/tail/rep01/MD.mdp,ace447c48b380a5ec2e910a08508170f89ed0df65cd86653bb4a4e1487658e41,AutoProPET source snapshot (not a runtime path),Paper/PETase_Manuscript_2026/public_release/inputs/mdp/Pro00057__PET_L10__tail-side__r1/MD.mdp,7c654009876d5cf41d939e98221ef9d2c765d7ff2f969543d39c7c3399775c4a,byte_exact_copy; identity_based_path_rename_content_unchanged
01_simulation/configurations/mdp/HiC/L10/head/rep02/NPT.mdp,eade942f8c458ff9357539cc770193721afdeeca7103ec58d09d533153a0b5db,AutoProPET source snapshot (not a runtime path),Paper/PETase_Manuscript_2026/public_release/inputs/mdp/Pro00121__PET_L10__head-side__r2/NPT.mdp,7cf612e492974c4232849510555eb62549f66ffa54b1da50f1ae0d74959d1384,byte_exact_copy; identity_based_path_rename_content_unchanged
01_simulation/configurations/mdp/TfCut1/L10/tail/rep02/MD.mdp,869769f834e97728368271abc8b8ce3a6129f72e185192812479f6872b4b3994,AutoProPET source snapshot (not a runtime path),Paper/PETase_Manuscript_2026/public_release/inputs/mdp/Pro00057__PET_L10__tail-side__r2/MD.mdp,7d4be652f655dd064e39f3350198eb6de0082890f5ffd7bc3f63c0cf9de90600,byte_exact_copy; identity_based_path_rename_content_unchanged
01_simulation/configurations/mdp/LCC/L4/single/rep03/NVT.mdp,fd82efc87c3de96121351ce3fafdb159057dd4d2cbd7272c929a8347e7ff8b8f,AutoProPET source snapshot (not a runtime path),Paper/PETase_Manuscript_2026/public_release/inputs/mdp/Pro00062__PET_L4__single__r3/NVT.mdp,7dba8ffb7cef9605822e8edbc74f6d3f46562a1e526dd14a01e5ee4807d98ea7,byte_exact_copy; identity_based_path_rename_content_unchanged
01_simulation/configurations/mdp/LCC/L20/head/rep03/NVT.mdp,938960bd521b52394e7cfa0ad6b004f08e718e4413faebe9c35e5d95ce3f4c24,AutoProPET source snapshot (not a runtime path),Paper/PETase_Manuscript_2026/public_release/inputs/mdp/Pro00062__PET_L20__head-side__r3/NVT.mdp,7e770407ba62eda584821b9f4ce7c4178b8c1be33d4de8a8ce9f702da6c79ed9,byte_exact_copy; identity_based_path_rename_content_unchanged
01_simulation/configurations/mdp/IsPETase/L10/head/rep01/MD.mdp,29b2f9cbf198c832dde7162519ab96a419663e498079e8e41c46d36db77adac0,AutoProPET source snapshot (not a runtime path),Paper/PETase_Manuscript_2026/public_release/inputs/mdp/Pro00083__PET_L10__head-side__r1/MD.mdp,7e9e31ed5d66f3a402d0be20c2178b28935aafd241d13b0cb68a13f6e75143a4,byte_exact_copy; identity_based_path_rename_content_unchanged
01_simulation/configurations/mdp/PHL7/L20/tail/rep03/NPT.mdp,429b245d1e4718041c3709c4314313dcbbaa1919316bf1f1401bf4edc8e93216,AutoProPET source snapshot (not a runtime path),Paper/PETase_Manuscript_2026/public_release/inputs/mdp/Pro00137__PET_L20__tail-side__r3/NPT.mdp,7edb43281414635092e0072b803637805843a1f0a0146abcb5c985dbe4dfea51,byte_exact_copy; identity_based_path_rename_content_unchanged
01_simulation/configurations/mdp/HiC/L20/head/rep03/NPT.mdp,4ca43f5148b2d52c604bc4f7d6d39bfaf80e4437f021b7ad963245d2575ec55d,AutoProPET source snapshot (not a runtime path),Paper/PETase_Manuscript_2026/public_release/inputs/mdp/Pro00121__PET_L20__head-side__r3/NPT.mdp,7f8ee193bc3e0e6a0e63b5854797bdc6ae753bee4782ca9fe9fb669a8c8c5dc4,byte_exact_copy; identity_based_path_rename_content_unchanged
01_simulation/configurations/mdp/PHL7/L10/head/rep03/NVT.mdp,a62c9767ecacfc210efc3edf38faf9de31e825f4ae837ba0c1d857b4997707b2,AutoProPET source snapshot (not a runtime path),Paper/PETase_Manuscript_2026/public_release/inputs/mdp/Pro00137__PET_L10__head-side__r3/NVT.mdp,81335381f935f1e09dfd3b028fc29c1e7f1b75ce0f61df9f6d2cebed1e35e3ac,byte_exact_copy; identity_based_path_rename_content_unchanged
01_simulation/configurations/mdp/PHL7/L20/bi/rep01/NVT.mdp,4957fa2d3bc22939f949a6839c02167db6f7d9be9d78a1565f0f3bb39a47a3e3,AutoProPET source snapshot (not a runtime path),Paper/PETase_Manuscript_2026/public_release/inputs/mdp/Pro00137__PET_L20__bidirectional__r1/NVT.mdp,81934e1785bffdfdae096f17fe5ba35c87822ee887440c1011550c248e7fd6f9,byte_exact_copy; identity_based_path_rename_content_unchanged
01_simulation/configurations/mdp/PHL7/L10/head/rep02/NVT.mdp,4e35b7e0ef78df7518822e0e6e4b1082407eac910da0c16b4c95c94198fa5155,AutoProPET source snapshot (not a runtime path),Paper/PETase_Manuscript_2026/public_release/inputs/mdp/Pro00137__PET_L10__head-side__r2/NVT.mdp,8193ff6f2466dc48f5a25c5c8c51eb5d4591afad17c393b692898e2dc0044c9d,byte_exact_copy; identity_based_path_rename_content_unchanged
01_simulation/configurations/mdp/HiC/L20/head/rep01/NPT.mdp,71104a85146403fbb6514b7b2aaa70d826cf1c8dc802c3c3c91abad8b9b1d723,AutoProPET source snapshot (not a runtime path),Paper/PETase_Manuscript_2026/public_release/inputs/mdp/Pro00121__PET_L20__head-side__r1/NPT.mdp,82852e5cfaafca5a8d8e5932c11fe1c9dbd866da0809ea852a97d583879ac5b1,byte_exact_copy; identity_based_path_rename_content_unchanged
01_simulation/configurations/mdp/HiC/L10/bi/rep02/NPT.mdp,90bc6798c9e1007589373d065845e6c876149aab21b597379d59babe3209ce5f,AutoProPET source snapshot (not a runtime path),Paper/PETase_Manuscript_2026/public_release/inputs/mdp/Pro00121__PET_L10__bidirectional__r2/NPT.mdp,82a7d57a27f7fe1e142b5a029a404c4f106b2f56612ed73f66ef3773605ebebb,byte_exact_copy; identity_based_path_rename_content_unchanged
01_simulation/configurations/mdp/IsPETase/L10/tail/rep03/MD.mdp,e3a1be0720eb2c06b19851a8e7245fa581a6461905e6e5a150f3f4d91afcbd91,AutoProPET source snapshot (not a runtime path),Paper/PETase_Manuscript_2026/public_release/inputs/mdp/Pro00083__PET_L10__tail-side__r3/MD.mdp,83a642a9d64d07cbd97dd5fb4ad64f4bde00736d9fc1737cef2f24a2747ad0c5,byte_exact_copy; identity_based_path_rename_content_unchanged
01_simulation/configurations/mdp/PHL7/L20/bi/rep01/NPT.mdp,afe90745b2329a3fde6ee656d96a9ac327cb9bc8a291e004b9e803dffab54ca8,AutoProPET source snapshot (not a runtime path),Paper/PETase_Manuscript_2026/public_release/inputs/mdp/Pro00137__PET_L20__bidirectional__r1/NPT.mdp,83d8c8a653dd25f8823193cdb23003fd3ca3e05095efde486de081d05fb45b39,byte_exact_copy; identity_based_path_rename_content_unchanged
01_simulation/configurations/mdp/HiC/L10/head/rep01/MD.mdp,67b6026b346dda3bc99462e4df9462f182c0864cdab38baf1f76e0752335a232,AutoProPET source snapshot (not a runtime path),Paper/PETase_Manuscript_2026/public_release/inputs/mdp/Pro00121__PET_L10__head-side__r1/MD.mdp,845e26a4c676676adfb14659fd314448346baba5cc1cf2a27050e00ef64016ea,byte_exact_copy; identity_based_path_rename_content_unchanged
01_simulation/configurations/mdp/FoCut5a/L10/bi/rep01/NPT.mdp,cb13dacae6d4804b2f9065e146300cc4beb9fb0b035d1254de6bf6d83c0a758a,AutoProPET source snapshot (not a runtime path),Paper/PETase_Manuscript_2026/public_release/inputs/mdp/Pro00075__PET_L10__bidirectional__r1/NPT.mdp,84d9cc21c2ab9a5563cd3a25404be3bf22c63c133d293bfde7a568ef122306ef,byte_exact_copy; identity_based_path_rename_content_unchanged
01_simulation/configurations/mdp/FoCut5a/L4/single/rep03/NVT.mdp,fd82efc87c3de96121351ce3fafdb159057dd4d2cbd7272c929a8347e7ff8b8f,AutoProPET source snapshot (not a runtime path),Paper/PETase_Manuscript_2026/public_release/inputs/mdp/Pro00075__PET_L4__single__r3/NVT.mdp,84dac626988f1dcec297ceb21655514e96db663cb2f98d0354ff8007156b2798,byte_exact_copy; identity_based_path_rename_content_unchanged
01_simulation/configurations/mdp/PHL7/L4/single/rep02/NVT.mdp,9e686f3e33d8aacd7e230c8f9632b25e07593c005c2e4599a8bfc03acaa72f53,AutoProPET source snapshot (not a runtime path),Paper/PETase_Manuscript_2026/public_release/inputs/mdp/Pro00137__PET_L4__single__r2/NVT.mdp,84db922d8aa0b0244ce9a2f2be0e34016719785f09c3ca4935fd34597c0c6413,byte_exact_copy; identity_based_path_rename_content_unchanged
01_simulation/configurations/mdp/PHL7/L10/bi/rep01/NPT.mdp,b0fcbd97abc8473b74f5ef0c318d7487d06877384051e48050059eeb9f2bda37,AutoProPET source snapshot (not a runtime path),Paper/PETase_Manuscript_2026/public_release/inputs/mdp/Pro00137__PET_L10__bidirectional__r1/NPT.mdp,85a8a950e01894008428b3d176beec19250818a5257f5afe352c4ad5aea7dafd,byte_exact_copy; identity_based_path_rename_content_unchanged
01_simulation/configurations/mdp/LCC/L20/head/rep01/NVT.mdp,a7e0009a825cffc649d1106fc73ffce85453f931992fce273b37f32ba2c1b359,AutoProPET source snapshot (not a runtime path),Paper/PETase_Manuscript_2026/public_release/inputs/mdp/Pro00062__PET_L20__head-side__r1/NVT.mdp,8646e96af1dc75ed9be83b0c7a0cbfb9c0764ea0135a90985d177803abb4aa84,byte_exact_copy; identity_based_path_rename_content_unchanged
01_simulation/configurations/mdp/LCC/L10/head/rep01/NPT.mdp,3bb961c83e8a78b233956437ac604e222404159af62d7416271c1fac25fd9933,AutoProPET source snapshot (not a runtime path),Paper/PETase_Manuscript_2026/public_release/inputs/mdp/Pro00062__PET_L10__head-side__r1/NPT.mdp,864fb2be2808baee75ddff5bd656bcdbc3408fc23e02858b53f729b7cbaca95e,byte_exact_copy; identity_based_path_rename_content_unchanged
01_simulation/configurations/mdp/PHL7/L4/single/rep01/MD.mdp,f36eaad7fc8963c8ffbac71a7f2a13f26de8a8a02ea6262d9f93abf88f190f20,AutoProPET source snapshot (not a runtime path),Paper/PETase_Manuscript_2026/public_release/inputs/mdp/Pro00137__PET_L4__single__r1/MD.mdp,86a9a5bb910506f5faed534f3dea4d8b8f3f7163c39cf2fcdd8dd546e4037cb7,byte_exact_copy; identity_based_path_rename_content_unchanged
01_simulation/configurations/mdp/FoCut5a/L20/bi/rep03/MD.mdp,15d816265ced1db2cbb33080b7e863f8aa81da4a6f67aad0c0b8fac2140f72e9,AutoProPET source snapshot (not a runtime path),Paper/PETase_Manuscript_2026/public_release/inputs/mdp/Pro00075__PET_L20__bidirectional__r3/MD.mdp,8702d53da5acfa13d04f4863e4c5936a04ab9e5d2f419266eb59f862eb46ae43,byte_exact_copy; identity_based_path_rename_content_unchanged
01_simulation/configurations/mdp/FoCut5a/L20/head/rep03/MD.mdp,803ee8d501417f890b856fb343736684e17a8a65e9ac38520963f2fa14f29c7f,AutoProPET source snapshot (not a runtime path),Paper/PETase_Manuscript_2026/public_release/inputs/mdp/Pro00075__PET_L20__head-side__r3/MD.mdp,8707d5ee6ba39412ca53fb336780b311ea7ee3e2371220a99587d8c2a367b941,byte_exact_copy; identity_based_path_rename_content_unchanged
01_simulation/configurations/mdp/HiC/L10/head/rep01/NPT.mdp,7e7c6ca7287efd233eb617d865338845bea7cbc224606f86b9d34811c0e4480a,AutoProPET source snapshot (not a runtime path),Paper/PETase_Manuscript_2026/public_release/inputs/mdp/Pro00121__PET_L10__head-side__r1/NPT.mdp,87a23c681ccb5e2d1d1ceb13e5e45f104b4877482312d0d1ce13ae6f0568852d,byte_exact_copy; identity_based_path_rename_content_unchanged
01_simulation/configurations/mdp/HiC/L10/head/rep02/NVT.mdp,17803e217dfe3c10a377d01fea870d95831a7c0d015fc7b39499a0c5b8944ce8,AutoProPET source snapshot (not a runtime path),Paper/PETase_Manuscript_2026/public_release/inputs/mdp/Pro00121__PET_L10__head-side__r2/NVT.mdp,87fc24cb97718e8bde3c9ce51e73b368a6784f73183527aa6508ac16c89140c5,byte_exact_copy; identity_based_path_rename_content_unchanged
01_simulation/configurations/mdp/HiC/L20/tail/rep03/NPT.mdp,7f0830b4b9e3086030119bce920cfdf8d59294a8ed09fd2272eaedffef14f9d2,AutoProPET source snapshot (not a runtime path),Paper/PETase_Manuscript_2026/public_release/inputs/mdp/Pro00121__PET_L20__tail-side__r3/NPT.mdp,887897659b513d411f2b0a1ee68c3677122f68375dfea363ac61035344ffe1e9,byte_exact_copy; identity_based_path_rename_content_unchanged
01_simulation/configurations/mdp/TfCut1/L10/head/rep03/MD.mdp,76c97a1947877ed59408eb77a21f4dd11ff1d0f3d6e3e5f85bc1837a8019f8d4,AutoProPET source snapshot (not a runtime path),Paper/PETase_Manuscript_2026/public_release/inputs/mdp/Pro00057__PET_L10__head-side__r3/MD.mdp,899ec7593fc15877471002d45219debb8f52aec31e14c132bbe30e998a0298de,byte_exact_copy; identity_based_path_rename_content_unchanged
01_simulation/configurations/mdp/LCC/L10/head/rep03/NVT.mdp,9f2b8bde1d2341b7a46e28d5dcc7360eaac709e84d84f57ca792deb95ccf1159,AutoProPET source snapshot (not a runtime path),Paper/PETase_Manuscript_2026/public_release/inputs/mdp/Pro00062__PET_L10__head-side__r3/NVT.mdp,8a5e67cb430037a5bf54d3940f4ebd7384dfa28150f009ef72e0d41b48f2841b,byte_exact_copy; identity_based_path_rename_content_unchanged
01_simulation/configurations/mdp/PHL7/L10/head/rep01/NVT.mdp,d2215098d132db9acb50d40c8f050fe08cfde41180171fb822180d6d4846125b,AutoProPET source snapshot (not a runtime path),Paper/PETase_Manuscript_2026/public_release/inputs/mdp/Pro00137__PET_L10__head-side__r1/NVT.mdp,8b0284d19911f59df1dfe34a046711d607eeaa36ff635dac5b70821351403048,byte_exact_copy; identity_based_path_rename_content_unchanged
01_simulation/configurations/mdp/PHL7/L10/bi/rep02/NVT.mdp,72f3a2d64f9831705541c00dd9151bf227f3c4cd1ce4ffbf897e48f131053eb4,AutoProPET source snapshot (not a runtime path),Paper/PETase_Manuscript_2026/public_release/inputs/mdp/Pro00137__PET_L10__bidirectional__r2/NVT.mdp,8bba16df59b7bb297aa0af3534625e7fce0b147572c14c6814f35fe4bf34e2fd,byte_exact_copy; identity_based_path_rename_content_unchanged
01_simulation/configurations/mdp/FoCut5a/L20/bi/rep02/NVT.mdp,ca197a12ff7b05d7c2a322e926b0174081e969188ed6dbcb9d22a94f9785b3b2,AutoProPET source snapshot (not a runtime path),Paper/PETase_Manuscript_2026/public_release/inputs/mdp/Pro00075__PET_L20__bidirectional__r2/NVT.mdp,8c0d3ebfe44a0f708967c1473aaac9919361d5db103105936674846a7f24506c,byte_exact_copy; identity_based_path_rename_content_unchanged
01_simulation/configurations/mdp/PHL7/L10/bi/rep02/MD.mdp,96db01db95ee5b3ebe4286ffd8491da1096bcd0553eade48d897494354cf91c6,AutoProPET source snapshot (not a runtime path),Paper/PETase_Manuscript_2026/public_release/inputs/mdp/Pro00137__PET_L10__bidirectional__r2/MD.mdp,8cf30216c3bef4c7e1215bc7a111859adbcb66533fc6d0ea8c2b75184285b661,byte_exact_copy; identity_based_path_rename_content_unchanged
01_simulation/configurations/mdp/TfCut1/L20/tail/rep02/MD.mdp,2376063d48cf16e85d152aeb4b98c9a1bd7fc84672ce4a3a8b3f38601e2a9ade,AutoProPET source snapshot (not a runtime path),Paper/PETase_Manuscript_2026/public_release/inputs/mdp/Pro00057__PET_L20__tail-side__r2/MD.mdp,8d1ca3b1b67773043e1f95498ae52fd6912c8b0ba5e3adee11925aa06e6c2276,byte_exact_copy; identity_based_path_rename_content_unchanged
01_simulation/configurations/mdp/LCC/L4/single/rep01/MD.mdp,9dafec409d64191add9450e3089f3ede9553c67d1b047d75b2a10509d63e2f44,AutoProPET source snapshot (not a runtime path),Paper/PETase_Manuscript_2026/public_release/inputs/mdp/Pro00062__PET_L4__single__r1/MD.mdp,8de8419f4ffbe31b805d53c56e372de6a7641b98709a881ee3fb6d49563e1c91,byte_exact_copy; identity_based_path_rename_content_unchanged
01_simulation/configurations/mdp/LCC/L10/tail/rep01/MD.mdp,2c03f50bdada534f67da9cd10df864dd886213630277b9db32ca4a152ca6592a,AutoProPET source snapshot (not a runtime path),Paper/PETase_Manuscript_2026/public_release/inputs/mdp/Pro00062__PET_L10__tail-side__r1/MD.mdp,8ef78f9f364cbee47509d915dc21a92eac36fb206d851a4bf5ef0f01796c6bb5,byte_exact_copy; identity_based_path_rename_content_unchanged
01_simulation/configurations/mdp/HiC/L20/tail/rep02/MD.mdp,f89a2ebd24e32cf4e15f5629c88b9ed449fba1ca5c028e0c21b48f369d3a4eef,AutoProPET source snapshot (not a runtime path),Paper/PETase_Manuscript_2026/public_release/inputs/mdp/Pro00121__PET_L20__tail-side__r2/MD.mdp,90641e56917dc80ed91bc8fb4bbbddc241e9273a4b1e9a5aa5030790d893f749,byte_exact_copy; identity_based_path_rename_content_unchanged
01_simulation/configurations/mdp/PHL7/L20/tail/rep03/MD.mdp,1baeac6d885fb5cb36cf4645e15eeb689b21a11f90a551b28a86ecc4bce12f93,AutoProPET source snapshot (not a runtime path),Paper/PETase_Manuscript_2026/public_release/inputs/mdp/Pro00137__PET_L20__tail-side__r3/MD.mdp,90f52c90b53a9fe654309371deb0334f0e084fe0dda7833423c43f12c6bb4828,byte_exact_copy; identity_based_path_rename_content_unchanged
01_simulation/configurations/mdp/FoCut5a/L20/bi/rep03/NPT.mdp,d226d2bf1d422f53071947fcbcd00d1388c526322b9bcae43d2c936c7053aedf,AutoProPET source snapshot (not a runtime path),Paper/PETase_Manuscript_2026/public_release/inputs/mdp/Pro00075__PET_L20__bidirectional__r3/NPT.mdp,918b3bba53b7c3c3ac1972c4f4e3c460a92518d58e2c8f4e5d3a7779a8c561b2,byte_exact_copy; identity_based_path_rename_content_unchanged
01_simulation/configurations/mdp/PHL7/L10/head/rep03/MD.mdp,ead12a7b44f04ded096f88f332224177a268cf09588b0084288f8e923abe24b1,AutoProPET source snapshot (not a runtime path),Paper/PETase_Manuscript_2026/public_release/inputs/mdp/Pro00137__PET_L10__head-side__r3/MD.mdp,91e28a957edace47b31779cd1a1ea6ee3a344ae0ca8800df03b6f35399279a9c,byte_exact_copy; identity_based_path_rename_content_unchanged
01_simulation/configurations/mdp/LCC/L10/head/rep03/NPT.mdp,f28edb9d323fd58261394031a65266275e91e6c16784bdad509692c3588b9d4d,AutoProPET source snapshot (not a runtime path),Paper/PETase_Manuscript_2026/public_release/inputs/mdp/Pro00062__PET_L10__head-side__r3/NPT.mdp,924ce2e71c33b732473fe97e9760d4b7313864d415cb02d362fc558fdd83281e,byte_exact_copy; identity_based_path_rename_content_unchanged
01_simulation/configurations/mdp/IsPETase/L20/bi/rep03/NVT.mdp,4f4757640c3dba7f8bf4d8887a3c90497dd4ad2b3da8c5dcf57d75f4aa706e82,AutoProPET source snapshot (not a runtime path),Paper/PETase_Manuscript_2026/public_release/inputs/mdp/Pro00083__PET_L20__bidirectional__r3/NVT.mdp,92dc44b4f2ddc46f819180563166c1f708b0b04174bb4c46765ee3ecde30377f,byte_exact_copy; identity_based_path_rename_content_unchanged
01_simulation/configurations/mdp/HiC/L10/tail/rep02/NVT.mdp,9016f167afcf183260e3a51f5f294eb9487f63dcb81420535bd72add37f94f06,AutoProPET source snapshot (not a runtime path),Paper/PETase_Manuscript_2026/public_release/inputs/mdp/Pro00121__PET_L10__tail-side__r2/NVT.mdp,93ef5877d6a0a2c7c3948be30f66a7e9d853233015fd5f6121aeccf11aa32fcf,byte_exact_copy; identity_based_path_rename_content_unchanged
01_simulation/configurations/mdp/TfCut1/L20/bi/rep03/MD.mdp,e6b6022f6111997c835bf58d2278b0f39e7de5ff28cbf900cb9dd08c9cc49e84,AutoProPET source snapshot (not a runtime path),Paper/PETase_Manuscript_2026/public_release/inputs/mdp/Pro00057__PET_L20__bidirectional__r3/MD.mdp,9419f231b95bad11dbfb2930ceca1e6487252977087f4f6644eae904bf79f85c,byte_exact_copy; identity_based_path_rename_content_unchanged
01_simulation/configurations/mdp/PHL7/L10/bi/rep03/NVT.mdp,ed5ac248ab4de29643880d90a4fb6eba76956de250f068265baf5ea9c3028456,AutoProPET source snapshot (not a runtime path),Paper/PETase_Manuscript_2026/public_release/inputs/mdp/Pro00137__PET_L10__bidirectional__r3/NVT.mdp,945403d9651bf10a86567ca368f35ee2607528d1def3e630de929165680e4505,byte_exact_copy; identity_based_path_rename_content_unchanged
01_simulation/configurations/mdp/HiC/L20/head/rep02/NVT.mdp,f2058cb4311c28708149ea94b8954cf4d7b61b29873ec06b5dc2ca465b6d4f29,AutoProPET source snapshot (not a runtime path),Paper/PETase_Manuscript_2026/public_release/inputs/mdp/Pro00121__PET_L20__head-side__r2/NVT.mdp,946ebc0c269a061cc44c7d9413a632253a54c2e8ff679956cf7dfd125a314518,byte_exact_copy; identity_based_path_rename_content_unchanged
01_simulation/configurations/mdp/PHL7/L4/single/rep03/NPT.mdp,69c1af7770276d42cfca04f53719d06d4e4ee4f8b58ebd75ac9bfd8b644045a0,AutoProPET source snapshot (not a runtime path),Paper/PETase_Manuscript_2026/public_release/inputs/mdp/Pro00137__PET_L4__single__r3/NPT.mdp,950fe10df480c6a3f9daf877ed0ea5010f32530f23343c048355adc1fdb6f251,byte_exact_copy; identity_based_path_rename_content_unchanged
01_simulation/configurations/mdp/PHL7/L4/single/rep01/NPT.mdp,92fb1107d724d4f6d27ad75b8c6d74c6a895995cc6bc2ce5a558ec5675a821d4,AutoProPET source snapshot (not a runtime path),Paper/PETase_Manuscript_2026/public_release/inputs/mdp/Pro00137__PET_L4__single__r1/NPT.mdp,95e3e9db6c972ffba4ef944908804daca89816e282184d29df073e0cf5262c5f,byte_exact_copy; identity_based_path_rename_content_unchanged
01_simulation/configurations/mdp/IsPETase/L20/tail/rep02/NPT.mdp,4040bed551f7b0bcb36c02a4fa905b444034a521badf78d84d1d83e69c610b61,AutoProPET source snapshot (not a runtime path),Paper/PETase_Manuscript_2026/public_release/inputs/mdp/Pro00083__PET_L20__tail-side__r2/NPT.mdp,9693fd5989d1025b2080fb8d22cd74f1d030a28fc77a933b7695dd9180174cd4,byte_exact_copy; identity_based_path_rename_content_unchanged
01_simulation/configurations/mdp/HiC/L10/tail/rep01/NPT.mdp,302eb0505174df170fe47dd874870d2c178a33f2f7bb63b7f41f8bc5438e2782,AutoProPET source snapshot (not a runtime path),Paper/PETase_Manuscript_2026/public_release/inputs/mdp/Pro00121__PET_L10__tail-side__r1/NPT.mdp,9698923382c99096ce23135e870f66ba0174fd87886937db5d9a4f99d7ba6fb0,byte_exact_copy; identity_based_path_rename_content_unchanged
01_simulation/configurations/mdp/IsPETase/L10/bi/rep01/NVT.mdp,c59c9e6ed26ed177c4af3cc31ba9c83b045c56999e136c9e4ce4d53e5510bd93,AutoProPET source snapshot (not a runtime path),Paper/PETase_Manuscript_2026/public_release/inputs/mdp/Pro00083__PET_L10__bidirectional__r1/NVT.mdp,96ef61baad0900c243ce958059c8ae182d0954104e72f5b5a5a60dfbede09393,byte_exact_copy; identity_based_path_rename_content_unchanged
01_simulation/configurations/mdp/IsPETase/L20/head/rep03/NVT.mdp,1d1206b563c9024de3fe5d48dd5a861629c61e098c12805bad8a15e05541dea3,AutoProPET source snapshot (not a runtime path),Paper/PETase_Manuscript_2026/public_release/inputs/mdp/Pro00083__PET_L20__head-side__r3/NVT.mdp,97787ba8eb443f2b2da3a4a3b844c3e050a5cb87d0a338e111410ffa9a10793d,byte_exact_copy; identity_based_path_rename_content_unchanged
01_simulation/configurations/mdp/PHL7/L10/head/rep02/NPT.mdp,a9f177ea58393ee726cf698f7d2147afc97e462417de3d35ad6ecb75a3331d41,AutoProPET source snapshot (not a runtime path),Paper/PETase_Manuscript_2026/public_release/inputs/mdp/Pro00137__PET_L10__head-side__r2/NPT.mdp,97df30a1d03ae5a7a9184ad67fa6d1e94f16428fc99bb2f9400895e733054813,byte_exact_copy; identity_based_path_rename_content_unchanged
01_simulation/configurations/mdp/HiC/L4/single/rep01/NPT.mdp,b29747236c25ce8100ae6e4b7d3c41124692925b0e6d806e6f41c62455b9f9e3,AutoProPET source snapshot (not a runtime path),Paper/PETase_Manuscript_2026/public_release/inputs/mdp/Pro00121__PET_L4__single__r1/NPT.mdp,9831e25ca5f0e59b4e4cb9a583f2f2f7e9ce521ecd56e8d6a4f7b09a99554401,byte_exact_copy; identity_based_path_rename_content_unchanged
01_simulation/configurations/mdp/PHL7/L20/bi/rep03/MD.mdp,007d8465cc9c967a5a4d33ff98c0379bda325aea5f7774c203f3592ed6c2693b,AutoProPET source snapshot (not a runtime path),Paper/PETase_Manuscript_2026/public_release/inputs/mdp/Pro00137__PET_L20__bidirectional__r3/MD.mdp,99eeeeceb7d629b0c29d2976afd48ee7a31434d80cca2016c525e64629459826,byte_exact_copy; identity_based_path_rename_content_unchanged
01_simulation/configurations/mdp/FoCut5a/L10/bi/rep03/NPT.mdp,c4284c2124a6894605c7f57e4180a558d30206e1ad02c16439a37c049125c9b7,AutoProPET source snapshot (not a runtime path),Paper/PETase_Manuscript_2026/public_release/inputs/mdp/Pro00075__PET_L10__bidirectional__r3/NPT.mdp,9a500f1e9faf71093c6b94bc663a3a9348d185354f43cd9a4c10d43210c8f069,byte_exact_copy; identity_based_path_rename_content_unchanged
01_simulation/configurations/mdp/TfCut1/L20/tail/rep02/NVT.mdp,e116e65fbd1bea74cc5df807aacf1a53e3af545dc3305d2ac1e6e37e91809d1c,AutoProPET source snapshot (not a runtime path),Paper/PETase_Manuscript_2026/public_release/inputs/mdp/Pro00057__PET_L20__tail-side__r2/NVT.mdp,9c359e30f66e0ef6c0b082d1ed767b7a30b3aeaf0e18c5e7405088f69b33b4d8,byte_exact_copy; identity_based_path_rename_content_unchanged
01_simulation/configurations/mdp/HiC/L4/single/rep03/NVT.mdp,70c92067b3a03a57f53252557677c22c4b74e04c27125ccfb55cbc6541267cfc,AutoProPET source snapshot (not a runtime path),Paper/PETase_Manuscript_2026/public_release/inputs/mdp/Pro00121__PET_L4__single__r3/NVT.mdp,9cd3015cacca65513efd180a5479a5d39e34a40d83722daed0308fe63c22facd,byte_exact_copy; identity_based_path_rename_content_unchanged
01_simulation/configurations/mdp/TfCut1/L10/tail/rep01/NPT.mdp,2742616be4423eba9c7dde70fa419484bc7a8ba7713986710d5d5d580863d13b,AutoProPET source snapshot (not a runtime path),Paper/PETase_Manuscript_2026/public_release/inputs/mdp/Pro00057__PET_L10__tail-side__r1/NPT.mdp,9dfb4b5a0969a155fa6814d97da784ea4aabf8037ab77286c0178f9240395913,byte_exact_copy; identity_based_path_rename_content_unchanged
01_simulation/configurations/mdp/HiC/L20/tail/rep01/NPT.mdp,bb8a16dd98298bc2377586fd94415bcc43560aa31633ac2eb36334f41a370099,AutoProPET source snapshot (not a runtime path),Paper/PETase_Manuscript_2026/public_release/inputs/mdp/Pro00121__PET_L20__tail-side__r1/NPT.mdp,9e8659b3c905535710ad3ebea5215bd70e283308294e358ded484be3100e2075,byte_exact_copy; identity_based_path_rename_content_unchanged
01_simulation/configurations/mdp/LCC/L20/bi/rep02/NPT.mdp,04bea7714c2c3037f0b7ec12919c2ee1716c4fdbfd73d725720050462d066e77,AutoProPET source snapshot (not a runtime path),Paper/PETase_Manuscript_2026/public_release/inputs/mdp/Pro00062__PET_L20__bidirectional__r2/NPT.mdp,a104a304a001a6557660cf9150124dd2c6a045a899d56f30b184d637b37a2b46,byte_exact_copy; identity_based_path_rename_content_unchanged
01_simulation/configurations/mdp/PHL7/L20/tail/rep02/NPT.mdp,022d47dc1d43c2d6c6a8cdc9cadfc0b3622a6f4ab24980c41b0eaa2efd8b95e0,AutoProPET source snapshot (not a runtime path),Paper/PETase_Manuscript_2026/public_release/inputs/mdp/Pro00137__PET_L20__tail-side__r2/NPT.mdp,a245a157fe69958ce373ac44ce119e7781b362142370d6e4dea816503af130d7,byte_exact_copy; identity_based_path_rename_content_unchanged
01_simulation/configurations/mdp/HiC/L4/single/rep01/MD.mdp,4252e896c7aba71a98d21a380e193e43bb3a14c0d21c427f3616461d92729047,AutoProPET source snapshot (not a runtime path),Paper/PETase_Manuscript_2026/public_release/inputs/mdp/Pro00121__PET_L4__single__r1/MD.mdp,a2cfc259db79ed2176abfdf27ab7948cff1710424d66c036ab5d2f47cc09a5fc,byte_exact_copy; identity_based_path_rename_content_unchanged
01_simulation/configurations/mdp/IsPETase/L4/single/rep03/NPT.mdp,733cbbe67c6b2f769c685f5fa53405eddec808f86648174cf89ddcce97702ac2,AutoProPET source snapshot (not a runtime path),Paper/PETase_Manuscript_2026/public_release/inputs/mdp/Pro00083__PET_L4__single__r3/NPT.mdp,a40c6116ea8b24cb9cfb34ac7066619daaa37604eadebc5e6051f13a37a56b91,byte_exact_copy; identity_based_path_rename_content_unchanged
01_simulation/configurations/mdp/LCC/L20/tail/rep02/NVT.mdp,e6f80410aec2161f054cdeba6a38ba1f548d09f1d09692bf3cefac71ad59a1f5,AutoProPET source snapshot (not a runtime path),Paper/PETase_Manuscript_2026/public_release/inputs/mdp/Pro00062__PET_L20__tail-side__r2/NVT.mdp,a54431cc5b52b2896b2ce344fec3088bf768ea19660455078b70746aaaf06b54,byte_exact_copy; identity_based_path_rename_content_unchanged
01_simulation/configurations/mdp/HiC/L4/single/rep02/NVT.mdp,806e9ecbf2bbf27f7df14002df4bc578abfe56861324aea80d7a5b7bbe458cd0,AutoProPET source snapshot (not a runtime path),Paper/PETase_Manuscript_2026/public_release/inputs/mdp/Pro00121__PET_L4__single__r2/NVT.mdp,a589a7ae21aa922d0c0b1bf7fb6620535744c21973668b3563ca1c11df9a179d,byte_exact_copy; identity_based_path_rename_content_unchanged
01_simulation/configurations/mdp/TfCut1/L20/head/rep03/MD.mdp,af3e4e62d1ae7d11cbf1e4e832fc474d6d74f4a543d1095817c724f9ba4b60af,AutoProPET source snapshot (not a runtime path),Paper/PETase_Manuscript_2026/public_release/inputs/mdp/Pro00057__PET_L20__head-side__r3/MD.mdp,a64982b565a416fb5e0b5cf04ba45cf417f965db2798fffee035274042d366c2,byte_exact_copy; identity_based_path_rename_content_unchanged
01_simulation/configurations/mdp/IsPETase/L10/head/rep02/NPT.mdp,1e67d5b267e842fa17ddf29841797b891fd51cd88552cd1428a34059af910bed,AutoProPET source snapshot (not a runtime path),Paper/PETase_Manuscript_2026/public_release/inputs/mdp/Pro00083__PET_L10__head-side__r2/NPT.mdp,a653ba90a8397afff09defa93005cd4591ed6b3da3f5a67f0e365a721b30eb58,byte_exact_copy; identity_based_path_rename_content_unchanged
01_simulation/configurations/mdp/LCC/L10/bi/rep02/NPT.mdp,ce330ebbe19ae488a7da1e4496df0a67184462793ceb20cf5b9fe6e7ee3d0bd8,AutoProPET source snapshot (not a runtime path),Paper/PETase_Manuscript_2026/public_release/inputs/mdp/Pro00062__PET_L10__bidirectional__r2/NPT.mdp,a70d8b8ac08e02d3413b57bc8009f29512f069314e8d03b8fe568d9b07fe3797,byte_exact_copy; identity_based_path_rename_content_unchanged
01_simulation/configurations/mdp/HiC/L20/bi/rep01/MD.mdp,9fd8475ae98fe2a6093c5d65cb5ce67136072ab15d52941dd19ee3ae6420f6b8,AutoProPET source snapshot (not a runtime path),Paper/PETase_Manuscript_2026/public_release/inputs/mdp/Pro00121__PET_L20__bidirectional__r1/MD.mdp,a896d679d53c2d65ca3478ae1fc2c6fda30aa4744d4dd8388182c3948a296b58,byte_exact_copy; identity_based_path_rename_content_unchanged
01_simulation/configurations/mdp/IsPETase/L10/tail/rep01/MD.mdp,c1225ac61a457415634004e046560e97db3d09294c4bedd63e0df54792c87156,AutoProPET source snapshot (not a runtime path),Paper/PETase_Manuscript_2026/public_release/inputs/mdp/Pro00083__PET_L10__tail-side__r1/MD.mdp,a94c19af38282d493f9eb29c949175128e4c57a801c86342aded576b48ec8438,byte_exact_copy; identity_based_path_rename_content_unchanged
01_simulation/configurations/mdp/PHL7/L10/tail/rep02/NPT.mdp,1421288575d4ed409328f7f3e54fde0b23346a61ee92fe8f55ea49c5a53482d3,AutoProPET source snapshot (not a runtime path),Paper/PETase_Manuscript_2026/public_release/inputs/mdp/Pro00137__PET_L10__tail-side__r2/NPT.mdp,a9e06e6ef53cf39776f2f3ea150b22e1a9fdc190aa4988ba3c7d622cd8daaa37,byte_exact_copy; identity_based_path_rename_content_unchanged
01_simulation/configurations/mdp/HiC/L20/bi/rep02/NPT.mdp,f03a5fd5362cc398c96de0d141bb08a7f57876000de9aad083cb13a5de615454,AutoProPET source snapshot (not a runtime path),Paper/PETase_Manuscript_2026/public_release/inputs/mdp/Pro00121__PET_L20__bidirectional__r2/NPT.mdp,a9f4586b5f432bc5a545ba53db8757ad5e83e81763a7dcc17a704a6edf85dbc1,byte_exact_copy; identity_based_path_rename_content_unchanged
01_simulation/configurations/mdp/PHL7/L10/tail/rep01/NPT.mdp,98e25bc43018b66162fa53af56feb10c729db0952446faa980c95915637a4dd3,AutoProPET source snapshot (not a runtime path),Paper/PETase_Manuscript_2026/public_release/inputs/mdp/Pro00137__PET_L10__tail-side__r1/NPT.mdp,aa091644d7ad84e9c3a861cf7b8c0165960786caaf7b13f6bf5b55b8e60dfb68,byte_exact_copy; identity_based_path_rename_content_unchanged
01_simulation/configurations/mdp/PHL7/L10/tail/rep03/NPT.mdp,d3b5b17d4ac4ede44631410ca452498b95b50a5f569ef4d63d85a95456e43f56,AutoProPET source snapshot (not a runtime path),Paper/PETase_Manuscript_2026/public_release/inputs/mdp/Pro00137__PET_L10__tail-side__r3/NPT.mdp,aa42f751403a6f462b95bd8c95823f32ba87801a36c3f06ae8422a830c3d4c12,byte_exact_copy; identity_based_path_rename_content_unchanged
01_simulation/configurations/mdp/IsPETase/L4/single/rep03/MD.mdp,22432eaf9d3a3b263209d7f4084e2f3d4d58b85ff8e7215ab11a11490f855f3e,AutoProPET source snapshot (not a runtime path),Paper/PETase_Manuscript_2026/public_release/inputs/mdp/Pro00083__PET_L4__single__r3/MD.mdp,aad44bb2637cf5a0a79888e47f00a6ed2ab9e9ce00624c059e838b05f6500fda,byte_exact_copy; identity_based_path_rename_content_unchanged
01_simulation/configurations/mdp/TfCut1/L10/head/rep01/NPT.mdp,753f17aef12b41fdb4829e1a9ff44602fdf81e63430c28a6f871f315b5b2dbcf,AutoProPET source snapshot (not a runtime path),Paper/PETase_Manuscript_2026/public_release/inputs/mdp/Pro00057__PET_L10__head-side__r1/NPT.mdp,ab8067a0ad4560b491c38ec294ca02f32ba7250ae4509cd6eb7a374109ff5cd3,byte_exact_copy; identity_based_path_rename_content_unchanged
01_simulation/configurations/mdp/PHL7/L10/head/rep03/NPT.mdp,c548f000152fb5c97ec89266eca7239e0ce07fb7706b57373646c7844eda161d,AutoProPET source snapshot (not a runtime path),Paper/PETase_Manuscript_2026/public_release/inputs/mdp/Pro00137__PET_L10__head-side__r3/NPT.mdp,abfd74348acc1694050bf40f73777d398671ad9097ed55008597fa3d75e7d284,byte_exact_copy; identity_based_path_rename_content_unchanged
01_simulation/configurations/mdp/LCC/L20/tail/rep01/MD.mdp,da1585b9e11897aa97f7afaa451d90bceca94633f2100c41769431e8e6a81ae4,AutoProPET source snapshot (not a runtime path),Paper/PETase_Manuscript_2026/public_release/inputs/mdp/Pro00062__PET_L20__tail-side__r1/MD.mdp,abff9aed658b1566a6ee354beefceb6d269d2c712b374ed673e0f2c5247705a1,byte_exact_copy; identity_based_path_rename_content_unchanged
01_simulation/configurations/mdp/LCC/L20/head/rep02/MD.mdp,3a041d43c9cd44e59e8f4a486feeb71a74ee70cfeae33a3e623c5501a5e9cdca,AutoProPET source snapshot (not a runtime path),Paper/PETase_Manuscript_2026/public_release/inputs/mdp/Pro00062__PET_L20__head-side__r2/MD.mdp,ad686bbbdf50151790f5282ec6a0de1f2820444db26d66c3c38a4711818eab8d,byte_exact_copy; identity_based_path_rename_content_unchanged
01_simulation/configurations/mdp/TfCut1/L4/single/rep02/MD.mdp,cf08f9798d3b0f5f2e580eec1fb0ca21327cb26433fbf7f14a611e1c1e1a2f0c,AutoProPET source snapshot (not a runtime path),Paper/PETase_Manuscript_2026/public_release/inputs/mdp/Pro00057__PET_L4__single__r2/MD.mdp,ad7140a03672b93f5c73650f7722d963c7e93f57b87f0836d92d8fa56877063b,byte_exact_copy; identity_based_path_rename_content_unchanged
01_simulation/configurations/mdp/HiC/L10/bi/rep03/MD.mdp,95e2fcfbada858cd589697f7421be25c830c0528c88e859e010b46ad01965ba8,AutoProPET source snapshot (not a runtime path),Paper/PETase_Manuscript_2026/public_release/inputs/mdp/Pro00121__PET_L10__bidirectional__r3/MD.mdp,adf14bc5770db1c0bffe786c4a2128f5f2c3016584ebe9d8b17a69ad31f2cee5,byte_exact_copy; identity_based_path_rename_content_unchanged
01_simulation/configurations/mdp/TfCut1/L10/head/rep02/NVT.mdp,464fd2c1bf7805db976446c4b3fd78e504d283ce167df5bdd05060a7a27c2929,AutoProPET source snapshot (not a runtime path),Paper/PETase_Manuscript_2026/public_release/inputs/mdp/Pro00057__PET_L10__head-side__r2/NVT.mdp,b16755738b793b0e3eaf98f943c46ae74cac91508bca76883bb5ba0098dfa2c1,byte_exact_copy; identity_based_path_rename_content_unchanged
01_simulation/configurations/mdp/IsPETase/L20/head/rep02/NPT.mdp,7cd27623598ea01ea2ec0f48dbcc26038879fa3caaf27d327b4cd281e84ddf38,AutoProPET source snapshot (not a runtime path),Paper/PETase_Manuscript_2026/public_release/inputs/mdp/Pro00083__PET_L20__head-side__r2/NPT.mdp,b29e9fc2fcbd4e50329db5e2dfb3ff084f9ba39c65921e331542d1ee8270304a,byte_exact_copy; identity_based_path_rename_content_unchanged
01_simulation/configurations/mdp/HiC/L10/tail/rep02/MD.mdp,5e3324b8a72b58b0ed140658579424615b5d297869668279c9ec8c233b9b6763,AutoProPET source snapshot (not a runtime path),Paper/PETase_Manuscript_2026/public_release/inputs/mdp/Pro00121__PET_L10__tail-side__r2/MD.mdp,b3f92a3e1a4c2c39f0d22cc9e2d3722bcded3ea8b4145f1ec653ac69b495778d,byte_exact_copy; identity_based_path_rename_content_unchanged
01_simulation/configurations/mdp/TfCut1/L4/single/rep01/NVT.mdp,cad36efc1408ced6d74d1477251016ffd3e40500a30ae2a3db66c8568d3c1661,AutoProPET source snapshot (not a runtime path),Paper/PETase_Manuscript_2026/public_release/inputs/mdp/Pro00057__PET_L4__single__r1/NVT.mdp,b42032848b9a6496f099502a777e31bddb8b553c56f856dc50ab91ef1799f406,byte_exact_copy; identity_based_path_rename_content_unchanged
01_simulation/configurations/mdp/PHL7/L10/bi/rep03/MD.mdp,30e10cfbd74a114ebbf1b68f5b4514d653d3e9a0ce44e8d7b9b920750fb5ba23,AutoProPET source snapshot (not a runtime path),Paper/PETase_Manuscript_2026/public_release/inputs/mdp/Pro00137__PET_L10__bidirectional__r3/MD.mdp,b522eaf0e87e85367dfaa82cf424637b8185d02f5e5cd6433a47864741b33b41,byte_exact_copy; identity_based_path_rename_content_unchanged
01_simulation/configurations/mdp/IsPETase/L10/bi/rep03/MD.mdp,2a1e3c435996e3282f85454dd640f814fecae3c917149e217ff79e9e7bc3d5b4,AutoProPET source snapshot (not a runtime path),Paper/PETase_Manuscript_2026/public_release/inputs/mdp/Pro00083__PET_L10__bidirectional__r3/MD.mdp,b5b84d0fb4732d4f63f879f4706beade1de82fa731d8e69749a1e4e0c9947571,byte_exact_copy; identity_based_path_rename_content_unchanged
01_simulation/configurations/mdp/FoCut5a/L10/bi/rep03/NVT.mdp,fb52b40a8b67ce2654dfdbc682fa92e0d0a077cbe9feeccc5a71be91ea79fca3,AutoProPET source snapshot (not a runtime path),Paper/PETase_Manuscript_2026/public_release/inputs/mdp/Pro00075__PET_L10__bidirectional__r3/NVT.mdp,b678583b5dcbb77c1f82507e344699f9aecc18f6c100293d67463c0f3d50a8d3,byte_exact_copy; identity_based_path_rename_content_unchanged
01_simulation/configurations/mdp/FoCut5a/L10/bi/rep02/MD.mdp,a7f62fae688b96db354ce58f8cd12b28291b5356cd43b3c35e96a8b6624dac5e,AutoProPET source snapshot (not a runtime path),Paper/PETase_Manuscript_2026/public_release/inputs/mdp/Pro00075__PET_L10__bidirectional__r2/MD.mdp,b68ed144c5a67260be62f82777181a2d579385af9690fb9d637059f12882ac4c,byte_exact_copy; identity_based_path_rename_content_unchanged
01_simulation/configurations/mdp/HiC/L4/single/rep02/NPT.mdp,9746af914396719b8074cbe3a86ca19ee34075e2ea13ec97178427a372162fa2,AutoProPET source snapshot (not a runtime path),Paper/PETase_Manuscript_2026/public_release/inputs/mdp/Pro00121__PET_L4__single__r2/NPT.mdp,b86be52c273cb899f5a5ac2e9a4921b3cad057d7588c2a07815b448731927872,byte_exact_copy; identity_based_path_rename_content_unchanged
01_simulation/configurations/mdp/IsPETase/L20/bi/rep02/NPT.mdp,b6864720d8be90a98a0141d016156639b1d5c6526c32c0d7470eb29667962c2e,AutoProPET source snapshot (not a runtime path),Paper/PETase_Manuscript_2026/public_release/inputs/mdp/Pro00083__PET_L20__bidirectional__r2/NPT.mdp,b9c5a5a7eb9c7e725db5db1ae582e852a1341b4e47a67e57b55c940b13f9dad4,byte_exact_copy; identity_based_path_rename_content_unchanged
01_simulation/configurations/mdp/FoCut5a/L10/bi/rep01/NVT.mdp,ddec5d8fdddbd3f35b618c7130235d615388bcbd1b40b4e89eb25e9c438b5fbe,AutoProPET source snapshot (not a runtime path),Paper/PETase_Manuscript_2026/public_release/inputs/mdp/Pro00075__PET_L10__bidirectional__r1/NVT.mdp,bae6ada3b8459f0a8325f7c8faa0421829c88ea4c7292a85cfa24e7101a0f530,byte_exact_copy; identity_based_path_rename_content_unchanged
01_simulation/configurations/mdp/LCC/L10/bi/rep01/NPT.mdp,36150915c9e07a80bea95c4604e073f904c430a9b175ab9d2c6e2de62b85cdf0,AutoProPET source snapshot (not a runtime path),Paper/PETase_Manuscript_2026/public_release/inputs/mdp/Pro00062__PET_L10__bidirectional__r1/NPT.mdp,baf232eeff23c0ec8ed153f310c49bb475a1707b1c5646bd30c2b48831b8896c,byte_exact_copy; identity_based_path_rename_content_unchanged
01_simulation/configurations/mdp/IsPETase/L10/head/rep01/NPT.mdp,dd8b376e15ad866066eb64dfe4b48c900666e6bf23cb1dd92bf7a5788c9559d2,AutoProPET source snapshot (not a runtime path),Paper/PETase_Manuscript_2026/public_release/inputs/mdp/Pro00083__PET_L10__head-side__r1/NPT.mdp,bb93b256eb2eed213b49a5b3372a91c11551cfb018f31ce0786c86e4faf54d75,byte_exact_copy; identity_based_path_rename_content_unchanged
01_simulation/configurations/mdp/FoCut5a/L20/bi/rep02/MD.mdp,f9de44bcd2fb6e2e02853f690e7773b5621588bfdc44dbf8f71182af328d9d22,AutoProPET source snapshot (not a runtime path),Paper/PETase_Manuscript_2026/public_release/inputs/mdp/Pro00075__PET_L20__bidirectional__r2/MD.mdp,bcb801ba22b332efbb82929c7e61677d2e14e4993549b403554a437f1f54706f,byte_exact_copy; identity_based_path_rename_content_unchanged
01_simulation/configurations/mdp/PHL7/L4/single/rep01/NVT.mdp,2760d006a68cf01ece7d2f8da477276b9bda395d81c85fd209d39234e35b5954,AutoProPET source snapshot (not a runtime path),Paper/PETase_Manuscript_2026/public_release/inputs/mdp/Pro00137__PET_L4__single__r1/NVT.mdp,bd0bf50c0619216b766398a6049cb07d8c1ecdd5631c1feda2719fdd02d7d84f,byte_exact_copy; identity_based_path_rename_content_unchanged
01_simulation/configurations/mdp/FoCut5a/L4/single/rep03/MD.mdp,cb7cc2ed663d8cb5166360f4e2c5439297b421055ec021e8068d347706dba3b4,AutoProPET source snapshot (not a runtime path),Paper/PETase_Manuscript_2026/public_release/inputs/mdp/Pro00075__PET_L4__single__r3/MD.mdp,bd1a3338ece8a98194d2418634247ecc73d0adac368f26d4693cdd2a2a425327,byte_exact_copy; identity_based_path_rename_content_unchanged
01_simulation/configurations/mdp/LCC/L10/head/rep01/MD.mdp,2a369a5110ea6763b95b8ab4e2618f2e2b1d06fd2c4207fa6399afc319011b84,AutoProPET source snapshot (not a runtime path),Paper/PETase_Manuscript_2026/public_release/inputs/mdp/Pro00062__PET_L10__head-side__r1/MD.mdp,bd76364133314dfb1775e5b321d985c4a5fc20b6dfdbacbd262bac568f8e478e,byte_exact_copy; identity_based_path_rename_content_unchanged
01_simulation/configurations/mdp/PHL7/L10/tail/rep02/MD.mdp,213dbc0d39be255d967249530a47369b50c054461041389ba1ae1ff00ea6bd0b,AutoProPET source snapshot (not a runtime path),Paper/PETase_Manuscript_2026/public_release/inputs/mdp/Pro00137__PET_L10__tail-side__r2/MD.mdp,bea9c9c8884ef2cf7b94db2006481b81e98a7e02eb3d3ee44e8e5f7a6b638543,byte_exact_copy; identity_based_path_rename_content_unchanged
01_simulation/configurations/mdp/TfCut1/L10/bi/rep02/NPT.mdp,c9f97e737c170434c70462e456362332dd46c6e6df50988544a1a3c57eca5f1f,AutoProPET source snapshot (not a runtime path),Paper/PETase_Manuscript_2026/public_release/inputs/mdp/Pro00057__PET_L10__bidirectional__r2/NPT.mdp,bf129d886fed63aa9c9d6774028dd660a8715ae3cc03b2fad0f5c027020e060b,byte_exact_copy; identity_based_path_rename_content_unchanged
01_simulation/configurations/mdp/IsPETase/L10/head/rep02/MD.mdp,22e52be2149f3342b093b58f4b33161c9255341aaa331018476409470527bede,AutoProPET source snapshot (not a runtime path),Paper/PETase_Manuscript_2026/public_release/inputs/mdp/Pro00083__PET_L10__head-side__r2/MD.mdp,bfa312c897ad28cb10cd5e57d9ea0c32c0b913c3d15e41dd9a41cc683ad2e98f,byte_exact_copy; identity_based_path_rename_content_unchanged
01_simulation/configurations/mdp/LCC/L20/tail/rep02/NPT.mdp,d89d08d7b14ce1883b1c85934388d8c65febc6043f934ba94add507f481bb9d8,AutoProPET source snapshot (not a runtime path),Paper/PETase_Manuscript_2026/public_release/inputs/mdp/Pro00062__PET_L20__tail-side__r2/NPT.mdp,c0f6ec978ad3c354ddebea9ebb87b4b0a3a7348f1ab39e5a1a9e4d42b3adfc3a,byte_exact_copy; identity_based_path_rename_content_unchanged
01_simulation/configurations/mdp/IsPETase/L4/single/rep03/NVT.mdp,2aefbd085c8482586b94efb162d64ff7f46fbd233455be3a9a2dda4de6c2fa19,AutoProPET source snapshot (not a runtime path),Paper/PETase_Manuscript_2026/public_release/inputs/mdp/Pro00083__PET_L4__single__r3/NVT.mdp,c3bf5d62ea43debbbaff9963219d293fbabceaaec736bff82f6c9b7693964048,byte_exact_copy; identity_based_path_rename_content_unchanged
01_simulation/configurations/mdp/IsPETase/L20/tail/rep03/NVT.mdp,b6e7842694724b749e4e6fae54e8f3937a781d66654de0fe493ac2a74fdebe93,AutoProPET source snapshot (not a runtime path),Paper/PETase_Manuscript_2026/public_release/inputs/mdp/Pro00083__PET_L20__tail-side__r3/NVT.mdp,c4cd4e366e0737c74d4f400953d6cff018143a05c70279082b5254c932473274,byte_exact_copy; identity_based_path_rename_content_unchanged
01_simulation/configurations/mdp/LCC/L4/single/rep01/NPT.mdp,1597991d627b806e785b5064f999cb93dd93cf1ef805e41c0dde5a3a34756e61,AutoProPET source snapshot (not a runtime path),Paper/PETase_Manuscript_2026/public_release/inputs/mdp/Pro00062__PET_L4__single__r1/NPT.mdp,c5bcc5fa0868c012dd9f6d3620e62161158fcac2be487ee8f15a75b40015ffa5,byte_exact_copy; identity_based_path_rename_content_unchanged
01_simulation/configurations/mdp/HiC/L20/bi/rep02/MD.mdp,b14ca2485b53bcc5076580e56ccdfc46d5fdffc37ac8b80d87386624c98189bd,AutoProPET source snapshot (not a runtime path),Paper/PETase_Manuscript_2026/public_release/inputs/mdp/Pro00121__PET_L20__bidirectional__r2/MD.mdp,c6aa0567e31455a0ed90cf2da9a932bb2045e927ce0fc8b962d8490f3427d84f,byte_exact_copy; identity_based_path_rename_content_unchanged
01_simulation/configurations/mdp/TfCut1/L20/tail/rep03/MD.mdp,5ded793cf2b407c7731d4c4d67e10e3490e96b5b8a63da23599984c2e4ebb40b,AutoProPET source snapshot (not a runtime path),Paper/PETase_Manuscript_2026/public_release/inputs/mdp/Pro00057__PET_L20__tail-side__r3/MD.mdp,c6dfbbbb12f9316de95a130c5ae376ed99c63d8930ffebc11ef81281535182b1,byte_exact_copy; identity_based_path_rename_content_unchanged
01_simulation/configurations/mdp/HiC/L20/bi/rep03/NVT.mdp,982eca2270c8b340af4283b2b9de366403a1549a0ae6ddd963abef1fd698a4d2,AutoProPET source snapshot (not a runtime path),Paper/PETase_Manuscript_2026/public_release/inputs/mdp/Pro00121__PET_L20__bidirectional__r3/NVT.mdp,c7407691457f271e4c39358e9f9bc5f8a2473537ceed6e5e18d998e6d90a03a6,byte_exact_copy; identity_based_path_rename_content_unchanged
01_simulation/configurations/mdp/FoCut5a/L4/single/rep01/NPT.mdp,0090a51b7db4a620f5a4c11fe2fedb530c6afff691a51311e5b27c6aa4381041,AutoProPET source snapshot (not a runtime path),Paper/PETase_Manuscript_2026/public_release/inputs/mdp/Pro00075__PET_L4__single__r1/NPT.mdp,c769f42ed42f8a8e7d88d7fd8a79960c9e7d0c73d260102b2f9deacf5a07a539,byte_exact_copy; identity_based_path_rename_content_unchanged
01_simulation/configurations/mdp/TfCut1/L20/tail/rep01/NVT.mdp,26f3d81f9f0b554e2006cc4fca0bebb89993457e0b2b1c5acd97172786d08509,AutoProPET source snapshot (not a runtime path),Paper/PETase_Manuscript_2026/public_release/inputs/mdp/Pro00057__PET_L20__tail-side__r1/NVT.mdp,c7783da7795a88543969a256139b40e3e91f92e4d40c6353ec077e150c761ea2,byte_exact_copy; identity_based_path_rename_content_unchanged
01_simulation/configurations/mdp/HiC/L10/bi/rep01/NVT.mdp,8deb496f0c494a011bbe4d11ccf866c3822ac464ac336d00253119fd4b907865,AutoProPET source snapshot (not a runtime path),Paper/PETase_Manuscript_2026/public_release/inputs/mdp/Pro00121__PET_L10__bidirectional__r1/NVT.mdp,c795d90aabd86adc85dea8f6fe983b3eb2d3ae52a6a98f21156f36b137ee4f90,byte_exact_copy; identity_based_path_rename_content_unchanged
01_simulation/configurations/mdp/HiC/L4/single/rep02/MD.mdp,00ff1beb86df211e3094664b90c947f7a25ffe28a539f42e28040fbc65590023,AutoProPET source snapshot (not a runtime path),Paper/PETase_Manuscript_2026/public_release/inputs/mdp/Pro00121__PET_L4__single__r2/MD.mdp,c7a17c55b5d093e74b808f68d5ec66ab54d630b786acdb47672e7702b47fce12,byte_exact_copy; identity_based_path_rename_content_unchanged
01_simulation/configurations/mdp/TfCut1/L20/head/rep01/NVT.mdp,ce6a6eab64335b7f3b3ecc7b445b2c176b6594e4580cd674b799f24036aa7d70,AutoProPET source snapshot (not a runtime path),Paper/PETase_Manuscript_2026/public_release/inputs/mdp/Pro00057__PET_L20__head-side__r1/NVT.mdp,c8e2d7221d8ab267a72f635fadef91c997bec75b412163074cf39074ac52fb86,byte_exact_copy; identity_based_path_rename_content_unchanged
01_simulation/configurations/mdp/PHL7/L20/tail/rep02/MD.mdp,37ead1b5b5976dbf92c0bcfb9cda940065fa0471e3182c1c2b2fc6275a7448e8,AutoProPET source snapshot (not a runtime path),Paper/PETase_Manuscript_2026/public_release/inputs/mdp/Pro00137__PET_L20__tail-side__r2/MD.mdp,c983a2d6b71c4e96617ce615fc620f60bbad3b369b913d6e862dd093642979a2,byte_exact_copy; identity_based_path_rename_content_unchanged
01_simulation/configurations/mdp/IsPETase/L20/tail/rep01/MD.mdp,86b96f09626f1dcfab9abdfa00eae2a1f685a8ca31185628e57915a7e968fd60,AutoProPET source snapshot (not a runtime path),Paper/PETase_Manuscript_2026/public_release/inputs/mdp/Pro00083__PET_L20__tail-side__r1/MD.mdp,c9e8f6a7aa885fd7c0e58d45d395f809245d1ff32499a0f2a3da1e8defe33131,byte_exact_copy; identity_based_path_rename_content_unchanged
01_simulation/configurations/mdp/TfCut1/L20/head/rep02/NPT.mdp,9c6401e3c8c5a82e2a8805653e21da1ee742a4b3ff8e39b9e08c7d25153c3ff8,AutoProPET source snapshot (not a runtime path),Paper/PETase_Manuscript_2026/public_release/inputs/mdp/Pro00057__PET_L20__head-side__r2/NPT.mdp,ca55b4129cbe102dfabbac5c4c77b370b8478f0a47c25b519c39f72b84607ef8,byte_exact_copy; identity_based_path_rename_content_unchanged
01_simulation/configurations/mdp/PHL7/L20/head/rep03/MD.mdp,442925cb3359c975c817e4a36cbcc78c4b5e9910a2f50f67ebc4a502fca33b09,AutoProPET source snapshot (not a runtime path),Paper/PETase_Manuscript_2026/public_release/inputs/mdp/Pro00137__PET_L20__head-side__r3/MD.mdp,cb5df47d02060129be168058995aafab949a220d79f14825bd0dd6a2c196399b,byte_exact_copy; identity_based_path_rename_content_unchanged
01_simulation/configurations/mdp/TfCut1/L20/head/rep03/NPT.mdp,eca74c4b42c1750151179dc76dcd927e5ec8cb15d56cb67a0a447f419796695d,AutoProPET source snapshot (not a runtime path),Paper/PETase_Manuscript_2026/public_release/inputs/mdp/Pro00057__PET_L20__head-side__r3/NPT.mdp,cc3e37216a243f6308b7fd53d447a5929b00bf538d9dd35ab1027a6ac77e8373,byte_exact_copy; identity_based_path_rename_content_unchanged
01_simulation/configurations/mdp/PHL7/L20/tail/rep01/NPT.mdp,f7189f90d84f38ede02a3534fa1f2d73b09a250cf5228d87f7bd8272a086b698,AutoProPET source snapshot (not a runtime path),Paper/PETase_Manuscript_2026/public_release/inputs/mdp/Pro00137__PET_L20__tail-side__r1/NPT.mdp,cc5efb643eec634ec72e789f6cffbccd5a08daeb872230fc5be9374076cef412,byte_exact_copy; identity_based_path_rename_content_unchanged
01_simulation/configurations/mdp/IsPETase/L10/head/rep02/NVT.mdp,68e225b297940155c67c692d9ffaca77adabd46b02fe80a0efbad335c8f790ee,AutoProPET source snapshot (not a runtime path),Paper/PETase_Manuscript_2026/public_release/inputs/mdp/Pro00083__PET_L10__head-side__r2/NVT.mdp,cee1c08b287dda8003cb6770079f6d0c00bf36b297e631e16a72c8b4bbc7812d,byte_exact_copy; identity_based_path_rename_content_unchanged
01_simulation/configurations/mdp/LCC/L4/single/rep03/NPT.mdp,a9b2378729f90757d850a7c72b97dce5538ac8d7c52310ca0c94379d7d968c9b,AutoProPET source snapshot (not a runtime path),Paper/PETase_Manuscript_2026/public_release/inputs/mdp/Pro00062__PET_L4__single__r3/NPT.mdp,d0618c6ec1d0107af8e1de06e5bba402d8b07234ca176f35b82949161b57662b,byte_exact_copy; identity_based_path_rename_content_unchanged
01_simulation/configurations/mdp/HiC/L10/tail/rep02/NPT.mdp,ba6056de676aa11e7efc19fcec01c934891962ed38cdc2bba0bd8ca7d587fca0,AutoProPET source snapshot (not a runtime path),Paper/PETase_Manuscript_2026/public_release/inputs/mdp/Pro00121__PET_L10__tail-side__r2/NPT.mdp,d0958e18b2f1cb17e3cf4cc217cde6f276b5d306313c9f25bd4d0a70553fdd4d,byte_exact_copy; identity_based_path_rename_content_unchanged
01_simulation/configurations/mdp/PHL7/L10/head/rep01/NPT.mdp,844cb19084c7c7523b559dd75d86610732995a0dc34a22c2278bd075757d875e,AutoProPET source snapshot (not a runtime path),Paper/PETase_Manuscript_2026/public_release/inputs/mdp/Pro00137__PET_L10__head-side__r1/NPT.mdp,d0e8ffaf6e6270cb14be5b56ba878ff9adc9fa57aba608fbf4ccd29c608f8ff3,byte_exact_copy; identity_based_path_rename_content_unchanged
01_simulation/configurations/mdp/TfCut1/L4/single/rep03/NVT.mdp,7f2a98ec7720c16c42a4cdea298a1f2da36530f283b8c8bf2bc84101ddbb7911,AutoProPET source snapshot (not a runtime path),Paper/PETase_Manuscript_2026/public_release/inputs/mdp/Pro00057__PET_L4__single__r3/NVT.mdp,d1082d6c84654273f7738b31e38cb9934f2e384c1bdd0ee6202845ae411ceb00,byte_exact_copy; identity_based_path_rename_content_unchanged
01_simulation/configurations/mdp/FoCut5a/L20/head/rep01/MD.mdp,3e1aca41098da5648d00778759e244b980a456c18b3daa1a8c604110b08e6514,AutoProPET source snapshot (not a runtime path),Paper/PETase_Manuscript_2026/public_release/inputs/mdp/Pro00075__PET_L20__head-side__r1/MD.mdp,d23987c9eb634eef850c333459ee6ec971b2b75c728dfd7a94374e1cd5a57cb9,byte_exact_copy; identity_based_path_rename_content_unchanged
01_simulation/configurations/mdp/TfCut1/L20/tail/rep02/NPT.mdp,310b3dccd62c3e3e16e873b1081d9c03483e4260b693d1ed7e0a2a38ec917ff1,AutoProPET source snapshot (not a runtime path),Paper/PETase_Manuscript_2026/public_release/inputs/mdp/Pro00057__PET_L20__tail-side__r2/NPT.mdp,d272348cf151ec4a20ae89d237da93a82f3c7e649ea584ccb46e461db717bbc9,byte_exact_copy; identity_based_path_rename_content_unchanged
01_simulation/configurations/mdp/LCC/L10/head/rep01/NVT.mdp,a7f8f79d44d84510fe177be6c291737e8e4f8f6937044abc8ad021ec102db331,AutoProPET source snapshot (not a runtime path),Paper/PETase_Manuscript_2026/public_release/inputs/mdp/Pro00062__PET_L10__head-side__r1/NVT.mdp,d303882441833aca925e489a3ce2746afa3c5ffb04fcfb15eeae3a356724e9b2,byte_exact_copy; identity_based_path_rename_content_unchanged
01_simulation/configurations/mdp/FoCut5a/L20/tail/rep02/NVT.mdp,795d373fa211104a026de93c56ff85fc3c117b4e96e245836fd2f007ce8dfab3,AutoProPET source snapshot (not a runtime path),Paper/PETase_Manuscript_2026/public_release/inputs/mdp/Pro00075__PET_L20__tail-side__r2/NVT.mdp,d38c65da40326574a9623859bd9a27d5c8b5e97255adc2bab1efc70ee04eeeae,byte_exact_copy; identity_based_path_rename_content_unchanged
01_simulation/configurations/mdp/FoCut5a/L10/head/rep02/NPT.mdp,29b90b53ac48740749d880d826cc93c8c0cef87abfbeb32bb5cdeb4d69c0a682,AutoProPET source snapshot (not a runtime path),Paper/PETase_Manuscript_2026/public_release/inputs/mdp/Pro00075__PET_L10__head-side__r2/NPT.mdp,d46358d243d693f717afd4b5c1d796519b1a253165e170dd359bddc1e6d87654,byte_exact_copy; identity_based_path_rename_content_unchanged
01_simulation/configurations/mdp/TfCut1/L20/bi/rep02/NVT.mdp,053e1ead361cbb7ded5604c10500260bf412953b094c6515c9f9f68ced70f191,AutoProPET source snapshot (not a runtime path),Paper/PETase_Manuscript_2026/public_release/inputs/mdp/Pro00057__PET_L20__bidirectional__r2/NVT.mdp,d464a289bb5707f64d856163846ff739947bcd585d53b31b147953e0cd9c2cbb,byte_exact_copy; identity_based_path_rename_content_unchanged
01_simulation/configurations/mdp/TfCut1/L4/single/rep03/NPT.mdp,9dd90ac711cb66f5fb695807d648c1a101060584ea53c141ebddf9c9f9d51eda,AutoProPET source snapshot (not a runtime path),Paper/PETase_Manuscript_2026/public_release/inputs/mdp/Pro00057__PET_L4__single__r3/NPT.mdp,d6c046a8399bc773f0b33360cd796fa887f92e59da1dd106fed5b97a09cc4eac,byte_exact_copy; identity_based_path_rename_content_unchanged
01_simulation/configurations/mdp/PHL7/L20/head/rep02/NPT.mdp,6c5d9f3cb5ffd8d035dc579e6f203efbd120cf417d1524a3a526f6f5c79dbb79,AutoProPET source snapshot (not a runtime path),Paper/PETase_Manuscript_2026/public_release/inputs/mdp/Pro00137__PET_L20__head-side__r2/NPT.mdp,d76dd4727da428f850f28cbaee44b1365ff79842915a2a0b645853c4b374969a,byte_exact_copy; identity_based_path_rename_content_unchanged
01_simulation/configurations/mdp/FoCut5a/L4/single/rep03/NPT.mdp,ac0188d7c8a64cecb7be0d67c635af86a43eebe6ada6e254e8f81d5ad1c57544,AutoProPET source snapshot (not a runtime path),Paper/PETase_Manuscript_2026/public_release/inputs/mdp/Pro00075__PET_L4__single__r3/NPT.mdp,d7e7bb6db2a03af2465dd4aa5c430a570832c3936c6f0fd1b2af321211c17f92,byte_exact_copy; identity_based_path_rename_content_unchanged
01_simulation/configurations/mdp/FoCut5a/L10/tail/rep03/NVT.mdp,2e676680cf25b0397419661d7881dd8aa8996a69770a27cb83168740e13d4a5f,AutoProPET source snapshot (not a runtime path),Paper/PETase_Manuscript_2026/public_release/inputs/mdp/Pro00075__PET_L10__tail-side__r3/NVT.mdp,d839dcd72786d70fe1767e7f72ca7c6a0045b69e8e0e3857f91b25db0cb04e79,byte_exact_copy; identity_based_path_rename_content_unchanged
01_simulation/configurations/mdp/FoCut5a/L10/tail/rep03/NPT.mdp,9f6f7c6b087cdbb5f390f1fd034b54ff04d524d81536607090781cf5a6757b2d,AutoProPET source snapshot (not a runtime path),Paper/PETase_Manuscript_2026/public_release/inputs/mdp/Pro00075__PET_L10__tail-side__r3/NPT.mdp,d9ca60ef57dde80313d1d2394abcbcc914890d070d1ac6d40045a7f64f855e85,byte_exact_copy; identity_based_path_rename_content_unchanged
01_simulation/configurations/mdp/HiC/L20/tail/rep02/NVT.mdp,255f1ff42a0e8aa1d109a3f29962139b809c3a081252b82d5124e04e6db53212,AutoProPET source snapshot (not a runtime path),Paper/PETase_Manuscript_2026/public_release/inputs/mdp/Pro00121__PET_L20__tail-side__r2/NVT.mdp,da369efdfcdfa45fed05defb63e9fbf564c4336a8a1e3eac1f198ca51f7cd91c,byte_exact_copy; identity_based_path_rename_content_unchanged
01_simulation/configurations/mdp/TfCut1/L20/bi/rep02/NPT.mdp,612c37b92303cb7f361b9df1d7ae7afbf292fdce85f910517327d6510c325962,AutoProPET source snapshot (not a runtime path),Paper/PETase_Manuscript_2026/public_release/inputs/mdp/Pro00057__PET_L20__bidirectional__r2/NPT.mdp,db7bddc4b2c9f78ab1d81f5b49833c00e9b1315d94ab9511d67a19039eced8ea,byte_exact_copy; identity_based_path_rename_content_unchanged
01_simulation/configurations/mdp/FoCut5a/L10/bi/rep02/NPT.mdp,aa8169cd9f77bee482ca6a19c3b33aa4974c61d7e7330834d46cbdf53cd818cc,AutoProPET source snapshot (not a runtime path),Paper/PETase_Manuscript_2026/public_release/inputs/mdp/Pro00075__PET_L10__bidirectional__r2/NPT.mdp,dcbcc5101152c61a366e7ae1c42a1ff41af66766bdc966b21cd5a47d4bdffdc0,byte_exact_copy; identity_based_path_rename_content_unchanged
01_simulation/configurations/mdp/FoCut5a/L20/head/rep01/NPT.mdp,b6fe91d5353a4057c0475baadcef2548b1228d4edd571b6f458a4bd0c7c8a61d,AutoProPET source snapshot (not a runtime path),Paper/PETase_Manuscript_2026/public_release/inputs/mdp/Pro00075__PET_L20__head-side__r1/NPT.mdp,dd53c8847ab79533e16083b175757f354a37db4d8bd3501b626d2b9f6b3e4851,byte_exact_copy; identity_based_path_rename_content_unchanged
01_simulation/configurations/mdp/IsPETase/L20/head/rep03/NPT.mdp,b9d56305055da4b016e0af15e6e066e150dbbc976d874104207139dc5db5dd0c,AutoProPET source snapshot (not a runtime path),Paper/PETase_Manuscript_2026/public_release/inputs/mdp/Pro00083__PET_L20__head-side__r3/NPT.mdp,def24f947aea4dbcb0755cbf1381bfe26a7f0739716d0bb8263e120971ce1951,byte_exact_copy; identity_based_path_rename_content_unchanged
01_simulation/configurations/mdp/FoCut5a/L4/single/rep02/NPT.mdp,d7bd295600a35227be81ac30573612e3240b7f06018db9214e5ce4bde3bb58f6,AutoProPET source snapshot (not a runtime path),Paper/PETase_Manuscript_2026/public_release/inputs/mdp/Pro00075__PET_L4__single__r2/NPT.mdp,df2ca1438682c17ce46ecc72b7585cd89a9a487b277aa9eff278d67207f57046,byte_exact_copy; identity_based_path_rename_content_unchanged
01_simulation/configurations/mdp/TfCut1/L4/single/rep01/MD.mdp,e8d9d55d12387dba98b8f7b32fd23219aca9c6318f3076dce2c6bc56ba615cb7,AutoProPET source snapshot (not a runtime path),Paper/PETase_Manuscript_2026/public_release/inputs/mdp/Pro00057__PET_L4__single__r1/MD.mdp,df34327a13c5d203cef07d95ca083cf320da787890c2ea35f701c3e8d722da9f,byte_exact_copy; identity_based_path_rename_content_unchanged
01_simulation/configurations/mdp/PHL7/L4/single/rep03/NVT.mdp,bfafbb03c29bf47d653a1fffdb8c2d4f59445882d78e03bcf9201e855b72911a,AutoProPET source snapshot (not a runtime path),Paper/PETase_Manuscript_2026/public_release/inputs/mdp/Pro00137__PET_L4__single__r3/NVT.mdp,e0b13122d983bf7b7b0b1332b0cb5fd12d9021792dd465db0799116e8e883a80,byte_exact_copy; identity_based_path_rename_content_unchanged
01_simulation/configurations/mdp/PHL7/L20/bi/rep02/NVT.mdp,4be628a3af9782813d378a9176a73e33e119238e3e071c2b10b72bde1948c2db,AutoProPET source snapshot (not a runtime path),Paper/PETase_Manuscript_2026/public_release/inputs/mdp/Pro00137__PET_L20__bidirectional__r2/NVT.mdp,e0b87717772e889e6970dda968f816b824ebf2f6b5973cf98aef785b80095f88,byte_exact_copy; identity_based_path_rename_content_unchanged
01_simulation/configurations/mdp/HiC/L20/tail/rep03/MD.mdp,d0d8a870f0eb6e2d23b801a9673b0866bc8087d823a1dd252104b84dbaa8e49a,AutoProPET source snapshot (not a runtime path),Paper/PETase_Manuscript_2026/public_release/inputs/mdp/Pro00121__PET_L20__tail-side__r3/MD.mdp,e202d3a10c607c799206142c36b5e944614f29ddf9692244300299751ae56dcd,byte_exact_copy; identity_based_path_rename_content_unchanged
01_simulation/configurations/mdp/PHL7/L4/single/rep03/MD.mdp,dd6f41e07ef88aa5b8af5ba4b579d2d1f0a18baa008e254b724a57dba2daf841,AutoProPET source snapshot (not a runtime path),Paper/PETase_Manuscript_2026/public_release/inputs/mdp/Pro00137__PET_L4__single__r3/MD.mdp,e2a48b8efbc017d2f9b32189af9c3c902b301c005248c65b3069f192b9e8be1c,byte_exact_copy; identity_based_path_rename_content_unchanged
01_simulation/configurations/mdp/TfCut1/L20/head/rep02/MD.mdp,b5322418763fd23f3f28f556f397af8a1221f94f5426d33babb6baf1b2ca0fdd,AutoProPET source snapshot (not a runtime path),Paper/PETase_Manuscript_2026/public_release/inputs/mdp/Pro00057__PET_L20__head-side__r2/MD.mdp,e3349b58c61e819d7e9bd4de011694b38808dc37bebf4ec86db33a6131a78ce4,byte_exact_copy; identity_based_path_rename_content_unchanged
01_simulation/configurations/mdp/FoCut5a/L20/tail/rep02/MD.mdp,dd36d25a8e93ad6b4394cd9e02832dac532af3314132d9334e5fc12c23a34455,AutoProPET source snapshot (not a runtime path),Paper/PETase_Manuscript_2026/public_release/inputs/mdp/Pro00075__PET_L20__tail-side__r2/MD.mdp,e43500873a48bd72445126362c40f4605ce34fcda9da004921dc8f8ee74fe347,byte_exact_copy; identity_based_path_rename_content_unchanged
01_simulation/configurations/mdp/HiC/L20/tail/rep02/NPT.mdp,3d121ac864fab35abe4e67bf9e8999d1f018d69882145c0dfa1faacce3a17f65,AutoProPET source snapshot (not a runtime path),Paper/PETase_Manuscript_2026/public_release/inputs/mdp/Pro00121__PET_L20__tail-side__r2/NPT.mdp,e4c5f038b1d0a71f6fd49de9199e6b88f3e02a5171f6db795d5f501807bf0736,byte_exact_copy; identity_based_path_rename_content_unchanged
01_simulation/configurations/mdp/PHL7/L20/head/rep02/NVT.mdp,8d1a6c15fac99185b2596ea87e7177825d2c68a5434bf15ee4109772072050b7,AutoProPET source snapshot (not a runtime path),Paper/PETase_Manuscript_2026/public_release/inputs/mdp/Pro00137__PET_L20__head-side__r2/NVT.mdp,e6167e159bf4a300bc95c51b8ebe01485e143703ed7e13ad5d5806cda97da56e,byte_exact_copy; identity_based_path_rename_content_unchanged
01_simulation/configurations/mdp/PHL7/L20/bi/rep02/MD.mdp,159fede9b965dc427e7050f377c66f7cf2c8363d9f1ed2f2cfe28f64133e05b1,AutoProPET source snapshot (not a runtime path),Paper/PETase_Manuscript_2026/public_release/inputs/mdp/Pro00137__PET_L20__bidirectional__r2/MD.mdp,e628be8966a9bafe0a3fa0fe463fb29366a646545a4ce901f6da3a121ecb355e,byte_exact_copy; identity_based_path_rename_content_unchanged
01_simulation/configurations/mdp/LCC/L10/bi/rep02/MD.mdp,3868dcd2929d0246b820b4554d8724b11b3e4faffed28470100292302b1f5c9b,AutoProPET source snapshot (not a runtime path),Paper/PETase_Manuscript_2026/public_release/inputs/mdp/Pro00062__PET_L10__bidirectional__r2/MD.mdp,e780a319ef43d59de2df1c8270b41fcd77ba0e7d0b8f25ad32b1318b99696006,byte_exact_copy; identity_based_path_rename_content_unchanged
01_simulation/configurations/mdp/PHL7/L20/head/rep03/NVT.mdp,3c432ef73eea71fb902e83a2b27fd069e243b0e68c9badead88b4f73b23a7861,AutoProPET source snapshot (not a runtime path),Paper/PETase_Manuscript_2026/public_release/inputs/mdp/Pro00137__PET_L20__head-side__r3/NVT.mdp,e7a56d93b92d74d362bb6d570372d472223f547b6ba6e3fefacc832b9cbefa59,byte_exact_copy; identity_based_path_rename_content_unchanged
01_simulation/configurations/mdp/FoCut5a/L20/bi/rep01/NVT.mdp,14713283e73fa1e325c23f48643bd145ee5e0fb1d48cdb28ee50bdb7eca1678d,AutoProPET source snapshot (not a runtime path),Paper/PETase_Manuscript_2026/public_release/inputs/mdp/Pro00075__PET_L20__bidirectional__r1/NVT.mdp,e80dfe80aa0687a8b04312e7bb6b8cf0fed7f4ccc0716496b3707d466208047c,byte_exact_copy; identity_based_path_rename_content_unchanged
01_simulation/configurations/mdp/PHL7/L10/head/rep01/MD.mdp,478d3828bbcb69d28978e7f9bac06287dd94509b7233aeedf0f1c262cac4dafa,AutoProPET source snapshot (not a runtime path),Paper/PETase_Manuscript_2026/public_release/inputs/mdp/Pro00137__PET_L10__head-side__r1/MD.mdp,e8316b8ac1b648458f260eb8276f530b21cabaae3a89637537f1e59e38bfaac2,byte_exact_copy; identity_based_path_rename_content_unchanged
01_simulation/configurations/mdp/IsPETase/L4/single/rep02/MD.mdp,ee2ca516bb22a76763eb37c5888a044a8fe16d7787b2372f1c1ab6520ab7ab7e,AutoProPET source snapshot (not a runtime path),Paper/PETase_Manuscript_2026/public_release/inputs/mdp/Pro00083__PET_L4__single__r2/MD.mdp,e86a1926d5362fd65f94065eace485839bd3572a31387fe95ed6328d192d5ca1,byte_exact_copy; identity_based_path_rename_content_unchanged
01_simulation/configurations/mdp/HiC/L10/tail/rep01/MD.mdp,d561987e00647442bbe1dac54a331740da38caf1a3b05f911d4ce5420a7cdfb1,AutoProPET source snapshot (not a runtime path),Paper/PETase_Manuscript_2026/public_release/inputs/mdp/Pro00121__PET_L10__tail-side__r1/MD.mdp,e91641a4466ff3a62f1d45b2d8c3563489e775d046f64c3f8d38e626acaede05,byte_exact_copy; identity_based_path_rename_content_unchanged
01_simulation/configurations/mdp/FoCut5a/L20/bi/rep02/NPT.mdp,0cba46ad8fe7f58b1309a344f6d453977db2cfad050c9635fd156a54dd0c3a95,AutoProPET source snapshot (not a runtime path),Paper/PETase_Manuscript_2026/public_release/inputs/mdp/Pro00075__PET_L20__bidirectional__r2/NPT.mdp,e92b761bda853130df3d57ddd27aee0bdcb96348f9869254a8ff41e559787564,byte_exact_copy; identity_based_path_rename_content_unchanged
01_simulation/configurations/mdp/LCC/L20/head/rep03/NPT.mdp,30fafb25763c766f6c717a4dedb41d430f6eada52783f665a07ae15e326411a8,AutoProPET source snapshot (not a runtime path),Paper/PETase_Manuscript_2026/public_release/inputs/mdp/Pro00062__PET_L20__head-side__r3/NPT.mdp,e9788fc760f2dbb6f8ba5c03e5ed4b668d1d0afc6062b2277a3d100e7547bc46,byte_exact_copy; identity_based_path_rename_content_unchanged
01_simulation/configurations/mdp/IsPETase/L4/single/rep02/NVT.mdp,8d1c7aea85d53bbf7a31f5643e6fce84f350f2b57cb1d6b6ed4eef8eeec54ead,AutoProPET source snapshot (not a runtime path),Paper/PETase_Manuscript_2026/public_release/inputs/mdp/Pro00083__PET_L4__single__r2/NVT.mdp,e9e6f8ca1733d7ef3040c172d8bf40ebc34e2d3238e78c305065f6530634e8d8,byte_exact_copy; identity_based_path_rename_content_unchanged
01_simulation/configurations/mdp/HiC/L10/bi/rep03/NPT.mdp,bb52dd05f63951f5e40826c484993afc094a780050ad7f9cc44a2237283482ed,AutoProPET source snapshot (not a runtime path),Paper/PETase_Manuscript_2026/public_release/inputs/mdp/Pro00121__PET_L10__bidirectional__r3/NPT.mdp,ec51895d0ca72f8440821478b7f597d0a139d9e9738ebcadd9da00b89ff86c5d,byte_exact_copy; identity_based_path_rename_content_unchanged
01_simulation/configurations/mdp/PHL7/L20/tail/rep01/NVT.mdp,dd8987f061b5adf4c365ee6885542d4309137743996da9a5ca552f710a3143c2,AutoProPET source snapshot (not a runtime path),Paper/PETase_Manuscript_2026/public_release/inputs/mdp/Pro00137__PET_L20__tail-side__r1/NVT.mdp,ec8acf102c2704515788fea30c7c47e870695dff39dd24ae0aa4698fa75a9750,byte_exact_copy; identity_based_path_rename_content_unchanged
01_simulation/configurations/mdp/HiC/L20/head/rep02/NPT.mdp,bf5439bcc2e10bc7f5bcd2b75d600f7e85b007700189dd7ecc3f6c9f1aa46f0d,AutoProPET source snapshot (not a runtime path),Paper/PETase_Manuscript_2026/public_release/inputs/mdp/Pro00121__PET_L20__head-side__r2/NPT.mdp,ee9ba94a55ef055b2caa0c0fccee3b39a135fac3948389eed55c27e8d87b617f,byte_exact_copy; identity_based_path_rename_content_unchanged
01_simulation/configurations/mdp/TfCut1/L10/bi/rep02/MD.mdp,178a9cffb3f1e1077b8e66f2699074b5ae62619c598c1b85e6d5876fb8c39a77,AutoProPET source snapshot (not a runtime path),Paper/PETase_Manuscript_2026/public_release/inputs/mdp/Pro00057__PET_L10__bidirectional__r2/MD.mdp,ef9700fe1fc387dc55e74cd260e121db9a6e8eb86876f731f53f088da8456747,byte_exact_copy; identity_based_path_rename_content_unchanged
01_simulation/configurations/mdp/IsPETase/L20/bi/rep01/NPT.mdp,e01cb497cd152cc185b7075a66b136fc1ae8f15eaaf0bca1e27af61891fb0562,AutoProPET source snapshot (not a runtime path),Paper/PETase_Manuscript_2026/public_release/inputs/mdp/Pro00083__PET_L20__bidirectional__r1/NPT.mdp,efb6647e38d0ff1c3f97e39b85aa8733cd17ecc5cb7627e7d725d211dbcc93d0,byte_exact_copy; identity_based_path_rename_content_unchanged
01_simulation/configurations/mdp/IsPETase/L10/tail/rep03/NVT.mdp,41ae5110aeb572f89eca302d4a3e6b56c38828d1c703e1b654cb9dd43ba36b9d,AutoProPET source snapshot (not a runtime path),Paper/PETase_Manuscript_2026/public_release/inputs/mdp/Pro00083__PET_L10__tail-side__r3/NVT.mdp,efda06ac1f06208f496b05624eabea16e3ef336623cfba31103be8c5daef0e1d,byte_exact_copy; identity_based_path_rename_content_unchanged
01_simulation/configurations/mdp/PHL7/L20/tail/rep01/MD.mdp,596ea4504a44c706ae4c2116c6df052ea41e16bdf8e8db3bae14f587a9cf6f46,AutoProPET source snapshot (not a runtime path),Paper/PETase_Manuscript_2026/public_release/inputs/mdp/Pro00137__PET_L20__tail-side__r1/MD.mdp,f006fac8d137e3167f576e3c06ab4b1da26fc16e144be824c10c094d5cbf1935,byte_exact_copy; identity_based_path_rename_content_unchanged
01_simulation/configurations/mdp/TfCut1/L10/head/rep03/NPT.mdp,872610434f4d7309aa1a7c15cd36a1783e3260c2d24a259e9b0975b854f58710,AutoProPET source snapshot (not a runtime path),Paper/PETase_Manuscript_2026/public_release/inputs/mdp/Pro00057__PET_L10__head-side__r3/NPT.mdp,f038203d0a854f969c82873858d0774970bdf22d7edfdaeb1920f05c766a3d4d,byte_exact_copy; identity_based_path_rename_content_unchanged
01_simulation/configurations/mdp/TfCut1/L20/bi/rep03/NVT.mdp,6a4f48b47da52267f28d031ada617c4660a9a7ab7b5b93602dcd008d20a2a5f0,AutoProPET source snapshot (not a runtime path),Paper/PETase_Manuscript_2026/public_release/inputs/mdp/Pro00057__PET_L20__bidirectional__r3/NVT.mdp,f22133ca6218dbbfa2dd249d02b2cf435a244c2ce3c98601847bd6fff6845bc0,byte_exact_copy; identity_based_path_rename_content_unchanged
01_simulation/configurations/mdp/IsPETase/L10/bi/rep02/NPT.mdp,ee2ef931657bd5324bfdc37aa6f5c3cda7b615257c1e1a56a4af53fda8ca1f06,AutoProPET source snapshot (not a runtime path),Paper/PETase_Manuscript_2026/public_release/inputs/mdp/Pro00083__PET_L10__bidirectional__r2/NPT.mdp,f2df552860539bedbb697e37791ecbb5d13a5403ffc6449b4c30a29b31f24581,byte_exact_copy; identity_based_path_rename_content_unchanged
01_simulation/configurations/mdp/LCC/L20/head/rep01/NPT.mdp,87ebbc732e52963c17b9432ec058fefadb2df250b0db8bbfced34ef922045afd,AutoProPET source snapshot (not a runtime path),Paper/PETase_Manuscript_2026/public_release/inputs/mdp/Pro00062__PET_L20__head-side__r1/NPT.mdp,f3a3e65dd6dd0530518d8f508d21b50270f0273f69dd7990f39d642820b7277e,byte_exact_copy; identity_based_path_rename_content_unchanged
01_simulation/configurations/mdp/TfCut1/L10/tail/rep03/NVT.mdp,3323f0f9a1b188ca396877b230fb850a21af12924fae39f0c9f6281fc18996d5,AutoProPET source snapshot (not a runtime path),Paper/PETase_Manuscript_2026/public_release/inputs/mdp/Pro00057__PET_L10__tail-side__r3/NVT.mdp,f463fe6270f81fef58eaeb1db4d07397fbe88297f14a22a77b6c06a373a92eb1,byte_exact_copy; identity_based_path_rename_content_unchanged
01_simulation/configurations/mdp/FoCut5a/L4/single/rep01/NVT.mdp,ee7320083a11d9934a987d7d4490bed55016d33f69900d72a5e6e0ed0ae48298,AutoProPET source snapshot (not a runtime path),Paper/PETase_Manuscript_2026/public_release/inputs/mdp/Pro00075__PET_L4__single__r1/NVT.mdp,f5958d04ad10977ce411c085694d4dd980fb9cfbfbcaf08b5023fc0bfa1d81b4,byte_exact_copy; identity_based_path_rename_content_unchanged
01_simulation/configurations/mdp/PHL7/L20/bi/rep03/NVT.mdp,af1788db5d9ae6a098abc8dacd73d668c2c030660615fabfeef59ff02b6c3f53,AutoProPET source snapshot (not a runtime path),Paper/PETase_Manuscript_2026/public_release/inputs/mdp/Pro00137__PET_L20__bidirectional__r3/NVT.mdp,f8d34ee68966b939eb27f95455dfbc866e6722d2551f01fd4fff106b2857bf3a,byte_exact_copy; identity_based_path_rename_content_unchanged
01_simulation/configurations/mdp/HiC/L20/head/rep03/MD.mdp,5ece8aa7dc29e288fd8d87dea2fbe3a8adb67737dfc67a0c97d17e26c0fd9d3d,AutoProPET source snapshot (not a runtime path),Paper/PETase_Manuscript_2026/public_release/inputs/mdp/Pro00121__PET_L20__head-side__r3/MD.mdp,f9793836c18cbb8cbf18334a558e54863ec893f0dc9c324f678dfa732ea27cf4,byte_exact_copy; identity_based_path_rename_content_unchanged
01_simulation/configurations/mdp/HiC/L10/bi/rep03/NVT.mdp,8d71b2e0cd4d56d7c36365615a4193a217be13156b39927bbabae039b48d9b97,AutoProPET source snapshot (not a runtime path),Paper/PETase_Manuscript_2026/public_release/inputs/mdp/Pro00121__PET_L10__bidirectional__r3/NVT.mdp,fa367f02b3dbe1ab075fb723668c82ed7cff93ac10193fd69985702f8c13baf6,byte_exact_copy; identity_based_path_rename_content_unchanged
01_simulation/configurations/mdp/PHL7/L20/head/rep01/NPT.mdp,81c962c4a66761c1b51568e441203cffa98b1e2cacd4f057c7213c0bd313654d,AutoProPET source snapshot (not a runtime path),Paper/PETase_Manuscript_2026/public_release/inputs/mdp/Pro00137__PET_L20__head-side__r1/NPT.mdp,fadb30e219127853590f991388c8821c7ba469f00e998657aa907d8fb14d1a6d,byte_exact_copy; identity_based_path_rename_content_unchanged
01_simulation/configurations/mdp/LCC/L10/tail/rep03/NPT.mdp,910d8d254ed5ae17035f5d66fbabe72bd120e110f3ca7eb696bc0f914e330965,AutoProPET source snapshot (not a runtime path),Paper/PETase_Manuscript_2026/public_release/inputs/mdp/Pro00062__PET_L10__tail-side__r3/NPT.mdp,fb31bf718fc05ad5ac614e2fcb374c311377c6248c4c5fc9d03c06bc82139a52,byte_exact_copy; identity_based_path_rename_content_unchanged
01_simulation/configurations/mdp/HiC/L20/tail/rep03/NVT.mdp,99d73c7cdb7d88c05d8a43ad3da7c8b4d6ac9efcaf73923737f468e1661a4292,AutoProPET source snapshot (not a runtime path),Paper/PETase_Manuscript_2026/public_release/inputs/mdp/Pro00121__PET_L20__tail-side__r3/NVT.mdp,fb8152bde5208b104a2d62d845a04aedd0a6a915bc90a96e1cb7bf2babcad839,byte_exact_copy; identity_based_path_rename_content_unchanged
01_simulation/configurations/mdp/LCC/L10/bi/rep03/NVT.mdp,83cb167f7d4e13edec9ee896d3a71c0e6f817220e2bde4124d951acc37b6f8f2,AutoProPET source snapshot (not a runtime path),Paper/PETase_Manuscript_2026/public_release/inputs/mdp/Pro00062__PET_L10__bidirectional__r3/NVT.mdp,fbfde19410f50e46036b9d20eb90b2c3db97b59a3f96c253de3114c32772042c,byte_exact_copy; identity_based_path_rename_content_unchanged
01_simulation/configurations/mdp/FoCut5a/L10/bi/rep02/NVT.mdp,c8aaf8be54322548c44777539662b5fc6d6237a5eadc1be9ac5b6fe8d3f3eb4f,AutoProPET source snapshot (not a runtime path),Paper/PETase_Manuscript_2026/public_release/inputs/mdp/Pro00075__PET_L10__bidirectional__r2/NVT.mdp,fcc83ab0fa85e750272acdcf517571fff9b39036b4deebf70470060dbe4724ab,byte_exact_copy; identity_based_path_rename_content_unchanged
01_simulation/configurations/mdp/FoCut5a/L20/head/rep02/MD.mdp,462aa2dd3549171c036166b628a7fa110828b33a1d09baf77d1cc07f97cef97a,AutoProPET source snapshot (not a runtime path),Paper/PETase_Manuscript_2026/public_release/inputs/mdp/Pro00075__PET_L20__head-side__r2/MD.mdp,fe100ad45d8f6a5fc3cf00f65b43873c4504a30169fbd929c1862c148f654e96,byte_exact_copy; identity_based_path_rename_content_unchanged
01_simulation/configurations/mdp/LCC/L20/tail/rep03/NPT.mdp,3879de29cc1f72e8c38af35e465e1ed8f1fc77330a9425aacdf296ead9eff379,AutoProPET source snapshot (not a runtime path),Paper/PETase_Manuscript_2026/public_release/inputs/mdp/Pro00062__PET_L20__tail-side__r3/NPT.mdp,ff09d2f007b255ce85e714402f87940284d258ed2489aed4c4b74de9ac8b56b6,byte_exact_copy; identity_based_path_rename_content_unchanged
01_simulation/configurations/mdp/HiC/L20/bi/rep03/NPT.mdp,46fd2eb94c98b08cfbef7fede908b2a9436e4b7429dd3a2b5e4cc6b7689cf33e,AutoProPET source snapshot (not a runtime path),Paper/PETase_Manuscript_2026/public_release/inputs/mdp/Pro00121__PET_L20__bidirectional__r3/NPT.mdp,ffa9a6efc01fc2c179f0836ef537026d3819d9790247cb2c8fab2b2dbd153139,byte_exact_copy; identity_based_path_rename_content_unchanged
01_simulation/inputs/production_structures/00075.pdb,6ac17076b6af03bdadc70f1b4171ddb9c0025b62215a7f8b9ffe41129e70c470,AutoProPET source snapshot (not a runtime path),CodeData/generalGromacs_PL/Simulation/assets/proteins/00075/source/00075.pdb,6ac17076b6af03bdadc70f1b4171ddb9c0025b62215a7f8b9ffe41129e70c470,byte_exact_copy
01_simulation/inputs/production_structures/00083.pdb,3e43f491a35da7cef5bd75b3b75ed23617e358613504ed93739e221c2d351aac,AutoProPET source snapshot (not a runtime path),CodeData/generalGromacs_PL/Simulation/assets/proteins/00083/source/00083.pdb,3e43f491a35da7cef5bd75b3b75ed23617e358613504ed93739e221c2d351aac,byte_exact_copy
01_simulation/inputs/production_structures/00121.pdb,b98f40dc9c7bf80f16c3365de9c7053099b07932ef1f2be3988b46f04201062f,AutoProPET source snapshot (not a runtime path),CodeData/generalGromacs_PL/Simulation/assets/proteins/00121/source/00121.pdb,b98f40dc9c7bf80f16c3365de9c7053099b07932ef1f2be3988b46f04201062f,byte_exact_copy
01_simulation/inputs/reference_structures/4EB0.pdb,952288d4a49893ee259638bc72e17868b6903f0027c4bd4d207f76b9ddf85718,AutoProPET source snapshot (not a runtime path),CodeData/generalGromacs_PL/Protein_data/PDB_Crystal/4EB0.pdb,952288d4a49893ee259638bc72e17868b6903f0027c4bd4d207f76b9ddf85718,byte_exact_copy
01_simulation/inputs/reference_structures/4OYY.pdb,ad8043560d92c33b5ec72c3aa0d5a1eb1acc14dcd0edd9e15cd95444f826d1b2,AutoProPET source snapshot (not a runtime path),CodeData/generalGromacs_PL/Protein_data/PDB_RCSB_external/4OYY.pdb,ad8043560d92c33b5ec72c3aa0d5a1eb1acc14dcd0edd9e15cd95444f826d1b2,byte_exact_copy
01_simulation/inputs/reference_structures/5AJH.pdb,a2ee7a432e7df85e79ab7325b5c1eef7b5d9ec2d72b06edba088aaa32cfd3219,AutoProPET source snapshot (not a runtime path),CodeData/generalGromacs_PL/Protein_data/PDB_Crystal/5AJH.pdb,a2ee7a432e7df85e79ab7325b5c1eef7b5d9ec2d72b06edba088aaa32cfd3219,byte_exact_copy
01_simulation/inputs/reference_structures/6EQD.pdb,e923f7aae8a4e2cc0765a12e27faa1fe459cce0f32d484ec784e76d01ba12b2f,AutoProPET source snapshot (not a runtime path),CodeData/generalGromacs_PL/Protein_data/PDB_Crystal/6EQD.pdb,e923f7aae8a4e2cc0765a12e27faa1fe459cce0f32d484ec784e76d01ba12b2f,byte_exact_copy
01_simulation/inputs/reference_structures/7NEI.pdb,7b5a076a8e3b520da304869bb5538a8af552f16df97d055308abdaee555c3f00,AutoProPET source snapshot (not a runtime path),CodeData/generalGromacs_PL/Protein_data/PDB_RCSB_external/7NEI.pdb,7b5a076a8e3b520da304869bb5538a8af552f16df97d055308abdaee555c3f00,byte_exact_copy
01_simulation/inputs/reference_structures/7QJR.pdb,90cad21dcc77cc02516aa71118b4351238b9bb50e0d56bbf9520aeefcf0b17b1,AutoProPET source snapshot (not a runtime path),CodeData/generalGromacs_PL/Protein_data/PDB_Crystal/7QJR.pdb,90cad21dcc77cc02516aa71118b4351238b9bb50e0d56bbf9520aeefcf0b17b1,byte_exact_copy
02_postprocessing/code/statistics/con03.py,b9643a27c61a8a1b52421d8de60baacc4e36fcdf234cb9a18b240740641fe98b,AutoProPET source snapshot (not a runtime path),Paper/PETase_Manuscript_2026/public_release/code/statistics/con03.py,b9643a27c61a8a1b52421d8de60baacc4e36fcdf234cb9a18b240740641fe98b,byte_exact_copy
02_postprocessing/code/statistics/loc01.py,fedf1d3287d32146c99dff8e3b5ce042df848ec5cb3e533fdf9d73fa2a237b9f,AutoProPET source snapshot (not a runtime path),Paper/PETase_Manuscript_2026/public_release/code/statistics/loc01.py,fedf1d3287d32146c99dff8e3b5ce042df848ec5cb3e533fdf9d73fa2a237b9f,byte_exact_copy
02_postprocessing/code/statistics/str_sens.py,182c687a2323d16df608a425e995e1eaf561773e046fb109d84a2a2a64710357,AutoProPET source snapshot (not a runtime path),local_mirror/source_archive/postprocess/20260726_local_starting_coordinate_sensitivity/code/analyze_local_starting_coordinate_sensitivity.py,46eb8770b97de9d4dfcb56e63df2bf37082372336c40de2b63c423b3cf9d1183,original bootstrap AST preserved; numeric target aggregation preserved; unused verdict prose/lookup removed; absent subset raises
02_postprocessing/code/tables/build_supplementary_data_s1.py,97dbdbaeac47ea14e332dd05b162574a573a23faae0c2b5eb72c87459fa44676,AutoProPET source snapshot (not a runtime path),Paper/PETase_Manuscript_2026/public_release/code/projections/build_supplementary_data_s1.py,b1987b380b69d9b2136f707f9f381a46a040b128c6a34e2fe74100962c2336c0,declared path/interface adaptation; strict CLI/import/missing-data validation cleanup in the new copy
02_postprocessing/code/tables/build_supplementary_data_s2.py,17d170e710da9b1053b1998cfaca4c834a640155e2fd26e144a9fd6390791dee,AutoProPET source snapshot (not a runtime path),Paper/PETase_Manuscript_2026/public_release/code/projections/build_supplementary_data_s2.py,e93057d986eeeda21d8c5f3cfe194273cacc3089ffd60a4429f927175caa82f2,declared path/interface adaptation
02_postprocessing/code/tables/build_supplementary_table_s5.py,751dfdf2603c75480d377bb9f8d353a66e9af024769984cc9914d3c4f0257236,AutoProPET source snapshot (not a runtime path),Paper/PETase_Manuscript_2026/public_release/code/projections/build_supplementary_table_s5.py,153df2ed311d78508d3d82698630b304152e8f7dfe3976e7d7a4c9b4289e8cce,declared path/interface adaptation; strict CLI/import/missing-data validation cleanup in the new copy
02_postprocessing/code/tables/contact_shift_table.py,1d2d0875a9ffa853b2dd1e7a3d115a0edd872e6cb00e2e1905f182519671786c,AutoProPET source snapshot (not a runtime path),Paper/PETase_Manuscript_2026/tables/build_supplementary_table_s2.py,0bc5de1af8509c996c5901e9424be1d994c19f9523b4788159ed718a6c597065,AST-identical pure renderer functions; historical main and external paths omitted; approved V9 table wording and eligible-count synchronization 2026-09-13
02_postprocessing/code/tables/structural_concordance.py,566d5c7f598193801ac9606476247f18f78edb7c15926f139e1c7cc175d454cd,AutoProPET source snapshot (not a runtime path),local_mirror/source_archive/postprocess/20260724_supplementary_table_structural_concordance/code/build_supplementary_table_s2.py,922a2d64964ba07083c02c4be82196875ab3a8ec89c2ddb6c05974fad04995a4,AST-identical numerical projection and formatting; package-relative inputs; no historical output writes
02_postprocessing/code/validation/verify_projections.py,eba0f1af3653e53afef9b9fdb439040f95c0a7dd108b73a9a8bc8115d9173e0a,AutoProPET source snapshot (not a runtime path),Paper/PETase_Manuscript_2026/public_release/code/verify_projections.py,d534accf33337eb9b96d0dba40a65703b3206b221cd4f913e498c12d520702a2,declared path/interface adaptation; strict CLI/import/missing-data validation cleanup in the new copy
02_postprocessing/code/validation/verify_retention.py,bcfe4a89833915ca44df9b5c2aed8c435a70df94fc9141e10c82c092f1205f6e,AutoProPET source snapshot (not a runtime path),Paper/PETase_Manuscript_2026/public_release/code/verify_retention.py,bbedfe1e806916d95c374cb02182ad39323c0f1744d0de2b1faebc27d55015f2,declared path/interface adaptation
02_postprocessing/code/validation/verify_statistics.py,6acf6892b2c576dd458843f576dde1ec4038ab06fe119e997a9b65177c0f345c,AutoProPET source snapshot (not a runtime path),Paper/PETase_Manuscript_2026/public_release/code/verify_statistics.py,ccd9d282710ff3768539204cead1feb185c2ff89a15377e8a3c262833cdbf845,declared path/interface adaptation; strict CLI/import/missing-data validation cleanup in the new copy
02_postprocessing/inputs/annotations/full_panel_contact_landmark_annotation.csv,dd195bf6936675d448f241fc6b73ef9d398dc3288ab715183c37c35c35e8dfef,AutoProPET source snapshot (not a runtime path),Paper/PETase_Manuscript_2026/public_release/data/projection_inputs/full_panel_contact_landmark_annotation.csv,dd195bf6936675d448f241fc6b73ef9d398dc3288ab715183c37c35c35e8dfef,byte_exact_copy
02_postprocessing/inputs/str_sens_statistics.json,5f51a28f2bb92acde89e36ba4dc5fbc245582f5c8e926a87f78747bc0a22f8da,AutoProPET source snapshot (not a runtime path),local_mirror/source_archive/postprocess/20260726_local_starting_coordinate_sensitivity/inputs/analysis_spec.yaml,19bd79161c2d4edff7c1d9373c5d1accd92c9f3f52d7ba8188b14ef8a83760d3,exact projection of four numeric thresholds used by target aggregation; no path-bearing simulation settings copied
02_postprocessing/inputs/table_assembly/Table_01.tex.in,b1c5e45cf43beda5f8b16028cba430b091567eea52f0c9fca5f9e7f625d7ee84,AutoProPET source snapshot (not a runtime path),Paper/PETase_Manuscript_2026/main_V8.tex,ac0bed56f2b74fdb22513a0736020cb4d907bedda75d830f40c28f25208bd5aa,approved_layout_only; body replaced by ROWS placeholder
02_postprocessing/inputs/table_assembly/Table_01_approved_cells.csv,cd80e1e9671982fdbf48e3e0b04ae32e03b2b3137c65200c0ffbdb40ee41bed4,AutoProPET source snapshot (not a runtime path),Paper/PETase_Manuscript_2026/main_V8.tex,ac0bed56f2b74fdb22513a0736020cb4d907bedda75d830f40c28f25208bd5aa,lossless approved TeX-cell projection; no scientific recalculation
02_postprocessing/inputs/table_assembly/Table_S01.tex.in,a7d1bad88555060903ce8c89a17841b2fc158462291638efb558d0c87eae4339,AutoProPET source snapshot (not a runtime path),Paper/PETase_Manuscript_2026/tables/Supplementary_Table_S1_residue_correspondence.tex,ac82ec2b4c198283b9ffc4e1b0504aff64cbd368014d760aee2ef8435d9e4485,approved_layout_only; body replaced by ROWS placeholder
02_postprocessing/inputs/table_assembly/Table_S01_approved_cells.csv,db336e024fe793aaf72e473c20632c315c51c57ce092ab7a5ddb87d63cfb6af3,AutoProPET source snapshot (not a runtime path),Paper/PETase_Manuscript_2026/tables/Supplementary_Table_S1_residue_correspondence.tex,ac82ec2b4c198283b9ffc4e1b0504aff64cbd368014d760aee2ef8435d9e4485,lossless approved TeX-cell projection; no scientific recalculation
02_postprocessing/inputs/table_assembly/Table_S03.tex.in,b998a81b494958f0d5c4eef28f2ea5729384bcbea572a1aad1b46ed27a15e876,AutoProPET source snapshot (not a runtime path),Paper/PETase_Manuscript_2026/tables/Supplementary_Table_S3_structural_concordance.tex,685c20d4c28786db4cac1144ca3e6c2000f6d6ebc5cef8fc450eff4ca882904b,approved_layout_only; body replaced by ROWS placeholder
02_postprocessing/inputs/table_assembly/Table_S04.tex.in,05c38314676f48e3bfa8495bda5bef80ad67bb8b9147fd9bec870d74221f2f3a,AutoProPET source snapshot (not a runtime path),Paper/PETase_Manuscript_2026/tables/Supplementary_Table_S4_local_starting_coordinate_sensitivity.tex,3fa573d4eebf80e006fed15e9bc5c0f7e79f8569c7cc569dce8d26fcaad0c010,approved_layout_only; body replaced by ROWS placeholder; approved V9 table wording and eligible-count synchronization 2026-09-13
02_postprocessing/results/aggregate_statistics/candidate_hbond_shift_uncertainty.csv,15ed4fd704895576ce522fa4730c063bd9725dd34b5c892de1d3ec540b76d80e,AutoProPET source snapshot (not a runtime path),local_mirror/source_archive/postprocess/20260713_candidate_hbond_full_retained/results/candidate_hbond_shift_uncertainty.csv,15ed4fd704895576ce522fa4730c063bd9725dd34b5c892de1d3ec540b76d80e,byte_exact_copy
02_postprocessing/results/aggregate_statistics/candidate_pet_hbond_summary.csv,2dfca5761df529f1e9fa85aa51302326d3533746b5ed5fba5d2a8864d9bdba30,AutoProPET source snapshot (not a runtime path),local_mirror/source_archive/postprocess/20260713_candidate_hbond_full_retained/results/candidate_pet_hbond_summary.csv,2dfca5761df529f1e9fa85aa51302326d3533746b5ed5fba5d2a8864d9bdba30,byte_exact_copy
02_postprocessing/results/aggregate_statistics/class_contact_shift_bootstrap.csv,1f118f51d41be9c9bdda7d0918ebc17a2bea5ee62f06847ede3ff29839c9d2bf,AutoProPET source snapshot (not a runtime path),local_mirror/source_archive/postprocess/20260723_class_contact_shift_uncertainty/results/class_contact_shift_bootstrap.csv,1f118f51d41be9c9bdda7d0918ebc17a2bea5ee62f06847ede3ff29839c9d2bf,byte_exact_copy; one shared package payload
02_postprocessing/results/aggregate_statistics/criterion_residue_shift_statistics.csv,85c5d6678b0fc8be71f10f28c45bffaeb0cf7589fdc4a149d69ef11acbb21f27,AutoProPET source snapshot (not a runtime path),local_mirror/source_archive/postprocess/20260715_hbond_angle_sensitivity/results/criterion_residue_shift_statistics.csv,85c5d6678b0fc8be71f10f28c45bffaeb0cf7589fdc4a149d69ef11acbb21f27,byte_exact_copy
02_postprocessing/results/aggregate_statistics/hic_equivalent_contact_fraction_by_length.csv,3a7dc9c3f0a79769fce407848b33bd7b774fd705acbe0d30c3ebdf241821fb0c,AutoProPET source snapshot (not a runtime path),local_mirror/source_archive/postprocess/20260721_hic_structural_equivalents/results/hic_equivalent_contact_fraction_by_length.csv,3a7dc9c3f0a79769fce407848b33bd7b774fd705acbe0d30c3ebdf241821fb0c,byte_exact_copy
02_postprocessing/results/aggregate_statistics/hic_pairwise_ce_alignment_summary.csv,c1b2bef18883be560a6179f66fc685a5d5ac987323b3a6cb7ca36269f9f49800,AutoProPET source snapshot (not a runtime path),local_mirror/source_archive/postprocess/20260721_hic_structural_equivalents/results/hic_pairwise_ce_alignment_summary.csv,c1b2bef18883be560a6179f66fc685a5d5ac987323b3a6cb7ca36269f9f49800,byte_exact_copy
02_postprocessing/results/aggregate_statistics/hic_structural_equivalent_mapping.csv,2abedc430b0b329f9c67ca9d2c9b835a0c1d369abf353125a074ca63a1dd89a9,AutoProPET source snapshot (not a runtime path),local_mirror/source_archive/postprocess/20260721_hic_structural_equivalents/results/hic_structural_equivalent_mapping.csv,2abedc430b0b329f9c67ca9d2c9b835a0c1d369abf353125a074ca63a1dd89a9,byte_exact_copy
02_postprocessing/results/aggregate_statistics/interaction_shift_statistics.csv,5496bd5dab8501b205be7de16eda7ac80fcb6c8e58d4abc96879776bb2f6ba89,AutoProPET source snapshot (not a runtime path),Paper/PETase_Manuscript_2026/public_release/data/projection_inputs/interaction_shift_statistics.csv,5496bd5dab8501b205be7de16eda7ac80fcb6c8e58d4abc96879776bb2f6ba89,byte_exact_copy
02_postprocessing/results/aggregate_statistics/interaction_state_coupling_summary.csv,ec5837cfb45cdf239a49ebf4dccc53a2ddd5a9d17545f2581030de359d641579,AutoProPET source snapshot (not a runtime path),local_mirror/source_archive/postprocess/20260726_local_starting_coordinate_sensitivity/results/interaction_state_coupling_summary.csv,ec5837cfb45cdf239a49ebf4dccc53a2ddd5a9d17545f2581030de359d641579,byte_exact_copy
02_postprocessing/results/aggregate_statistics/length_group_summary.csv,55f17c30744b020abc839613378f58bfc21dafcaa027a90bc6dfdcd4029f9b94,AutoProPET source snapshot (not a runtime path),local_mirror/source_archive/postprocess/20260730_phl7_w156_rotamer_analysis/results/length_group_summary.csv,55f17c30744b020abc839613378f58bfc21dafcaa027a90bc6dfdcd4029f9b94,byte_exact_copy
02_postprocessing/results/aggregate_statistics/manuscript_candidate_residues.csv,01d753098732516550f2f0112529545ecfd735258deb7ef013540779fa0b53ab,AutoProPET source snapshot (not a runtime path),Paper/PETase_Manuscript_2026/public_release/data/projection_inputs/manuscript_candidate_residues.csv,01d753098732516550f2f0112529545ecfd735258deb7ef013540779fa0b53ab,byte_exact_copy
02_postprocessing/results/aggregate_statistics/manuscript_candidate_residues.csv,01d753098732516550f2f0112529545ecfd735258deb7ef013540779fa0b53ab,AutoProPET source snapshot (not a runtime path),local_mirror/source_archive/postprocess/20260712_heavy_atom_contact_shift_uncertainty/results/manuscript_candidate_residues.csv,01d753098732516550f2f0112529545ecfd735258deb7ef013540779fa0b53ab,byte_exact_copy; one shared package payload
02_postprocessing/results/aggregate_statistics/mapped_pair_site_summary.csv,c8e670a4fb1cc3d3b7196ebd7b7c96ac26154c790ca4a25984159a0e04d43d46,AutoProPET source snapshot (not a runtime path),local_mirror/source_archive/postprocess/20260721_wloop_rmsf/results/mapped_pair_site_summary.csv,c8e670a4fb1cc3d3b7196ebd7b7c96ac26154c790ca4a25984159a0e04d43d46,byte_exact_copy
02_postprocessing/results/aggregate_statistics/mixture_model_sensitivity.csv,3cd877caa3234faf8b679f9ada530d99068d1724ea537ed9171e811557872302,AutoProPET source snapshot (not a runtime path),local_mirror/source_archive/postprocess/20260730_phl7_w156_rotamer_analysis/results/mixture_model_sensitivity.csv,3cd877caa3234faf8b679f9ada530d99068d1724ea537ed9171e811557872302,byte_exact_copy
02_postprocessing/results/aggregate_statistics/named_key_residue_comparison.csv,d42e27abc5601fc9a54435b51f3a9011528affd709ba7514dd33900a92a1e4c6,AutoProPET source snapshot (not a runtime path),local_mirror/source_archive/postprocess/20260721_structural_model_equivalence/results/named_key_residue_comparison.csv,d42e27abc5601fc9a54435b51f3a9011528affd709ba7514dd33900a92a1e4c6,byte_exact_copy
02_postprocessing/results/aggregate_statistics/pet_length_case_coverage.csv,41364727513a0801d79103c05b2a621c9195c9a82a9faefc93b378c7cc5fbd87,AutoProPET source snapshot (not a runtime path),local_mirror/source_archive/postprocess/20260712_full_panel_heavy_atom_analysis/results/pet_length_case_coverage.csv,41364727513a0801d79103c05b2a621c9195c9a82a9faefc93b378c7cc5fbd87,byte_exact_copy; one shared package payload
02_postprocessing/results/aggregate_statistics/pet_length_landmark_share_filtered_contact_ge_0_2.csv,17a82685afec20cc6e87a267ebccaafc2813508c2594be22488be727ae986495,AutoProPET source snapshot (not a runtime path),local_mirror/source_archive/postprocess/20260712_full_panel_heavy_atom_analysis/results/pet_length_landmark_share_filtered_contact_ge_0_2.csv,17a82685afec20cc6e87a267ebccaafc2813508c2594be22488be727ae986495,byte_exact_copy; one shared package payload
02_postprocessing/results/aggregate_statistics/pet_rg_group_comparison.csv,4ecf74922aa74952b23d8c72cd4dda92fbaae887043f0c8658041255c76ebcea,AutoProPET source snapshot (not a runtime path),local_mirror/source_archive/postprocess/20260718_l20_head_pet_rg_lcc_vs_tfcut1/results/pet_rg_group_comparison.csv,4ecf74922aa74952b23d8c72cd4dda92fbaae887043f0c8658041255c76ebcea,byte_exact_copy
02_postprocessing/results/aggregate_statistics/pooled_top20_contact_class_composition_unfiltered.csv,1d0abfb5cc6a580987ace4ada51e67da5ece5aed0e942d3eedc17115c73debb2,AutoProPET source snapshot (not a runtime path),local_mirror/source_archive/postprocess/20260721_manuscript_pooled_contacts/results/pooled_top20_contact_class_composition_unfiltered.csv,1d0abfb5cc6a580987ace4ada51e67da5ece5aed0e942d3eedc17115c73debb2,byte_exact_copy; one shared package payload
02_postprocessing/results/aggregate_statistics/pooled_top8_contacts_unfiltered.csv,54281db90dbe8b35c9f6c70c563217c236522a5cdb94693efea1bb64a0122520,AutoProPET source snapshot (not a runtime path),local_mirror/source_archive/postprocess/20260721_manuscript_pooled_contacts/results/pooled_top8_contacts_unfiltered.csv,54281db90dbe8b35c9f6c70c563217c236522a5cdb94693efea1bb64a0122520,byte_exact_copy; one shared package payload
02_postprocessing/results/aggregate_statistics/protein_model_equivalence_summary.csv,4349f642987191861774407f420cc0ff7b73828fef4eb92b509de13a5af01600,AutoProPET source snapshot (not a runtime path),local_mirror/source_archive/postprocess/20260721_structural_model_equivalence/results/protein_model_equivalence_summary.csv,4349f642987191861774407f420cc0ff7b73828fef4eb92b509de13a5af01600,byte_exact_copy
02_postprocessing/results/aggregate_statistics/protein_wloop_metric_summary.csv,47cb9db0a19c5cfd1cdba4171040cc002b3f581ba8d553509344add695006fe2,AutoProPET source snapshot (not a runtime path),local_mirror/source_archive/postprocess/20260721_wloop_rmsf/results/protein_wloop_metric_summary.csv,47cb9db0a19c5cfd1cdba4171040cc002b3f581ba8d553509344add695006fe2,byte_exact_copy
02_postprocessing/results/aggregate_statistics/protein_wloop_profile_summary.csv,de12d21e1d68de1fe5a446565ebc591144a60118d537f660f1e749c5cc8512d0,AutoProPET source snapshot (not a runtime path),local_mirror/source_archive/postprocess/20260721_wloop_rmsf/results/protein_wloop_profile_summary.csv,de12d21e1d68de1fe5a446565ebc591144a60118d537f660f1e749c5cc8512d0,byte_exact_copy
02_postprocessing/results/aggregate_statistics/reference_structure_angles.csv,c7ff46f9a4d66a9ff9aeb03d57f90f183b41f8b26767b0b37e004fc1fd1267bb,AutoProPET source snapshot (not a runtime path),local_mirror/source_archive/postprocess/20260730_phl7_w156_rotamer_analysis/results/reference_structure_angles.csv,7542e25084414cde41bea80b96b4da162ad3f8d31477f59660a879438d21baaf,column_projection: omit source_path only; preserve all other cell strings and all 8 rows
02_postprocessing/results/aggregate_statistics/retention_conditions.csv,c3610409b0856c7a52243ae57f1cf18f7a033585d7d4e466fc1efcacc471fde5,AutoProPET source snapshot (not a runtime path),Paper/PETase_Manuscript_2026/public_release/data/retention/retention_conditions.csv,c3610409b0856c7a52243ae57f1cf18f7a033585d7d4e466fc1efcacc471fde5,byte_exact_copy
02_postprocessing/results/aggregate_statistics/retention_qc_counts.csv,3785b08cd5022c6273bdc7a4717d93b70e8505f7ccc440b3e065398d8e4f6c4b,AutoProPET source snapshot (not a runtime path),Paper/PETase_Manuscript_2026/public_release/data/retention/retention_qc_counts.csv,3785b08cd5022c6273bdc7a4717d93b70e8505f7ccc440b3e065398d8e4f6c4b,byte_exact_copy
02_postprocessing/results/aggregate_statistics/static_reference_reconciliation.csv,3c72220eecf98947bc7da4ac45f4afcadfe10b956f6665210ca1c74aaa59fe17,AutoProPET source snapshot (not a runtime path),local_mirror/source_archive/postprocess/20260726_local_starting_coordinate_sensitivity/results/static_reference_reconciliation.csv,3c72220eecf98947bc7da4ac45f4afcadfe10b956f6665210ca1c74aaa59fe17,byte_exact_copy
02_postprocessing/results/aggregate_statistics/target_subset_summary.csv,761b94605daa990f57800403d6993880cbf74497a64ce1b310bad420c30eefb7,AutoProPET source snapshot (not a runtime path),local_mirror/source_archive/postprocess/20260726_local_starting_coordinate_sensitivity/results/target_subset_summary.csv,761b94605daa990f57800403d6993880cbf74497a64ce1b310bad420c30eefb7,byte_exact_copy
02_postprocessing/results/aggregate_statistics/trajectory_level_contact_shift_candidates.csv,4e4bcfb5a6e0b042f327efa6d996b3f99bf7ffb375db36ba61dd2fc8f63f6eda,AutoProPET source snapshot (not a runtime path),Paper/PETase_Manuscript_2026/public_release/data/projection_inputs/trajectory_level_contact_shift_candidates.csv,4e4bcfb5a6e0b042f327efa6d996b3f99bf7ffb375db36ba61dd2fc8f63f6eda,byte_exact_copy
02_postprocessing/results/frame_observables/frame_level_w156_rotamer_contacts.csv.gz,a4ac5fe5387bea236e50db619df2ad2bec6556e6b2f4cb1e92069ea446b09554,AutoProPET source snapshot (not a runtime path),local_mirror/source_archive/postprocess/20260730_phl7_w156_rotamer_analysis/results/frame_level_w156_rotamer_contacts.csv.gz,a4ac5fe5387bea236e50db619df2ad2bec6556e6b2f4cb1e92069ea446b09554,byte_exact_copy
02_postprocessing/results/frame_observables/pet_rg_per_frame.csv.gz,6302b4124a010a77813a2b59f1354eaf0d15e8dcfe43848ef5a244f258a26ada,AutoProPET source snapshot (not a runtime path),local_mirror/source_archive/postprocess/20260718_l20_head_pet_rg_lcc_vs_tfcut1/results/pet_rg_per_frame.csv.gz,6302b4124a010a77813a2b59f1354eaf0d15e8dcfe43848ef5a244f258a26ada,byte_exact_copy
02_postprocessing/results/structural_snapshots/coordinates/CUT1_S67_L20_56.19ns_hbond.pdb,0e574e039c6d7a00cc8e66f50af5995513d645c16052506952b0551281ea6a0a,AutoProPET source snapshot (not a runtime path),local_mirror/source_archive/postprocess/20260713_candidate_hbond_full_retained/chimerax/structures/CUT1_S67_L20_56.19ns_hbond.pdb,0e574e039c6d7a00cc8e66f50af5995513d645c16052506952b0551281ea6a0a,byte_exact_copy
02_postprocessing/results/structural_snapshots/coordinates/CUT1_T64_L20_75.49ns_hbond.pdb,daba67b8f1a82e3ac3d14f4622bd983b1c1e80c6850a0eb390c1e0f069ac9599,AutoProPET source snapshot (not a runtime path),local_mirror/source_archive/postprocess/20260713_candidate_hbond_full_retained/chimerax/structures/CUT1_T64_L20_75.49ns_hbond.pdb,daba67b8f1a82e3ac3d14f4622bd983b1c1e80c6850a0eb390c1e0f069ac9599,byte_exact_copy
02_postprocessing/results/structural_snapshots/coordinates/Figure_04_HiC_common.pdb,726eceb1ec40a04e6140740256bc167a9d660f52da9f5dbdb40c345fe99cd9fd,AutoProPET source snapshot (not a runtime path),Paper/PETase_Manuscript_2026/analysis/figure_rebuild_20260810/Figure_04_work/Figure_04_HiC_common.pdb,726eceb1ec40a04e6140740256bc167a9d660f52da9f5dbdb40c345fe99cd9fd,byte_exact_copy
02_postprocessing/results/structural_snapshots/coordinates/Figure_05_FoCut5a.pdb,6aa86577f5be531065dddeb5fe3f784b1411006095b40075de894db9c19bfe0f,AutoProPET source snapshot (not a runtime path),local_mirror/source_archive/postprocess/20260722_refine_figure_set/structures/Figure_05_FoCut5a.pdb,6aa86577f5be531065dddeb5fe3f784b1411006095b40075de894db9c19bfe0f,byte_exact_copy
02_postprocessing/results/structural_snapshots/coordinates/Figure_05_IsPETase.pdb,9712879bb4c1572bff746cd8e8a23abfabc575a8d8cd863cfef26747ebd9ead6,AutoProPET source snapshot (not a runtime path),local_mirror/source_archive/postprocess/20260722_refine_figure_set/structures/Figure_05_IsPETase.pdb,9712879bb4c1572bff746cd8e8a23abfabc575a8d8cd863cfef26747ebd9ead6,byte_exact_copy
02_postprocessing/results/structural_snapshots/coordinates/Figure_05_LCC.pdb,6fbbc09709f19b695982961cca55e0ec01e452d01f1c05480343c64ee91cf36a,AutoProPET source snapshot (not a runtime path),local_mirror/source_archive/postprocess/20260722_refine_figure_set/structures/Figure_05_LCC.pdb,6fbbc09709f19b695982961cca55e0ec01e452d01f1c05480343c64ee91cf36a,byte_exact_copy
02_postprocessing/results/structural_snapshots/coordinates/Figure_05_PHL7.pdb,3f67594b45cee5377d81f97b09705a501d7239c2e380901cc2363ed61c9cc96b,AutoProPET source snapshot (not a runtime path),local_mirror/source_archive/postprocess/20260722_refine_figure_set/structures/Figure_05_PHL7.pdb,3f67594b45cee5377d81f97b09705a501d7239c2e380901cc2363ed61c9cc96b,byte_exact_copy
02_postprocessing/results/structural_snapshots/coordinates/Figure_05_TfCut1.pdb,4dfc8ce0cc5a8b48bc735d4fe826843d5238acf026948dae5bf9725858677407,AutoProPET source snapshot (not a runtime path),local_mirror/source_archive/postprocess/20260722_refine_figure_set/structures/Figure_05_TfCut1.pdb,4dfc8ce0cc5a8b48bc735d4fe826843d5238acf026948dae5bf9725858677407,byte_exact_copy
02_postprocessing/results/structural_snapshots/coordinates/HiC_T166_L20_52.44ns_hbond.pdb,8cf4669e4f9b6477d7d46dc0b79660bcf61968399305a21aabf13685d7c4c950,AutoProPET source snapshot (not a runtime path),local_mirror/source_archive/postprocess/20260713_candidate_hbond_full_retained/chimerax/structures/HiC_T166_L20_52.44ns_hbond.pdb,8cf4669e4f9b6477d7d46dc0b79660bcf61968399305a21aabf13685d7c4c950,byte_exact_copy
02_postprocessing/results/structural_snapshots/coordinates/HiC_T166_L20_52.44ns_hbond.pdb,8cf4669e4f9b6477d7d46dc0b79660bcf61968399305a21aabf13685d7c4c950,AutoProPET source snapshot (not a runtime path),local_mirror/source_archive/postprocess/20260722_refine_figure_set/structures/Figure_05_HiC.pdb,8cf4669e4f9b6477d7d46dc0b79660bcf61968399305a21aabf13685d7c4c950,Byte-identical coordinates deduplicated; both original source identities preserved
02_postprocessing/results/structural_snapshots/representative_hbond_frames.csv,ff281cd79c381e3977f78121a72a012c8bf7de3ed4a99802d80a2b3d8bb2b4da,AutoProPET source snapshot (not a runtime path),local_mirror/source_archive/postprocess/20260713_candidate_hbond_full_retained/results/representative_hbond_frame_recommendations.csv,4d502383b6f9eebaaa2fe1120a58b5287bc8a9f536eac307f64a1a7bf77ec258,"column_projection_only: omit index,tpr,xtc; all remaining cell strings preserved"
02_postprocessing/results/structural_snapshots/representative_interface_frames.csv,ddd01ba1164638761798f66baa5acd1a32472c30e20467996add89b4146fdb4f,AutoProPET source snapshot (not a runtime path),Paper/PETase_Manuscript_2026/analysis/figure_rebuild_20260810/Figure_04_representative_frames.csv,0a0c2f47c0a3162890b32e17502981bc18a943b1341be092d5a75f2cc9d3c112,"column_projection_only: omit tpr,xtc,index_ndx; all remaining cell strings preserved"
02_postprocessing/results/tables/Supplementary_Data_S1_residue_class_assignments.csv,c02913622f013b9d61b391bb3ca426e51ec7f41f6d999f3b19fdc2e1801d350e,AutoProPET source snapshot (not a runtime path),Paper/PETase_Manuscript_2026/public_release/data/published/Supplementary_Data_S1_residue_class_assignments.csv,c02913622f013b9d61b391bb3ca426e51ec7f41f6d999f3b19fdc2e1801d350e,byte_exact_copy
02_postprocessing/results/tables/Supplementary_Data_S2_residue_contact_shift_candidates.csv,0cf877eb97253ac5ed0e04a743ae9d6b161a81d15167a342d2574c1f9a44c64c,AutoProPET source snapshot (not a runtime path),Paper/PETase_Manuscript_2026/public_release/data/published/Supplementary_Data_S2_residue_contact_shift_candidates.csv,0cf877eb97253ac5ed0e04a743ae9d6b161a81d15167a342d2574c1f9a44c64c,byte_exact_copy
02_postprocessing/results/tables/Supplementary_Table_S1_residue_correspondence.tex,ac82ec2b4c198283b9ffc4e1b0504aff64cbd368014d760aee2ef8435d9e4485,AutoProPET source snapshot (not a runtime path),Paper/PETase_Manuscript_2026/tables/Supplementary_Table_S1_residue_correspondence.tex,ac82ec2b4c198283b9ffc4e1b0504aff64cbd368014d760aee2ef8435d9e4485,exact_approved_table_environment
02_postprocessing/results/tables/Supplementary_Table_S2_residue_contact_shifts.tex,5ff64420337d731e07b7db47e17008fd4637c17f9cda4c67c88bd5f09469c66c,AutoProPET source snapshot (not a runtime path),Paper/PETase_Manuscript_2026/public_release/data/projection_inputs/Supplementary_Table_S2_residue_contact_shifts.tex,04e2a6556f3706cbb7e8a83283278a8c2ccb6e3cdc250bb8873fa0e9b6035691,byte_exact_copy; approved V9 table wording and eligible-count synchronization 2026-09-13
02_postprocessing/results/tables/Supplementary_Table_S3_structural_concordance.tex,685c20d4c28786db4cac1144ca3e6c2000f6d6ebc5cef8fc450eff4ca882904b,AutoProPET source snapshot (not a runtime path),Paper/PETase_Manuscript_2026/tables/Supplementary_Table_S2_structural_concordance.csv,cfd98bacdb8acef1eaf57dbbc248885b26353968fbba1661075e4a0b509bb7e5,historical numerical projection reference; all 78 cells checked; current approved TeX layout preserved
02_postprocessing/results/tables/Supplementary_Table_S3_structural_concordance.tex,685c20d4c28786db4cac1144ca3e6c2000f6d6ebc5cef8fc450eff4ca882904b,AutoProPET source snapshot (not a runtime path),Paper/PETase_Manuscript_2026/tables/Supplementary_Table_S3_structural_concordance.tex,685c20d4c28786db4cac1144ca3e6c2000f6d6ebc5cef8fc450eff4ca882904b,exact_approved_table_environment
02_postprocessing/results/tables/Supplementary_Table_S4_local_starting_coordinate_sensitivity.csv,e315b148dd746dbddf493806d1d24753843c33cb8d8a4399a38ed398233565cb,AutoProPET source snapshot (not a runtime path),Paper/PETase_Manuscript_2026/tables/Supplementary_Table_S4_local_starting_coordinate_sensitivity.csv,e315b148dd746dbddf493806d1d24753843c33cb8d8a4399a38ed398233565cb,byte_exact_copy
02_postprocessing/results/tables/Supplementary_Table_S4_local_starting_coordinate_sensitivity.tex,4cf5ba85188a4dd94499ef78702a5cdeb1b0fc5178f980af979baffa06a47ca8,AutoProPET source snapshot (not a runtime path),Paper/PETase_Manuscript_2026/tables/Supplementary_Table_S4_local_starting_coordinate_sensitivity.tex,3fa573d4eebf80e006fed15e9bc5c0f7e79f8569c7cc569dce8d26fcaad0c010,exact_approved_table_environment; approved V9 table wording and eligible-count synchronization 2026-09-13
02_postprocessing/results/tables/Supplementary_Table_S5_per_ring_contact_geometry.csv,af6ff5434e2366a50d01b665a084c3e23aa8f1b0ff020fae2195fcf79cc76523,AutoProPET source snapshot (not a runtime path),Paper/PETase_Manuscript_2026/public_release/data/projection_inputs/Supplementary_Table_S5_per_ring_contact_geometry.csv,af6ff5434e2366a50d01b665a084c3e23aa8f1b0ff020fae2195fcf79cc76523,byte_exact_copy
02_postprocessing/results/tables/Supplementary_Table_S5_per_ring_contact_geometry.tex,db6c1377ad085e2aeeef9292bf2c1126e423ccb2ad6b8c7eea8d2d1020c2f717,AutoProPET source snapshot (not a runtime path),Paper/PETase_Manuscript_2026/public_release/data/published/Supplementary_Table_S5_per_ring_contact_geometry.tex,db6c1377ad085e2aeeef9292bf2c1126e423ccb2ad6b8c7eea8d2d1020c2f717,byte_exact_copy
02_postprocessing/results/tables/Table_1_enzyme_panel.tex,82120ae019bfdac2abdbfa9914c10e08b317da479abf353cc076fda562736260,AutoProPET source snapshot (not a runtime path),Paper/PETase_Manuscript_2026/main_V8.tex,ac0bed56f2b74fdb22513a0736020cb4d907bedda75d830f40c28f25208bd5aa,exact_approved_table_environment
02_postprocessing/results/trajectory_summaries/candidate_case_contact_values.csv,92743d883081f8a10a7cdcece6f8e64a70d254997f17901803a4e2718399ebd3,AutoProPET source snapshot (not a runtime path),Paper/PETase_Manuscript_2026/public_release/data/trajectory_summaries/candidate_case_contact_values.csv,92743d883081f8a10a7cdcece6f8e64a70d254997f17901803a4e2718399ebd3,byte_exact_copy
02_postprocessing/results/trajectory_summaries/candidate_case_hbond_values_zero_filled.csv,ed0ff9b47c07f8990850f9a21db3d5ccd362615ba0f446fd7efd9451b51ef889,AutoProPET source snapshot (not a runtime path),local_mirror/source_archive/postprocess/20260713_candidate_hbond_full_retained/results/candidate_case_hbond_values_zero_filled.csv,ed0ff9b47c07f8990850f9a21db3d5ccd362615ba0f446fd7efd9451b51ef889,byte_exact_copy
02_postprocessing/results/trajectory_summaries/catalytic_ser_pet_trajectory_summary.csv,0a0a5ec2fd39d60f6057cd4a9101898264a8137186ebe0e42f1f7cd2d5a73c3d,AutoProPET source snapshot (not a runtime path),local_mirror/source_archive/postprocess/20260721_catalytic_ser_pet_geometry/results/catalytic_ser_pet_trajectory_summary.csv,0a0a5ec2fd39d60f6057cd4a9101898264a8137186ebe0e42f1f7cd2d5a73c3d,byte_exact_copy
02_postprocessing/results/trajectory_summaries/pet_rg_trajectory_summary.csv,d902b229924e9697da29cbea8c1d7127468d00444f10103eb4e419f44b982981,AutoProPET source snapshot (not a runtime path),local_mirror/source_archive/postprocess/20260718_l20_head_pet_rg_lcc_vs_tfcut1/results/pet_rg_trajectory_summary.csv,d902b229924e9697da29cbea8c1d7127468d00444f10103eb4e419f44b982981,byte_exact_copy
02_postprocessing/results/trajectory_summaries/retention_manifest.csv,e3c056233bc17148fdf7605a9713b975e9278430840480a2c8ec70bc55579854,AutoProPET source snapshot (not a runtime path),Paper/PETase_Manuscript_2026/public_release/data/trajectory_summaries/retention_manifest.csv,e3c056233bc17148fdf7605a9713b975e9278430840480a2c8ec70bc55579854,byte_exact_copy
02_postprocessing/results/trajectory_summaries/trajectory_interaction_state_coupling.csv,cd4653b72c65ed6bebe9281d0d5df5df579d2be3590f0fae093bae02a84c6015,AutoProPET source snapshot (not a runtime path),local_mirror/source_archive/postprocess/20260726_local_starting_coordinate_sensitivity/results/trajectory_interaction_state_coupling.csv,cd4653b72c65ed6bebe9281d0d5df5df579d2be3590f0fae093bae02a84c6015,byte_exact_copy
02_postprocessing/results/trajectory_summaries/trajectory_metric_values.csv,d9fc8037049740cb02434af08464e86f313863914d738a6640c3727335eaac2e,AutoProPET source snapshot (not a runtime path),Paper/PETase_Manuscript_2026/public_release/data/trajectory_summaries/trajectory_metric_values.csv,d9fc8037049740cb02434af08464e86f313863914d738a6640c3727335eaac2e,byte_exact_copy
02_postprocessing/results/trajectory_summaries/trajectory_rotamer_summary.csv,a06d1463cd9c7a289217d05bff339dbb4e2ee351abe1b9530ef4fee6be0f330d,AutoProPET source snapshot (not a runtime path),local_mirror/source_archive/postprocess/20260730_phl7_w156_rotamer_analysis/results/trajectory_rotamer_summary.csv,a06d1463cd9c7a289217d05bff339dbb4e2ee351abe1b9530ef4fee6be0f330d,byte_exact_copy
02_postprocessing/results/trajectory_summaries/trajectory_target_summary.csv,757ee6da25f191d7ca2b2c2267fd61997c4adac50b4902dd0ceb1c9a53b50be2,AutoProPET source snapshot (not a runtime path),local_mirror/source_archive/postprocess/20260726_local_starting_coordinate_sensitivity/results/trajectory_target_summary.csv,757ee6da25f191d7ca2b2c2267fd61997c4adac50b4902dd0ceb1c9a53b50be2,byte_exact_copy
02_postprocessing/results/trajectory_summaries/trajectory_wloop_summary.csv,b9d54833c5df148272bdc6ec9ca735d13137c062134e64df3cd397914745d5fe,AutoProPET source snapshot (not a runtime path),local_mirror/source_archive/postprocess/20260721_wloop_rmsf/results/trajectory_wloop_summary.csv,b9d54833c5df148272bdc6ec9ca735d13137c062134e64df3cd397914745d5fe,byte_exact_copy
03_figures/fig01/make_figure.py,d0273d81793c33220c835cb43ee28455a58349316d6400913cbfae7f545746b5,AutoProPET source snapshot (not a runtime path),Paper/PETase_Manuscript_2026/analysis/main_figure_readability_20260909/build_figure_01.py,99c10eef2780d7ae1621c2591d9299dca8a0336195d5bf61056d00ee60a5d4ea,selected drawing functions; no render-cache or original-path branches; literal local scene inputs; strict CLI/import/missing-data validation cleanup in the new copy; approved V9 figure numbering/rendering port 2026-09-13
03_figures/fig01/project_labels.py,956f06c6e1e4b6eec12670df384ec1dccc27d80da089bbc1ec323f1be30eadbb,AutoProPET source snapshot (not a runtime path),Paper/PETase_Manuscript_2026/analysis/figure01_label_clearance_20260909/export_label_projection.py,3809be0c26b93543c01593052b6aca501dce54e21edd330de25fc58ee711dfa5,explicit output directory from required PETASE_RENDER_WORK
03_figures/fig01/render_scene.cxc,1a83bff5403c25228d2c1564d6eae2340bf8c8fa571ba28e501daf11340b87c3,AutoProPET source snapshot (not a runtime path),local_mirror/source_archive/postprocess/20260722_refine_figure_set/figures/archive/Figure_01/versions/v4/Figure_01_render_experimental_panel.cxc,d69d54419eef5763188ca7c03f80a859519992ce5204688aecf701202941b41f,literal scene extraction; paths declared locally; current figure-specific drawing changes only
03_figures/fig02/make_figure.py,f69646428739c1447cd93996b6e53e5289fd2e23a00f7d82b7cf08e770466b0c,AutoProPET source snapshot (not a runtime path),Paper/PETase_Manuscript_2026/public_release/code/retention_plotting/figure02.py,82f0be75fed9f640610768614348561bb6aa1829d6057e8631b0220e3fb46434,declared path/interface adaptation; strict CLI/import/missing-data validation cleanup in the new copy; approved V9 figure numbering/rendering port 2026-09-13
03_figures/fig03/make_figure.py,1cf41f3603550c03d5c639865bc4719635460f1224a64ac8e6aec3a910054182,AutoProPET source snapshot (not a runtime path),Paper/PETase_Manuscript_2026/analysis/figure_rebuild_20260810/plot_revised_figure_03.py,ab5e71ecd504b47976872a10ea6b73960e0a04821957463aee8ed76d88a60a55,drawing preserved; package-local inputs; removed provenance writes; strict font and complete-grid validation; strict CLI/import/missing-data validation cleanup in the new copy
03_figures/figS02/make_figure.py,83ab6a4009f3ed2fcd8d35642f58f3a944f418f6202262c33807a6a706ab109f,AutoProPET source snapshot (not a runtime path),Paper/PETase_Manuscript_2026/analysis/figure_rebuild_20260810/plot_revised_figure_04.py,2c811e3af3144f29f068b6d6593a9998cce682d01e9339fd9e7e73f626911620,selected drawing functions; no render-cache or original-path branches; literal local scene inputs; strict CLI/import/missing-data validation cleanup in the new copy; approved V9 figure numbering/rendering port 2026-09-13
03_figures/figS02/render_five_enzymes.cxc,f9e0e5f59f1c30979441b6ed55b33597ace5143ba2d2cfbabe12f962739dccfb,AutoProPET source snapshot (not a runtime path),local_mirror/source_archive/postprocess/20260722_refine_figure_set/chimerax/Figure_05_render_representative_hotspots.cxc,bb345d6e5019955f019cc74aa64f361153048840c7eaa0bcd7482ad42c62b55d,literal scene extraction; paths declared locally; current figure-specific drawing changes only; strict CLI/import/missing-data validation cleanup in the new copy; approved V9 figure numbering/rendering port 2026-09-13
03_figures/figS02/render_hic.cxc,772dd31858ae16c17e05234ac04901bcde4ee830266aee7cdb3a9a06521c3ac8,AutoProPET source snapshot (not a runtime path),Paper/PETase_Manuscript_2026/analysis/figure_rebuild_20260810/Figure_04_work/Figure_04_render_HiC_common.cxc,1727ae328c24c32dc98019ae655cb88c93255b48aaa3d48792b145a7a0360969,literal scene extraction; paths declared locally; current figure-specific drawing changes only; approved V9 figure numbering/rendering port 2026-09-13
03_figures/fig04/make_figure.py,71b1286112778785ed11aa362fcb3a5372ec5b27a075617e88d4836cffc6fc9e,AutoProPET source snapshot (not a runtime path),Paper/PETase_Manuscript_2026/analysis/figure_rebuild_20260810/plot_revised_figure_05.py,8b53e17253487545b8af7e5574da71b05b9e95822b3e0f16f89f359bf58e28e7,drawing preserved; package-local inputs; removed provenance writes; strict font and complete-grid validation; strict CLI/import/missing-data validation cleanup in the new copy; approved V9 figure numbering/rendering port 2026-09-13
03_figures/fig05/make_figure.py,b99f8b8a87e0a14fc53a4cc72303fe74c3c45a8aa06045aaa07c2d33e64ad082,AutoProPET source snapshot (not a runtime path),Paper/PETase_Manuscript_2026/analysis/figure_rebuild_20260810/plot_revised_figure_06.py,113674d4524ca7ea522e4f7becfc6583f1a45ae59457082e4d861fc3e28939cb,selected drawing functions; no render-cache or original-path branches; literal local scene inputs; strict CLI/import/missing-data validation cleanup in the new copy; approved V9 figure numbering/rendering port 2026-09-13
03_figures/fig05/render_scene.cxc,b29f46eabdd311447c2cde695bbf0247889c2a7a609e4dc8771f10e32a9c0724,AutoProPET source snapshot (not a runtime path),Paper/PETase_Manuscript_2026/analysis/figure_rebuild_20260810/Figure_06_work/Figure_06_HiC_FoCut5a_overlay.cxc,ff9b3fe7dc6e2d3ad6a0f813523997b3b58a070675c371d75fdf3f6098ebf43c,literal scene extraction; paths declared locally; current figure-specific drawing changes only; approved V9 figure numbering/rendering port 2026-09-13
03_figures/fig06/make_figure.py,0f1d96252c2754a2721abfa8c79f100d8d94544e34f4d384c76f39a6844f9f37,AutoProPET source snapshot (not a runtime path),Paper/PETase_Manuscript_2026/analysis/figure_rebuild_20260810/plot_revised_figure_07.py,febe48b6841aa77574078e25170e02bb791978221d2117affda9d33546827f03,selected drawing functions; no render-cache or original-path branches; literal local scene inputs; strict CLI/import/missing-data validation cleanup in the new copy; approved V9 figure numbering/rendering port 2026-09-13
03_figures/fig06/render_scene.cxc,cc8ddac45c36aa4e8eb6510a2fb069b57827f21a694700b30f952abecc4300f0,AutoProPET source snapshot (not a runtime path),Paper/PETase_Manuscript_2026/analysis/figure_rebuild_20260810/render_figure_07_snapshots.cxc,05fdf158515de67dd872f0484b54cbfb1a471f8c381c0eec42c86661c1b40762,literal scene extraction; paths declared locally; current figure-specific drawing changes only; approved V9 figure numbering/rendering port 2026-09-13
03_figures/figS01/make_figure.py,72066609617162073a25d77ccf65f7421b5b07b21b55b4aa103129f19cb3fdf9,AutoProPET source snapshot (not a runtime path),Paper/PETase_Manuscript_2026/public_release/code/retention_plotting/figure_s01.py,11b1e257773ff51c41cdeca73efb467d42b0922ce421c16db00cab8c14d0e214,declared path/interface adaptation; strict CLI/import/missing-data validation cleanup in the new copy; approved V9 figure numbering/rendering port 2026-09-13
03_figures/figS03/make_figure.py,5888fddf4f26b2f670dd8a9d66828b781cd5bfaf5dc5db87a18e7c4f19186002,AutoProPET source snapshot (not a runtime path),Paper/PETase_Manuscript_2026/analysis/si_figure_rebuild_20260812/plot_revised_figure_s02.py,5730c8d37f7d2394ce34ee250681bb44031db627ac6140ec50332a2cc7ef3e6b,drawing preserved; package-local inputs; removed provenance writes; strict font and complete-grid validation; strict CLI/import/missing-data validation cleanup in the new copy; approved V9 figure numbering/rendering port 2026-09-13
03_figures/figS04/make_figure.py,b92f1b5848bde392e4079c1a54277041a707b59e6161ea3a700d51f5aa06e30a,AutoProPET source snapshot (not a runtime path),Paper/PETase_Manuscript_2026/analysis/si_figure_rebuild_20260812/plot_revised_figure_s03.py,63a26dbe1a46752a8af8ad15812deefcdbcde6d5f79310a46a0396b6a135430d,drawing preserved; package-local inputs; removed provenance writes; strict font and complete-grid validation; strict CLI/import/missing-data validation cleanup in the new copy; approved V9 figure numbering/rendering port 2026-09-13
03_figures/figS06/make_figure.py,66f85033dda7c688f0019951070b9435803e3d61ddacc3cb959fe22ba7088323,AutoProPET source snapshot (not a runtime path),Paper/PETase_Manuscript_2026/analysis/si_figure_rebuild_20260812/plot_revised_figure_s04.py,173f749e7a163c545dd9de2356730cb7370becaddbd377a079c2af47ba0f7932,drawing preserved; package-local inputs; removed provenance writes; strict font and complete-grid validation; strict CLI/import/missing-data validation cleanup in the new copy; approved V9 figure numbering/rendering port 2026-09-13
03_figures/figS05/make_figure.py,a98ce625d126172e0c3dcc7d9269b4d5f2cc8ccfb9111a8d052f7c1530042a38,AutoProPET source snapshot (not a runtime path),Paper/PETase_Manuscript_2026/analysis/si_figure_rebuild_20260812/plot_revised_figure_s05.py,8486d55005fea3f759edb41a741c5f94bb61259cc3961d40d1551250cb5c2f53,drawing preserved; package-local inputs; removed provenance writes; strict font and complete-grid validation; strict CLI/import/missing-data validation cleanup in the new copy
03_figures/figS07/make_figure.py,e52041aee9e0e81af7d118dafdb0cc9f4f5a2d7be2873f53d9e0767428e161f1,AutoProPET source snapshot (not a runtime path),Paper/PETase_Manuscript_2026/analysis/si_figure_rebuild_20260812/plot_revised_figure_s06.py,63fb34d2b0884c56493134f965bac64fda2be10c126e257bb161907d4e034da9,drawing preserved; package-local inputs; removed provenance writes; strict font and complete-grid validation; strict CLI/import/missing-data validation cleanup in the new copy; approved V9 figure numbering/rendering port 2026-09-13
03_figures/figS08/make_figure.py,5a871104fec15398a6badb9eef80453f408efedc8c63caed69468b1025ea066c,AutoProPET source snapshot (not a runtime path),Paper/PETase_Manuscript_2026/analysis/si_figure_rebuild_20260812/plot_revised_figure_s07.py,fa1b7c85c37b742913e76124008a68ca945325c423db66964e2d36df93eec599,drawing preserved; package-local inputs; removed provenance writes; strict font and complete-grid validation; strict CLI/import/missing-data validation cleanup in the new copy; approved V9 figure numbering/rendering port 2026-09-13
03_figures/figS09/make_figure.py,49d53239135c7fc8b4f89b59336443d6e4702eb7a61d6dd008022b4400d58d7e,AutoProPET source snapshot (not a runtime path),Paper/PETase_Manuscript_2026/analysis/si_figure_rebuild_20260812/plot_revised_figure_s08.py,5e937dfd22e5336f8d636c4e848e18092e3a9311c98b9bd4c918d7861d88476e,drawing preserved; package-local inputs; removed provenance writes; strict font and complete-grid validation; strict CLI/import/missing-data validation cleanup in the new copy; approved V9 figure numbering/rendering port 2026-09-13
03_figures/shared/base_typography.py,80fbf166d5d0c49c81d47c03ef6a82a67aa01b7372025f583d780e8a28a5f338,AutoProPET source snapshot (not a runtime path),Paper/PETase_Manuscript_2026/public_release/code/retention_plotting/base_typography.py,a992ae83c941d9827cb50f97a2469b5123828a499c8b9e4164d6803f32a946c0,declared path/interface adaptation
03_figures/shared/data_adapter.py,e48c61ab432ebf7a69aa69d354c6739fd2756c5d55d6ebe0dfb131d777802de7,AutoProPET source snapshot (not a runtime path),Paper/PETase_Manuscript_2026/public_release/code/retention_plotting/data_adapter.py,fcf43c474f547d2995aba4840255ed3d62c1b5918a71c2a149aff794aec26b2a,declared path/interface adaptation
03_figures/shared/main_style.py,ae518833f4a78b178013e11b9a2672ec35ca4f2ab78a76eddf3ba6085979bc34,AutoProPET source snapshot (not a runtime path),Paper/PETase_Manuscript_2026/public_release/code/retention_plotting/main_style.py,63bcec3878b3f2a67fb1ea9f1455b519ba2499df910f962375dd25fbc4c7ff02,declared path/interface adaptation; strict CLI/import/missing-data validation cleanup in the new copy
03_figures/shared/panel_legend_layout.py,3d9bb6aa7c54d136074cc2a1f82bb6a4f64bc2d1fa5e506b3f5d99513838f9e7,AutoProPET source snapshot (not a runtime path),Paper/PETase_Manuscript_2026/analysis/panel_legend_alignment_20260909/panel_legend_layout.py,08ffe4754b1c89dc0492377259b60bfa5d2ca27e7a2625e30335019f1914e2f8,byte_exact_copy; approved V9 figure numbering/rendering port 2026-09-13
03_figures/shared/publication_style.py,5e763125263bd2ac25d45eb17850413543d68c9796a1f72801477bf91fcabecb,AutoProPET source snapshot (not a runtime path),Paper/PETase_Manuscript_2026/analysis/publication_figure_typography_20260909/publication_style.py,3c57a985d825fde01b2ccdee7cead0abcb2490500041816acb5e87f2b00bb0fd,selected IO changes; fixed declared font; original numerical and layout operations; approved V9 figure numbering/rendering port 2026-09-13
03_figures/shared/revised_figure_layout.py,9672a39d43fc5f00ddd5381d9115379ca9bc4bf5396672f4e15240468f7d72db,AutoProPET source snapshot (not a runtime path),Paper/PETase_Manuscript_2026/analysis/figure_rebuild_20260810/revised_figure_layout.py,9672a39d43fc5f00ddd5381d9115379ca9bc4bf5396672f4e15240468f7d72db,byte_exact_copy
03_figures/shared/revised_figure_layout.py,9672a39d43fc5f00ddd5381d9115379ca9bc4bf5396672f4e15240468f7d72db,AutoProPET source snapshot (not a runtime path),Paper/PETase_Manuscript_2026/public_release/code/retention_plotting/contrast.py,9b691f2be1f19c94077e07556ab2d04c3e06c20160a33d7403a0a12eff80cd3f,Identical contrast functions consolidated into the one shared layout helper; strict CLI/import/missing-data validation cleanup in the new copy
03_figures/shared/s1_helpers.py,2bcff9676ea1e4f8a2fd8216931ac31f9c84609e16fec4fafcc40d39496f9854,AutoProPET source snapshot (not a runtime path),Paper/PETase_Manuscript_2026/public_release/code/retention_plotting/s1_helpers.py,c5d53abbf7cd2cef467babeecbea17d6a20f0af9dcee6be1f2e3c7882a110dc4,declared path/interface adaptation; strict CLI/import/missing-data validation cleanup in the new copy
metadata/CODE_LICENSE.txt,3fd4ae53c818f7a2ae3831f703fd5a6767135413286bdf751695c3d700b17852,AutoProPET source snapshot (not a runtime path),Paper/PETase_Manuscript_2026/public_release/code/LICENSE,3fd4ae53c818f7a2ae3831f703fd5a6767135413286bdf751695c3d700b17852,byte_exact_copy
metadata/DATA_DICTIONARY.md,546e5c634266a9dedd262a758d21abbcae54d5e1de06b1a3dc50943c8eb5fdd7,AutoProPET source snapshot (not a runtime path),Paper/PETase_Manuscript_2026/public_release/metadata/DATA_DICTIONARY.md,4aad92ac24a3a9b1466db80f5ad03bf652b8f10d7508ff57f4491a44acb14f75,path and current-coverage documentation adaptation; definitions preserved
metadata/STATISTICAL_DEFINITIONS.md,ba037bdbb56bcad104f9263cf0a9325fd858e1e6710b0e25eca6a209e0820ec0,AutoProPET source snapshot (not a runtime path),Paper/PETase_Manuscript_2026/public_release/metadata/STATISTICAL_DEFINITIONS.md,715a50bc323a09deecee54e8f833286ee7dd4bde6b508059190a071758d514bf,path and current-coverage documentation adaptation; definitions preserved
metadata/analysis_case_crosswalk.csv,dc70d3f38cd53aacd451c84ff884e74eb32becd656b1833603911a02363c6a1c,AutoProPET source snapshot (not a runtime path),Paper/PETase_Manuscript_2026/public_release/metadata/analysis_case_crosswalk.csv,dc70d3f38cd53aacd451c84ff884e74eb32becd656b1833603911a02363c6a1c,byte_exact_copy
metadata/trajectory_index.csv,21d7be903e7852bbd94bb110985a30e983a3ba17c3d0df1b20e883ee91286885,AutoProPET source snapshot (not a runtime path),Paper/PETase_Manuscript_2026/public_release/metadata/trajectory_index.csv,21d7be903e7852bbd94bb110985a30e983a3ba17c3d0df1b20e883ee91286885,byte_exact_copy
01_simulation/inputs/production_structures/00057.pdb,c593fea3f56366d62d80a3cde07aa7f8558684aa4b96d02b8815d4098177b8d8,manuscript-local source audit snapshot (not a runtime path),analysis/md_reporting_completion_20260913/candidate_data/structures/PlasticDB_00057_TfCut1.pdb,c593fea3f56366d62d80a3cde07aa7f8558684aa4b96d02b8815d4098177b8d8,byte_exact_copy_or_existing_identical_model
01_simulation/inputs/production_structures/00062.pdb,754990dd51d50d2a5b4ae2e223a459210aeea49e8b07f7b5cac60d7c15d7b6d4,manuscript-local source audit snapshot (not a runtime path),analysis/md_reporting_completion_20260913/candidate_data/structures/PlasticDB_00062_LCC.pdb,754990dd51d50d2a5b4ae2e223a459210aeea49e8b07f7b5cac60d7c15d7b6d4,byte_exact_copy_or_existing_identical_model
01_simulation/inputs/production_structures/00075.pdb,6ac17076b6af03bdadc70f1b4171ddb9c0025b62215a7f8b9ffe41129e70c470,manuscript-local source audit snapshot (not a runtime path),analysis/md_reporting_completion_20260913/candidate_data/structures/PlasticDB_00075_FoCut5a.pdb,6ac17076b6af03bdadc70f1b4171ddb9c0025b62215a7f8b9ffe41129e70c470,byte_exact_copy_or_existing_identical_model
01_simulation/inputs/production_structures/00083.pdb,3e43f491a35da7cef5bd75b3b75ed23617e358613504ed93739e221c2d351aac,manuscript-local source audit snapshot (not a runtime path),analysis/md_reporting_completion_20260913/candidate_data/structures/PlasticDB_00083_IsPETase.pdb,3e43f491a35da7cef5bd75b3b75ed23617e358613504ed93739e221c2d351aac,byte_exact_copy_or_existing_identical_model
01_simulation/inputs/production_structures/00121.pdb,b98f40dc9c7bf80f16c3365de9c7053099b07932ef1f2be3988b46f04201062f,manuscript-local source audit snapshot (not a runtime path),analysis/md_reporting_completion_20260913/candidate_data/structures/PlasticDB_00121_HiC.pdb,b98f40dc9c7bf80f16c3365de9c7053099b07932ef1f2be3988b46f04201062f,byte_exact_copy_or_existing_identical_model
01_simulation/inputs/production_structures/00137.pdb,80dcd4d8bdc2bdd4679e9cfffcce81d5562c53185e12b9a5a8b21f922835f37f,manuscript-local source audit snapshot (not a runtime path),analysis/md_reporting_completion_20260913/candidate_data/structures/PlasticDB_00137_PHL7.pdb,80dcd4d8bdc2bdd4679e9cfffcce81d5562c53185e12b9a5a8b21f922835f37f,byte_exact_copy_or_existing_identical_model
01_simulation/metadata/protein_preparation.csv,0de00252061af7a969a122e4ab78209970a855f1163e0b9aced55088d2e44879,manuscript-local source audit snapshot (not a runtime path),analysis/md_reporting_completion_20260913/candidate_data/metadata/protein_preparation.csv,0de00252061af7a969a122e4ab78209970a855f1163e0b9aced55088d2e44879,byte_exact_copy
01_simulation/metadata/simulation_systems.csv,d15222c3b025966eb3436439a6e96039920d0a3803abab11ff760c63023f07a4,manuscript-local source audit snapshot (not a runtime path),analysis/md_reporting_completion_20260913/candidate_data/metadata/simulation_systems.csv,d15222c3b025966eb3436439a6e96039920d0a3803abab11ff760c63023f07a4,byte_exact_copy
01_simulation/metadata/simulation_seeds.csv,d804d00eb2e742c456827a806bcce98a644f63504bbbffe5d92875bc6a05fd7e,manuscript-local source audit snapshot (not a runtime path),analysis/md_reporting_completion_20260913/candidate_data/metadata/simulation_seeds.csv,d804d00eb2e742c456827a806bcce98a644f63504bbbffe5d92875bc6a05fd7e,byte_exact_copy
01_simulation/metadata/protein_sources.csv,c36c1aef412504cfa6c891274a7adb8c2e82d240345408101aaf89b21643bfff,manuscript-local source audit snapshot (not a runtime path),analysis/md_reporting_completion_20260913/candidate_data/metadata/protein_sources.csv,3ace8aa3e00e0e4f0a79868cb165dd7fc2084a4996b64907aaa02b5004b10970,replace original_path with verified relative model_path; all other cells retained
01_simulation/metadata/production_pme_tuning.csv,65ff7cf78dae68be21685f971c9bc6983ece17a3b078ef17c87d79cdc48413c4,manuscript-local source audit snapshot (not a runtime path),analysis/md_reporting_completion_20260913/candidate_data/metadata/production_pme_tuning.csv,03cbad4385fefe06954156e84dcfbcb9041266681b6651d6eb7f2e451aa27365,omit internal log_path; retain log SHA-256 and every other cell
02_postprocessing/results/tables/Supplementary_Table_S2_residue_contact_shifts.tex,5ff64420337d731e07b7db47e17008fd4637c17f9cda4c67c88bd5f09469c66c,author-approved canonical V9 endpoint (not an analysis input),tables/Supplementary_Table_S2_residue_contact_shifts.tex,5ff64420337d731e07b7db47e17008fd4637c17f9cda4c67c88bd5f09469c66c,independently generated from unchanged packaged numerical sources; V9 exact-byte endpoint check
02_postprocessing/results/tables/Supplementary_Table_S4_local_starting_coordinate_sensitivity.tex,4cf5ba85188a4dd94499ef78702a5cdeb1b0fc5178f980af979baffa06a47ca8,author-approved canonical V9 endpoint (not an analysis input),tables/Supplementary_Table_S4_local_starting_coordinate_sensitivity.tex,4cf5ba85188a4dd94499ef78702a5cdeb1b0fc5178f980af979baffa06a47ca8,independently generated from unchanged packaged numerical sources; V9 exact-byte endpoint check
