path,source_package,source_path,source_sha256,transformation
.gitattributes,PETase-MD-2026,.gitattributes,797ec4b401a96b073adc523a35cda3a83920c51291366e82200bb2c3ee4abc39,byte_exact_copy
.gitignore,,,,review_specific_file
01_simulation/PREPARATION_METADATA.md,PETase-MD-2026,01_simulation/PREPARATION_METADATA.md,34350f7f576d8f461be6b7fc14d884dbd913549a90496e40c7e60c91b6b309a5,review_documentation_or_entry_or_index_adaptation
01_simulation/README.md,PETase-MD-2026,01_simulation/README.md,97642b26d13744fc1f02c0e5acf35b3512c0ac94ff3d437d19f731ae02474efb,review_documentation_or_entry_or_index_adaptation
01_simulation/code/gmx_adapter.py,PETase-MD-2026,01_simulation/code/gmx_adapter.py,d9f1e0a85890a69cfe3b9a5127b5d3ccd3f1b3282518142825cc09e75c6cba52,byte_exact_copy
01_simulation/code/pipelines/box_protocol.py,PETase-MD-2026,01_simulation/code/pipelines/box_protocol.py,03209aa4411657b407e26432aa5718ec1e40bfd663312e3c743bc915d1596279,byte_exact_copy
01_simulation/code/pipelines/materialize_v1_1.py,PETase-MD-2026,01_simulation/code/pipelines/materialize_v1_1.py,1b9299c95052857cd970327422fadc71b5b79edddaab181210e890a0f7e4e58a,byte_exact_copy
01_simulation/code/pipelines/r1_direction.py,PETase-MD-2026,01_simulation/code/pipelines/r1_direction.py,d1d557d5af90457ad63b999299b8b2276c24ee86e1873f0cf3dbbd4e47117612,byte_exact_copy
01_simulation/code/profiles/docking/vina-local.yaml,PETase-MD-2026,01_simulation/code/profiles/docking/vina-local.yaml,7f2b13d4018a9427c9066ab4e5c9e5350b8a7a1316748dbb60b44ef3305c3e26,byte_exact_copy
01_simulation/code/profiles/env/local.yaml,PETase-MD-2026,01_simulation/code/profiles/env/local.yaml,92e64cd674f44f9582c80fd9821bddf25293977b744735231f5ba91af67a5397,byte_exact_copy
01_simulation/code/profiles/md/20ns-smoke.yaml,PETase-MD-2026,01_simulation/code/profiles/md/20ns-smoke.yaml,3d62fa5ccb9b030584160642c92881e6f72b0d95b06be420b2867b73fe841dcb,byte_exact_copy
01_simulation/code/profiles/md/5ns-test.yaml,PETase-MD-2026,01_simulation/code/profiles/md/5ns-test.yaml,b9d62842c46ddcb0fe0456201eaf7426d7b9468cd65736f792b8b7e4fb0f933c,byte_exact_copy
01_simulation/code/profiles/md/production.yaml,PETase-MD-2026,01_simulation/code/profiles/md/production.yaml,f7be10f11b27831bd42ad8d010eb040f6bf3ac435a5fd6e7f9b73424af38d9da,byte_exact_copy
01_simulation/code/profiles/md/smoke.yaml,PETase-MD-2026,01_simulation/code/profiles/md/smoke.yaml,ba1dff594e8ba0dab1638aa920efd2f9a5edc18c2968268400929ddc69f1dd49,byte_exact_copy
01_simulation/code/profiles/postprocess/default.yaml,PETase-MD-2026,01_simulation/code/profiles/postprocess/default.yaml,0753e52f3de41e6ba2176eba9e0038ff7a54a1519c3a315d7f01747c8cc070ba,byte_exact_copy
01_simulation/code/run_simulation.py,PETase-MD-2026,01_simulation/code/run_simulation.py,aa0d2247c62ceb9b79cac78ec696271a94c13e708042f265731093d0aa78e90f,review_documentation_or_entry_or_index_adaptation
01_simulation/code/scripts/align_charmm_pet_to_vina_pose.py,PETase-MD-2026,01_simulation/code/scripts/align_charmm_pet_to_vina_pose.py,e6f52d9e9b9956718088e46f38f27ed9a2be177d51095c3f1b2051acadce841b,byte_exact_copy
01_simulation/code/scripts/build_md_from_docking_best.py,PETase-MD-2026,01_simulation/code/scripts/build_md_from_docking_best.py,3a6814a267c0bd8ea8d30ccd33917392fc2a7368eb21eeedc41ee37777bc229d,byte_exact_copy
01_simulation/code/scripts/build_pet_alignment_maps.py,PETase-MD-2026,01_simulation/code/scripts/build_pet_alignment_maps.py,690741c10c150b5f9ff90bd64a86bdbcd1d54385c3d58d7c3822b852149e5e9e,byte_exact_copy
01_simulation/code/scripts/build_system.py,PETase-MD-2026,01_simulation/code/scripts/build_system.py,add3e4577001d61935a98872c31b87a7b62edc67cd10b5051db1c056825e23b9,byte_exact_copy
01_simulation/code/scripts/check_system_build.py,PETase-MD-2026,01_simulation/code/scripts/check_system_build.py,62b4cec7ae7ad1724511b9291cab6833fd6e66484b53df70683d0618d38d5f13,byte_exact_copy
01_simulation/code/scripts/extract_pet_conformers.py,PETase-MD-2026,01_simulation/code/scripts/extract_pet_conformers.py,15438f45db24844493f2fcbde2aec33d6763f1ad7016c25bd71754f7dc423a23,byte_exact_copy
01_simulation/code/scripts/generate_pet_anchor_posres.py,PETase-MD-2026,01_simulation/code/scripts/generate_pet_anchor_posres.py,6c1ef53a2af26af356d2d68baab537295c43a56923a89ecf89d385178dff3dd1,byte_exact_copy
01_simulation/code/scripts/run_case_v1_1.py,PETase-MD-2026,01_simulation/code/scripts/run_case_v1_1.py,e50ec3c6b49cfa2896bda610c1e712ce20a3d469b66c6097810f897299048016,byte_exact_copy
01_simulation/code/scripts/run_pet_solo_preeq.py,PETase-MD-2026,01_simulation/code/scripts/run_pet_solo_preeq.py,f8089c46fcf057432f5b138f58ae4ba92d29beeb64b642179f67020538ae125c,byte_exact_copy
01_simulation/code/scripts/run_vina_pet_fragment_docking.py,PETase-MD-2026,01_simulation/code/scripts/run_vina_pet_fragment_docking.py,9cab9706221d1d9402d884138842a51e9a9af01514e27ce633f1946689c38bae,byte_exact_copy
01_simulation/code/scripts/score_catalytic_pose_qc.py,PETase-MD-2026,01_simulation/code/scripts/score_catalytic_pose_qc.py,953c91d643188ca4da6c8ece440cc955dfa3d3b285240dcc82fe45d09026acc0,byte_exact_copy
01_simulation/code/scripts/screen_vina_pet_longchain_candidates.py,PETase-MD-2026,01_simulation/code/scripts/screen_vina_pet_longchain_candidates.py,1b288557dbccbaaa0de2d49485aec36e1984e04e079625fdb158745d922f5008,byte_exact_copy
01_simulation/code/scripts/screen_vina_pet_multi_conformer.py,PETase-MD-2026,01_simulation/code/scripts/screen_vina_pet_multi_conformer.py,129b0ff72d1b651cc771b9af6574f2e3d264b5a18bb90f147dd15973a129e26d,byte_exact_copy
01_simulation/code/scripts/select_v1_binding_candidate.py,PETase-MD-2026,01_simulation/code/scripts/select_v1_binding_candidate.py,ce8f082f511b39616f7ac99a0b7f504c8cfca4ec805801aa655f5976e8900e48,byte_exact_copy
01_simulation/code/scripts/validate_complex_box.py,PETase-MD-2026,01_simulation/code/scripts/validate_complex_box.py,2f7110cc678bd11b56f48f0d3bfc286eed2e30b55e24eaf52eea740f414a4a70,byte_exact_copy
01_simulation/configurations/cases.csv,PETase-MD-2026,01_simulation/configurations/cases.csv,7efe1ab9607adba10e7aeb9ca6e2b5202fb7132320a37cb4bc1381f70723e609,byte_exact_copy
01_simulation/configurations/cases/FoCut5a_L10.yaml,PETase-MD-2026,01_simulation/configurations/cases/FoCut5a_L10.yaml,76d7795c06396d391d80206d1ac083d5d057bc8eb261098ef174f8f5fe08a2df,byte_exact_copy
01_simulation/configurations/cases/FoCut5a_L20.yaml,PETase-MD-2026,01_simulation/configurations/cases/FoCut5a_L20.yaml,60c45047f64f77c252998fe2e19be340189fbe8c0e87b4fa224a902a24ab0d80,byte_exact_copy
01_simulation/configurations/cases/FoCut5a_L4.yaml,PETase-MD-2026,01_simulation/configurations/cases/FoCut5a_L4.yaml,9c18325c73f1869afb8f9b5ed8203e9d08541c7be200f1ec5e838dfff03241da,byte_exact_copy
01_simulation/configurations/cases/HiC_L10.yaml,PETase-MD-2026,01_simulation/configurations/cases/HiC_L10.yaml,72c6a05e82a5ffb476494d5c39ca7c21f0f6d106a1098e11e06c389d4df245c4,byte_exact_copy
01_simulation/configurations/cases/HiC_L20.yaml,PETase-MD-2026,01_simulation/configurations/cases/HiC_L20.yaml,a1c15fe576fc76a5d456c2c8ce280f8d6dea4aecabb71fff1505647736f272c9,byte_exact_copy
01_simulation/configurations/cases/HiC_L4.yaml,PETase-MD-2026,01_simulation/configurations/cases/HiC_L4.yaml,3f44c2196fabb46bce9325a5ece6dd593e651bfd776cd909f2ac27bf1e638bc5,byte_exact_copy
01_simulation/configurations/cases/IsPETase_L10.yaml,PETase-MD-2026,01_simulation/configurations/cases/IsPETase_L10.yaml,18a89b60bd57e005652553206c7d081768e40302226bf187bf04e858d570c4bf,byte_exact_copy
01_simulation/configurations/cases/IsPETase_L20.yaml,PETase-MD-2026,01_simulation/configurations/cases/IsPETase_L20.yaml,15bf46a2da6850dd90edaae4fd4927146a41f7bcf58e89013c0462165b08d3ff,byte_exact_copy
01_simulation/configurations/cases/IsPETase_L4.yaml,PETase-MD-2026,01_simulation/configurations/cases/IsPETase_L4.yaml,0fcf41e1f7654e5977a75a3476d39123c6a0d292e57764904ea8b066ef702319,byte_exact_copy
01_simulation/configurations/cases/LCC_L10.yaml,PETase-MD-2026,01_simulation/configurations/cases/LCC_L10.yaml,d62021a64d4d8bd401fae7e7cc320da8f62840d915ddcaeff5dfdeee2f6b50dd,byte_exact_copy
01_simulation/configurations/cases/LCC_L20.yaml,PETase-MD-2026,01_simulation/configurations/cases/LCC_L20.yaml,c67b384568ef2abd41010eeabada1c838a147a6ec6f02b26d546e9a2d3ba015c,byte_exact_copy
01_simulation/configurations/cases/LCC_L4.yaml,PETase-MD-2026,01_simulation/configurations/cases/LCC_L4.yaml,a39802fa96f8a41f4691556d69fc1a459647d33ead5138638fd77932f48cabc9,byte_exact_copy
01_simulation/configurations/cases/PHL7_L10.yaml,PETase-MD-2026,01_simulation/configurations/cases/PHL7_L10.yaml,725690d6af5639f70ebe6ec9f7a13d519af6cb79e16c86f9dc57d84daf4acfe3,byte_exact_copy
01_simulation/configurations/cases/PHL7_L20.yaml,PETase-MD-2026,01_simulation/configurations/cases/PHL7_L20.yaml,411575b7574645351bafd288811d99521e8e0b700094e96d9afef12432370728,byte_exact_copy
01_simulation/configurations/cases/PHL7_L4.yaml,PETase-MD-2026,01_simulation/configurations/cases/PHL7_L4.yaml,8947ca8d3466ccab77700ab8a01b301193dca372005fb955468b859c59ced30e,byte_exact_copy
01_simulation/configurations/cases/TfCut1_L10.yaml,PETase-MD-2026,01_simulation/configurations/cases/TfCut1_L10.yaml,07bf8b117ee7113058beff84c6a37ffb76fc677942c6be2c6373e287836a91f5,byte_exact_copy
01_simulation/configurations/cases/TfCut1_L20.yaml,PETase-MD-2026,01_simulation/configurations/cases/TfCut1_L20.yaml,1481ff8b8fdae4509f00e723f657323b4e0ed5dce18054eda4b2470522991e33,byte_exact_copy
01_simulation/configurations/cases/TfCut1_L4.yaml,PETase-MD-2026,01_simulation/configurations/cases/TfCut1_L4.yaml,00b4c68a31c49ffdb623e1791d42cd13bce0b7192dd08c11376c0b8b1d278a6a,byte_exact_copy
01_simulation/configurations/mdp/FoCut5a/L10/bi/rep01/MD.mdp,PETase-MD-2026,01_simulation/configurations/mdp/FoCut5a/L10/bi/rep01/MD.mdp,3da6af12633204edb942d65e1b3a44f1cc4e9936c9b2719fff55d58c77961c09,byte_exact_copy
01_simulation/configurations/mdp/FoCut5a/L10/bi/rep01/NPT.mdp,PETase-MD-2026,01_simulation/configurations/mdp/FoCut5a/L10/bi/rep01/NPT.mdp,cb13dacae6d4804b2f9065e146300cc4beb9fb0b035d1254de6bf6d83c0a758a,byte_exact_copy
01_simulation/configurations/mdp/FoCut5a/L10/bi/rep01/NVT.mdp,PETase-MD-2026,01_simulation/configurations/mdp/FoCut5a/L10/bi/rep01/NVT.mdp,ddec5d8fdddbd3f35b618c7130235d615388bcbd1b40b4e89eb25e9c438b5fbe,byte_exact_copy
01_simulation/configurations/mdp/FoCut5a/L10/bi/rep02/MD.mdp,PETase-MD-2026,01_simulation/configurations/mdp/FoCut5a/L10/bi/rep02/MD.mdp,a7f62fae688b96db354ce58f8cd12b28291b5356cd43b3c35e96a8b6624dac5e,byte_exact_copy
01_simulation/configurations/mdp/FoCut5a/L10/bi/rep02/NPT.mdp,PETase-MD-2026,01_simulation/configurations/mdp/FoCut5a/L10/bi/rep02/NPT.mdp,aa8169cd9f77bee482ca6a19c3b33aa4974c61d7e7330834d46cbdf53cd818cc,byte_exact_copy
01_simulation/configurations/mdp/FoCut5a/L10/bi/rep02/NVT.mdp,PETase-MD-2026,01_simulation/configurations/mdp/FoCut5a/L10/bi/rep02/NVT.mdp,c8aaf8be54322548c44777539662b5fc6d6237a5eadc1be9ac5b6fe8d3f3eb4f,byte_exact_copy
01_simulation/configurations/mdp/FoCut5a/L10/bi/rep03/MD.mdp,PETase-MD-2026,01_simulation/configurations/mdp/FoCut5a/L10/bi/rep03/MD.mdp,88935a446a788875fcd35d05d58c1bd178ffd0742c95de6cac28a6d7f2ff20d6,byte_exact_copy
01_simulation/configurations/mdp/FoCut5a/L10/bi/rep03/NPT.mdp,PETase-MD-2026,01_simulation/configurations/mdp/FoCut5a/L10/bi/rep03/NPT.mdp,c4284c2124a6894605c7f57e4180a558d30206e1ad02c16439a37c049125c9b7,byte_exact_copy
01_simulation/configurations/mdp/FoCut5a/L10/bi/rep03/NVT.mdp,PETase-MD-2026,01_simulation/configurations/mdp/FoCut5a/L10/bi/rep03/NVT.mdp,fb52b40a8b67ce2654dfdbc682fa92e0d0a077cbe9feeccc5a71be91ea79fca3,byte_exact_copy
01_simulation/configurations/mdp/FoCut5a/L10/head/rep01/MD.mdp,PETase-MD-2026,01_simulation/configurations/mdp/FoCut5a/L10/head/rep01/MD.mdp,8fa97c54b01ab2e071425660c72727039e1cb01ddd37b2d2fc9220dc83e43f65,byte_exact_copy
01_simulation/configurations/mdp/FoCut5a/L10/head/rep01/NPT.mdp,PETase-MD-2026,01_simulation/configurations/mdp/FoCut5a/L10/head/rep01/NPT.mdp,df97c8e2808831e5bf76b8b2d48d79828960870e9ce39b80258c18fa97ed6a98,byte_exact_copy
01_simulation/configurations/mdp/FoCut5a/L10/head/rep01/NVT.mdp,PETase-MD-2026,01_simulation/configurations/mdp/FoCut5a/L10/head/rep01/NVT.mdp,7c7211e9be73f19777eea58c98cfc5edc733c48b818b8568802d349665677159,byte_exact_copy
01_simulation/configurations/mdp/FoCut5a/L10/head/rep02/MD.mdp,PETase-MD-2026,01_simulation/configurations/mdp/FoCut5a/L10/head/rep02/MD.mdp,c55b0594fe58cbc73259ab9354fca08d2d4bc999ded857650ffea9c7cd8f7052,byte_exact_copy
01_simulation/configurations/mdp/FoCut5a/L10/head/rep02/NPT.mdp,PETase-MD-2026,01_simulation/configurations/mdp/FoCut5a/L10/head/rep02/NPT.mdp,29b90b53ac48740749d880d826cc93c8c0cef87abfbeb32bb5cdeb4d69c0a682,byte_exact_copy
01_simulation/configurations/mdp/FoCut5a/L10/head/rep02/NVT.mdp,PETase-MD-2026,01_simulation/configurations/mdp/FoCut5a/L10/head/rep02/NVT.mdp,5139c7a760c5ce9673ee3153e40c57e16491f9fa1875a9d10871dd9e487b5715,byte_exact_copy
01_simulation/configurations/mdp/FoCut5a/L10/head/rep03/MD.mdp,PETase-MD-2026,01_simulation/configurations/mdp/FoCut5a/L10/head/rep03/MD.mdp,2d4d6f60a5769471940ad7aef20f79c0d9f1de1207bdb05a5b4c0f52c197a8c3,byte_exact_copy
01_simulation/configurations/mdp/FoCut5a/L10/head/rep03/NPT.mdp,PETase-MD-2026,01_simulation/configurations/mdp/FoCut5a/L10/head/rep03/NPT.mdp,bc4896198d59fcb54483902fc9585d3e3d8fe1c9b9dc0e2490c3341d5246e56b,byte_exact_copy
01_simulation/configurations/mdp/FoCut5a/L10/head/rep03/NVT.mdp,PETase-MD-2026,01_simulation/configurations/mdp/FoCut5a/L10/head/rep03/NVT.mdp,31b52d9716d61f80abd54872e12a3c2f19f27d86284c5e6a759cabfe192b8a15,byte_exact_copy
01_simulation/configurations/mdp/FoCut5a/L10/tail/rep01/MD.mdp,PETase-MD-2026,01_simulation/configurations/mdp/FoCut5a/L10/tail/rep01/MD.mdp,36ac042835dd5202cd3855b56635d525737a050f16e444fff9fea949eb8479b6,byte_exact_copy
01_simulation/configurations/mdp/FoCut5a/L10/tail/rep01/NPT.mdp,PETase-MD-2026,01_simulation/configurations/mdp/FoCut5a/L10/tail/rep01/NPT.mdp,5e295249292148c607f30a01a0974d910f37a40276572f1dadf22e067c62e96f,byte_exact_copy
01_simulation/configurations/mdp/FoCut5a/L10/tail/rep01/NVT.mdp,PETase-MD-2026,01_simulation/configurations/mdp/FoCut5a/L10/tail/rep01/NVT.mdp,fdc31eab8e6283c51837f662a63bb91f8e39240f7d7dbe929d7550a19fa1df5e,byte_exact_copy
01_simulation/configurations/mdp/FoCut5a/L10/tail/rep02/MD.mdp,PETase-MD-2026,01_simulation/configurations/mdp/FoCut5a/L10/tail/rep02/MD.mdp,651eabdaaadf4c29fb9463597893244d7351aaa09b27167f38663b71ab390918,byte_exact_copy
01_simulation/configurations/mdp/FoCut5a/L10/tail/rep02/NPT.mdp,PETase-MD-2026,01_simulation/configurations/mdp/FoCut5a/L10/tail/rep02/NPT.mdp,d330a85e908352204bd32efa2f92f141cdb9a7dd60c7d32741ea3392eb4b425c,byte_exact_copy
01_simulation/configurations/mdp/FoCut5a/L10/tail/rep02/NVT.mdp,PETase-MD-2026,01_simulation/configurations/mdp/FoCut5a/L10/tail/rep02/NVT.mdp,b8b55d23928b05f36bf624cf2b37afccb4c352e607f06ec0bc7644f4ee8dc529,byte_exact_copy
01_simulation/configurations/mdp/FoCut5a/L10/tail/rep03/MD.mdp,PETase-MD-2026,01_simulation/configurations/mdp/FoCut5a/L10/tail/rep03/MD.mdp,13a6ee48d58a0fc5b713b16b4b0502935b7ad902ecc6efd85019f922c4debb23,byte_exact_copy
01_simulation/configurations/mdp/FoCut5a/L10/tail/rep03/NPT.mdp,PETase-MD-2026,01_simulation/configurations/mdp/FoCut5a/L10/tail/rep03/NPT.mdp,9f6f7c6b087cdbb5f390f1fd034b54ff04d524d81536607090781cf5a6757b2d,byte_exact_copy
01_simulation/configurations/mdp/FoCut5a/L10/tail/rep03/NVT.mdp,PETase-MD-2026,01_simulation/configurations/mdp/FoCut5a/L10/tail/rep03/NVT.mdp,2e676680cf25b0397419661d7881dd8aa8996a69770a27cb83168740e13d4a5f,byte_exact_copy
01_simulation/configurations/mdp/FoCut5a/L20/bi/rep01/MD.mdp,PETase-MD-2026,01_simulation/configurations/mdp/FoCut5a/L20/bi/rep01/MD.mdp,7083e710cca9f68733f824925d27050c931e6ab6db4e2c5247b64e5f6853c554,byte_exact_copy
01_simulation/configurations/mdp/FoCut5a/L20/bi/rep01/NPT.mdp,PETase-MD-2026,01_simulation/configurations/mdp/FoCut5a/L20/bi/rep01/NPT.mdp,8e5edf6ad585448ec49c018f96a236a10b2e8d87817b6db4cef45ef02d690d9e,byte_exact_copy
01_simulation/configurations/mdp/FoCut5a/L20/bi/rep01/NVT.mdp,PETase-MD-2026,01_simulation/configurations/mdp/FoCut5a/L20/bi/rep01/NVT.mdp,14713283e73fa1e325c23f48643bd145ee5e0fb1d48cdb28ee50bdb7eca1678d,byte_exact_copy
01_simulation/configurations/mdp/FoCut5a/L20/bi/rep02/MD.mdp,PETase-MD-2026,01_simulation/configurations/mdp/FoCut5a/L20/bi/rep02/MD.mdp,f9de44bcd2fb6e2e02853f690e7773b5621588bfdc44dbf8f71182af328d9d22,byte_exact_copy
01_simulation/configurations/mdp/FoCut5a/L20/bi/rep02/NPT.mdp,PETase-MD-2026,01_simulation/configurations/mdp/FoCut5a/L20/bi/rep02/NPT.mdp,0cba46ad8fe7f58b1309a344f6d453977db2cfad050c9635fd156a54dd0c3a95,byte_exact_copy
01_simulation/configurations/mdp/FoCut5a/L20/bi/rep02/NVT.mdp,PETase-MD-2026,01_simulation/configurations/mdp/FoCut5a/L20/bi/rep02/NVT.mdp,ca197a12ff7b05d7c2a322e926b0174081e969188ed6dbcb9d22a94f9785b3b2,byte_exact_copy
01_simulation/configurations/mdp/FoCut5a/L20/bi/rep03/MD.mdp,PETase-MD-2026,01_simulation/configurations/mdp/FoCut5a/L20/bi/rep03/MD.mdp,15d816265ced1db2cbb33080b7e863f8aa81da4a6f67aad0c0b8fac2140f72e9,byte_exact_copy
01_simulation/configurations/mdp/FoCut5a/L20/bi/rep03/NPT.mdp,PETase-MD-2026,01_simulation/configurations/mdp/FoCut5a/L20/bi/rep03/NPT.mdp,d226d2bf1d422f53071947fcbcd00d1388c526322b9bcae43d2c936c7053aedf,byte_exact_copy
01_simulation/configurations/mdp/FoCut5a/L20/bi/rep03/NVT.mdp,PETase-MD-2026,01_simulation/configurations/mdp/FoCut5a/L20/bi/rep03/NVT.mdp,d53c17cf3c8433342982e48a339e9b14179408b6356fc9bb2efdda5eae83f4eb,byte_exact_copy
01_simulation/configurations/mdp/FoCut5a/L20/head/rep01/MD.mdp,PETase-MD-2026,01_simulation/configurations/mdp/FoCut5a/L20/head/rep01/MD.mdp,3e1aca41098da5648d00778759e244b980a456c18b3daa1a8c604110b08e6514,byte_exact_copy
01_simulation/configurations/mdp/FoCut5a/L20/head/rep01/NPT.mdp,PETase-MD-2026,01_simulation/configurations/mdp/FoCut5a/L20/head/rep01/NPT.mdp,b6fe91d5353a4057c0475baadcef2548b1228d4edd571b6f458a4bd0c7c8a61d,byte_exact_copy
01_simulation/configurations/mdp/FoCut5a/L20/head/rep01/NVT.mdp,PETase-MD-2026,01_simulation/configurations/mdp/FoCut5a/L20/head/rep01/NVT.mdp,15c6c05789064002ef2efc2be4d5970ff9acc80e60f58d85e7e97369bfdc51ea,byte_exact_copy
01_simulation/configurations/mdp/FoCut5a/L20/head/rep02/MD.mdp,PETase-MD-2026,01_simulation/configurations/mdp/FoCut5a/L20/head/rep02/MD.mdp,462aa2dd3549171c036166b628a7fa110828b33a1d09baf77d1cc07f97cef97a,byte_exact_copy
01_simulation/configurations/mdp/FoCut5a/L20/head/rep02/NPT.mdp,PETase-MD-2026,01_simulation/configurations/mdp/FoCut5a/L20/head/rep02/NPT.mdp,8acdc57ca541b3fd5109178d0f7a7d1b06a5abec5aeebeab035026d7fabf08a8,byte_exact_copy
01_simulation/configurations/mdp/FoCut5a/L20/head/rep02/NVT.mdp,PETase-MD-2026,01_simulation/configurations/mdp/FoCut5a/L20/head/rep02/NVT.mdp,611955010e4b140fea63c402160a9dd0800e13692faa562a27dcc3138d2939d2,byte_exact_copy
01_simulation/configurations/mdp/FoCut5a/L20/head/rep03/MD.mdp,PETase-MD-2026,01_simulation/configurations/mdp/FoCut5a/L20/head/rep03/MD.mdp,803ee8d501417f890b856fb343736684e17a8a65e9ac38520963f2fa14f29c7f,byte_exact_copy
01_simulation/configurations/mdp/FoCut5a/L20/head/rep03/NPT.mdp,PETase-MD-2026,01_simulation/configurations/mdp/FoCut5a/L20/head/rep03/NPT.mdp,0f7c065ad09d973377236b4bcadd11e3eaf3c48be428ad871cbe6d8e1dc30c9e,byte_exact_copy
01_simulation/configurations/mdp/FoCut5a/L20/head/rep03/NVT.mdp,PETase-MD-2026,01_simulation/configurations/mdp/FoCut5a/L20/head/rep03/NVT.mdp,7785ad2a9fff88e42fe549bfb0fc0e74ac9ccb45644198b3feb701722f54ae54,byte_exact_copy
01_simulation/configurations/mdp/FoCut5a/L20/tail/rep01/MD.mdp,PETase-MD-2026,01_simulation/configurations/mdp/FoCut5a/L20/tail/rep01/MD.mdp,9a623ea541b7fc617d8cb0aecddd6e0277f18a482c0d41f7cdeec4774018c70e,byte_exact_copy
01_simulation/configurations/mdp/FoCut5a/L20/tail/rep01/NPT.mdp,PETase-MD-2026,01_simulation/configurations/mdp/FoCut5a/L20/tail/rep01/NPT.mdp,2d4d6860da6e43aa043fa15d2a1142427d6d1526eea1025c91813146371e51d9,byte_exact_copy
01_simulation/configurations/mdp/FoCut5a/L20/tail/rep01/NVT.mdp,PETase-MD-2026,01_simulation/configurations/mdp/FoCut5a/L20/tail/rep01/NVT.mdp,0577ffa8bbb0627094e35ecc133f5ce117a86c9ce3355a750d61082a2f17a846,byte_exact_copy
01_simulation/configurations/mdp/FoCut5a/L20/tail/rep02/MD.mdp,PETase-MD-2026,01_simulation/configurations/mdp/FoCut5a/L20/tail/rep02/MD.mdp,dd36d25a8e93ad6b4394cd9e02832dac532af3314132d9334e5fc12c23a34455,byte_exact_copy
01_simulation/configurations/mdp/FoCut5a/L20/tail/rep02/NPT.mdp,PETase-MD-2026,01_simulation/configurations/mdp/FoCut5a/L20/tail/rep02/NPT.mdp,df0156c59bde06d98db34c32e3ad187a2f937c651e3b4e06ce8a538444631279,byte_exact_copy
01_simulation/configurations/mdp/FoCut5a/L20/tail/rep02/NVT.mdp,PETase-MD-2026,01_simulation/configurations/mdp/FoCut5a/L20/tail/rep02/NVT.mdp,795d373fa211104a026de93c56ff85fc3c117b4e96e245836fd2f007ce8dfab3,byte_exact_copy
01_simulation/configurations/mdp/FoCut5a/L20/tail/rep03/MD.mdp,PETase-MD-2026,01_simulation/configurations/mdp/FoCut5a/L20/tail/rep03/MD.mdp,bcbc84217063a7d2b245c37a38f0558d55435e523f6339c49125aa31ac3036bf,byte_exact_copy
01_simulation/configurations/mdp/FoCut5a/L20/tail/rep03/NPT.mdp,PETase-MD-2026,01_simulation/configurations/mdp/FoCut5a/L20/tail/rep03/NPT.mdp,fb4f3449da523ede015de86a1e1309fb8b825d4f7a0dc98a09f1a04955f636b8,byte_exact_copy
01_simulation/configurations/mdp/FoCut5a/L20/tail/rep03/NVT.mdp,PETase-MD-2026,01_simulation/configurations/mdp/FoCut5a/L20/tail/rep03/NVT.mdp,aa0e7b58234df7878c5863dff061c04b678d15e63f30dc03b08a9c55cb375603,byte_exact_copy
01_simulation/configurations/mdp/FoCut5a/L4/single/rep01/MD.mdp,PETase-MD-2026,01_simulation/configurations/mdp/FoCut5a/L4/single/rep01/MD.mdp,08183421f8e0b5f3108b2ca00265265c13a987ef7fb9a78699c4132be1f6fa3b,byte_exact_copy
01_simulation/configurations/mdp/FoCut5a/L4/single/rep01/NPT.mdp,PETase-MD-2026,01_simulation/configurations/mdp/FoCut5a/L4/single/rep01/NPT.mdp,0090a51b7db4a620f5a4c11fe2fedb530c6afff691a51311e5b27c6aa4381041,byte_exact_copy
01_simulation/configurations/mdp/FoCut5a/L4/single/rep01/NVT.mdp,PETase-MD-2026,01_simulation/configurations/mdp/FoCut5a/L4/single/rep01/NVT.mdp,ee7320083a11d9934a987d7d4490bed55016d33f69900d72a5e6e0ed0ae48298,byte_exact_copy
01_simulation/configurations/mdp/FoCut5a/L4/single/rep02/MD.mdp,PETase-MD-2026,01_simulation/configurations/mdp/FoCut5a/L4/single/rep02/MD.mdp,5ef303cbbf44a960a6a482631e0d780faeda4720eee79c700d60d3acbd55b300,byte_exact_copy
01_simulation/configurations/mdp/FoCut5a/L4/single/rep02/NPT.mdp,PETase-MD-2026,01_simulation/configurations/mdp/FoCut5a/L4/single/rep02/NPT.mdp,d7bd295600a35227be81ac30573612e3240b7f06018db9214e5ce4bde3bb58f6,byte_exact_copy
01_simulation/configurations/mdp/FoCut5a/L4/single/rep02/NVT.mdp,PETase-MD-2026,01_simulation/configurations/mdp/FoCut5a/L4/single/rep02/NVT.mdp,a9b2f35fafdbf5384589fdf1c1870fa54e933481a617af13e16a61f774b22f0b,byte_exact_copy
01_simulation/configurations/mdp/FoCut5a/L4/single/rep03/MD.mdp,PETase-MD-2026,01_simulation/configurations/mdp/FoCut5a/L4/single/rep03/MD.mdp,cb7cc2ed663d8cb5166360f4e2c5439297b421055ec021e8068d347706dba3b4,byte_exact_copy
01_simulation/configurations/mdp/FoCut5a/L4/single/rep03/NPT.mdp,PETase-MD-2026,01_simulation/configurations/mdp/FoCut5a/L4/single/rep03/NPT.mdp,ac0188d7c8a64cecb7be0d67c635af86a43eebe6ada6e254e8f81d5ad1c57544,byte_exact_copy
01_simulation/configurations/mdp/FoCut5a/L4/single/rep03/NVT.mdp,PETase-MD-2026,01_simulation/configurations/mdp/FoCut5a/L4/single/rep03/NVT.mdp,fd82efc87c3de96121351ce3fafdb159057dd4d2cbd7272c929a8347e7ff8b8f,byte_exact_copy
01_simulation/configurations/mdp/HiC/L10/bi/rep01/MD.mdp,PETase-MD-2026,01_simulation/configurations/mdp/HiC/L10/bi/rep01/MD.mdp,f60c5ffd64d8dcb3dda4998e273c94b964a42b1948a2d0f799befd297b9bf614,byte_exact_copy
01_simulation/configurations/mdp/HiC/L10/bi/rep01/NPT.mdp,PETase-MD-2026,01_simulation/configurations/mdp/HiC/L10/bi/rep01/NPT.mdp,ba52ea5abb803f6aa6f0a71ba574b52d46ead79f3cfc2b0ebd22d3adffa53938,byte_exact_copy
01_simulation/configurations/mdp/HiC/L10/bi/rep01/NVT.mdp,PETase-MD-2026,01_simulation/configurations/mdp/HiC/L10/bi/rep01/NVT.mdp,8deb496f0c494a011bbe4d11ccf866c3822ac464ac336d00253119fd4b907865,byte_exact_copy
01_simulation/configurations/mdp/HiC/L10/bi/rep02/MD.mdp,PETase-MD-2026,01_simulation/configurations/mdp/HiC/L10/bi/rep02/MD.mdp,56d8e9cbc16bbea254861ad8e3a177d501a8dc6c69db0e2c7c938a726eb61801,byte_exact_copy
01_simulation/configurations/mdp/HiC/L10/bi/rep02/NPT.mdp,PETase-MD-2026,01_simulation/configurations/mdp/HiC/L10/bi/rep02/NPT.mdp,90bc6798c9e1007589373d065845e6c876149aab21b597379d59babe3209ce5f,byte_exact_copy
01_simulation/configurations/mdp/HiC/L10/bi/rep02/NVT.mdp,PETase-MD-2026,01_simulation/configurations/mdp/HiC/L10/bi/rep02/NVT.mdp,8cafcd4d7c2fd0a82b7c0455185956c2eadcb119a0222447bcabed8b932a21fa,byte_exact_copy
01_simulation/configurations/mdp/HiC/L10/bi/rep03/MD.mdp,PETase-MD-2026,01_simulation/configurations/mdp/HiC/L10/bi/rep03/MD.mdp,95e2fcfbada858cd589697f7421be25c830c0528c88e859e010b46ad01965ba8,byte_exact_copy
01_simulation/configurations/mdp/HiC/L10/bi/rep03/NPT.mdp,PETase-MD-2026,01_simulation/configurations/mdp/HiC/L10/bi/rep03/NPT.mdp,bb52dd05f63951f5e40826c484993afc094a780050ad7f9cc44a2237283482ed,byte_exact_copy
01_simulation/configurations/mdp/HiC/L10/bi/rep03/NVT.mdp,PETase-MD-2026,01_simulation/configurations/mdp/HiC/L10/bi/rep03/NVT.mdp,8d71b2e0cd4d56d7c36365615a4193a217be13156b39927bbabae039b48d9b97,byte_exact_copy
01_simulation/configurations/mdp/HiC/L10/head/rep01/MD.mdp,PETase-MD-2026,01_simulation/configurations/mdp/HiC/L10/head/rep01/MD.mdp,67b6026b346dda3bc99462e4df9462f182c0864cdab38baf1f76e0752335a232,byte_exact_copy
01_simulation/configurations/mdp/HiC/L10/head/rep01/NPT.mdp,PETase-MD-2026,01_simulation/configurations/mdp/HiC/L10/head/rep01/NPT.mdp,7e7c6ca7287efd233eb617d865338845bea7cbc224606f86b9d34811c0e4480a,byte_exact_copy
01_simulation/configurations/mdp/HiC/L10/head/rep01/NVT.mdp,PETase-MD-2026,01_simulation/configurations/mdp/HiC/L10/head/rep01/NVT.mdp,d3c5d8f4ba4c816f76041205a02050bd0c30c366befc9916a626e0c26dad69c1,byte_exact_copy
01_simulation/configurations/mdp/HiC/L10/head/rep02/MD.mdp,PETase-MD-2026,01_simulation/configurations/mdp/HiC/L10/head/rep02/MD.mdp,8a8ca4a85d5fa2dc909ace0ed8afb2bae9b8a7ccd5e8c7ba74f318acd9ac8172,byte_exact_copy
01_simulation/configurations/mdp/HiC/L10/head/rep02/NPT.mdp,PETase-MD-2026,01_simulation/configurations/mdp/HiC/L10/head/rep02/NPT.mdp,eade942f8c458ff9357539cc770193721afdeeca7103ec58d09d533153a0b5db,byte_exact_copy
01_simulation/configurations/mdp/HiC/L10/head/rep02/NVT.mdp,PETase-MD-2026,01_simulation/configurations/mdp/HiC/L10/head/rep02/NVT.mdp,17803e217dfe3c10a377d01fea870d95831a7c0d015fc7b39499a0c5b8944ce8,byte_exact_copy
01_simulation/configurations/mdp/HiC/L10/head/rep03/MD.mdp,PETase-MD-2026,01_simulation/configurations/mdp/HiC/L10/head/rep03/MD.mdp,0556be5f31a393c3718a4586cd30ad1e59ecec66e1ceeb4b53c85100b972c7dc,byte_exact_copy
01_simulation/configurations/mdp/HiC/L10/head/rep03/NPT.mdp,PETase-MD-2026,01_simulation/configurations/mdp/HiC/L10/head/rep03/NPT.mdp,c274a7f99afa16bcf8c8506b5d4deb6df49c64289a312280c2036f83de3ec285,byte_exact_copy
01_simulation/configurations/mdp/HiC/L10/head/rep03/NVT.mdp,PETase-MD-2026,01_simulation/configurations/mdp/HiC/L10/head/rep03/NVT.mdp,ae3211f95d259b15bca2ddcf52cd4984e22a6fdb35e508c5261a0747a3f81299,byte_exact_copy
01_simulation/configurations/mdp/HiC/L10/tail/rep01/MD.mdp,PETase-MD-2026,01_simulation/configurations/mdp/HiC/L10/tail/rep01/MD.mdp,d561987e00647442bbe1dac54a331740da38caf1a3b05f911d4ce5420a7cdfb1,byte_exact_copy
01_simulation/configurations/mdp/HiC/L10/tail/rep01/NPT.mdp,PETase-MD-2026,01_simulation/configurations/mdp/HiC/L10/tail/rep01/NPT.mdp,302eb0505174df170fe47dd874870d2c178a33f2f7bb63b7f41f8bc5438e2782,byte_exact_copy
01_simulation/configurations/mdp/HiC/L10/tail/rep01/NVT.mdp,PETase-MD-2026,01_simulation/configurations/mdp/HiC/L10/tail/rep01/NVT.mdp,6486dbf87c265699b89cc63a6ecf8c056102ba1f3612b74fada0624a84bfb7a8,byte_exact_copy
01_simulation/configurations/mdp/HiC/L10/tail/rep02/MD.mdp,PETase-MD-2026,01_simulation/configurations/mdp/HiC/L10/tail/rep02/MD.mdp,5e3324b8a72b58b0ed140658579424615b5d297869668279c9ec8c233b9b6763,byte_exact_copy
01_simulation/configurations/mdp/HiC/L10/tail/rep02/NPT.mdp,PETase-MD-2026,01_simulation/configurations/mdp/HiC/L10/tail/rep02/NPT.mdp,ba6056de676aa11e7efc19fcec01c934891962ed38cdc2bba0bd8ca7d587fca0,byte_exact_copy
01_simulation/configurations/mdp/HiC/L10/tail/rep02/NVT.mdp,PETase-MD-2026,01_simulation/configurations/mdp/HiC/L10/tail/rep02/NVT.mdp,9016f167afcf183260e3a51f5f294eb9487f63dcb81420535bd72add37f94f06,byte_exact_copy
01_simulation/configurations/mdp/HiC/L10/tail/rep03/MD.mdp,PETase-MD-2026,01_simulation/configurations/mdp/HiC/L10/tail/rep03/MD.mdp,1b290e25c7a2821d03429f70686e2ae37de2d1f30b1e50ef4beab3759c93271a,byte_exact_copy
01_simulation/configurations/mdp/HiC/L10/tail/rep03/NPT.mdp,PETase-MD-2026,01_simulation/configurations/mdp/HiC/L10/tail/rep03/NPT.mdp,624eddbea98ad358e6d998fdae59080dba30fb8c04a67f9edf99350419a52179,byte_exact_copy
01_simulation/configurations/mdp/HiC/L10/tail/rep03/NVT.mdp,PETase-MD-2026,01_simulation/configurations/mdp/HiC/L10/tail/rep03/NVT.mdp,2ccc0a85a701dda509b20349a2e2dd961c47c4c3cd415d23d5ead86e756c39ab,byte_exact_copy
01_simulation/configurations/mdp/HiC/L20/bi/rep01/MD.mdp,PETase-MD-2026,01_simulation/configurations/mdp/HiC/L20/bi/rep01/MD.mdp,9fd8475ae98fe2a6093c5d65cb5ce67136072ab15d52941dd19ee3ae6420f6b8,byte_exact_copy
01_simulation/configurations/mdp/HiC/L20/bi/rep01/NPT.mdp,PETase-MD-2026,01_simulation/configurations/mdp/HiC/L20/bi/rep01/NPT.mdp,931df671253bdca72b9ec3b5ed8fbb0d98561dcfeb28886c0891c914fae5a32c,byte_exact_copy
01_simulation/configurations/mdp/HiC/L20/bi/rep01/NVT.mdp,PETase-MD-2026,01_simulation/configurations/mdp/HiC/L20/bi/rep01/NVT.mdp,7e07b33c8a405e25f40f1879aedeec4c40651367b4ecb03ae931d0ad2b13d5c5,byte_exact_copy
01_simulation/configurations/mdp/HiC/L20/bi/rep02/MD.mdp,PETase-MD-2026,01_simulation/configurations/mdp/HiC/L20/bi/rep02/MD.mdp,b14ca2485b53bcc5076580e56ccdfc46d5fdffc37ac8b80d87386624c98189bd,byte_exact_copy
01_simulation/configurations/mdp/HiC/L20/bi/rep02/NPT.mdp,PETase-MD-2026,01_simulation/configurations/mdp/HiC/L20/bi/rep02/NPT.mdp,f03a5fd5362cc398c96de0d141bb08a7f57876000de9aad083cb13a5de615454,byte_exact_copy
01_simulation/configurations/mdp/HiC/L20/bi/rep02/NVT.mdp,PETase-MD-2026,01_simulation/configurations/mdp/HiC/L20/bi/rep02/NVT.mdp,e00c00f863a90449f6dedab39b67a9952f215748a8a902d0ed592f9a6306b650,byte_exact_copy
01_simulation/configurations/mdp/HiC/L20/bi/rep03/MD.mdp,PETase-MD-2026,01_simulation/configurations/mdp/HiC/L20/bi/rep03/MD.mdp,ec89c31e7efd2411df349673da8970b529c509d4063abae03430ab920ec7005d,byte_exact_copy
01_simulation/configurations/mdp/HiC/L20/bi/rep03/NPT.mdp,PETase-MD-2026,01_simulation/configurations/mdp/HiC/L20/bi/rep03/NPT.mdp,46fd2eb94c98b08cfbef7fede908b2a9436e4b7429dd3a2b5e4cc6b7689cf33e,byte_exact_copy
01_simulation/configurations/mdp/HiC/L20/bi/rep03/NVT.mdp,PETase-MD-2026,01_simulation/configurations/mdp/HiC/L20/bi/rep03/NVT.mdp,982eca2270c8b340af4283b2b9de366403a1549a0ae6ddd963abef1fd698a4d2,byte_exact_copy
01_simulation/configurations/mdp/HiC/L20/head/rep01/MD.mdp,PETase-MD-2026,01_simulation/configurations/mdp/HiC/L20/head/rep01/MD.mdp,c4f26f7cde31fa54838dfaf611920b7ff15d33a7432a8c73c46240606cf68f4b,byte_exact_copy
01_simulation/configurations/mdp/HiC/L20/head/rep01/NPT.mdp,PETase-MD-2026,01_simulation/configurations/mdp/HiC/L20/head/rep01/NPT.mdp,71104a85146403fbb6514b7b2aaa70d826cf1c8dc802c3c3c91abad8b9b1d723,byte_exact_copy
01_simulation/configurations/mdp/HiC/L20/head/rep01/NVT.mdp,PETase-MD-2026,01_simulation/configurations/mdp/HiC/L20/head/rep01/NVT.mdp,d6b69daec0f4c0c96722e9cbc9f53323a5b06c08aaff8f15fc614258a63eb641,byte_exact_copy
01_simulation/configurations/mdp/HiC/L20/head/rep02/MD.mdp,PETase-MD-2026,01_simulation/configurations/mdp/HiC/L20/head/rep02/MD.mdp,d2d8700418848dc639358076e308d82099cc596159fd79601a65e2376ef455fa,byte_exact_copy
01_simulation/configurations/mdp/HiC/L20/head/rep02/NPT.mdp,PETase-MD-2026,01_simulation/configurations/mdp/HiC/L20/head/rep02/NPT.mdp,bf5439bcc2e10bc7f5bcd2b75d600f7e85b007700189dd7ecc3f6c9f1aa46f0d,byte_exact_copy
01_simulation/configurations/mdp/HiC/L20/head/rep02/NVT.mdp,PETase-MD-2026,01_simulation/configurations/mdp/HiC/L20/head/rep02/NVT.mdp,f2058cb4311c28708149ea94b8954cf4d7b61b29873ec06b5dc2ca465b6d4f29,byte_exact_copy
01_simulation/configurations/mdp/HiC/L20/head/rep03/MD.mdp,PETase-MD-2026,01_simulation/configurations/mdp/HiC/L20/head/rep03/MD.mdp,5ece8aa7dc29e288fd8d87dea2fbe3a8adb67737dfc67a0c97d17e26c0fd9d3d,byte_exact_copy
01_simulation/configurations/mdp/HiC/L20/head/rep03/NPT.mdp,PETase-MD-2026,01_simulation/configurations/mdp/HiC/L20/head/rep03/NPT.mdp,4ca43f5148b2d52c604bc4f7d6d39bfaf80e4437f021b7ad963245d2575ec55d,byte_exact_copy
01_simulation/configurations/mdp/HiC/L20/head/rep03/NVT.mdp,PETase-MD-2026,01_simulation/configurations/mdp/HiC/L20/head/rep03/NVT.mdp,c85b3878a0be1c461bb7ce15017a2140a65cdc84d0c2f409c24f8f62cc398e0e,byte_exact_copy
01_simulation/configurations/mdp/HiC/L20/tail/rep01/MD.mdp,PETase-MD-2026,01_simulation/configurations/mdp/HiC/L20/tail/rep01/MD.mdp,08698d85a4d9c791566fbd2a68b050da11e43b07fd32d0ed4847bae0228fa954,byte_exact_copy
01_simulation/configurations/mdp/HiC/L20/tail/rep01/NPT.mdp,PETase-MD-2026,01_simulation/configurations/mdp/HiC/L20/tail/rep01/NPT.mdp,bb8a16dd98298bc2377586fd94415bcc43560aa31633ac2eb36334f41a370099,byte_exact_copy
01_simulation/configurations/mdp/HiC/L20/tail/rep01/NVT.mdp,PETase-MD-2026,01_simulation/configurations/mdp/HiC/L20/tail/rep01/NVT.mdp,7c3cf2788ea58bae0e13d5a3d987dfb5507ce5a218710d3c20426dd320aa7295,byte_exact_copy
01_simulation/configurations/mdp/HiC/L20/tail/rep02/MD.mdp,PETase-MD-2026,01_simulation/configurations/mdp/HiC/L20/tail/rep02/MD.mdp,f89a2ebd24e32cf4e15f5629c88b9ed449fba1ca5c028e0c21b48f369d3a4eef,byte_exact_copy
01_simulation/configurations/mdp/HiC/L20/tail/rep02/NPT.mdp,PETase-MD-2026,01_simulation/configurations/mdp/HiC/L20/tail/rep02/NPT.mdp,3d121ac864fab35abe4e67bf9e8999d1f018d69882145c0dfa1faacce3a17f65,byte_exact_copy
01_simulation/configurations/mdp/HiC/L20/tail/rep02/NVT.mdp,PETase-MD-2026,01_simulation/configurations/mdp/HiC/L20/tail/rep02/NVT.mdp,255f1ff42a0e8aa1d109a3f29962139b809c3a081252b82d5124e04e6db53212,byte_exact_copy
01_simulation/configurations/mdp/HiC/L20/tail/rep03/MD.mdp,PETase-MD-2026,01_simulation/configurations/mdp/HiC/L20/tail/rep03/MD.mdp,d0d8a870f0eb6e2d23b801a9673b0866bc8087d823a1dd252104b84dbaa8e49a,byte_exact_copy
01_simulation/configurations/mdp/HiC/L20/tail/rep03/NPT.mdp,PETase-MD-2026,01_simulation/configurations/mdp/HiC/L20/tail/rep03/NPT.mdp,7f0830b4b9e3086030119bce920cfdf8d59294a8ed09fd2272eaedffef14f9d2,byte_exact_copy
01_simulation/configurations/mdp/HiC/L20/tail/rep03/NVT.mdp,PETase-MD-2026,01_simulation/configurations/mdp/HiC/L20/tail/rep03/NVT.mdp,99d73c7cdb7d88c05d8a43ad3da7c8b4d6ac9efcaf73923737f468e1661a4292,byte_exact_copy
01_simulation/configurations/mdp/HiC/L4/single/rep01/MD.mdp,PETase-MD-2026,01_simulation/configurations/mdp/HiC/L4/single/rep01/MD.mdp,4252e896c7aba71a98d21a380e193e43bb3a14c0d21c427f3616461d92729047,byte_exact_copy
01_simulation/configurations/mdp/HiC/L4/single/rep01/NPT.mdp,PETase-MD-2026,01_simulation/configurations/mdp/HiC/L4/single/rep01/NPT.mdp,b29747236c25ce8100ae6e4b7d3c41124692925b0e6d806e6f41c62455b9f9e3,byte_exact_copy
01_simulation/configurations/mdp/HiC/L4/single/rep01/NVT.mdp,PETase-MD-2026,01_simulation/configurations/mdp/HiC/L4/single/rep01/NVT.mdp,bfafbb03c29bf47d653a1fffdb8c2d4f59445882d78e03bcf9201e855b72911a,byte_exact_copy
01_simulation/configurations/mdp/HiC/L4/single/rep02/MD.mdp,PETase-MD-2026,01_simulation/configurations/mdp/HiC/L4/single/rep02/MD.mdp,00ff1beb86df211e3094664b90c947f7a25ffe28a539f42e28040fbc65590023,byte_exact_copy
01_simulation/configurations/mdp/HiC/L4/single/rep02/NPT.mdp,PETase-MD-2026,01_simulation/configurations/mdp/HiC/L4/single/rep02/NPT.mdp,9746af914396719b8074cbe3a86ca19ee34075e2ea13ec97178427a372162fa2,byte_exact_copy
01_simulation/configurations/mdp/HiC/L4/single/rep02/NVT.mdp,PETase-MD-2026,01_simulation/configurations/mdp/HiC/L4/single/rep02/NVT.mdp,806e9ecbf2bbf27f7df14002df4bc578abfe56861324aea80d7a5b7bbe458cd0,byte_exact_copy
01_simulation/configurations/mdp/HiC/L4/single/rep03/MD.mdp,PETase-MD-2026,01_simulation/configurations/mdp/HiC/L4/single/rep03/MD.mdp,f417b2a4b2058bf210a368a2fdf7ede592379a6acce9b8c1ae6a0e229997fda1,byte_exact_copy
01_simulation/configurations/mdp/HiC/L4/single/rep03/NPT.mdp,PETase-MD-2026,01_simulation/configurations/mdp/HiC/L4/single/rep03/NPT.mdp,acfe8918e02a85f039d2a4f0d06b87c639d1d8857067a552bebfa19fb14f4287,byte_exact_copy
01_simulation/configurations/mdp/HiC/L4/single/rep03/NVT.mdp,PETase-MD-2026,01_simulation/configurations/mdp/HiC/L4/single/rep03/NVT.mdp,70c92067b3a03a57f53252557677c22c4b74e04c27125ccfb55cbc6541267cfc,byte_exact_copy
01_simulation/configurations/mdp/IsPETase/L10/bi/rep01/MD.mdp,PETase-MD-2026,01_simulation/configurations/mdp/IsPETase/L10/bi/rep01/MD.mdp,86ee1e9644feec6a37acd1acae700679b489d2694d8a7f3e25da0647b02b4961,byte_exact_copy
01_simulation/configurations/mdp/IsPETase/L10/bi/rep01/NPT.mdp,PETase-MD-2026,01_simulation/configurations/mdp/IsPETase/L10/bi/rep01/NPT.mdp,f3e2076afe0caa9c0f9f0490e19f0c2d63f98e471de197c60f11d0d07b0599d4,byte_exact_copy
01_simulation/configurations/mdp/IsPETase/L10/bi/rep01/NVT.mdp,PETase-MD-2026,01_simulation/configurations/mdp/IsPETase/L10/bi/rep01/NVT.mdp,c59c9e6ed26ed177c4af3cc31ba9c83b045c56999e136c9e4ce4d53e5510bd93,byte_exact_copy
01_simulation/configurations/mdp/IsPETase/L10/bi/rep02/MD.mdp,PETase-MD-2026,01_simulation/configurations/mdp/IsPETase/L10/bi/rep02/MD.mdp,d50f2aeb7dc01faed6dcf68bd94596d0e68a3d1b04daf724537dd333f44b5301,byte_exact_copy
01_simulation/configurations/mdp/IsPETase/L10/bi/rep02/NPT.mdp,PETase-MD-2026,01_simulation/configurations/mdp/IsPETase/L10/bi/rep02/NPT.mdp,ee2ef931657bd5324bfdc37aa6f5c3cda7b615257c1e1a56a4af53fda8ca1f06,byte_exact_copy
01_simulation/configurations/mdp/IsPETase/L10/bi/rep02/NVT.mdp,PETase-MD-2026,01_simulation/configurations/mdp/IsPETase/L10/bi/rep02/NVT.mdp,9dc13b1f414c9ad6611fc349a76db78d024d6d146289e1f335c021a2409f6c3f,byte_exact_copy
01_simulation/configurations/mdp/IsPETase/L10/bi/rep03/MD.mdp,PETase-MD-2026,01_simulation/configurations/mdp/IsPETase/L10/bi/rep03/MD.mdp,2a1e3c435996e3282f85454dd640f814fecae3c917149e217ff79e9e7bc3d5b4,byte_exact_copy
01_simulation/configurations/mdp/IsPETase/L10/bi/rep03/NPT.mdp,PETase-MD-2026,01_simulation/configurations/mdp/IsPETase/L10/bi/rep03/NPT.mdp,93f2a17352054021456d9a32c240f68413fbd64dd2ee9fd824c6b0bd62920d2b,byte_exact_copy
01_simulation/configurations/mdp/IsPETase/L10/bi/rep03/NVT.mdp,PETase-MD-2026,01_simulation/configurations/mdp/IsPETase/L10/bi/rep03/NVT.mdp,638f79c92d884ea026d224dd4a8e63624fae28e4aac3d4f0d83e696138c1041a,byte_exact_copy
01_simulation/configurations/mdp/IsPETase/L10/head/rep01/MD.mdp,PETase-MD-2026,01_simulation/configurations/mdp/IsPETase/L10/head/rep01/MD.mdp,29b2f9cbf198c832dde7162519ab96a419663e498079e8e41c46d36db77adac0,byte_exact_copy
01_simulation/configurations/mdp/IsPETase/L10/head/rep01/NPT.mdp,PETase-MD-2026,01_simulation/configurations/mdp/IsPETase/L10/head/rep01/NPT.mdp,dd8b376e15ad866066eb64dfe4b48c900666e6bf23cb1dd92bf7a5788c9559d2,byte_exact_copy
01_simulation/configurations/mdp/IsPETase/L10/head/rep01/NVT.mdp,PETase-MD-2026,01_simulation/configurations/mdp/IsPETase/L10/head/rep01/NVT.mdp,d7caae9555f9d5015d8cd72d676ed71f131117b7a008c7f56367ca3f0ca76354,byte_exact_copy
01_simulation/configurations/mdp/IsPETase/L10/head/rep02/MD.mdp,PETase-MD-2026,01_simulation/configurations/mdp/IsPETase/L10/head/rep02/MD.mdp,22e52be2149f3342b093b58f4b33161c9255341aaa331018476409470527bede,byte_exact_copy
01_simulation/configurations/mdp/IsPETase/L10/head/rep02/NPT.mdp,PETase-MD-2026,01_simulation/configurations/mdp/IsPETase/L10/head/rep02/NPT.mdp,1e67d5b267e842fa17ddf29841797b891fd51cd88552cd1428a34059af910bed,byte_exact_copy
01_simulation/configurations/mdp/IsPETase/L10/head/rep02/NVT.mdp,PETase-MD-2026,01_simulation/configurations/mdp/IsPETase/L10/head/rep02/NVT.mdp,68e225b297940155c67c692d9ffaca77adabd46b02fe80a0efbad335c8f790ee,byte_exact_copy
01_simulation/configurations/mdp/IsPETase/L10/head/rep03/MD.mdp,PETase-MD-2026,01_simulation/configurations/mdp/IsPETase/L10/head/rep03/MD.mdp,5fb85fdeea602bee2df1ec54877fce657cdb29a5baff632ae9a29883a5afe474,byte_exact_copy
01_simulation/configurations/mdp/IsPETase/L10/head/rep03/NPT.mdp,PETase-MD-2026,01_simulation/configurations/mdp/IsPETase/L10/head/rep03/NPT.mdp,d0dcf70a567805cb280d6db3742597cd04a66544cd831247c635439fa8a05e3f,byte_exact_copy
01_simulation/configurations/mdp/IsPETase/L10/head/rep03/NVT.mdp,PETase-MD-2026,01_simulation/configurations/mdp/IsPETase/L10/head/rep03/NVT.mdp,d3d126101d579f5d801087fcc49373adac85332b84b461dee8d2886b173f595d,byte_exact_copy
01_simulation/configurations/mdp/IsPETase/L10/tail/rep01/MD.mdp,PETase-MD-2026,01_simulation/configurations/mdp/IsPETase/L10/tail/rep01/MD.mdp,c1225ac61a457415634004e046560e97db3d09294c4bedd63e0df54792c87156,byte_exact_copy
01_simulation/configurations/mdp/IsPETase/L10/tail/rep01/NPT.mdp,PETase-MD-2026,01_simulation/configurations/mdp/IsPETase/L10/tail/rep01/NPT.mdp,d52a246898dd1ba830f0e48b6a37b5885d80b835e88ee335a3166bc0ec2f747e,byte_exact_copy
01_simulation/configurations/mdp/IsPETase/L10/tail/rep01/NVT.mdp,PETase-MD-2026,01_simulation/configurations/mdp/IsPETase/L10/tail/rep01/NVT.mdp,07da4ddbd073b14169a7b0734678d04a604da8595215efc842bcc0e78161e3ce,byte_exact_copy
01_simulation/configurations/mdp/IsPETase/L10/tail/rep02/MD.mdp,PETase-MD-2026,01_simulation/configurations/mdp/IsPETase/L10/tail/rep02/MD.mdp,9d3f8e12080a6bb7c76f24b84d54aa2bc31a111120949feb60b626bc36166f0b,byte_exact_copy
01_simulation/configurations/mdp/IsPETase/L10/tail/rep02/NPT.mdp,PETase-MD-2026,01_simulation/configurations/mdp/IsPETase/L10/tail/rep02/NPT.mdp,f1a47057c12a72645e03d6550e2a60994c520b2bda78f4ca4560414c703dcf88,byte_exact_copy
01_simulation/configurations/mdp/IsPETase/L10/tail/rep02/NVT.mdp,PETase-MD-2026,01_simulation/configurations/mdp/IsPETase/L10/tail/rep02/NVT.mdp,f3f76b93d9ef4cd8bb663b9d70c9132ed166464142266dac88fff1d01bab2ead,byte_exact_copy
01_simulation/configurations/mdp/IsPETase/L10/tail/rep03/MD.mdp,PETase-MD-2026,01_simulation/configurations/mdp/IsPETase/L10/tail/rep03/MD.mdp,e3a1be0720eb2c06b19851a8e7245fa581a6461905e6e5a150f3f4d91afcbd91,byte_exact_copy
01_simulation/configurations/mdp/IsPETase/L10/tail/rep03/NPT.mdp,PETase-MD-2026,01_simulation/configurations/mdp/IsPETase/L10/tail/rep03/NPT.mdp,6297106af0a8bc35867664a046b96a8d3054c6b00f4527353eff9e1c25207e0b,byte_exact_copy
01_simulation/configurations/mdp/IsPETase/L10/tail/rep03/NVT.mdp,PETase-MD-2026,01_simulation/configurations/mdp/IsPETase/L10/tail/rep03/NVT.mdp,41ae5110aeb572f89eca302d4a3e6b56c38828d1c703e1b654cb9dd43ba36b9d,byte_exact_copy
01_simulation/configurations/mdp/IsPETase/L20/bi/rep01/MD.mdp,PETase-MD-2026,01_simulation/configurations/mdp/IsPETase/L20/bi/rep01/MD.mdp,a1e5d448c3622254b9dd6d7bd14bf6e7bd41d9562b985ba7c9cf7006f9252120,byte_exact_copy
01_simulation/configurations/mdp/IsPETase/L20/bi/rep01/NPT.mdp,PETase-MD-2026,01_simulation/configurations/mdp/IsPETase/L20/bi/rep01/NPT.mdp,e01cb497cd152cc185b7075a66b136fc1ae8f15eaaf0bca1e27af61891fb0562,byte_exact_copy
01_simulation/configurations/mdp/IsPETase/L20/bi/rep01/NVT.mdp,PETase-MD-2026,01_simulation/configurations/mdp/IsPETase/L20/bi/rep01/NVT.mdp,18e286283bac1a3f9785c1ae4af02f380eb1fbcdb05a2a666c4efcda5bf5a808,byte_exact_copy
01_simulation/configurations/mdp/IsPETase/L20/bi/rep02/MD.mdp,PETase-MD-2026,01_simulation/configurations/mdp/IsPETase/L20/bi/rep02/MD.mdp,428b4648721e4afeb4d41f1350ac5fbe46dd6435f4096b3d8a853a1c11c41abc,byte_exact_copy
01_simulation/configurations/mdp/IsPETase/L20/bi/rep02/NPT.mdp,PETase-MD-2026,01_simulation/configurations/mdp/IsPETase/L20/bi/rep02/NPT.mdp,b6864720d8be90a98a0141d016156639b1d5c6526c32c0d7470eb29667962c2e,byte_exact_copy
01_simulation/configurations/mdp/IsPETase/L20/bi/rep02/NVT.mdp,PETase-MD-2026,01_simulation/configurations/mdp/IsPETase/L20/bi/rep02/NVT.mdp,4a50475c7b8e77b46edc19415017bab1854828ff099ef79ed51d2f23e7350d49,byte_exact_copy
01_simulation/configurations/mdp/IsPETase/L20/bi/rep03/MD.mdp,PETase-MD-2026,01_simulation/configurations/mdp/IsPETase/L20/bi/rep03/MD.mdp,f09604305b428034bd1cab3c1e39cd59b8545ff5dc58d508edf8b19e688211da,byte_exact_copy
01_simulation/configurations/mdp/IsPETase/L20/bi/rep03/NPT.mdp,PETase-MD-2026,01_simulation/configurations/mdp/IsPETase/L20/bi/rep03/NPT.mdp,ff3c04600754c8a960fd0bdcad4a5acc2cbfa668f3dbf4ef110717a0feb8b4ee,byte_exact_copy
01_simulation/configurations/mdp/IsPETase/L20/bi/rep03/NVT.mdp,PETase-MD-2026,01_simulation/configurations/mdp/IsPETase/L20/bi/rep03/NVT.mdp,4f4757640c3dba7f8bf4d8887a3c90497dd4ad2b3da8c5dcf57d75f4aa706e82,byte_exact_copy
01_simulation/configurations/mdp/IsPETase/L20/head/rep01/MD.mdp,PETase-MD-2026,01_simulation/configurations/mdp/IsPETase/L20/head/rep01/MD.mdp,22df8921897acaebb91a5ef2fed468290cc825447a8e7ffbee99fea87a6cf683,byte_exact_copy
01_simulation/configurations/mdp/IsPETase/L20/head/rep01/NPT.mdp,PETase-MD-2026,01_simulation/configurations/mdp/IsPETase/L20/head/rep01/NPT.mdp,f290ce0046869508d918fed53ae4b5f88e7f5060f781140f21d04cf25fdd4404,byte_exact_copy
01_simulation/configurations/mdp/IsPETase/L20/head/rep01/NVT.mdp,PETase-MD-2026,01_simulation/configurations/mdp/IsPETase/L20/head/rep01/NVT.mdp,38b9ad7d2a450e2e0552226f581b7a0b675bf02e7fd549f0ac357f9daa884778,byte_exact_copy
01_simulation/configurations/mdp/IsPETase/L20/head/rep02/MD.mdp,PETase-MD-2026,01_simulation/configurations/mdp/IsPETase/L20/head/rep02/MD.mdp,4c7ba8b27b9b7733bf9a7ed6ca6209c288af4d184c69cfef70428706fe8eba3f,byte_exact_copy
01_simulation/configurations/mdp/IsPETase/L20/head/rep02/NPT.mdp,PETase-MD-2026,01_simulation/configurations/mdp/IsPETase/L20/head/rep02/NPT.mdp,7cd27623598ea01ea2ec0f48dbcc26038879fa3caaf27d327b4cd281e84ddf38,byte_exact_copy
01_simulation/configurations/mdp/IsPETase/L20/head/rep02/NVT.mdp,PETase-MD-2026,01_simulation/configurations/mdp/IsPETase/L20/head/rep02/NVT.mdp,f1289d4b3034fda20e9d4e0326bc5a8cd5ac606b1a48f0edaaf0f9ec63f45d94,byte_exact_copy
01_simulation/configurations/mdp/IsPETase/L20/head/rep03/MD.mdp,PETase-MD-2026,01_simulation/configurations/mdp/IsPETase/L20/head/rep03/MD.mdp,d6cf12081e189d7601f6729248634fc26e6238a448a9255408988fd36709d347,byte_exact_copy
01_simulation/configurations/mdp/IsPETase/L20/head/rep03/NPT.mdp,PETase-MD-2026,01_simulation/configurations/mdp/IsPETase/L20/head/rep03/NPT.mdp,b9d56305055da4b016e0af15e6e066e150dbbc976d874104207139dc5db5dd0c,byte_exact_copy
01_simulation/configurations/mdp/IsPETase/L20/head/rep03/NVT.mdp,PETase-MD-2026,01_simulation/configurations/mdp/IsPETase/L20/head/rep03/NVT.mdp,1d1206b563c9024de3fe5d48dd5a861629c61e098c12805bad8a15e05541dea3,byte_exact_copy
01_simulation/configurations/mdp/IsPETase/L20/tail/rep01/MD.mdp,PETase-MD-2026,01_simulation/configurations/mdp/IsPETase/L20/tail/rep01/MD.mdp,86b96f09626f1dcfab9abdfa00eae2a1f685a8ca31185628e57915a7e968fd60,byte_exact_copy
01_simulation/configurations/mdp/IsPETase/L20/tail/rep01/NPT.mdp,PETase-MD-2026,01_simulation/configurations/mdp/IsPETase/L20/tail/rep01/NPT.mdp,5ed005c87242969db6d2aa6545fa739803975940441628c5a2cbce304df67fd1,byte_exact_copy
01_simulation/configurations/mdp/IsPETase/L20/tail/rep01/NVT.mdp,PETase-MD-2026,01_simulation/configurations/mdp/IsPETase/L20/tail/rep01/NVT.mdp,e3c2950a0695ac21910721fca562636f6af1fdefb432af4b30362e5c09a4d5b7,byte_exact_copy
01_simulation/configurations/mdp/IsPETase/L20/tail/rep02/MD.mdp,PETase-MD-2026,01_simulation/configurations/mdp/IsPETase/L20/tail/rep02/MD.mdp,1a3f922bf686fece9a964cf369e8e69b6cc5a2ea92d179b5466cc63f25fde8d7,byte_exact_copy
01_simulation/configurations/mdp/IsPETase/L20/tail/rep02/NPT.mdp,PETase-MD-2026,01_simulation/configurations/mdp/IsPETase/L20/tail/rep02/NPT.mdp,4040bed551f7b0bcb36c02a4fa905b444034a521badf78d84d1d83e69c610b61,byte_exact_copy
01_simulation/configurations/mdp/IsPETase/L20/tail/rep02/NVT.mdp,PETase-MD-2026,01_simulation/configurations/mdp/IsPETase/L20/tail/rep02/NVT.mdp,199c1ac3fe3e465481cee209d66a18b5ad1e9a3a311b48658f9e2cec412c98ae,byte_exact_copy
01_simulation/configurations/mdp/IsPETase/L20/tail/rep03/MD.mdp,PETase-MD-2026,01_simulation/configurations/mdp/IsPETase/L20/tail/rep03/MD.mdp,1d66e970d5300f6a4b25713912a1ce27172d55d176e96fe86886bab33ce857d1,byte_exact_copy
01_simulation/configurations/mdp/IsPETase/L20/tail/rep03/NPT.mdp,PETase-MD-2026,01_simulation/configurations/mdp/IsPETase/L20/tail/rep03/NPT.mdp,3a468a1a55636a4460d8617b388de2cd1498b68fc8f6459583190a6db458c772,byte_exact_copy
01_simulation/configurations/mdp/IsPETase/L20/tail/rep03/NVT.mdp,PETase-MD-2026,01_simulation/configurations/mdp/IsPETase/L20/tail/rep03/NVT.mdp,b6e7842694724b749e4e6fae54e8f3937a781d66654de0fe493ac2a74fdebe93,byte_exact_copy
01_simulation/configurations/mdp/IsPETase/L4/single/rep01/MD.mdp,PETase-MD-2026,01_simulation/configurations/mdp/IsPETase/L4/single/rep01/MD.mdp,5d0c94da80079efcb8b2012ff526455296688c91b602a29b358bede0180ab871,byte_exact_copy
01_simulation/configurations/mdp/IsPETase/L4/single/rep01/NPT.mdp,PETase-MD-2026,01_simulation/configurations/mdp/IsPETase/L4/single/rep01/NPT.mdp,e862534959c1883b586dfeacf7ac29cc713ba5661b91e13a68e9570ba527030a,byte_exact_copy
01_simulation/configurations/mdp/IsPETase/L4/single/rep01/NVT.mdp,PETase-MD-2026,01_simulation/configurations/mdp/IsPETase/L4/single/rep01/NVT.mdp,f09cf1e19cdb333c8c92f5ce4976d4f7bf807159fe768e13b871801a5dce51eb,byte_exact_copy
01_simulation/configurations/mdp/IsPETase/L4/single/rep02/MD.mdp,PETase-MD-2026,01_simulation/configurations/mdp/IsPETase/L4/single/rep02/MD.mdp,ee2ca516bb22a76763eb37c5888a044a8fe16d7787b2372f1c1ab6520ab7ab7e,byte_exact_copy
01_simulation/configurations/mdp/IsPETase/L4/single/rep02/NPT.mdp,PETase-MD-2026,01_simulation/configurations/mdp/IsPETase/L4/single/rep02/NPT.mdp,0cd0da80c972bd6f11fcb9acc2687b6ed28802234958f992b2f9c4d44a9593c1,byte_exact_copy
01_simulation/configurations/mdp/IsPETase/L4/single/rep02/NVT.mdp,PETase-MD-2026,01_simulation/configurations/mdp/IsPETase/L4/single/rep02/NVT.mdp,8d1c7aea85d53bbf7a31f5643e6fce84f350f2b57cb1d6b6ed4eef8eeec54ead,byte_exact_copy
01_simulation/configurations/mdp/IsPETase/L4/single/rep03/MD.mdp,PETase-MD-2026,01_simulation/configurations/mdp/IsPETase/L4/single/rep03/MD.mdp,22432eaf9d3a3b263209d7f4084e2f3d4d58b85ff8e7215ab11a11490f855f3e,byte_exact_copy
01_simulation/configurations/mdp/IsPETase/L4/single/rep03/NPT.mdp,PETase-MD-2026,01_simulation/configurations/mdp/IsPETase/L4/single/rep03/NPT.mdp,733cbbe67c6b2f769c685f5fa53405eddec808f86648174cf89ddcce97702ac2,byte_exact_copy
01_simulation/configurations/mdp/IsPETase/L4/single/rep03/NVT.mdp,PETase-MD-2026,01_simulation/configurations/mdp/IsPETase/L4/single/rep03/NVT.mdp,2aefbd085c8482586b94efb162d64ff7f46fbd233455be3a9a2dda4de6c2fa19,byte_exact_copy
01_simulation/configurations/mdp/LCC/L10/bi/rep01/MD.mdp,PETase-MD-2026,01_simulation/configurations/mdp/LCC/L10/bi/rep01/MD.mdp,a321fa0e06e6034b2af0dabb8f00227abf35eca41a6efcf47143122d90e8e6f0,byte_exact_copy
01_simulation/configurations/mdp/LCC/L10/bi/rep01/NPT.mdp,PETase-MD-2026,01_simulation/configurations/mdp/LCC/L10/bi/rep01/NPT.mdp,36150915c9e07a80bea95c4604e073f904c430a9b175ab9d2c6e2de62b85cdf0,byte_exact_copy
01_simulation/configurations/mdp/LCC/L10/bi/rep01/NVT.mdp,PETase-MD-2026,01_simulation/configurations/mdp/LCC/L10/bi/rep01/NVT.mdp,3e0aabd303a9070f3d3878bab0b431b893279b34abe0134f3da6760bc18a24ad,byte_exact_copy
01_simulation/configurations/mdp/LCC/L10/bi/rep02/MD.mdp,PETase-MD-2026,01_simulation/configurations/mdp/LCC/L10/bi/rep02/MD.mdp,3868dcd2929d0246b820b4554d8724b11b3e4faffed28470100292302b1f5c9b,byte_exact_copy
01_simulation/configurations/mdp/LCC/L10/bi/rep02/NPT.mdp,PETase-MD-2026,01_simulation/configurations/mdp/LCC/L10/bi/rep02/NPT.mdp,ce330ebbe19ae488a7da1e4496df0a67184462793ceb20cf5b9fe6e7ee3d0bd8,byte_exact_copy
01_simulation/configurations/mdp/LCC/L10/bi/rep02/NVT.mdp,PETase-MD-2026,01_simulation/configurations/mdp/LCC/L10/bi/rep02/NVT.mdp,a4fab6afafa42887abea7f614ba8f0c44f3ebaa5690337736594de9ceca26ac8,byte_exact_copy
01_simulation/configurations/mdp/LCC/L10/bi/rep03/MD.mdp,PETase-MD-2026,01_simulation/configurations/mdp/LCC/L10/bi/rep03/MD.mdp,8f94585823a1795dc6dae63a224784e1ad81151bea74d2f750ecc239647c91b8,byte_exact_copy
01_simulation/configurations/mdp/LCC/L10/bi/rep03/NPT.mdp,PETase-MD-2026,01_simulation/configurations/mdp/LCC/L10/bi/rep03/NPT.mdp,5cac93c0d38302bea51f8ed588b387879f89ea76043239d21fd90dce69ca861f,byte_exact_copy
01_simulation/configurations/mdp/LCC/L10/bi/rep03/NVT.mdp,PETase-MD-2026,01_simulation/configurations/mdp/LCC/L10/bi/rep03/NVT.mdp,83cb167f7d4e13edec9ee896d3a71c0e6f817220e2bde4124d951acc37b6f8f2,byte_exact_copy
01_simulation/configurations/mdp/LCC/L10/head/rep01/MD.mdp,PETase-MD-2026,01_simulation/configurations/mdp/LCC/L10/head/rep01/MD.mdp,2a369a5110ea6763b95b8ab4e2618f2e2b1d06fd2c4207fa6399afc319011b84,byte_exact_copy
01_simulation/configurations/mdp/LCC/L10/head/rep01/NPT.mdp,PETase-MD-2026,01_simulation/configurations/mdp/LCC/L10/head/rep01/NPT.mdp,3bb961c83e8a78b233956437ac604e222404159af62d7416271c1fac25fd9933,byte_exact_copy
01_simulation/configurations/mdp/LCC/L10/head/rep01/NVT.mdp,PETase-MD-2026,01_simulation/configurations/mdp/LCC/L10/head/rep01/NVT.mdp,a7f8f79d44d84510fe177be6c291737e8e4f8f6937044abc8ad021ec102db331,byte_exact_copy
01_simulation/configurations/mdp/LCC/L10/head/rep02/MD.mdp,PETase-MD-2026,01_simulation/configurations/mdp/LCC/L10/head/rep02/MD.mdp,c78601c3e134bf8141c593c7bfc252e0a9c7589628a88e3e63dbea7a40cc6952,byte_exact_copy
01_simulation/configurations/mdp/LCC/L10/head/rep02/NPT.mdp,PETase-MD-2026,01_simulation/configurations/mdp/LCC/L10/head/rep02/NPT.mdp,3922ff4c8fc3a8ae95a0355c8c98ff4882eff505e13e0d89a9ff41a71a635da2,byte_exact_copy
01_simulation/configurations/mdp/LCC/L10/head/rep02/NVT.mdp,PETase-MD-2026,01_simulation/configurations/mdp/LCC/L10/head/rep02/NVT.mdp,3a8137f337e321b3b8c41464ab29e802595c7aa6b8e7a16f9ebf7f7d227baa23,byte_exact_copy
01_simulation/configurations/mdp/LCC/L10/head/rep03/MD.mdp,PETase-MD-2026,01_simulation/configurations/mdp/LCC/L10/head/rep03/MD.mdp,98c48ffb678202b2023152cc7f293928184f3fcfbe30f859d761be53b7029a8a,byte_exact_copy
01_simulation/configurations/mdp/LCC/L10/head/rep03/NPT.mdp,PETase-MD-2026,01_simulation/configurations/mdp/LCC/L10/head/rep03/NPT.mdp,f28edb9d323fd58261394031a65266275e91e6c16784bdad509692c3588b9d4d,byte_exact_copy
01_simulation/configurations/mdp/LCC/L10/head/rep03/NVT.mdp,PETase-MD-2026,01_simulation/configurations/mdp/LCC/L10/head/rep03/NVT.mdp,9f2b8bde1d2341b7a46e28d5dcc7360eaac709e84d84f57ca792deb95ccf1159,byte_exact_copy
01_simulation/configurations/mdp/LCC/L10/tail/rep01/MD.mdp,PETase-MD-2026,01_simulation/configurations/mdp/LCC/L10/tail/rep01/MD.mdp,2c03f50bdada534f67da9cd10df864dd886213630277b9db32ca4a152ca6592a,byte_exact_copy
01_simulation/configurations/mdp/LCC/L10/tail/rep01/NPT.mdp,PETase-MD-2026,01_simulation/configurations/mdp/LCC/L10/tail/rep01/NPT.mdp,211e60e13a637e9208390c52890688fe13340495a1c41a45b0c9b27c010a8c6d,byte_exact_copy
01_simulation/configurations/mdp/LCC/L10/tail/rep01/NVT.mdp,PETase-MD-2026,01_simulation/configurations/mdp/LCC/L10/tail/rep01/NVT.mdp,89f066100a4bacc7224d35c0243c3d7135f1541591c0eccc05fc7e90243770a1,byte_exact_copy
01_simulation/configurations/mdp/LCC/L10/tail/rep02/MD.mdp,PETase-MD-2026,01_simulation/configurations/mdp/LCC/L10/tail/rep02/MD.mdp,b388cfc7dfe3acb93b08fcc0a93a48acb61569c55950d9bba1c8f48f935d4cfe,byte_exact_copy
01_simulation/configurations/mdp/LCC/L10/tail/rep02/NPT.mdp,PETase-MD-2026,01_simulation/configurations/mdp/LCC/L10/tail/rep02/NPT.mdp,8449c8397065fde96e0fcb17749354ee678ea138c79e54236b277f37b83da0b7,byte_exact_copy
01_simulation/configurations/mdp/LCC/L10/tail/rep02/NVT.mdp,PETase-MD-2026,01_simulation/configurations/mdp/LCC/L10/tail/rep02/NVT.mdp,74a5043619a51818a8b307e28ab2e00612ac52542fdb8202400ab535e234eb7e,byte_exact_copy
01_simulation/configurations/mdp/LCC/L10/tail/rep03/MD.mdp,PETase-MD-2026,01_simulation/configurations/mdp/LCC/L10/tail/rep03/MD.mdp,c746b6274a9b1e33716ca97c7b7bb9c74cc0c45726f793020e19f3251d330ff0,byte_exact_copy
01_simulation/configurations/mdp/LCC/L10/tail/rep03/NPT.mdp,PETase-MD-2026,01_simulation/configurations/mdp/LCC/L10/tail/rep03/NPT.mdp,910d8d254ed5ae17035f5d66fbabe72bd120e110f3ca7eb696bc0f914e330965,byte_exact_copy
01_simulation/configurations/mdp/LCC/L10/tail/rep03/NVT.mdp,PETase-MD-2026,01_simulation/configurations/mdp/LCC/L10/tail/rep03/NVT.mdp,31ab2d2504bc29486ae1b418f7bad2d2134d032eb1fe1ae35e337e8577bf4a91,byte_exact_copy
01_simulation/configurations/mdp/LCC/L20/bi/rep01/MD.mdp,PETase-MD-2026,01_simulation/configurations/mdp/LCC/L20/bi/rep01/MD.mdp,809e0a0327204a1beb55839ef2f3819092d035809b520e077e0bdb904d9e3902,byte_exact_copy
01_simulation/configurations/mdp/LCC/L20/bi/rep01/NPT.mdp,PETase-MD-2026,01_simulation/configurations/mdp/LCC/L20/bi/rep01/NPT.mdp,38eab527f47a6b1799c7442c06cf6486c013238c77f5999854f01efb765928d7,byte_exact_copy
01_simulation/configurations/mdp/LCC/L20/bi/rep01/NVT.mdp,PETase-MD-2026,01_simulation/configurations/mdp/LCC/L20/bi/rep01/NVT.mdp,739de4d69763eb942abe8641edda00afeea44a1578402258bd2c0a18085ff8f9,byte_exact_copy
01_simulation/configurations/mdp/LCC/L20/bi/rep02/MD.mdp,PETase-MD-2026,01_simulation/configurations/mdp/LCC/L20/bi/rep02/MD.mdp,64b6e24bc4bfa6f5d82383dad3f4a3720f680c76b38c8a87d08f66bcfb19fa78,byte_exact_copy
01_simulation/configurations/mdp/LCC/L20/bi/rep02/NPT.mdp,PETase-MD-2026,01_simulation/configurations/mdp/LCC/L20/bi/rep02/NPT.mdp,04bea7714c2c3037f0b7ec12919c2ee1716c4fdbfd73d725720050462d066e77,byte_exact_copy
01_simulation/configurations/mdp/LCC/L20/bi/rep02/NVT.mdp,PETase-MD-2026,01_simulation/configurations/mdp/LCC/L20/bi/rep02/NVT.mdp,492d1ef28672c4c6ab23e6c0ea364a49c11790161ec825354f35d1d350005286,byte_exact_copy
01_simulation/configurations/mdp/LCC/L20/bi/rep03/MD.mdp,PETase-MD-2026,01_simulation/configurations/mdp/LCC/L20/bi/rep03/MD.mdp,30f68ec5c21e654abecb74c0d2b8360c122394071d82a1aa20999f21ec858de1,byte_exact_copy
01_simulation/configurations/mdp/LCC/L20/bi/rep03/NPT.mdp,PETase-MD-2026,01_simulation/configurations/mdp/LCC/L20/bi/rep03/NPT.mdp,e1374a97fd4c96da565992a547e87155bea2f8a092f29aa19d58ee5e78bdde67,byte_exact_copy
01_simulation/configurations/mdp/LCC/L20/bi/rep03/NVT.mdp,PETase-MD-2026,01_simulation/configurations/mdp/LCC/L20/bi/rep03/NVT.mdp,48e381b8aa02c04d42793ad749adfcb7e8a29e81c48bd834be85c5fef642e17d,byte_exact_copy
01_simulation/configurations/mdp/LCC/L20/head/rep01/MD.mdp,PETase-MD-2026,01_simulation/configurations/mdp/LCC/L20/head/rep01/MD.mdp,c338591faa149919cccdced39a58828ce553357fc2a29683c0193253c95ee957,byte_exact_copy
01_simulation/configurations/mdp/LCC/L20/head/rep01/NPT.mdp,PETase-MD-2026,01_simulation/configurations/mdp/LCC/L20/head/rep01/NPT.mdp,87ebbc732e52963c17b9432ec058fefadb2df250b0db8bbfced34ef922045afd,byte_exact_copy
01_simulation/configurations/mdp/LCC/L20/head/rep01/NVT.mdp,PETase-MD-2026,01_simulation/configurations/mdp/LCC/L20/head/rep01/NVT.mdp,a7e0009a825cffc649d1106fc73ffce85453f931992fce273b37f32ba2c1b359,byte_exact_copy
01_simulation/configurations/mdp/LCC/L20/head/rep02/MD.mdp,PETase-MD-2026,01_simulation/configurations/mdp/LCC/L20/head/rep02/MD.mdp,3a041d43c9cd44e59e8f4a486feeb71a74ee70cfeae33a3e623c5501a5e9cdca,byte_exact_copy
01_simulation/configurations/mdp/LCC/L20/head/rep02/NPT.mdp,PETase-MD-2026,01_simulation/configurations/mdp/LCC/L20/head/rep02/NPT.mdp,ddd6d19feaedac11bdfab2040142271dffacba643c139d23dad63bdf0dc65eab,byte_exact_copy
01_simulation/configurations/mdp/LCC/L20/head/rep02/NVT.mdp,PETase-MD-2026,01_simulation/configurations/mdp/LCC/L20/head/rep02/NVT.mdp,2c5902f65568d02e26ce5ba5e8ac7568c12128ee8c9c2a1a706e76610a63cd45,byte_exact_copy
01_simulation/configurations/mdp/LCC/L20/head/rep03/MD.mdp,PETase-MD-2026,01_simulation/configurations/mdp/LCC/L20/head/rep03/MD.mdp,6bfdd77d379e762fe87df9ca1bce96d99a63a78b931451cdc91fbaa4dc27e8d0,byte_exact_copy
01_simulation/configurations/mdp/LCC/L20/head/rep03/NPT.mdp,PETase-MD-2026,01_simulation/configurations/mdp/LCC/L20/head/rep03/NPT.mdp,30fafb25763c766f6c717a4dedb41d430f6eada52783f665a07ae15e326411a8,byte_exact_copy
01_simulation/configurations/mdp/LCC/L20/head/rep03/NVT.mdp,PETase-MD-2026,01_simulation/configurations/mdp/LCC/L20/head/rep03/NVT.mdp,938960bd521b52394e7cfa0ad6b004f08e718e4413faebe9c35e5d95ce3f4c24,byte_exact_copy
01_simulation/configurations/mdp/LCC/L20/tail/rep01/MD.mdp,PETase-MD-2026,01_simulation/configurations/mdp/LCC/L20/tail/rep01/MD.mdp,da1585b9e11897aa97f7afaa451d90bceca94633f2100c41769431e8e6a81ae4,byte_exact_copy
01_simulation/configurations/mdp/LCC/L20/tail/rep01/NPT.mdp,PETase-MD-2026,01_simulation/configurations/mdp/LCC/L20/tail/rep01/NPT.mdp,c5bb8094bf005cde0981ef8744f226ebf17ed24822d99fe632a2dce8d0c8b131,byte_exact_copy
01_simulation/configurations/mdp/LCC/L20/tail/rep01/NVT.mdp,PETase-MD-2026,01_simulation/configurations/mdp/LCC/L20/tail/rep01/NVT.mdp,c94ad97bc17f0d4de3431cddbaabd48ef30685cc0f6e657b30687fb838476c2a,byte_exact_copy
01_simulation/configurations/mdp/LCC/L20/tail/rep02/MD.mdp,PETase-MD-2026,01_simulation/configurations/mdp/LCC/L20/tail/rep02/MD.mdp,1f0c37790d30b8b5102a18f10df15ca514aeca461b6f138d700b1dd5b14497db,byte_exact_copy
01_simulation/configurations/mdp/LCC/L20/tail/rep02/NPT.mdp,PETase-MD-2026,01_simulation/configurations/mdp/LCC/L20/tail/rep02/NPT.mdp,d89d08d7b14ce1883b1c85934388d8c65febc6043f934ba94add507f481bb9d8,byte_exact_copy
01_simulation/configurations/mdp/LCC/L20/tail/rep02/NVT.mdp,PETase-MD-2026,01_simulation/configurations/mdp/LCC/L20/tail/rep02/NVT.mdp,e6f80410aec2161f054cdeba6a38ba1f548d09f1d09692bf3cefac71ad59a1f5,byte_exact_copy
01_simulation/configurations/mdp/LCC/L20/tail/rep03/MD.mdp,PETase-MD-2026,01_simulation/configurations/mdp/LCC/L20/tail/rep03/MD.mdp,f7aaa854a3d544738f8c2ef0c8928839ce4cc3cbc6bfcaade2411e2f8fc8bb06,byte_exact_copy
01_simulation/configurations/mdp/LCC/L20/tail/rep03/NPT.mdp,PETase-MD-2026,01_simulation/configurations/mdp/LCC/L20/tail/rep03/NPT.mdp,3879de29cc1f72e8c38af35e465e1ed8f1fc77330a9425aacdf296ead9eff379,byte_exact_copy
01_simulation/configurations/mdp/LCC/L20/tail/rep03/NVT.mdp,PETase-MD-2026,01_simulation/configurations/mdp/LCC/L20/tail/rep03/NVT.mdp,0581ef6e719aef67afa6471a77608a1d42e12a0bfbf699fc700003513bf3a91f,byte_exact_copy
01_simulation/configurations/mdp/LCC/L4/single/rep01/MD.mdp,PETase-MD-2026,01_simulation/configurations/mdp/LCC/L4/single/rep01/MD.mdp,9dafec409d64191add9450e3089f3ede9553c67d1b047d75b2a10509d63e2f44,byte_exact_copy
01_simulation/configurations/mdp/LCC/L4/single/rep01/NPT.mdp,PETase-MD-2026,01_simulation/configurations/mdp/LCC/L4/single/rep01/NPT.mdp,1597991d627b806e785b5064f999cb93dd93cf1ef805e41c0dde5a3a34756e61,byte_exact_copy
01_simulation/configurations/mdp/LCC/L4/single/rep01/NVT.mdp,PETase-MD-2026,01_simulation/configurations/mdp/LCC/L4/single/rep01/NVT.mdp,ee7320083a11d9934a987d7d4490bed55016d33f69900d72a5e6e0ed0ae48298,byte_exact_copy
01_simulation/configurations/mdp/LCC/L4/single/rep02/MD.mdp,PETase-MD-2026,01_simulation/configurations/mdp/LCC/L4/single/rep02/MD.mdp,9b523ae58cdddccd9419cd4182de79ff433aa8892fb62ee50996f81964d37952,byte_exact_copy
01_simulation/configurations/mdp/LCC/L4/single/rep02/NPT.mdp,PETase-MD-2026,01_simulation/configurations/mdp/LCC/L4/single/rep02/NPT.mdp,d7bbbdfcc09727f0f3810d25952d91c748b815238f707cb9c92af2471c0e7be9,byte_exact_copy
01_simulation/configurations/mdp/LCC/L4/single/rep02/NVT.mdp,PETase-MD-2026,01_simulation/configurations/mdp/LCC/L4/single/rep02/NVT.mdp,a9b2f35fafdbf5384589fdf1c1870fa54e933481a617af13e16a61f774b22f0b,byte_exact_copy
01_simulation/configurations/mdp/LCC/L4/single/rep03/MD.mdp,PETase-MD-2026,01_simulation/configurations/mdp/LCC/L4/single/rep03/MD.mdp,1ccbfd85ae845eb265c33454c37ab4ea4afaa1e123089c57ea833f5f1926cfd9,byte_exact_copy
01_simulation/configurations/mdp/LCC/L4/single/rep03/NPT.mdp,PETase-MD-2026,01_simulation/configurations/mdp/LCC/L4/single/rep03/NPT.mdp,a9b2378729f90757d850a7c72b97dce5538ac8d7c52310ca0c94379d7d968c9b,byte_exact_copy
01_simulation/configurations/mdp/LCC/L4/single/rep03/NVT.mdp,PETase-MD-2026,01_simulation/configurations/mdp/LCC/L4/single/rep03/NVT.mdp,fd82efc87c3de96121351ce3fafdb159057dd4d2cbd7272c929a8347e7ff8b8f,byte_exact_copy
01_simulation/configurations/mdp/PHL7/L10/bi/rep01/MD.mdp,PETase-MD-2026,01_simulation/configurations/mdp/PHL7/L10/bi/rep01/MD.mdp,e7c5f7bd99f52356f20b6e6c2bc489f1fef550585658975080fa06d233f0342c,byte_exact_copy
01_simulation/configurations/mdp/PHL7/L10/bi/rep01/NPT.mdp,PETase-MD-2026,01_simulation/configurations/mdp/PHL7/L10/bi/rep01/NPT.mdp,b0fcbd97abc8473b74f5ef0c318d7487d06877384051e48050059eeb9f2bda37,byte_exact_copy
01_simulation/configurations/mdp/PHL7/L10/bi/rep01/NVT.mdp,PETase-MD-2026,01_simulation/configurations/mdp/PHL7/L10/bi/rep01/NVT.mdp,71a0ddcd80717b856119eba0ce1a3e391a7ec28b2cb6406d80ce6953abe2153a,byte_exact_copy
01_simulation/configurations/mdp/PHL7/L10/bi/rep02/MD.mdp,PETase-MD-2026,01_simulation/configurations/mdp/PHL7/L10/bi/rep02/MD.mdp,96db01db95ee5b3ebe4286ffd8491da1096bcd0553eade48d897494354cf91c6,byte_exact_copy
01_simulation/configurations/mdp/PHL7/L10/bi/rep02/NPT.mdp,PETase-MD-2026,01_simulation/configurations/mdp/PHL7/L10/bi/rep02/NPT.mdp,b6054cd4f41741008400a85a1d7e04d43500a78c9fe2637e57ea70c23a9d4ffe,byte_exact_copy
01_simulation/configurations/mdp/PHL7/L10/bi/rep02/NVT.mdp,PETase-MD-2026,01_simulation/configurations/mdp/PHL7/L10/bi/rep02/NVT.mdp,72f3a2d64f9831705541c00dd9151bf227f3c4cd1ce4ffbf897e48f131053eb4,byte_exact_copy
01_simulation/configurations/mdp/PHL7/L10/bi/rep03/MD.mdp,PETase-MD-2026,01_simulation/configurations/mdp/PHL7/L10/bi/rep03/MD.mdp,30e10cfbd74a114ebbf1b68f5b4514d653d3e9a0ce44e8d7b9b920750fb5ba23,byte_exact_copy
01_simulation/configurations/mdp/PHL7/L10/bi/rep03/NPT.mdp,PETase-MD-2026,01_simulation/configurations/mdp/PHL7/L10/bi/rep03/NPT.mdp,2899d8d943d07c5b05843349da5b9efd2ff20957066041c69fec015b4502040b,byte_exact_copy
01_simulation/configurations/mdp/PHL7/L10/bi/rep03/NVT.mdp,PETase-MD-2026,01_simulation/configurations/mdp/PHL7/L10/bi/rep03/NVT.mdp,ed5ac248ab4de29643880d90a4fb6eba76956de250f068265baf5ea9c3028456,byte_exact_copy
01_simulation/configurations/mdp/PHL7/L10/head/rep01/MD.mdp,PETase-MD-2026,01_simulation/configurations/mdp/PHL7/L10/head/rep01/MD.mdp,478d3828bbcb69d28978e7f9bac06287dd94509b7233aeedf0f1c262cac4dafa,byte_exact_copy
01_simulation/configurations/mdp/PHL7/L10/head/rep01/NPT.mdp,PETase-MD-2026,01_simulation/configurations/mdp/PHL7/L10/head/rep01/NPT.mdp,844cb19084c7c7523b559dd75d86610732995a0dc34a22c2278bd075757d875e,byte_exact_copy
01_simulation/configurations/mdp/PHL7/L10/head/rep01/NVT.mdp,PETase-MD-2026,01_simulation/configurations/mdp/PHL7/L10/head/rep01/NVT.mdp,d2215098d132db9acb50d40c8f050fe08cfde41180171fb822180d6d4846125b,byte_exact_copy
01_simulation/configurations/mdp/PHL7/L10/head/rep02/MD.mdp,PETase-MD-2026,01_simulation/configurations/mdp/PHL7/L10/head/rep02/MD.mdp,2e35bc3a0817abc0e3e079c6dfc4e75d42787294456bd783da6c0d3ec8f7ec1e,byte_exact_copy
01_simulation/configurations/mdp/PHL7/L10/head/rep02/NPT.mdp,PETase-MD-2026,01_simulation/configurations/mdp/PHL7/L10/head/rep02/NPT.mdp,a9f177ea58393ee726cf698f7d2147afc97e462417de3d35ad6ecb75a3331d41,byte_exact_copy
01_simulation/configurations/mdp/PHL7/L10/head/rep02/NVT.mdp,PETase-MD-2026,01_simulation/configurations/mdp/PHL7/L10/head/rep02/NVT.mdp,4e35b7e0ef78df7518822e0e6e4b1082407eac910da0c16b4c95c94198fa5155,byte_exact_copy
01_simulation/configurations/mdp/PHL7/L10/head/rep03/MD.mdp,PETase-MD-2026,01_simulation/configurations/mdp/PHL7/L10/head/rep03/MD.mdp,ead12a7b44f04ded096f88f332224177a268cf09588b0084288f8e923abe24b1,byte_exact_copy
01_simulation/configurations/mdp/PHL7/L10/head/rep03/NPT.mdp,PETase-MD-2026,01_simulation/configurations/mdp/PHL7/L10/head/rep03/NPT.mdp,c548f000152fb5c97ec89266eca7239e0ce07fb7706b57373646c7844eda161d,byte_exact_copy
01_simulation/configurations/mdp/PHL7/L10/head/rep03/NVT.mdp,PETase-MD-2026,01_simulation/configurations/mdp/PHL7/L10/head/rep03/NVT.mdp,a62c9767ecacfc210efc3edf38faf9de31e825f4ae837ba0c1d857b4997707b2,byte_exact_copy
01_simulation/configurations/mdp/PHL7/L10/tail/rep01/MD.mdp,PETase-MD-2026,01_simulation/configurations/mdp/PHL7/L10/tail/rep01/MD.mdp,0d825da513a0889524b289f1cd28fc8ddb76d76f1cf7afcc52b915b6e973b525,byte_exact_copy
01_simulation/configurations/mdp/PHL7/L10/tail/rep01/NPT.mdp,PETase-MD-2026,01_simulation/configurations/mdp/PHL7/L10/tail/rep01/NPT.mdp,98e25bc43018b66162fa53af56feb10c729db0952446faa980c95915637a4dd3,byte_exact_copy
01_simulation/configurations/mdp/PHL7/L10/tail/rep01/NVT.mdp,PETase-MD-2026,01_simulation/configurations/mdp/PHL7/L10/tail/rep01/NVT.mdp,b6b471bd10ef9845eef8844587675cb3b79bbd2e21690d9860f19bf8cce90360,byte_exact_copy
01_simulation/configurations/mdp/PHL7/L10/tail/rep02/MD.mdp,PETase-MD-2026,01_simulation/configurations/mdp/PHL7/L10/tail/rep02/MD.mdp,213dbc0d39be255d967249530a47369b50c054461041389ba1ae1ff00ea6bd0b,byte_exact_copy
01_simulation/configurations/mdp/PHL7/L10/tail/rep02/NPT.mdp,PETase-MD-2026,01_simulation/configurations/mdp/PHL7/L10/tail/rep02/NPT.mdp,1421288575d4ed409328f7f3e54fde0b23346a61ee92fe8f55ea49c5a53482d3,byte_exact_copy
01_simulation/configurations/mdp/PHL7/L10/tail/rep02/NVT.mdp,PETase-MD-2026,01_simulation/configurations/mdp/PHL7/L10/tail/rep02/NVT.mdp,4fb21856bd3e9e50fa8e53585f702e671c3077c6c318bd7d6b42476fbd0aa7ad,byte_exact_copy
01_simulation/configurations/mdp/PHL7/L10/tail/rep03/MD.mdp,PETase-MD-2026,01_simulation/configurations/mdp/PHL7/L10/tail/rep03/MD.mdp,fc2e27a9c83bb4445977064d89b3fa56c46cf4a620db17fea1c87e002d730034,byte_exact_copy
01_simulation/configurations/mdp/PHL7/L10/tail/rep03/NPT.mdp,PETase-MD-2026,01_simulation/configurations/mdp/PHL7/L10/tail/rep03/NPT.mdp,d3b5b17d4ac4ede44631410ca452498b95b50a5f569ef4d63d85a95456e43f56,byte_exact_copy
01_simulation/configurations/mdp/PHL7/L10/tail/rep03/NVT.mdp,PETase-MD-2026,01_simulation/configurations/mdp/PHL7/L10/tail/rep03/NVT.mdp,a97ca4ccb469a6563ad7a111e24fe6573639ec9ffbdd525e0afd48b0a9fee381,byte_exact_copy
01_simulation/configurations/mdp/PHL7/L20/bi/rep01/MD.mdp,PETase-MD-2026,01_simulation/configurations/mdp/PHL7/L20/bi/rep01/MD.mdp,fbe110ef064d6a6a0de0824ab2a95896cdcefdf8a79f31c5bcaa1e63154c2341,byte_exact_copy
01_simulation/configurations/mdp/PHL7/L20/bi/rep01/NPT.mdp,PETase-MD-2026,01_simulation/configurations/mdp/PHL7/L20/bi/rep01/NPT.mdp,afe90745b2329a3fde6ee656d96a9ac327cb9bc8a291e004b9e803dffab54ca8,byte_exact_copy
01_simulation/configurations/mdp/PHL7/L20/bi/rep01/NVT.mdp,PETase-MD-2026,01_simulation/configurations/mdp/PHL7/L20/bi/rep01/NVT.mdp,4957fa2d3bc22939f949a6839c02167db6f7d9be9d78a1565f0f3bb39a47a3e3,byte_exact_copy
01_simulation/configurations/mdp/PHL7/L20/bi/rep02/MD.mdp,PETase-MD-2026,01_simulation/configurations/mdp/PHL7/L20/bi/rep02/MD.mdp,159fede9b965dc427e7050f377c66f7cf2c8363d9f1ed2f2cfe28f64133e05b1,byte_exact_copy
01_simulation/configurations/mdp/PHL7/L20/bi/rep02/NPT.mdp,PETase-MD-2026,01_simulation/configurations/mdp/PHL7/L20/bi/rep02/NPT.mdp,6fb930358c161f83b4331472ad9ab63734fdf1790c4744510131a493d8ef8656,byte_exact_copy
01_simulation/configurations/mdp/PHL7/L20/bi/rep02/NVT.mdp,PETase-MD-2026,01_simulation/configurations/mdp/PHL7/L20/bi/rep02/NVT.mdp,4be628a3af9782813d378a9176a73e33e119238e3e071c2b10b72bde1948c2db,byte_exact_copy
01_simulation/configurations/mdp/PHL7/L20/bi/rep03/MD.mdp,PETase-MD-2026,01_simulation/configurations/mdp/PHL7/L20/bi/rep03/MD.mdp,007d8465cc9c967a5a4d33ff98c0379bda325aea5f7774c203f3592ed6c2693b,byte_exact_copy
01_simulation/configurations/mdp/PHL7/L20/bi/rep03/NPT.mdp,PETase-MD-2026,01_simulation/configurations/mdp/PHL7/L20/bi/rep03/NPT.mdp,a4eb70e4fa5a59ae692d6ad50d5b97bae001c4f0160157d50458c8bb98fc69be,byte_exact_copy
01_simulation/configurations/mdp/PHL7/L20/bi/rep03/NVT.mdp,PETase-MD-2026,01_simulation/configurations/mdp/PHL7/L20/bi/rep03/NVT.mdp,af1788db5d9ae6a098abc8dacd73d668c2c030660615fabfeef59ff02b6c3f53,byte_exact_copy
01_simulation/configurations/mdp/PHL7/L20/head/rep01/MD.mdp,PETase-MD-2026,01_simulation/configurations/mdp/PHL7/L20/head/rep01/MD.mdp,23b3e783071290018689fb6f025370d08993d2495e7aa475cbff9740b4132683,byte_exact_copy
01_simulation/configurations/mdp/PHL7/L20/head/rep01/NPT.mdp,PETase-MD-2026,01_simulation/configurations/mdp/PHL7/L20/head/rep01/NPT.mdp,81c962c4a66761c1b51568e441203cffa98b1e2cacd4f057c7213c0bd313654d,byte_exact_copy
01_simulation/configurations/mdp/PHL7/L20/head/rep01/NVT.mdp,PETase-MD-2026,01_simulation/configurations/mdp/PHL7/L20/head/rep01/NVT.mdp,035338a5850e113215ecc90ed30f6501e069fc259bba045155806191ba300260,byte_exact_copy
01_simulation/configurations/mdp/PHL7/L20/head/rep02/MD.mdp,PETase-MD-2026,01_simulation/configurations/mdp/PHL7/L20/head/rep02/MD.mdp,063947be6746999466db1fb4ec2770820f228f8a0065a3ef458764cd68406779,byte_exact_copy
01_simulation/configurations/mdp/PHL7/L20/head/rep02/NPT.mdp,PETase-MD-2026,01_simulation/configurations/mdp/PHL7/L20/head/rep02/NPT.mdp,6c5d9f3cb5ffd8d035dc579e6f203efbd120cf417d1524a3a526f6f5c79dbb79,byte_exact_copy
01_simulation/configurations/mdp/PHL7/L20/head/rep02/NVT.mdp,PETase-MD-2026,01_simulation/configurations/mdp/PHL7/L20/head/rep02/NVT.mdp,8d1a6c15fac99185b2596ea87e7177825d2c68a5434bf15ee4109772072050b7,byte_exact_copy
01_simulation/configurations/mdp/PHL7/L20/head/rep03/MD.mdp,PETase-MD-2026,01_simulation/configurations/mdp/PHL7/L20/head/rep03/MD.mdp,442925cb3359c975c817e4a36cbcc78c4b5e9910a2f50f67ebc4a502fca33b09,byte_exact_copy
01_simulation/configurations/mdp/PHL7/L20/head/rep03/NPT.mdp,PETase-MD-2026,01_simulation/configurations/mdp/PHL7/L20/head/rep03/NPT.mdp,405d1ff4c1b59766d08a4f2cdd7252cf17398f668e0f1a2b3e216226feffdc60,byte_exact_copy
01_simulation/configurations/mdp/PHL7/L20/head/rep03/NVT.mdp,PETase-MD-2026,01_simulation/configurations/mdp/PHL7/L20/head/rep03/NVT.mdp,3c432ef73eea71fb902e83a2b27fd069e243b0e68c9badead88b4f73b23a7861,byte_exact_copy
01_simulation/configurations/mdp/PHL7/L20/tail/rep01/MD.mdp,PETase-MD-2026,01_simulation/configurations/mdp/PHL7/L20/tail/rep01/MD.mdp,596ea4504a44c706ae4c2116c6df052ea41e16bdf8e8db3bae14f587a9cf6f46,byte_exact_copy
01_simulation/configurations/mdp/PHL7/L20/tail/rep01/NPT.mdp,PETase-MD-2026,01_simulation/configurations/mdp/PHL7/L20/tail/rep01/NPT.mdp,f7189f90d84f38ede02a3534fa1f2d73b09a250cf5228d87f7bd8272a086b698,byte_exact_copy
01_simulation/configurations/mdp/PHL7/L20/tail/rep01/NVT.mdp,PETase-MD-2026,01_simulation/configurations/mdp/PHL7/L20/tail/rep01/NVT.mdp,dd8987f061b5adf4c365ee6885542d4309137743996da9a5ca552f710a3143c2,byte_exact_copy
01_simulation/configurations/mdp/PHL7/L20/tail/rep02/MD.mdp,PETase-MD-2026,01_simulation/configurations/mdp/PHL7/L20/tail/rep02/MD.mdp,37ead1b5b5976dbf92c0bcfb9cda940065fa0471e3182c1c2b2fc6275a7448e8,byte_exact_copy
01_simulation/configurations/mdp/PHL7/L20/tail/rep02/NPT.mdp,PETase-MD-2026,01_simulation/configurations/mdp/PHL7/L20/tail/rep02/NPT.mdp,022d47dc1d43c2d6c6a8cdc9cadfc0b3622a6f4ab24980c41b0eaa2efd8b95e0,byte_exact_copy
01_simulation/configurations/mdp/PHL7/L20/tail/rep02/NVT.mdp,PETase-MD-2026,01_simulation/configurations/mdp/PHL7/L20/tail/rep02/NVT.mdp,eb08292a64dfbfd000be764bff1f16875f5a09d75eb7b9e489e4b83f56848466,byte_exact_copy
01_simulation/configurations/mdp/PHL7/L20/tail/rep03/MD.mdp,PETase-MD-2026,01_simulation/configurations/mdp/PHL7/L20/tail/rep03/MD.mdp,1baeac6d885fb5cb36cf4645e15eeb689b21a11f90a551b28a86ecc4bce12f93,byte_exact_copy
01_simulation/configurations/mdp/PHL7/L20/tail/rep03/NPT.mdp,PETase-MD-2026,01_simulation/configurations/mdp/PHL7/L20/tail/rep03/NPT.mdp,429b245d1e4718041c3709c4314313dcbbaa1919316bf1f1401bf4edc8e93216,byte_exact_copy
01_simulation/configurations/mdp/PHL7/L20/tail/rep03/NVT.mdp,PETase-MD-2026,01_simulation/configurations/mdp/PHL7/L20/tail/rep03/NVT.mdp,ce927808e577ba1672673c4fcf4ba38efb06de85e7f684c8661b25ab90f8dd81,byte_exact_copy
01_simulation/configurations/mdp/PHL7/L4/single/rep01/MD.mdp,PETase-MD-2026,01_simulation/configurations/mdp/PHL7/L4/single/rep01/MD.mdp,f36eaad7fc8963c8ffbac71a7f2a13f26de8a8a02ea6262d9f93abf88f190f20,byte_exact_copy
01_simulation/configurations/mdp/PHL7/L4/single/rep01/NPT.mdp,PETase-MD-2026,01_simulation/configurations/mdp/PHL7/L4/single/rep01/NPT.mdp,92fb1107d724d4f6d27ad75b8c6d74c6a895995cc6bc2ce5a558ec5675a821d4,byte_exact_copy
01_simulation/configurations/mdp/PHL7/L4/single/rep01/NVT.mdp,PETase-MD-2026,01_simulation/configurations/mdp/PHL7/L4/single/rep01/NVT.mdp,2760d006a68cf01ece7d2f8da477276b9bda395d81c85fd209d39234e35b5954,byte_exact_copy
01_simulation/configurations/mdp/PHL7/L4/single/rep02/MD.mdp,PETase-MD-2026,01_simulation/configurations/mdp/PHL7/L4/single/rep02/MD.mdp,292b2c2b6eab004ce88fed54efcb241caa871c226ffe8971024ad0cab36a7841,byte_exact_copy
01_simulation/configurations/mdp/PHL7/L4/single/rep02/NPT.mdp,PETase-MD-2026,01_simulation/configurations/mdp/PHL7/L4/single/rep02/NPT.mdp,be4c8774921ce9a1156a7b2308b61c423d76cd690160a3e230a03efa89478b92,byte_exact_copy
01_simulation/configurations/mdp/PHL7/L4/single/rep02/NVT.mdp,PETase-MD-2026,01_simulation/configurations/mdp/PHL7/L4/single/rep02/NVT.mdp,9e686f3e33d8aacd7e230c8f9632b25e07593c005c2e4599a8bfc03acaa72f53,byte_exact_copy
01_simulation/configurations/mdp/PHL7/L4/single/rep03/MD.mdp,PETase-MD-2026,01_simulation/configurations/mdp/PHL7/L4/single/rep03/MD.mdp,dd6f41e07ef88aa5b8af5ba4b579d2d1f0a18baa008e254b724a57dba2daf841,byte_exact_copy
01_simulation/configurations/mdp/PHL7/L4/single/rep03/NPT.mdp,PETase-MD-2026,01_simulation/configurations/mdp/PHL7/L4/single/rep03/NPT.mdp,69c1af7770276d42cfca04f53719d06d4e4ee4f8b58ebd75ac9bfd8b644045a0,byte_exact_copy
01_simulation/configurations/mdp/PHL7/L4/single/rep03/NVT.mdp,PETase-MD-2026,01_simulation/configurations/mdp/PHL7/L4/single/rep03/NVT.mdp,bfafbb03c29bf47d653a1fffdb8c2d4f59445882d78e03bcf9201e855b72911a,byte_exact_copy
01_simulation/configurations/mdp/TfCut1/L10/bi/rep01/MD.mdp,PETase-MD-2026,01_simulation/configurations/mdp/TfCut1/L10/bi/rep01/MD.mdp,2aa017133c66f77f640dc9852daf110772607bba8cac883c05f7235a38e04f6c,byte_exact_copy
01_simulation/configurations/mdp/TfCut1/L10/bi/rep01/NPT.mdp,PETase-MD-2026,01_simulation/configurations/mdp/TfCut1/L10/bi/rep01/NPT.mdp,d87c16267b9f4bb07cc44bd60edd5dde1ec9f2dac1551509fad2755c3da758a8,byte_exact_copy
01_simulation/configurations/mdp/TfCut1/L10/bi/rep01/NVT.mdp,PETase-MD-2026,01_simulation/configurations/mdp/TfCut1/L10/bi/rep01/NVT.mdp,a7f1c2f34d795586eb7014be80a2cd19aa2beca497a3e06c44afded379f2100d,byte_exact_copy
01_simulation/configurations/mdp/TfCut1/L10/bi/rep02/MD.mdp,PETase-MD-2026,01_simulation/configurations/mdp/TfCut1/L10/bi/rep02/MD.mdp,178a9cffb3f1e1077b8e66f2699074b5ae62619c598c1b85e6d5876fb8c39a77,byte_exact_copy
01_simulation/configurations/mdp/TfCut1/L10/bi/rep02/NPT.mdp,PETase-MD-2026,01_simulation/configurations/mdp/TfCut1/L10/bi/rep02/NPT.mdp,c9f97e737c170434c70462e456362332dd46c6e6df50988544a1a3c57eca5f1f,byte_exact_copy
01_simulation/configurations/mdp/TfCut1/L10/bi/rep02/NVT.mdp,PETase-MD-2026,01_simulation/configurations/mdp/TfCut1/L10/bi/rep02/NVT.mdp,b442e1102a5cd50a498e823dd5495b8464f0ccaf6e93b610aef599329d333f4a,byte_exact_copy
01_simulation/configurations/mdp/TfCut1/L10/bi/rep03/MD.mdp,PETase-MD-2026,01_simulation/configurations/mdp/TfCut1/L10/bi/rep03/MD.mdp,a2d116507ef0b6eca3c67e094514a7548021b5e9f200c02138bb9b9238f877e1,byte_exact_copy
01_simulation/configurations/mdp/TfCut1/L10/bi/rep03/NPT.mdp,PETase-MD-2026,01_simulation/configurations/mdp/TfCut1/L10/bi/rep03/NPT.mdp,59b7ba896f24c4af72ae406e078c0261f1e0c4628c5a17489a82da79a1c3bdf1,byte_exact_copy
01_simulation/configurations/mdp/TfCut1/L10/bi/rep03/NVT.mdp,PETase-MD-2026,01_simulation/configurations/mdp/TfCut1/L10/bi/rep03/NVT.mdp,93a9888ec575f2c3527eaca32883795e4542a3ac41879d63b8394d03b6e1c7e1,byte_exact_copy
01_simulation/configurations/mdp/TfCut1/L10/head/rep01/MD.mdp,PETase-MD-2026,01_simulation/configurations/mdp/TfCut1/L10/head/rep01/MD.mdp,53f23102a6827e20d55a5c677e0105877649195b8f8d675c379590a24ad6e242,byte_exact_copy
01_simulation/configurations/mdp/TfCut1/L10/head/rep01/NPT.mdp,PETase-MD-2026,01_simulation/configurations/mdp/TfCut1/L10/head/rep01/NPT.mdp,753f17aef12b41fdb4829e1a9ff44602fdf81e63430c28a6f871f315b5b2dbcf,byte_exact_copy
01_simulation/configurations/mdp/TfCut1/L10/head/rep01/NVT.mdp,PETase-MD-2026,01_simulation/configurations/mdp/TfCut1/L10/head/rep01/NVT.mdp,ffc28530cd2a4c9d85043bd2b3ab8ded3dd7088e6e98d12c346e060e888f8321,byte_exact_copy
01_simulation/configurations/mdp/TfCut1/L10/head/rep02/MD.mdp,PETase-MD-2026,01_simulation/configurations/mdp/TfCut1/L10/head/rep02/MD.mdp,69d0c09e0bdee18875ae92288dc08be150ac900fa3594ff789922b871c15169b,byte_exact_copy
01_simulation/configurations/mdp/TfCut1/L10/head/rep02/NPT.mdp,PETase-MD-2026,01_simulation/configurations/mdp/TfCut1/L10/head/rep02/NPT.mdp,e2456f4c906ded4e4bf081f2301a8c50a87161ddcd21f40427168d3b14d46dda,byte_exact_copy
01_simulation/configurations/mdp/TfCut1/L10/head/rep02/NVT.mdp,PETase-MD-2026,01_simulation/configurations/mdp/TfCut1/L10/head/rep02/NVT.mdp,464fd2c1bf7805db976446c4b3fd78e504d283ce167df5bdd05060a7a27c2929,byte_exact_copy
01_simulation/configurations/mdp/TfCut1/L10/head/rep03/MD.mdp,PETase-MD-2026,01_simulation/configurations/mdp/TfCut1/L10/head/rep03/MD.mdp,76c97a1947877ed59408eb77a21f4dd11ff1d0f3d6e3e5f85bc1837a8019f8d4,byte_exact_copy
01_simulation/configurations/mdp/TfCut1/L10/head/rep03/NPT.mdp,PETase-MD-2026,01_simulation/configurations/mdp/TfCut1/L10/head/rep03/NPT.mdp,872610434f4d7309aa1a7c15cd36a1783e3260c2d24a259e9b0975b854f58710,byte_exact_copy
01_simulation/configurations/mdp/TfCut1/L10/head/rep03/NVT.mdp,PETase-MD-2026,01_simulation/configurations/mdp/TfCut1/L10/head/rep03/NVT.mdp,f6aebd251be7cc35b046e34ddb6a0c3b8bffb9bcdfbd3194701ca1776b23636d,byte_exact_copy
01_simulation/configurations/mdp/TfCut1/L10/tail/rep01/MD.mdp,PETase-MD-2026,01_simulation/configurations/mdp/TfCut1/L10/tail/rep01/MD.mdp,ace447c48b380a5ec2e910a08508170f89ed0df65cd86653bb4a4e1487658e41,byte_exact_copy
01_simulation/configurations/mdp/TfCut1/L10/tail/rep01/NPT.mdp,PETase-MD-2026,01_simulation/configurations/mdp/TfCut1/L10/tail/rep01/NPT.mdp,2742616be4423eba9c7dde70fa419484bc7a8ba7713986710d5d5d580863d13b,byte_exact_copy
01_simulation/configurations/mdp/TfCut1/L10/tail/rep01/NVT.mdp,PETase-MD-2026,01_simulation/configurations/mdp/TfCut1/L10/tail/rep01/NVT.mdp,e038740f46b372213d4d379091f53a2bac27b3c60a71a157fe57d91dfdb98022,byte_exact_copy
01_simulation/configurations/mdp/TfCut1/L10/tail/rep02/MD.mdp,PETase-MD-2026,01_simulation/configurations/mdp/TfCut1/L10/tail/rep02/MD.mdp,869769f834e97728368271abc8b8ce3a6129f72e185192812479f6872b4b3994,byte_exact_copy
01_simulation/configurations/mdp/TfCut1/L10/tail/rep02/NPT.mdp,PETase-MD-2026,01_simulation/configurations/mdp/TfCut1/L10/tail/rep02/NPT.mdp,bbe04a310264b206217131710fccf1c3709f6b16f3a0d8c1b67ba81e54ceac0d,byte_exact_copy
01_simulation/configurations/mdp/TfCut1/L10/tail/rep02/NVT.mdp,PETase-MD-2026,01_simulation/configurations/mdp/TfCut1/L10/tail/rep02/NVT.mdp,6f8b60c8ba0d4e646bbc7061350fa11415d87560b12dd25a6a89a11d312a715c,byte_exact_copy
01_simulation/configurations/mdp/TfCut1/L10/tail/rep03/MD.mdp,PETase-MD-2026,01_simulation/configurations/mdp/TfCut1/L10/tail/rep03/MD.mdp,44b2a469ffc0e43958c5443da499316eff1a47def5cede14ca6a4ef56510a438,byte_exact_copy
01_simulation/configurations/mdp/TfCut1/L10/tail/rep03/NPT.mdp,PETase-MD-2026,01_simulation/configurations/mdp/TfCut1/L10/tail/rep03/NPT.mdp,117ccc0c9bdda5595add28427f6eb8e3c257ac076c786beaea478d2b8fb36f88,byte_exact_copy
01_simulation/configurations/mdp/TfCut1/L10/tail/rep03/NVT.mdp,PETase-MD-2026,01_simulation/configurations/mdp/TfCut1/L10/tail/rep03/NVT.mdp,3323f0f9a1b188ca396877b230fb850a21af12924fae39f0c9f6281fc18996d5,byte_exact_copy
01_simulation/configurations/mdp/TfCut1/L20/bi/rep01/MD.mdp,PETase-MD-2026,01_simulation/configurations/mdp/TfCut1/L20/bi/rep01/MD.mdp,b88dfaae5b096a2e1cfab5a8b4cc73b8bbf1b7e4c4abd2d6cf2d9932be626984,byte_exact_copy
01_simulation/configurations/mdp/TfCut1/L20/bi/rep01/NPT.mdp,PETase-MD-2026,01_simulation/configurations/mdp/TfCut1/L20/bi/rep01/NPT.mdp,5cd20e60800bf802ce2688d2b8bd1ef517b9d76071ec96ddc8bf38bef107c1c9,byte_exact_copy
01_simulation/configurations/mdp/TfCut1/L20/bi/rep01/NVT.mdp,PETase-MD-2026,01_simulation/configurations/mdp/TfCut1/L20/bi/rep01/NVT.mdp,66abeab7041f119b2cbed113d6f3bfd0f5747bcba5c1533183609b0b61f18ae8,byte_exact_copy
01_simulation/configurations/mdp/TfCut1/L20/bi/rep02/MD.mdp,PETase-MD-2026,01_simulation/configurations/mdp/TfCut1/L20/bi/rep02/MD.mdp,8e9c5942621e3812b4805584e4a83a0a011ec3c0e9de2e72ce27d541962c4732,byte_exact_copy
01_simulation/configurations/mdp/TfCut1/L20/bi/rep02/NPT.mdp,PETase-MD-2026,01_simulation/configurations/mdp/TfCut1/L20/bi/rep02/NPT.mdp,612c37b92303cb7f361b9df1d7ae7afbf292fdce85f910517327d6510c325962,byte_exact_copy
01_simulation/configurations/mdp/TfCut1/L20/bi/rep02/NVT.mdp,PETase-MD-2026,01_simulation/configurations/mdp/TfCut1/L20/bi/rep02/NVT.mdp,053e1ead361cbb7ded5604c10500260bf412953b094c6515c9f9f68ced70f191,byte_exact_copy
01_simulation/configurations/mdp/TfCut1/L20/bi/rep03/MD.mdp,PETase-MD-2026,01_simulation/configurations/mdp/TfCut1/L20/bi/rep03/MD.mdp,e6b6022f6111997c835bf58d2278b0f39e7de5ff28cbf900cb9dd08c9cc49e84,byte_exact_copy
01_simulation/configurations/mdp/TfCut1/L20/bi/rep03/NPT.mdp,PETase-MD-2026,01_simulation/configurations/mdp/TfCut1/L20/bi/rep03/NPT.mdp,b8df06c4be55a0134ed1d3bf0a94e23b71ce223332d489cb27fdf6bdc9b5ff25,byte_exact_copy
01_simulation/configurations/mdp/TfCut1/L20/bi/rep03/NVT.mdp,PETase-MD-2026,01_simulation/configurations/mdp/TfCut1/L20/bi/rep03/NVT.mdp,6a4f48b47da52267f28d031ada617c4660a9a7ab7b5b93602dcd008d20a2a5f0,byte_exact_copy
01_simulation/configurations/mdp/TfCut1/L20/head/rep01/MD.mdp,PETase-MD-2026,01_simulation/configurations/mdp/TfCut1/L20/head/rep01/MD.mdp,64e3e43cf4ef178b1bd5d985d8014ca91644b00ce6581d84dc58c75b3760bc2e,byte_exact_copy
01_simulation/configurations/mdp/TfCut1/L20/head/rep01/NPT.mdp,PETase-MD-2026,01_simulation/configurations/mdp/TfCut1/L20/head/rep01/NPT.mdp,824cb088a0c94c6a37d4c8188892d0d00cd6c3cc928a7dbde44a8007e3096c6b,byte_exact_copy
01_simulation/configurations/mdp/TfCut1/L20/head/rep01/NVT.mdp,PETase-MD-2026,01_simulation/configurations/mdp/TfCut1/L20/head/rep01/NVT.mdp,ce6a6eab64335b7f3b3ecc7b445b2c176b6594e4580cd674b799f24036aa7d70,byte_exact_copy
01_simulation/configurations/mdp/TfCut1/L20/head/rep02/MD.mdp,PETase-MD-2026,01_simulation/configurations/mdp/TfCut1/L20/head/rep02/MD.mdp,b5322418763fd23f3f28f556f397af8a1221f94f5426d33babb6baf1b2ca0fdd,byte_exact_copy
01_simulation/configurations/mdp/TfCut1/L20/head/rep02/NPT.mdp,PETase-MD-2026,01_simulation/configurations/mdp/TfCut1/L20/head/rep02/NPT.mdp,9c6401e3c8c5a82e2a8805653e21da1ee742a4b3ff8e39b9e08c7d25153c3ff8,byte_exact_copy
01_simulation/configurations/mdp/TfCut1/L20/head/rep02/NVT.mdp,PETase-MD-2026,01_simulation/configurations/mdp/TfCut1/L20/head/rep02/NVT.mdp,4193d7e1d14342529337e2efd799d6fa19abf29e350bbb8d5a7f76119c1c8cab,byte_exact_copy
01_simulation/configurations/mdp/TfCut1/L20/head/rep03/MD.mdp,PETase-MD-2026,01_simulation/configurations/mdp/TfCut1/L20/head/rep03/MD.mdp,af3e4e62d1ae7d11cbf1e4e832fc474d6d74f4a543d1095817c724f9ba4b60af,byte_exact_copy
01_simulation/configurations/mdp/TfCut1/L20/head/rep03/NPT.mdp,PETase-MD-2026,01_simulation/configurations/mdp/TfCut1/L20/head/rep03/NPT.mdp,eca74c4b42c1750151179dc76dcd927e5ec8cb15d56cb67a0a447f419796695d,byte_exact_copy
01_simulation/configurations/mdp/TfCut1/L20/head/rep03/NVT.mdp,PETase-MD-2026,01_simulation/configurations/mdp/TfCut1/L20/head/rep03/NVT.mdp,ad4cdf126c69e54da7ab4f785177b5082a4fcf7ca2f2f56e5d80cbe1fe5bf3dc,byte_exact_copy
01_simulation/configurations/mdp/TfCut1/L20/tail/rep01/MD.mdp,PETase-MD-2026,01_simulation/configurations/mdp/TfCut1/L20/tail/rep01/MD.mdp,a43cf0a78633901688f43f9965d155ebcffd42319a01ee88670e62d6c3f3d54f,byte_exact_copy
01_simulation/configurations/mdp/TfCut1/L20/tail/rep01/NPT.mdp,PETase-MD-2026,01_simulation/configurations/mdp/TfCut1/L20/tail/rep01/NPT.mdp,dcfd559ae8ea9e34f5cce2ffe51e6fa21d1307b06ebc3ad5643103681cd67f3a,byte_exact_copy
01_simulation/configurations/mdp/TfCut1/L20/tail/rep01/NVT.mdp,PETase-MD-2026,01_simulation/configurations/mdp/TfCut1/L20/tail/rep01/NVT.mdp,26f3d81f9f0b554e2006cc4fca0bebb89993457e0b2b1c5acd97172786d08509,byte_exact_copy
01_simulation/configurations/mdp/TfCut1/L20/tail/rep02/MD.mdp,PETase-MD-2026,01_simulation/configurations/mdp/TfCut1/L20/tail/rep02/MD.mdp,2376063d48cf16e85d152aeb4b98c9a1bd7fc84672ce4a3a8b3f38601e2a9ade,byte_exact_copy
01_simulation/configurations/mdp/TfCut1/L20/tail/rep02/NPT.mdp,PETase-MD-2026,01_simulation/configurations/mdp/TfCut1/L20/tail/rep02/NPT.mdp,310b3dccd62c3e3e16e873b1081d9c03483e4260b693d1ed7e0a2a38ec917ff1,byte_exact_copy
01_simulation/configurations/mdp/TfCut1/L20/tail/rep02/NVT.mdp,PETase-MD-2026,01_simulation/configurations/mdp/TfCut1/L20/tail/rep02/NVT.mdp,e116e65fbd1bea74cc5df807aacf1a53e3af545dc3305d2ac1e6e37e91809d1c,byte_exact_copy
01_simulation/configurations/mdp/TfCut1/L20/tail/rep03/MD.mdp,PETase-MD-2026,01_simulation/configurations/mdp/TfCut1/L20/tail/rep03/MD.mdp,5ded793cf2b407c7731d4c4d67e10e3490e96b5b8a63da23599984c2e4ebb40b,byte_exact_copy
01_simulation/configurations/mdp/TfCut1/L20/tail/rep03/NPT.mdp,PETase-MD-2026,01_simulation/configurations/mdp/TfCut1/L20/tail/rep03/NPT.mdp,9587a349feb38ef2a8e26265d930bef22eeeed989e2e1926c95a6d1dabba87b5,byte_exact_copy
01_simulation/configurations/mdp/TfCut1/L20/tail/rep03/NVT.mdp,PETase-MD-2026,01_simulation/configurations/mdp/TfCut1/L20/tail/rep03/NVT.mdp,108c5bd718280229fe12daf4660bed460f581e420321986195240fda5a53322a,byte_exact_copy
01_simulation/configurations/mdp/TfCut1/L4/single/rep01/MD.mdp,PETase-MD-2026,01_simulation/configurations/mdp/TfCut1/L4/single/rep01/MD.mdp,e8d9d55d12387dba98b8f7b32fd23219aca9c6318f3076dce2c6bc56ba615cb7,byte_exact_copy
01_simulation/configurations/mdp/TfCut1/L4/single/rep01/NPT.mdp,PETase-MD-2026,01_simulation/configurations/mdp/TfCut1/L4/single/rep01/NPT.mdp,bae248fc7b45f3f5412fd017ba4e211cd2df1d0f88182324ad00af3520a79e4f,byte_exact_copy
01_simulation/configurations/mdp/TfCut1/L4/single/rep01/NVT.mdp,PETase-MD-2026,01_simulation/configurations/mdp/TfCut1/L4/single/rep01/NVT.mdp,cad36efc1408ced6d74d1477251016ffd3e40500a30ae2a3db66c8568d3c1661,byte_exact_copy
01_simulation/configurations/mdp/TfCut1/L4/single/rep02/MD.mdp,PETase-MD-2026,01_simulation/configurations/mdp/TfCut1/L4/single/rep02/MD.mdp,cf08f9798d3b0f5f2e580eec1fb0ca21327cb26433fbf7f14a611e1c1e1a2f0c,byte_exact_copy
01_simulation/configurations/mdp/TfCut1/L4/single/rep02/NPT.mdp,PETase-MD-2026,01_simulation/configurations/mdp/TfCut1/L4/single/rep02/NPT.mdp,e7013dff06d465a70fceb5cc7feb715410d8672c0724431dc4a387e40f412cf6,byte_exact_copy
01_simulation/configurations/mdp/TfCut1/L4/single/rep02/NVT.mdp,PETase-MD-2026,01_simulation/configurations/mdp/TfCut1/L4/single/rep02/NVT.mdp,c140a98457ef43eef0ca302c13da6defdb3ecde0eae756ec32d17c3a745669f2,byte_exact_copy
01_simulation/configurations/mdp/TfCut1/L4/single/rep03/MD.mdp,PETase-MD-2026,01_simulation/configurations/mdp/TfCut1/L4/single/rep03/MD.mdp,5a576efeb27d62dea7c37d0b2c0b564595581d969ba95de8c9cc96af24a343fe,byte_exact_copy
01_simulation/configurations/mdp/TfCut1/L4/single/rep03/NPT.mdp,PETase-MD-2026,01_simulation/configurations/mdp/TfCut1/L4/single/rep03/NPT.mdp,9dd90ac711cb66f5fb695807d648c1a101060584ea53c141ebddf9c9f9d51eda,byte_exact_copy
01_simulation/configurations/mdp/TfCut1/L4/single/rep03/NVT.mdp,PETase-MD-2026,01_simulation/configurations/mdp/TfCut1/L4/single/rep03/NVT.mdp,7f2a98ec7720c16c42a4cdea298a1f2da36530f283b8c8bf2bc84101ddbb7911,byte_exact_copy
01_simulation/configurations/mdp_index.csv,PETase-MD-2026,01_simulation/configurations/mdp_index.csv,dd394e34a18b56ba1aafb1e2c001d22652a2750cb18d04ac5498d4c3a67b2945,byte_exact_copy
01_simulation/configurations/stages.csv,PETase-MD-2026,01_simulation/configurations/stages.csv,1150f6fedb03f339c9b57332f3ebd4159015edd93e8966906cf645649f3c0b4b,review_documentation_or_entry_or_index_adaptation
01_simulation/configurations/templates/chain_relaxation/em_chain_relax.mdp,PETase-MD-2026,01_simulation/configurations/templates/chain_relaxation/em_chain_relax.mdp,d0d1e12ef23c0f11e99f1f9e4aef9d951eb1ac19a97a769abf1a76fd046525ee,byte_exact_copy
01_simulation/configurations/templates/chain_relaxation/npt_chain_relax.mdp,PETase-MD-2026,01_simulation/configurations/templates/chain_relaxation/npt_chain_relax.mdp,e0229bdabb9626a9994e4c7471522a18ae16c9c0ed3bba7f03eab10c257fd8f8,byte_exact_copy
01_simulation/configurations/templates/chain_relaxation/nvt_chain_relax.mdp,PETase-MD-2026,01_simulation/configurations/templates/chain_relaxation/nvt_chain_relax.mdp,ed6aeaf4bfc58c368f9f607d0291cb1e36fc1ca4107e160c602377a1743b8722,byte_exact_copy
01_simulation/configurations/templates/md/EM.mdp,PETase-MD-2026,01_simulation/configurations/templates/md/EM.mdp,3059fae3c17772593388d24cfcbbf6d8e006a3c55bfea44c178c584630dd2e49,byte_exact_copy
01_simulation/configurations/templates/md/MD.mdp,PETase-MD-2026,01_simulation/configurations/templates/md/MD.mdp,26a480ca8fb648572357060748fb6320a37f570046bddb30551a4a2624699cf1,byte_exact_copy
01_simulation/configurations/templates/md/NPT.mdp,PETase-MD-2026,01_simulation/configurations/templates/md/NPT.mdp,f99e4df79e685f93e1fbc5d6f673873ab6df8b013783d8954764c3c0c107611a,byte_exact_copy
01_simulation/configurations/templates/md/NVT.mdp,PETase-MD-2026,01_simulation/configurations/templates/md/NVT.mdp,4a44e47de85c6e6700cd9c9862a5a983456caa5ce86bc4f1bc045cf3154dea02,byte_exact_copy
01_simulation/configurations/templates/md/build_system.params.mdp,PETase-MD-2026,01_simulation/configurations/templates/md/build_system.params.mdp,d393436f4b1c63f560b910f319a8641a8b9cf810599c15d38addbe67feafd8ae,byte_exact_copy
01_simulation/configurations/templates/md/ions.mdp,PETase-MD-2026,01_simulation/configurations/templates/md/ions.mdp,08a70de1069defe4f41ba810120acbdc66fda83b4d74e666a8a2e60f4e0e96db,byte_exact_copy
01_simulation/configurations/templates/md/run_pipeline.params.mdp,PETase-MD-2026,01_simulation/configurations/templates/md/run_pipeline.params.mdp,c4135a992a176bb13025cdbb2cd8891e58e85918c8911a0908919d46d05283da,byte_exact_copy
01_simulation/configurations/templates/preequilibration/em_preeq.mdp,PETase-MD-2026,01_simulation/configurations/templates/preequilibration/em_preeq.mdp,64da44289777de6bde9cd16ce622f92ed3255c92eb983e9c963c26a2dc7e5090,byte_exact_copy
01_simulation/configurations/templates/preequilibration/md_preeq.mdp,PETase-MD-2026,01_simulation/configurations/templates/preequilibration/md_preeq.mdp,874ddaded2f1b95376a56d063eb14343fce2bad6d918825d4f309ff5be912e0b,byte_exact_copy
01_simulation/configurations/templates/preequilibration/npt_preeq.mdp,PETase-MD-2026,01_simulation/configurations/templates/preequilibration/npt_preeq.mdp,bc0867eaa0d473ce069c2ad65b9edc218122ae52d06ccfdb789eec4c925b6e25,byte_exact_copy
01_simulation/configurations/templates/preequilibration/nvt_preeq.mdp,PETase-MD-2026,01_simulation/configurations/templates/preequilibration/nvt_preeq.mdp,18431b35f0189d7f7b018862f3c875783494595b24a762ecbe92c958e178252e,byte_exact_copy
01_simulation/inputs/active_site_registry.yaml,PETase-MD-2026,01_simulation/inputs/active_site_registry.yaml,24c6ef2fe175a3376f4223fcc0fecfd3df1f7659b5d226b36e3697eb1f98caf4,byte_exact_copy
01_simulation/inputs/forcefield/charmm36_jul2021/cmap.itp,PETase-MD-2026,01_simulation/inputs/forcefield/charmm36_jul2021/cmap.itp,73a4704f1763d0bf371195e63639256b10d24820b46f2830bcedec8a471f43ed,byte_exact_copy
01_simulation/inputs/forcefield/charmm36_jul2021/ffbonded.itp,PETase-MD-2026,01_simulation/inputs/forcefield/charmm36_jul2021/ffbonded.itp,a13a12e0507a808a9e30d2f357f3f1983c2b9923b1ae040074a59a01b576e8a7,byte_exact_copy
01_simulation/inputs/forcefield/charmm36_jul2021/ffmissingdihedrals.itp,PETase-MD-2026,01_simulation/inputs/forcefield/charmm36_jul2021/ffmissingdihedrals.itp,59d3bc8e90b6878dffbd42682f830e6a378641d3f9724555d830cdac478935eb,byte_exact_copy
01_simulation/inputs/forcefield/charmm36_jul2021/ffnonbonded.itp,PETase-MD-2026,01_simulation/inputs/forcefield/charmm36_jul2021/ffnonbonded.itp,55b5368c8abfc3725324309c20bd6aaf4476fc1e8878468d7c7eede823c78142,byte_exact_copy
01_simulation/inputs/forcefield/charmm36_jul2021/forcefield.itp,PETase-MD-2026,01_simulation/inputs/forcefield/charmm36_jul2021/forcefield.itp,27ac357ff91c40bddf5bab5aa63017072ab998779283c0c38e3126620aef3641,byte_exact_copy
01_simulation/inputs/forcefield/charmm36_jul2021/ions.itp,PETase-MD-2026,01_simulation/inputs/forcefield/charmm36_jul2021/ions.itp,b5fda5a800beee3ececc08977a5ed411533b8d451575b40115a516ba29cf729b,byte_exact_copy
01_simulation/inputs/forcefield/charmm36_jul2021/nbfix.itp,PETase-MD-2026,01_simulation/inputs/forcefield/charmm36_jul2021/nbfix.itp,753ca5dcbb9dc8521004af28d2d294a58714c99f3670f3511244fb644029e651,byte_exact_copy
01_simulation/inputs/forcefield/charmm36_jul2021/tip3p.itp,PETase-MD-2026,01_simulation/inputs/forcefield/charmm36_jul2021/tip3p.itp,03edae6a67887742ecc52f48098508c0d86e2f268d2ad5115282eea595d4bf9d,byte_exact_copy
01_simulation/inputs/forcefields/charmm36-jul2021.ff/aminoacids.arn,PETase-MD-2026,01_simulation/inputs/forcefields/charmm36-jul2021.ff/aminoacids.arn,3f932f441307ef90c024c50e80d1c3afa786c37b5f1a19c6ecf3e5ff30199a9b,byte_exact_copy
01_simulation/inputs/forcefields/charmm36-jul2021.ff/aminoacids.c.tdb,PETase-MD-2026,01_simulation/inputs/forcefields/charmm36-jul2021.ff/aminoacids.c.tdb,c5ebeb964f5580efc119572cf4847ac8e9f01999f4961d7a6da1314ffd13d0dc,byte_exact_copy
01_simulation/inputs/forcefields/charmm36-jul2021.ff/aminoacids.hdb,PETase-MD-2026,01_simulation/inputs/forcefields/charmm36-jul2021.ff/aminoacids.hdb,7ee8f9e57203bf64bb725ee2cdfb682c861c3abd4fa69b1a79d3f493152e16ea,byte_exact_copy
01_simulation/inputs/forcefields/charmm36-jul2021.ff/aminoacids.n.tdb,PETase-MD-2026,01_simulation/inputs/forcefields/charmm36-jul2021.ff/aminoacids.n.tdb,cdb48a74e42be10cd0799d20b3e74dc08af3c1e8b22c03a71ec3c86a069f4874,byte_exact_copy
01_simulation/inputs/forcefields/charmm36-jul2021.ff/aminoacids.r2b,PETase-MD-2026,01_simulation/inputs/forcefields/charmm36-jul2021.ff/aminoacids.r2b,bc4b097ec6c661b148e062fd943908a904d0c506b977712767854f32cb8aafa0,byte_exact_copy
01_simulation/inputs/forcefields/charmm36-jul2021.ff/aminoacids.rtp,PETase-MD-2026,01_simulation/inputs/forcefields/charmm36-jul2021.ff/aminoacids.rtp,b531582d3c42ca1a8a60e6bac37c36d02173fb0a73e13aaa590f2fc01d7e18ed,byte_exact_copy
01_simulation/inputs/forcefields/charmm36-jul2021.ff/atomtypes.atp,PETase-MD-2026,01_simulation/inputs/forcefields/charmm36-jul2021.ff/atomtypes.atp,7527db675550cf7769dc6966a98a865db5fb55d052002ed0e8a3d44083eedd36,byte_exact_copy
01_simulation/inputs/forcefields/charmm36-jul2021.ff/carb.c.tdb,PETase-MD-2026,01_simulation/inputs/forcefields/charmm36-jul2021.ff/carb.c.tdb,019e0d17cc2fda7e7e99dd1ea789a52d7b03f44548885f5aea823b1f772a3d65,byte_exact_copy
01_simulation/inputs/forcefields/charmm36-jul2021.ff/carb.hdb,PETase-MD-2026,01_simulation/inputs/forcefields/charmm36-jul2021.ff/carb.hdb,f99c873771d24c210ec6594947d8f8637f636c3c59df7bd9ad3b2e89482b70a1,byte_exact_copy
01_simulation/inputs/forcefields/charmm36-jul2021.ff/carb.n.tdb,PETase-MD-2026,01_simulation/inputs/forcefields/charmm36-jul2021.ff/carb.n.tdb,cd168603e31ee946a76da95f9b2f4d8417d455916705b9e9827398e46332cae9,byte_exact_copy
01_simulation/inputs/forcefields/charmm36-jul2021.ff/carb.r2b,PETase-MD-2026,01_simulation/inputs/forcefields/charmm36-jul2021.ff/carb.r2b,be54f62ef746a4b4c0574a9cd2dcbe3dc52733a709ecb984b7e8601adef4a029,byte_exact_copy
01_simulation/inputs/forcefields/charmm36-jul2021.ff/carb.rtp,PETase-MD-2026,01_simulation/inputs/forcefields/charmm36-jul2021.ff/carb.rtp,02cdf0f059912507142257f345496c2768a24aade18ab4c20039b0df9dde8997,byte_exact_copy
01_simulation/inputs/forcefields/charmm36-jul2021.ff/cgenff.c.tdb,PETase-MD-2026,01_simulation/inputs/forcefields/charmm36-jul2021.ff/cgenff.c.tdb,7edf2ee82a236b68291ff3ecff7b9138887a165fab30919d07dd1684caeb5703,byte_exact_copy
01_simulation/inputs/forcefields/charmm36-jul2021.ff/cgenff.hdb,PETase-MD-2026,01_simulation/inputs/forcefields/charmm36-jul2021.ff/cgenff.hdb,8c7cb8ebbbe00ee3d1c534b1df60b1ec3c6846fd7fb054544cf52f19129748f9,byte_exact_copy
01_simulation/inputs/forcefields/charmm36-jul2021.ff/cgenff.n.tdb,PETase-MD-2026,01_simulation/inputs/forcefields/charmm36-jul2021.ff/cgenff.n.tdb,8c2b401a5509a8f88c04400dcb41e90aaa46f66dd8c6a7c9309dd5a2082cbe91,byte_exact_copy
01_simulation/inputs/forcefields/charmm36-jul2021.ff/cgenff.r2b,PETase-MD-2026,01_simulation/inputs/forcefields/charmm36-jul2021.ff/cgenff.r2b,eb291d9fc1d176b7ec0458d5cbc274c8868bfbbc8bf17e56636d1cfd7f4bf2ea,byte_exact_copy
01_simulation/inputs/forcefields/charmm36-jul2021.ff/cgenff.rtp,PETase-MD-2026,01_simulation/inputs/forcefields/charmm36-jul2021.ff/cgenff.rtp,d124c941d4d0c1259d7950b2ca612a221cdaa7953c82ab39bc6c30c878b58131,byte_exact_copy
01_simulation/inputs/forcefields/charmm36-jul2021.ff/cmap.itp,PETase-MD-2026,01_simulation/inputs/forcefields/charmm36-jul2021.ff/cmap.itp,73a4704f1763d0bf371195e63639256b10d24820b46f2830bcedec8a471f43ed,byte_exact_copy
01_simulation/inputs/forcefields/charmm36-jul2021.ff/ethers.c.tdb,PETase-MD-2026,01_simulation/inputs/forcefields/charmm36-jul2021.ff/ethers.c.tdb,615bdd063f3d9c9cad5af339ecd746a99d68e4d967032e5342a4aaa82f834ddd,byte_exact_copy
01_simulation/inputs/forcefields/charmm36-jul2021.ff/ethers.hdb,PETase-MD-2026,01_simulation/inputs/forcefields/charmm36-jul2021.ff/ethers.hdb,1d580b9da19fdb6189eff3451114e2b4238aa3ad86cc7e5cd80f16e12d1af2db,byte_exact_copy
01_simulation/inputs/forcefields/charmm36-jul2021.ff/ethers.n.tdb,PETase-MD-2026,01_simulation/inputs/forcefields/charmm36-jul2021.ff/ethers.n.tdb,1762f9f13748f1d7744f82f5f328d187c37cbd2f5815513ade194c83d94144c3,byte_exact_copy
01_simulation/inputs/forcefields/charmm36-jul2021.ff/ethers.r2b,PETase-MD-2026,01_simulation/inputs/forcefields/charmm36-jul2021.ff/ethers.r2b,2e5f000db8967f37cc169e9d06e4376bdbb62217dba7163d7011b33473185f64,byte_exact_copy
01_simulation/inputs/forcefields/charmm36-jul2021.ff/ethers.rtp,PETase-MD-2026,01_simulation/inputs/forcefields/charmm36-jul2021.ff/ethers.rtp,d0db78429d2d6adb842cafea529b34bd3abb33f5a482910946dcab1dccee2c9e,byte_exact_copy
01_simulation/inputs/forcefields/charmm36-jul2021.ff/ffbonded.itp,PETase-MD-2026,01_simulation/inputs/forcefields/charmm36-jul2021.ff/ffbonded.itp,a13a12e0507a808a9e30d2f357f3f1983c2b9923b1ae040074a59a01b576e8a7,byte_exact_copy
01_simulation/inputs/forcefields/charmm36-jul2021.ff/ffmissingdihedrals.itp,PETase-MD-2026,01_simulation/inputs/forcefields/charmm36-jul2021.ff/ffmissingdihedrals.itp,59d3bc8e90b6878dffbd42682f830e6a378641d3f9724555d830cdac478935eb,byte_exact_copy
01_simulation/inputs/forcefields/charmm36-jul2021.ff/ffnonbonded.itp,PETase-MD-2026,01_simulation/inputs/forcefields/charmm36-jul2021.ff/ffnonbonded.itp,55b5368c8abfc3725324309c20bd6aaf4476fc1e8878468d7c7eede823c78142,byte_exact_copy
01_simulation/inputs/forcefields/charmm36-jul2021.ff/forcefield.doc,PETase-MD-2026,01_simulation/inputs/forcefields/charmm36-jul2021.ff/forcefield.doc,f56472ca42710ba4c36b8afb92c8a922adce8bb2dd23643c87222f00b8a567ab,byte_exact_copy
01_simulation/inputs/forcefields/charmm36-jul2021.ff/forcefield.itp,PETase-MD-2026,01_simulation/inputs/forcefields/charmm36-jul2021.ff/forcefield.itp,27ac357ff91c40bddf5bab5aa63017072ab998779283c0c38e3126620aef3641,byte_exact_copy
01_simulation/inputs/forcefields/charmm36-jul2021.ff/ions.itp,PETase-MD-2026,01_simulation/inputs/forcefields/charmm36-jul2021.ff/ions.itp,b5fda5a800beee3ececc08977a5ed411533b8d451575b40115a516ba29cf729b,byte_exact_copy
01_simulation/inputs/forcefields/charmm36-jul2021.ff/lipid.c.tdb,PETase-MD-2026,01_simulation/inputs/forcefields/charmm36-jul2021.ff/lipid.c.tdb,954b8437d1605ad6a369c3de4c40c60de688391ae808d9b58040cfe005d8763b,byte_exact_copy
01_simulation/inputs/forcefields/charmm36-jul2021.ff/lipid.hdb,PETase-MD-2026,01_simulation/inputs/forcefields/charmm36-jul2021.ff/lipid.hdb,493876748365c5e1d123e3e54bb233a2bce3f1a74bbd631ccf01ad6295cda419,byte_exact_copy
01_simulation/inputs/forcefields/charmm36-jul2021.ff/lipid.n.tdb,PETase-MD-2026,01_simulation/inputs/forcefields/charmm36-jul2021.ff/lipid.n.tdb,fc967547e13237930af0e8ed5be0feb87b3d80069dd656f279428f647fb81b92,byte_exact_copy
01_simulation/inputs/forcefields/charmm36-jul2021.ff/lipid.r2b,PETase-MD-2026,01_simulation/inputs/forcefields/charmm36-jul2021.ff/lipid.r2b,71323218991268c0cbed0b845f2fba8e1c479d5a617f88d59b5ef11707061a42,byte_exact_copy
01_simulation/inputs/forcefields/charmm36-jul2021.ff/lipid.rtp,PETase-MD-2026,01_simulation/inputs/forcefields/charmm36-jul2021.ff/lipid.rtp,01356d12155069b928af449cbaec018f9b8b6bd71cdc7f0e34b87d5b49e57a92,byte_exact_copy
01_simulation/inputs/forcefields/charmm36-jul2021.ff/metals.c.tdb,PETase-MD-2026,01_simulation/inputs/forcefields/charmm36-jul2021.ff/metals.c.tdb,1b4e6c50bccc49518c555a747ba59ed0334d0b32729b6c3ba349226770866818,byte_exact_copy
01_simulation/inputs/forcefields/charmm36-jul2021.ff/metals.hdb,PETase-MD-2026,01_simulation/inputs/forcefields/charmm36-jul2021.ff/metals.hdb,4e74e0e41d7c19e3c3f4fe90c2fd8cf7f07733cdf2d2d2f4211ea1dbe8f02e85,byte_exact_copy
01_simulation/inputs/forcefields/charmm36-jul2021.ff/metals.n.tdb,PETase-MD-2026,01_simulation/inputs/forcefields/charmm36-jul2021.ff/metals.n.tdb,c026e3f77cee086b6da9916317d142b3ff14288433a5a8a4e6463a4badfbbd14,byte_exact_copy
01_simulation/inputs/forcefields/charmm36-jul2021.ff/metals.r2b,PETase-MD-2026,01_simulation/inputs/forcefields/charmm36-jul2021.ff/metals.r2b,7e2fe8c60f3fec52431340ed369a8043b557b1ad1c127d31c8448111bd5ca7f4,byte_exact_copy
01_simulation/inputs/forcefields/charmm36-jul2021.ff/metals.rtp,PETase-MD-2026,01_simulation/inputs/forcefields/charmm36-jul2021.ff/metals.rtp,1bcce3ce4818aca86778d040abaf247b135d925f943d52b6791b3b34b853223e,byte_exact_copy
01_simulation/inputs/forcefields/charmm36-jul2021.ff/na.c.tdb,PETase-MD-2026,01_simulation/inputs/forcefields/charmm36-jul2021.ff/na.c.tdb,1acc667c0a6831b3d4ac0a9c8dc4260763aa7ac7e2d164f53592404361882360,byte_exact_copy
01_simulation/inputs/forcefields/charmm36-jul2021.ff/na.hdb,PETase-MD-2026,01_simulation/inputs/forcefields/charmm36-jul2021.ff/na.hdb,1b7641339040dd482c471473cbc2eb5217f83d0e8baad471f91b89717e8117db,byte_exact_copy
01_simulation/inputs/forcefields/charmm36-jul2021.ff/na.n.tdb,PETase-MD-2026,01_simulation/inputs/forcefields/charmm36-jul2021.ff/na.n.tdb,7d83e403eb46bc9d121015e59de24b6e819b9409bf52911128c2202ece1126ea,byte_exact_copy
01_simulation/inputs/forcefields/charmm36-jul2021.ff/na.r2b,PETase-MD-2026,01_simulation/inputs/forcefields/charmm36-jul2021.ff/na.r2b,1fbe0481b9a1723e0bc1401368745fc8e61d2b593d002b87c88007e2e970a8a8,byte_exact_copy
01_simulation/inputs/forcefields/charmm36-jul2021.ff/na.rtp,PETase-MD-2026,01_simulation/inputs/forcefields/charmm36-jul2021.ff/na.rtp,091f06a6f1cd6272563534befd38d8a5c8fad2142fefcbff46ec736bed2f7d01,byte_exact_copy
01_simulation/inputs/forcefields/charmm36-jul2021.ff/nbfix.itp,PETase-MD-2026,01_simulation/inputs/forcefields/charmm36-jul2021.ff/nbfix.itp,753ca5dcbb9dc8521004af28d2d294a58714c99f3670f3511244fb644029e651,byte_exact_copy
01_simulation/inputs/forcefields/charmm36-jul2021.ff/silicates.c.tdb,PETase-MD-2026,01_simulation/inputs/forcefields/charmm36-jul2021.ff/silicates.c.tdb,dc4263046ef3826b69ff73bb0cb74f50d2d3456a520e64e482ab69cd338cd3dd,byte_exact_copy
01_simulation/inputs/forcefields/charmm36-jul2021.ff/silicates.hdb,PETase-MD-2026,01_simulation/inputs/forcefields/charmm36-jul2021.ff/silicates.hdb,27328c9e721b2e31fc173a156a189d4a7ebaa2525838293f180958bf43d41a88,byte_exact_copy
01_simulation/inputs/forcefields/charmm36-jul2021.ff/silicates.n.tdb,PETase-MD-2026,01_simulation/inputs/forcefields/charmm36-jul2021.ff/silicates.n.tdb,2e45273d7942f2a887b52df8f7d7ae07116602fa184f798b1fee93d5b1bef708,byte_exact_copy
01_simulation/inputs/forcefields/charmm36-jul2021.ff/silicates.r2b,PETase-MD-2026,01_simulation/inputs/forcefields/charmm36-jul2021.ff/silicates.r2b,9d6acda7dafac218ea7dbe1d62790dabaf8c5e6d8789a0bbd53e5300230b0ced,byte_exact_copy
01_simulation/inputs/forcefields/charmm36-jul2021.ff/silicates.rtp,PETase-MD-2026,01_simulation/inputs/forcefields/charmm36-jul2021.ff/silicates.rtp,492049cfeb548991bc504f72a2437a7559a2c4acc4244f231bc4d367fc3378dd,byte_exact_copy
01_simulation/inputs/forcefields/charmm36-jul2021.ff/solvent.c.tdb,PETase-MD-2026,01_simulation/inputs/forcefields/charmm36-jul2021.ff/solvent.c.tdb,5c55079c56f983f30387726be8f162c80f6117ecaec91a2eb123a25f83c6c95e,byte_exact_copy
01_simulation/inputs/forcefields/charmm36-jul2021.ff/solvent.hdb,PETase-MD-2026,01_simulation/inputs/forcefields/charmm36-jul2021.ff/solvent.hdb,526673ba27afeaf83cfb4e79dd119eea5aa44559f0925a54300bb9a435e4b353,byte_exact_copy
01_simulation/inputs/forcefields/charmm36-jul2021.ff/solvent.n.tdb,PETase-MD-2026,01_simulation/inputs/forcefields/charmm36-jul2021.ff/solvent.n.tdb,9dd2ab9e73ff916ed016292a7e7316647115675d1d6dd0243f96ee499f4bc4c9,byte_exact_copy
01_simulation/inputs/forcefields/charmm36-jul2021.ff/solvent.r2b,PETase-MD-2026,01_simulation/inputs/forcefields/charmm36-jul2021.ff/solvent.r2b,99070b39d38c1a6d2f0e342c60e247a3bbe77f0425da29cb65d0b505dbdc2eed,byte_exact_copy
01_simulation/inputs/forcefields/charmm36-jul2021.ff/solvent.rtp,PETase-MD-2026,01_simulation/inputs/forcefields/charmm36-jul2021.ff/solvent.rtp,385ab5b3c0efecc037cc73bacb05bebf4bcceab9a09b171953862fb8d3d2ed99,byte_exact_copy
01_simulation/inputs/forcefields/charmm36-jul2021.ff/spc.itp,PETase-MD-2026,01_simulation/inputs/forcefields/charmm36-jul2021.ff/spc.itp,bd22f1fd3978ec2d11390fbe8223e9ce1db97021688b1bb1b4d61010c379a552,byte_exact_copy
01_simulation/inputs/forcefields/charmm36-jul2021.ff/spce.itp,PETase-MD-2026,01_simulation/inputs/forcefields/charmm36-jul2021.ff/spce.itp,c755bb0ba4b6ca2cb819e2e8bcc0186803d69a2b4016b6b3a5d8e243d2c2133c,byte_exact_copy
01_simulation/inputs/forcefields/charmm36-jul2021.ff/tip3p.itp,PETase-MD-2026,01_simulation/inputs/forcefields/charmm36-jul2021.ff/tip3p.itp,03edae6a67887742ecc52f48098508c0d86e2f268d2ad5115282eea595d4bf9d,byte_exact_copy
01_simulation/inputs/forcefields/charmm36-jul2021.ff/tip3p_original.itp,PETase-MD-2026,01_simulation/inputs/forcefields/charmm36-jul2021.ff/tip3p_original.itp,5dd59cd2fd5a1f2c0eda29cba6f99d9ae6e9adf2eeee339a3e724d80820f7de0,byte_exact_copy
01_simulation/inputs/forcefields/charmm36-jul2021.ff/tip4p.itp,PETase-MD-2026,01_simulation/inputs/forcefields/charmm36-jul2021.ff/tip4p.itp,dcb5363aca163b8dcc9e69d5cadda0d3708ebcd2ba0157499da2189aec0732ba,byte_exact_copy
01_simulation/inputs/forcefields/charmm36-jul2021.ff/tip4pew.itp,PETase-MD-2026,01_simulation/inputs/forcefields/charmm36-jul2021.ff/tip4pew.itp,ddcee3159205bece3ec89bc835a996bb80f71119f66b7625b2d3a1086c1e5aec,byte_exact_copy
01_simulation/inputs/forcefields/charmm36-jul2021.ff/tip5p.itp,PETase-MD-2026,01_simulation/inputs/forcefields/charmm36-jul2021.ff/tip5p.itp,3b76799ed03c49b823a45d3f844184eb9985b1698bdc9b642fe334168a2f8854,byte_exact_copy
01_simulation/inputs/forcefields/charmm36-jul2021.ff/watermodels.dat,PETase-MD-2026,01_simulation/inputs/forcefields/charmm36-jul2021.ff/watermodels.dat,8d5b840c7516ff42f8849a9f83e0c2f8315ebc3602e9fdd41dd8ec6e6306e89c,byte_exact_copy
01_simulation/inputs/pets/PET_L10/alignment/pet_l10_unit_map.yaml,PETase-MD-2026,01_simulation/inputs/pets/PET_L10/alignment/pet_l10_unit_map.yaml,aacfa83c450166c0c3e21609fc4dcbda3f1ab6c41ec1567fdd83b61a629e0f10,byte_exact_copy
01_simulation/inputs/pets/PET_L10/preequilibrated/MANIFEST.json,PETase-MD-2026,01_simulation/inputs/pets/PET_L10/preequilibrated/MANIFEST.json,f9ec511e087446d242243872d62c017ee22529cc5453095b83c32212063b9d88,byte_exact_copy
01_simulation/inputs/pets/PET_L10/preequilibrated/cluster_summary.yaml,PETase-MD-2026,01_simulation/inputs/pets/PET_L10/preequilibrated/cluster_summary.yaml,b60f031015384cf7f994c35e0a9b76e9d1d06a823308ba41eb791019e3c5261d,byte_exact_copy
01_simulation/inputs/pets/PET_L10/preequilibrated/cluster_table.txt,PETase-MD-2026,01_simulation/inputs/pets/PET_L10/preequilibrated/cluster_table.txt,9e18956b8ddd5e5925b5925a59affda8cbf1eb7c5df91f7b69e00aa69852d6d0,byte_exact_copy
01_simulation/inputs/pets/PET_L10/preequilibrated/conformer_001.gro,PETase-MD-2026,01_simulation/inputs/pets/PET_L10/preequilibrated/conformer_001.gro,a7f708937cf8fe5888011d7aceb6b340029e209827428f25858ee116e7d927b6,byte_exact_copy
01_simulation/inputs/pets/PET_L10/preequilibrated/conformer_002.gro,PETase-MD-2026,01_simulation/inputs/pets/PET_L10/preequilibrated/conformer_002.gro,5e9b8574d08fa3e758f5eb112519589216644ed351c4630192f24b2ae4cdd52c,byte_exact_copy
01_simulation/inputs/pets/PET_L10/preequilibrated/conformer_003.gro,PETase-MD-2026,01_simulation/inputs/pets/PET_L10/preequilibrated/conformer_003.gro,70925e950dced9bee4f60ba6befa58a2ee4782ba529f74fae60f2405cacca6e0,byte_exact_copy
01_simulation/inputs/pets/PET_L10/preequilibrated/conformer_004.gro,PETase-MD-2026,01_simulation/inputs/pets/PET_L10/preequilibrated/conformer_004.gro,8881c69debfac73b0b88651444380d03e1a9be72f92c9b8bf60cace513281251,byte_exact_copy
01_simulation/inputs/pets/PET_L10/preequilibrated/conformer_005.gro,PETase-MD-2026,01_simulation/inputs/pets/PET_L10/preequilibrated/conformer_005.gro,c0bb6fbe090b4da62b121d41ab5c6284210999151c74e2883baf819112df45a3,byte_exact_copy
01_simulation/inputs/pets/PET_L10/raw/charmm-gui-001/gromacs/step3_input.gro,PETase-MD-2026,01_simulation/inputs/pets/PET_L10/raw/charmm-gui-001/gromacs/step3_input.gro,eb2a9e09bb2eb0f1d311990955e2b53015e1943765a82ad03acd68993ca5c27c,byte_exact_copy
01_simulation/inputs/pets/PET_L10/raw/charmm-gui-001/gromacs/step3_input.pdb,PETase-MD-2026,01_simulation/inputs/pets/PET_L10/raw/charmm-gui-001/gromacs/step3_input.pdb,220f290bb31b1e0598c5df963f56f926f667fbdba95a2e7d49fdf7a679b88ba4,byte_exact_copy
01_simulation/inputs/pets/PET_L10/raw/charmm-gui-001/gromacs/topol.top,PETase-MD-2026,01_simulation/inputs/pets/PET_L10/raw/charmm-gui-001/gromacs/topol.top,0e34ecc37be88ffbe29b38d49c2051ccaa3ac2eb618637e7d5965828b9214292,byte_exact_copy
01_simulation/inputs/pets/PET_L10/raw/charmm-gui-001/gromacs/toppar/P1.itp,PETase-MD-2026,01_simulation/inputs/pets/PET_L10/raw/charmm-gui-001/gromacs/toppar/P1.itp,da3212bed6834f1f2f04777801c67cc94da6e3556dc3f82c60b2054b0b5a5094,byte_exact_copy
01_simulation/inputs/pets/PET_L10/raw/charmm-gui-001/gromacs/toppar/forcefield.itp,PETase-MD-2026,01_simulation/inputs/pets/PET_L10/raw/charmm-gui-001/gromacs/toppar/forcefield.itp,aedbabf4108e172eaccadb910f12b988b37817242f888e4d54f0d8639855bd21,byte_exact_copy
01_simulation/inputs/pets/PET_L10/templates/pet_l10-template-001/input/pet_final_only.gro,PETase-MD-2026,01_simulation/inputs/pets/PET_L10/templates/pet_l10-template-001/input/pet_final_only.gro,eb2a9e09bb2eb0f1d311990955e2b53015e1943765a82ad03acd68993ca5c27c,byte_exact_copy
01_simulation/inputs/pets/PET_L10/templates/pet_l10-template-001/input/pet_final_only_raw.pdb,PETase-MD-2026,01_simulation/inputs/pets/PET_L10/templates/pet_l10-template-001/input/pet_final_only_raw.pdb,220f290bb31b1e0598c5df963f56f926f667fbdba95a2e7d49fdf7a679b88ba4,byte_exact_copy
01_simulation/inputs/pets/PET_L10/templates/pet_l10-template-001/input/pet_haddock_chainB.pdb,PETase-MD-2026,01_simulation/inputs/pets/PET_L10/templates/pet_l10-template-001/input/pet_haddock_chainB.pdb,6d5f2ae4fb839df46ae603866b360273d1b3b26087935c6257ff1d7e74393ecd,byte_exact_copy
01_simulation/inputs/pets/PET_L20/alignment/pet_l20_unit_map.yaml,PETase-MD-2026,01_simulation/inputs/pets/PET_L20/alignment/pet_l20_unit_map.yaml,7af1bbc0c37e0df171bcdb528ce4260a8d66e11c810a2b46b643ea84af034de7,byte_exact_copy
01_simulation/inputs/pets/PET_L20/preequilibrated/MANIFEST.json,PETase-MD-2026,01_simulation/inputs/pets/PET_L20/preequilibrated/MANIFEST.json,024d9fe84645964af4af953261bd66fa3a835d1e2119005c8c1fd38b4bac2b6f,byte_exact_copy
01_simulation/inputs/pets/PET_L20/preequilibrated/cluster_summary.yaml,PETase-MD-2026,01_simulation/inputs/pets/PET_L20/preequilibrated/cluster_summary.yaml,cfaf0747a61a67649adebc796fd8c22bb2a1ac0832fc46eb35c1ba4e1876be0c,byte_exact_copy
01_simulation/inputs/pets/PET_L20/preequilibrated/cluster_table.txt,PETase-MD-2026,01_simulation/inputs/pets/PET_L20/preequilibrated/cluster_table.txt,62f4dc4965347ce10e09f72e914797d2f463ad3f831e2f7471f96557a2d5249b,byte_exact_copy
01_simulation/inputs/pets/PET_L20/preequilibrated/conformer_001.gro,PETase-MD-2026,01_simulation/inputs/pets/PET_L20/preequilibrated/conformer_001.gro,311e74fa6da8768e9be2def6bd1add4758c6139b49020bd89468a2058991dfb5,byte_exact_copy
01_simulation/inputs/pets/PET_L20/preequilibrated/conformer_002.gro,PETase-MD-2026,01_simulation/inputs/pets/PET_L20/preequilibrated/conformer_002.gro,85504b5f0b0d2760c223a820d5ce91c91403e34362bd0a07a6a605413aa5a630,byte_exact_copy
01_simulation/inputs/pets/PET_L20/preequilibrated/conformer_003.gro,PETase-MD-2026,01_simulation/inputs/pets/PET_L20/preequilibrated/conformer_003.gro,3957bf9dba0fbeaa380bb56988d0769428294994b3d224b924577ad6e70162f6,byte_exact_copy
01_simulation/inputs/pets/PET_L20/preequilibrated/conformer_004.gro,PETase-MD-2026,01_simulation/inputs/pets/PET_L20/preequilibrated/conformer_004.gro,434c494f6b5fb75ab13fd3ed9fd010ca4a86ba9bcd6847547eb1f9707aeda5bc,byte_exact_copy
01_simulation/inputs/pets/PET_L20/preequilibrated/conformer_005.gro,PETase-MD-2026,01_simulation/inputs/pets/PET_L20/preequilibrated/conformer_005.gro,8841f37cb2ec874188f61bbf7597677c5c035f631ea5fcb39b25f1b0a92dcea3,byte_exact_copy
01_simulation/inputs/pets/PET_L20/raw/charmm-gui-001/gromacs/step3_input.gro,PETase-MD-2026,01_simulation/inputs/pets/PET_L20/raw/charmm-gui-001/gromacs/step3_input.gro,be7a9e48629989c88d9492d2b2d1995ae02ea5d649a97e543bfebb13ca54da4d,byte_exact_copy
01_simulation/inputs/pets/PET_L20/raw/charmm-gui-001/gromacs/step3_input.pdb,PETase-MD-2026,01_simulation/inputs/pets/PET_L20/raw/charmm-gui-001/gromacs/step3_input.pdb,5f2903b15cd8e9a761c2ffcb0ff4328bd51a3dcb02c9824488ff39331a0cd678,byte_exact_copy
01_simulation/inputs/pets/PET_L20/raw/charmm-gui-001/gromacs/topol.top,PETase-MD-2026,01_simulation/inputs/pets/PET_L20/raw/charmm-gui-001/gromacs/topol.top,0e34ecc37be88ffbe29b38d49c2051ccaa3ac2eb618637e7d5965828b9214292,byte_exact_copy
01_simulation/inputs/pets/PET_L20/raw/charmm-gui-001/gromacs/toppar/P1.itp,PETase-MD-2026,01_simulation/inputs/pets/PET_L20/raw/charmm-gui-001/gromacs/toppar/P1.itp,0cf4db3e50f7e7e38cbedc3529839c533c97d1b2259c71929de3e27996ef04fd,byte_exact_copy
01_simulation/inputs/pets/PET_L20/raw/charmm-gui-001/gromacs/toppar/forcefield.itp,PETase-MD-2026,01_simulation/inputs/pets/PET_L20/raw/charmm-gui-001/gromacs/toppar/forcefield.itp,aedbabf4108e172eaccadb910f12b988b37817242f888e4d54f0d8639855bd21,byte_exact_copy
01_simulation/inputs/pets/PET_L20/templates/pet_l20-template-001/input/pet_final_only.gro,PETase-MD-2026,01_simulation/inputs/pets/PET_L20/templates/pet_l20-template-001/input/pet_final_only.gro,be7a9e48629989c88d9492d2b2d1995ae02ea5d649a97e543bfebb13ca54da4d,byte_exact_copy
01_simulation/inputs/pets/PET_L20/templates/pet_l20-template-001/input/pet_final_only_raw.pdb,PETase-MD-2026,01_simulation/inputs/pets/PET_L20/templates/pet_l20-template-001/input/pet_final_only_raw.pdb,5f2903b15cd8e9a761c2ffcb0ff4328bd51a3dcb02c9824488ff39331a0cd678,byte_exact_copy
01_simulation/inputs/pets/PET_L20/templates/pet_l20-template-001/input/pet_haddock_chainB.pdb,PETase-MD-2026,01_simulation/inputs/pets/PET_L20/templates/pet_l20-template-001/input/pet_haddock_chainB.pdb,58a10c71b330e28e923382e7b07a01c298d0918e4a3a807330d011bfff6a7eb5,byte_exact_copy
01_simulation/inputs/pets/PET_L4/alignment/pet_l4_unit_map.yaml,PETase-MD-2026,01_simulation/inputs/pets/PET_L4/alignment/pet_l4_unit_map.yaml,d75b870e7a4c12e680da20f46a5f2bd8ddb6a039b440117cae2b1dab1228f4cd,byte_exact_copy
01_simulation/inputs/pets/PET_L4/raw/charmm-gui-001/gromacs/step3_input.gro,PETase-MD-2026,01_simulation/inputs/pets/PET_L4/raw/charmm-gui-001/gromacs/step3_input.gro,7e9b132892275989c9c90d05b5e8bf7e0609babb27a8d34a97cd0f89d24dd664,byte_exact_copy
01_simulation/inputs/pets/PET_L4/raw/charmm-gui-001/gromacs/step3_input.pdb,PETase-MD-2026,01_simulation/inputs/pets/PET_L4/raw/charmm-gui-001/gromacs/step3_input.pdb,33b5bc40d200b754a2a70e9f4cab753a0f1d445633c26589146926ce4ef97a24,byte_exact_copy
01_simulation/inputs/pets/PET_L4/raw/charmm-gui-001/gromacs/topol.top,PETase-MD-2026,01_simulation/inputs/pets/PET_L4/raw/charmm-gui-001/gromacs/topol.top,0e34ecc37be88ffbe29b38d49c2051ccaa3ac2eb618637e7d5965828b9214292,byte_exact_copy
01_simulation/inputs/pets/PET_L4/raw/charmm-gui-001/gromacs/toppar/P1.itp,PETase-MD-2026,01_simulation/inputs/pets/PET_L4/raw/charmm-gui-001/gromacs/toppar/P1.itp,c6303f6ffc3e8e92e06aa5c37831554900b6f070d66dac580c77fabbb3396b35,byte_exact_copy
01_simulation/inputs/pets/PET_L4/raw/charmm-gui-001/gromacs/toppar/forcefield.itp,PETase-MD-2026,01_simulation/inputs/pets/PET_L4/raw/charmm-gui-001/gromacs/toppar/forcefield.itp,aedbabf4108e172eaccadb910f12b988b37817242f888e4d54f0d8639855bd21,byte_exact_copy
01_simulation/inputs/pets/PET_L4/templates/pet_l4-template-001/input/pet_final_only.gro,PETase-MD-2026,01_simulation/inputs/pets/PET_L4/templates/pet_l4-template-001/input/pet_final_only.gro,7e9b132892275989c9c90d05b5e8bf7e0609babb27a8d34a97cd0f89d24dd664,byte_exact_copy
01_simulation/inputs/pets/PET_L4/templates/pet_l4-template-001/input/pet_final_only_raw.pdb,PETase-MD-2026,01_simulation/inputs/pets/PET_L4/templates/pet_l4-template-001/input/pet_final_only_raw.pdb,33b5bc40d200b754a2a70e9f4cab753a0f1d445633c26589146926ce4ef97a24,byte_exact_copy
01_simulation/inputs/pets/PET_L4/templates/pet_l4-template-001/input/pet_haddock_chainB.pdb,PETase-MD-2026,01_simulation/inputs/pets/PET_L4/templates/pet_l4-template-001/input/pet_haddock_chainB.pdb,06bced460c03ee3fae2b8158b6d1710cf0de318f024f73cef33495fecb8e8c02,byte_exact_copy
01_simulation/inputs/preparation/FoCut5a_L10_bi/chain_relax/EM.mdp,PETase-MD-2026,01_simulation/inputs/preparation/FoCut5a_L10_bi/chain_relax/EM.mdp,43e7b981e1ab5f66e9bc0e9c5f68994202fb3702b599cff886aef49a0aea343c,byte_exact_copy
01_simulation/inputs/preparation/FoCut5a_L10_bi/chain_relax/NPT.mdp,PETase-MD-2026,01_simulation/inputs/preparation/FoCut5a_L10_bi/chain_relax/NPT.mdp,bc440c67b16d79d055dd36f436549bfa8cbcf0d4c54268b5db0e57c2a5c9a29b,byte_exact_copy
01_simulation/inputs/preparation/FoCut5a_L10_bi/chain_relax/NVT.mdp,PETase-MD-2026,01_simulation/inputs/preparation/FoCut5a_L10_bi/chain_relax/NVT.mdp,fa446b82d07aca659d2312d7cf5b18c8ab3226a0efe72e33d3ebe356d0d667d5,byte_exact_copy
01_simulation/inputs/preparation/FoCut5a_L10_head/chain_relax/EM.mdp,PETase-MD-2026,01_simulation/inputs/preparation/FoCut5a_L10_head/chain_relax/EM.mdp,037756c6cb03b8d92d778fb7739f281f3fca4589a550b8076dea47603333b5b4,byte_exact_copy
01_simulation/inputs/preparation/FoCut5a_L10_head/chain_relax/NPT.mdp,PETase-MD-2026,01_simulation/inputs/preparation/FoCut5a_L10_head/chain_relax/NPT.mdp,8d6892aca445d63af35f5c8a964838b0ad77092c8639878f36ed63aa4882ef05,byte_exact_copy
01_simulation/inputs/preparation/FoCut5a_L10_head/chain_relax/NVT.mdp,PETase-MD-2026,01_simulation/inputs/preparation/FoCut5a_L10_head/chain_relax/NVT.mdp,f04779c47766f64cf4c170781ab836838ad374325d6d19902c966ed83ea72b87,byte_exact_copy
01_simulation/inputs/preparation/FoCut5a_L10_tail/chain_relax/EM.mdp,PETase-MD-2026,01_simulation/inputs/preparation/FoCut5a_L10_tail/chain_relax/EM.mdp,bb0758d5c11ad80b8a09025f6ce899147ae99b5db19f421f355d3a2516508950,byte_exact_copy
01_simulation/inputs/preparation/FoCut5a_L10_tail/chain_relax/NPT.mdp,PETase-MD-2026,01_simulation/inputs/preparation/FoCut5a_L10_tail/chain_relax/NPT.mdp,fdcb78993008150bcfd143ff805674bafc49bb605ac2094e6ec198779c0f11af,byte_exact_copy
01_simulation/inputs/preparation/FoCut5a_L10_tail/chain_relax/NVT.mdp,PETase-MD-2026,01_simulation/inputs/preparation/FoCut5a_L10_tail/chain_relax/NVT.mdp,f1034bea4c1c9049e38da9c658f3dc70df4c209879be9032b5be8d2c0fd51532,byte_exact_copy
01_simulation/inputs/preparation/FoCut5a_L20_bi/chain_relax/EM.mdp,PETase-MD-2026,01_simulation/inputs/preparation/FoCut5a_L20_bi/chain_relax/EM.mdp,020179cf127753c27bfcbdc57e1200bedabf42394388f630039d219e0d8bc8d3,byte_exact_copy
01_simulation/inputs/preparation/FoCut5a_L20_bi/chain_relax/NPT.mdp,PETase-MD-2026,01_simulation/inputs/preparation/FoCut5a_L20_bi/chain_relax/NPT.mdp,64495af8927ab2906e22d5c0091a3ff547a595309b4c3ca0c59e3169992c2f27,byte_exact_copy
01_simulation/inputs/preparation/FoCut5a_L20_bi/chain_relax/NVT.mdp,PETase-MD-2026,01_simulation/inputs/preparation/FoCut5a_L20_bi/chain_relax/NVT.mdp,7c30f6ccd09ca8c97443165f5176a2cd8b057f3203f8091ea231a9f50417a8b0,byte_exact_copy
01_simulation/inputs/preparation/FoCut5a_L20_head/chain_relax/EM.mdp,PETase-MD-2026,01_simulation/inputs/preparation/FoCut5a_L20_head/chain_relax/EM.mdp,f4363c40ecc1fbbc3d659cb145994201a3b5c2d36e1fb229b758edad4e027e59,byte_exact_copy
01_simulation/inputs/preparation/FoCut5a_L20_head/chain_relax/NPT.mdp,PETase-MD-2026,01_simulation/inputs/preparation/FoCut5a_L20_head/chain_relax/NPT.mdp,6e0e21ee874e67c69454b32de8db314cb087b95b3e899709c523d60440a71a9f,byte_exact_copy
01_simulation/inputs/preparation/FoCut5a_L20_head/chain_relax/NVT.mdp,PETase-MD-2026,01_simulation/inputs/preparation/FoCut5a_L20_head/chain_relax/NVT.mdp,de0f40b82ab7e109ddf483edbf229057c3fe022e4960ffb9fb257aa500dd206e,byte_exact_copy
01_simulation/inputs/preparation/FoCut5a_L20_tail/chain_relax/EM.mdp,PETase-MD-2026,01_simulation/inputs/preparation/FoCut5a_L20_tail/chain_relax/EM.mdp,adbb0c8f25b0f0a5b66e2d296226e2afa26e358c53266a4f14171a36b3dde328,byte_exact_copy
01_simulation/inputs/preparation/FoCut5a_L20_tail/chain_relax/NPT.mdp,PETase-MD-2026,01_simulation/inputs/preparation/FoCut5a_L20_tail/chain_relax/NPT.mdp,9d59879177355f2c2ebf5a8f69dc13f7741a1cc0e2f4e6d32926273a175363ec,byte_exact_copy
01_simulation/inputs/preparation/FoCut5a_L20_tail/chain_relax/NVT.mdp,PETase-MD-2026,01_simulation/inputs/preparation/FoCut5a_L20_tail/chain_relax/NVT.mdp,43ab0227a6797e9078ed4374f846d5845542ebcabbaac2a233f40b3a56d22f81,byte_exact_copy
01_simulation/inputs/preparation/FoCut5a_L4_single/rep01/L4_minimization/EM.mdp,PETase-MD-2026,01_simulation/inputs/preparation/FoCut5a_L4_single/rep01/L4_minimization/EM.mdp,7fa958582a526540aa0346e29937297f1783e7cf74cb4ee6af7d1fea3ba5eb14,byte_exact_copy
01_simulation/inputs/preparation/FoCut5a_L4_single/rep02/L4_minimization/EM.mdp,PETase-MD-2026,01_simulation/inputs/preparation/FoCut5a_L4_single/rep02/L4_minimization/EM.mdp,51d715e9a1d5a36432cec1dfb30673f26beda2ed78eba7e1486e3231ee9d9028,byte_exact_copy
01_simulation/inputs/preparation/FoCut5a_L4_single/rep03/L4_minimization/EM.mdp,PETase-MD-2026,01_simulation/inputs/preparation/FoCut5a_L4_single/rep03/L4_minimization/EM.mdp,f25dde83d04ef28ded8c011b0c979755501cd04ad88f536a4f03f1c11e7eec7b,byte_exact_copy
01_simulation/inputs/preparation/HiC_L10_bi/chain_relax/EM.mdp,PETase-MD-2026,01_simulation/inputs/preparation/HiC_L10_bi/chain_relax/EM.mdp,e40c8301e7ab477d2c7cb749ada705ac1b748398f597d47e4f3870f508277150,byte_exact_copy
01_simulation/inputs/preparation/HiC_L10_bi/chain_relax/NPT.mdp,PETase-MD-2026,01_simulation/inputs/preparation/HiC_L10_bi/chain_relax/NPT.mdp,a698fa31ea8de007864fc09fc31a758148333c55122a972bf2b80179c667faf9,byte_exact_copy
01_simulation/inputs/preparation/HiC_L10_bi/chain_relax/NVT.mdp,PETase-MD-2026,01_simulation/inputs/preparation/HiC_L10_bi/chain_relax/NVT.mdp,5be204108a60ae093d747c77c1af8a7a2019760d6c2328780ebf1eb7a9eb255c,byte_exact_copy
01_simulation/inputs/preparation/HiC_L10_head/chain_relax/EM.mdp,PETase-MD-2026,01_simulation/inputs/preparation/HiC_L10_head/chain_relax/EM.mdp,0580312f39bc13fc574bad73af30eb6ac4fc9980e83349e7bfa0d422fdbc5c78,byte_exact_copy
01_simulation/inputs/preparation/HiC_L10_head/chain_relax/NPT.mdp,PETase-MD-2026,01_simulation/inputs/preparation/HiC_L10_head/chain_relax/NPT.mdp,39f17d35059a02761e60475f2922b3b7ed9cff64666bcd9222b42266bd7b1e9e,byte_exact_copy
01_simulation/inputs/preparation/HiC_L10_head/chain_relax/NVT.mdp,PETase-MD-2026,01_simulation/inputs/preparation/HiC_L10_head/chain_relax/NVT.mdp,5a18708a5d3ebce814d0cc706a3ad1687cce8f31fd6fa85c304426360dd13ba9,byte_exact_copy
01_simulation/inputs/preparation/HiC_L10_tail/chain_relax/EM.mdp,PETase-MD-2026,01_simulation/inputs/preparation/HiC_L10_tail/chain_relax/EM.mdp,558c3680b53332820e6abe82bae2d1816d32c356f785dd532659297e5473142c,byte_exact_copy
01_simulation/inputs/preparation/HiC_L10_tail/chain_relax/NPT.mdp,PETase-MD-2026,01_simulation/inputs/preparation/HiC_L10_tail/chain_relax/NPT.mdp,3176c964322099d130770a0ba338a77543d648de79ef2743246402d09b252802,byte_exact_copy
01_simulation/inputs/preparation/HiC_L10_tail/chain_relax/NVT.mdp,PETase-MD-2026,01_simulation/inputs/preparation/HiC_L10_tail/chain_relax/NVT.mdp,116e2544a47c846ce322aaf6f999076cdbfe12abb1f669037be9ed1f9b619f4e,byte_exact_copy
01_simulation/inputs/preparation/HiC_L20_bi/chain_relax/EM.mdp,PETase-MD-2026,01_simulation/inputs/preparation/HiC_L20_bi/chain_relax/EM.mdp,bd687927fcc8ec41932be084fa0e316cbbf956056615e975871ce0a84c05650d,byte_exact_copy
01_simulation/inputs/preparation/HiC_L20_bi/chain_relax/NPT.mdp,PETase-MD-2026,01_simulation/inputs/preparation/HiC_L20_bi/chain_relax/NPT.mdp,56f576094e753379c8dbe4f519d78bdf3245a2b96b2143bd52053d75d54fd431,byte_exact_copy
01_simulation/inputs/preparation/HiC_L20_bi/chain_relax/NVT.mdp,PETase-MD-2026,01_simulation/inputs/preparation/HiC_L20_bi/chain_relax/NVT.mdp,37c92a7ca672c99de4c8d1a356de33c83fd57b2143dca8089a105bf05bb48bfe,byte_exact_copy
01_simulation/inputs/preparation/HiC_L20_head/chain_relax/EM.mdp,PETase-MD-2026,01_simulation/inputs/preparation/HiC_L20_head/chain_relax/EM.mdp,3826d879e9159464199ac6e513dc522496246e3909052d1d75537900bba0d678,byte_exact_copy
01_simulation/inputs/preparation/HiC_L20_head/chain_relax/NPT.mdp,PETase-MD-2026,01_simulation/inputs/preparation/HiC_L20_head/chain_relax/NPT.mdp,d74d55fed9989201d1d7e060a2a8607c46553a893f595dca331de37048e0132e,byte_exact_copy
01_simulation/inputs/preparation/HiC_L20_head/chain_relax/NVT.mdp,PETase-MD-2026,01_simulation/inputs/preparation/HiC_L20_head/chain_relax/NVT.mdp,54d8811f94f45f0c97f1bed97781248ba5f5edc871b85f20e7117c1b40c74b27,byte_exact_copy
01_simulation/inputs/preparation/HiC_L20_tail/chain_relax/EM.mdp,PETase-MD-2026,01_simulation/inputs/preparation/HiC_L20_tail/chain_relax/EM.mdp,26228d14dcc6010850d24cdb357ac4506074a709b344ddda5f5a54ac77723a4d,byte_exact_copy
01_simulation/inputs/preparation/HiC_L20_tail/chain_relax/NPT.mdp,PETase-MD-2026,01_simulation/inputs/preparation/HiC_L20_tail/chain_relax/NPT.mdp,fdc511af4b73962d7d864718d5b93b399f029aa79392e0654a3089085b05ef48,byte_exact_copy
01_simulation/inputs/preparation/HiC_L20_tail/chain_relax/NVT.mdp,PETase-MD-2026,01_simulation/inputs/preparation/HiC_L20_tail/chain_relax/NVT.mdp,dca03fe28ee33ae4f9e78ea6d15d145d9d4ed3b0ac33f4b6cb61095190fcb902,byte_exact_copy
01_simulation/inputs/preparation/HiC_L4_single/rep01/L4_minimization/EM.mdp,PETase-MD-2026,01_simulation/inputs/preparation/HiC_L4_single/rep01/L4_minimization/EM.mdp,79def3417e36e88c4dc844c343e08df85db1ba098297c25bf51a1fd256de0ed7,byte_exact_copy
01_simulation/inputs/preparation/HiC_L4_single/rep02/L4_minimization/EM.mdp,PETase-MD-2026,01_simulation/inputs/preparation/HiC_L4_single/rep02/L4_minimization/EM.mdp,99a2a1072c7fa241d1da81f5e1702e35eadb3c3432aa0b29e5ca43ec4d445125,byte_exact_copy
01_simulation/inputs/preparation/HiC_L4_single/rep03/L4_minimization/EM.mdp,PETase-MD-2026,01_simulation/inputs/preparation/HiC_L4_single/rep03/L4_minimization/EM.mdp,c888d570a7b5f53ed2736ffaf17b802b2807377beafbaf45baf3c2f2ad509aa7,byte_exact_copy
01_simulation/inputs/preparation/IsPETase_L10_bi/chain_relax/EM.mdp,PETase-MD-2026,01_simulation/inputs/preparation/IsPETase_L10_bi/chain_relax/EM.mdp,2877d97d64df1c44ec6f862f9eeaac9f12416935ff49c46ebd2f7b585faf2c79,byte_exact_copy
01_simulation/inputs/preparation/IsPETase_L10_bi/chain_relax/NPT.mdp,PETase-MD-2026,01_simulation/inputs/preparation/IsPETase_L10_bi/chain_relax/NPT.mdp,7bd92854745fe21e54455e19b55eb0ae436f8a77f38bcba632e4fc0a1a3b6f45,byte_exact_copy
01_simulation/inputs/preparation/IsPETase_L10_bi/chain_relax/NVT.mdp,PETase-MD-2026,01_simulation/inputs/preparation/IsPETase_L10_bi/chain_relax/NVT.mdp,45d3cb46bd9a0aa67a9e47ed7f5612bbde5f8056098d3ef10ede360c31144d88,byte_exact_copy
01_simulation/inputs/preparation/IsPETase_L10_head/chain_relax/EM.mdp,PETase-MD-2026,01_simulation/inputs/preparation/IsPETase_L10_head/chain_relax/EM.mdp,167b76b8979547f91e4e09b04d9271f69ac86394b097d6b8838565e2610da6b2,byte_exact_copy
01_simulation/inputs/preparation/IsPETase_L10_head/chain_relax/NPT.mdp,PETase-MD-2026,01_simulation/inputs/preparation/IsPETase_L10_head/chain_relax/NPT.mdp,44e8866e7413de325f012e6a5be4628bdfaea96990a25d9ce0934d538d06578f,byte_exact_copy
01_simulation/inputs/preparation/IsPETase_L10_head/chain_relax/NVT.mdp,PETase-MD-2026,01_simulation/inputs/preparation/IsPETase_L10_head/chain_relax/NVT.mdp,fb5afeeef0e0346cb80ab6b725f868282cf55485ad47c6db821b4823c2b3bf26,byte_exact_copy
01_simulation/inputs/preparation/IsPETase_L10_tail/chain_relax/EM.mdp,PETase-MD-2026,01_simulation/inputs/preparation/IsPETase_L10_tail/chain_relax/EM.mdp,bbb148b2798b80e386d9d26b0c28fc0e2270f603838ad479f838eae56f9ee487,byte_exact_copy
01_simulation/inputs/preparation/IsPETase_L10_tail/chain_relax/NPT.mdp,PETase-MD-2026,01_simulation/inputs/preparation/IsPETase_L10_tail/chain_relax/NPT.mdp,ce91624c37f1e9a8b087bd2da5c6f2a7990acd15c2d1097791beba681a297dba,byte_exact_copy
01_simulation/inputs/preparation/IsPETase_L10_tail/chain_relax/NVT.mdp,PETase-MD-2026,01_simulation/inputs/preparation/IsPETase_L10_tail/chain_relax/NVT.mdp,0cf8fed4b473e4981b282e36fc7bf002eab5e7bf982c322077a2b0db6cadcc82,byte_exact_copy
01_simulation/inputs/preparation/IsPETase_L20_bi/chain_relax/EM.mdp,PETase-MD-2026,01_simulation/inputs/preparation/IsPETase_L20_bi/chain_relax/EM.mdp,fb131f5410b59e8e38156311c5ffd060e20ddfa5ad3212173eff9f0ea92cf59f,byte_exact_copy
01_simulation/inputs/preparation/IsPETase_L20_bi/chain_relax/NPT.mdp,PETase-MD-2026,01_simulation/inputs/preparation/IsPETase_L20_bi/chain_relax/NPT.mdp,cd0b06ff06137d3532cee7c8a48d66240547e14645247c7e06d37416e6d80c89,byte_exact_copy
01_simulation/inputs/preparation/IsPETase_L20_bi/chain_relax/NVT.mdp,PETase-MD-2026,01_simulation/inputs/preparation/IsPETase_L20_bi/chain_relax/NVT.mdp,f363274ab9a272e457c2c3597fe98e4961858f886c6d9a3d8f24e37cb0211942,byte_exact_copy
01_simulation/inputs/preparation/IsPETase_L20_head/chain_relax/EM.mdp,PETase-MD-2026,01_simulation/inputs/preparation/IsPETase_L20_head/chain_relax/EM.mdp,0b7d96dc40d65e89922647ab6079debda9c6cba0b15111dbfc1db13cc8ed2a78,byte_exact_copy
01_simulation/inputs/preparation/IsPETase_L20_head/chain_relax/NPT.mdp,PETase-MD-2026,01_simulation/inputs/preparation/IsPETase_L20_head/chain_relax/NPT.mdp,a21a6999434963b25f77dadc31210caf6ddc6ea669169dc059c27efd31c21765,byte_exact_copy
01_simulation/inputs/preparation/IsPETase_L20_head/chain_relax/NVT.mdp,PETase-MD-2026,01_simulation/inputs/preparation/IsPETase_L20_head/chain_relax/NVT.mdp,35953e3b5d0924fbb735f9c03f3e782457c0beeb0edb52be4a5e41b42e6fd3bf,byte_exact_copy
01_simulation/inputs/preparation/IsPETase_L20_tail/chain_relax/EM.mdp,PETase-MD-2026,01_simulation/inputs/preparation/IsPETase_L20_tail/chain_relax/EM.mdp,2865eed76c8eda82396bd26613dc92182c05fdf42d3e090dff2612f624b2de2c,byte_exact_copy
01_simulation/inputs/preparation/IsPETase_L20_tail/chain_relax/NPT.mdp,PETase-MD-2026,01_simulation/inputs/preparation/IsPETase_L20_tail/chain_relax/NPT.mdp,648ed222f70dbcb6194a72dead39dfec8e3a8d1152ad187e80c261295122dc5a,byte_exact_copy
01_simulation/inputs/preparation/IsPETase_L20_tail/chain_relax/NVT.mdp,PETase-MD-2026,01_simulation/inputs/preparation/IsPETase_L20_tail/chain_relax/NVT.mdp,b83ce31ef1d76b86c8a6b6f42a3e1611ff48b6dacf6448d8839484f173fc3df1,byte_exact_copy
01_simulation/inputs/preparation/IsPETase_L4_single/rep01/L4_minimization/EM.mdp,PETase-MD-2026,01_simulation/inputs/preparation/IsPETase_L4_single/rep01/L4_minimization/EM.mdp,041a6325519dd2e680674cbb0c2bc6019bde480175ef57de1763f2965fb0a72d,byte_exact_copy
01_simulation/inputs/preparation/IsPETase_L4_single/rep02/L4_minimization/EM.mdp,PETase-MD-2026,01_simulation/inputs/preparation/IsPETase_L4_single/rep02/L4_minimization/EM.mdp,5a7b68106360b4b9ef1bd16bbc2db3af9dc3dac4f235eda8a23740241ee9069c,byte_exact_copy
01_simulation/inputs/preparation/IsPETase_L4_single/rep03/L4_minimization/EM.mdp,PETase-MD-2026,01_simulation/inputs/preparation/IsPETase_L4_single/rep03/L4_minimization/EM.mdp,50ef529b3b3a3eea2cda8afdfb776e76cc626c1661cb218fc6a2bf7a7d1f3468,byte_exact_copy
01_simulation/inputs/preparation/LCC_L10_bi/chain_relax/EM.mdp,PETase-MD-2026,01_simulation/inputs/preparation/LCC_L10_bi/chain_relax/EM.mdp,417d1098a98ba74ef89390c2d7830f7374f0d87efb20c159bd53b8d22e1747bd,byte_exact_copy
01_simulation/inputs/preparation/LCC_L10_bi/chain_relax/NPT.mdp,PETase-MD-2026,01_simulation/inputs/preparation/LCC_L10_bi/chain_relax/NPT.mdp,ee30ea2294e775333b54448f084280859e7ed1d2d7ea74d12e7fce80808e2494,byte_exact_copy
01_simulation/inputs/preparation/LCC_L10_bi/chain_relax/NVT.mdp,PETase-MD-2026,01_simulation/inputs/preparation/LCC_L10_bi/chain_relax/NVT.mdp,123f00362f7b15a71ef206501551345bfa436b467022f10bc8e6907ec44b7849,byte_exact_copy
01_simulation/inputs/preparation/LCC_L10_head/chain_relax/EM.mdp,PETase-MD-2026,01_simulation/inputs/preparation/LCC_L10_head/chain_relax/EM.mdp,d67dcb67b954e4479492b3f135857137ec2fbaae75ab65f870117dc9ea27d072,byte_exact_copy
01_simulation/inputs/preparation/LCC_L10_head/chain_relax/NPT.mdp,PETase-MD-2026,01_simulation/inputs/preparation/LCC_L10_head/chain_relax/NPT.mdp,90b3eccaf7aa8fd39a7f8d53e1a0b12bccf61f4bf357d94fd8107984d0d85989,byte_exact_copy
01_simulation/inputs/preparation/LCC_L10_head/chain_relax/NVT.mdp,PETase-MD-2026,01_simulation/inputs/preparation/LCC_L10_head/chain_relax/NVT.mdp,e06b43b98fe5b83a1a0b4bea4eefabf58d13cd3f1729440acda6b316775a164c,byte_exact_copy
01_simulation/inputs/preparation/LCC_L10_tail/chain_relax/EM.mdp,PETase-MD-2026,01_simulation/inputs/preparation/LCC_L10_tail/chain_relax/EM.mdp,5507144cfa849c351eacc3ad85329fc10cc7fcc74706dbb7811bc17f1c02cf6f,byte_exact_copy
01_simulation/inputs/preparation/LCC_L10_tail/chain_relax/NPT.mdp,PETase-MD-2026,01_simulation/inputs/preparation/LCC_L10_tail/chain_relax/NPT.mdp,d7585cce1012d2c2d6e68d135cdfec7b014e5b7a119756a0784d85199f905c48,byte_exact_copy
01_simulation/inputs/preparation/LCC_L10_tail/chain_relax/NVT.mdp,PETase-MD-2026,01_simulation/inputs/preparation/LCC_L10_tail/chain_relax/NVT.mdp,305483301ece90b15cc7554da188ebd0ed36134457603ee7cf03a3deecba5503,byte_exact_copy
01_simulation/inputs/preparation/LCC_L20_bi/chain_relax/EM.mdp,PETase-MD-2026,01_simulation/inputs/preparation/LCC_L20_bi/chain_relax/EM.mdp,b76973e69949f3590619a14b2a1ac5d3aca1d9492aa6df34c573e43c2a70b017,byte_exact_copy
01_simulation/inputs/preparation/LCC_L20_bi/chain_relax/NPT.mdp,PETase-MD-2026,01_simulation/inputs/preparation/LCC_L20_bi/chain_relax/NPT.mdp,230b666ed6a8e70358eae5f6033b997dd7152f2ad2a4c20a89ba42fcccd0c5bb,byte_exact_copy
01_simulation/inputs/preparation/LCC_L20_bi/chain_relax/NVT.mdp,PETase-MD-2026,01_simulation/inputs/preparation/LCC_L20_bi/chain_relax/NVT.mdp,867cffade8c2ca4a4674e290eacad93a03a397695a9aac4cca9beef34fffd12e,byte_exact_copy
01_simulation/inputs/preparation/LCC_L20_head/chain_relax/EM.mdp,PETase-MD-2026,01_simulation/inputs/preparation/LCC_L20_head/chain_relax/EM.mdp,7d99656c6dd3ebc76312ee9c512eedc1f88366e54529d1454713603f5c01b21d,byte_exact_copy
01_simulation/inputs/preparation/LCC_L20_head/chain_relax/NPT.mdp,PETase-MD-2026,01_simulation/inputs/preparation/LCC_L20_head/chain_relax/NPT.mdp,6859fc2bb833d6c580670654624bbfff3ff903a9e62ef26ebc79a880746068e7,byte_exact_copy
01_simulation/inputs/preparation/LCC_L20_head/chain_relax/NVT.mdp,PETase-MD-2026,01_simulation/inputs/preparation/LCC_L20_head/chain_relax/NVT.mdp,71b89e92fd5b04e0be958a305d2b2a709ef025f1a070d840b8b41baffc63fbbc,byte_exact_copy
01_simulation/inputs/preparation/LCC_L20_tail/chain_relax/EM.mdp,PETase-MD-2026,01_simulation/inputs/preparation/LCC_L20_tail/chain_relax/EM.mdp,b5b51e5c81a3bf554c2bdbd2de407ec67d0c7fb2daca91f8ee0ac92678d5e8bf,byte_exact_copy
01_simulation/inputs/preparation/LCC_L20_tail/chain_relax/NPT.mdp,PETase-MD-2026,01_simulation/inputs/preparation/LCC_L20_tail/chain_relax/NPT.mdp,99a8f53711d5df92576a34243c152bced923db789b552f8498c9efc62f9f926a,byte_exact_copy
01_simulation/inputs/preparation/LCC_L20_tail/chain_relax/NVT.mdp,PETase-MD-2026,01_simulation/inputs/preparation/LCC_L20_tail/chain_relax/NVT.mdp,06bc00453bc94a01020b359ed92eacbaae2a9da4dc4bdc40e2efbe2d8f20bd04,byte_exact_copy
01_simulation/inputs/preparation/LCC_L4_single/rep01/L4_minimization/EM.mdp,PETase-MD-2026,01_simulation/inputs/preparation/LCC_L4_single/rep01/L4_minimization/EM.mdp,82afe1523a62922d77c0bfb6f41b0c686d3233a10704d056b29f4093e8febfe2,byte_exact_copy
01_simulation/inputs/preparation/LCC_L4_single/rep02/L4_minimization/EM.mdp,PETase-MD-2026,01_simulation/inputs/preparation/LCC_L4_single/rep02/L4_minimization/EM.mdp,89e1a14d049861dcc097a55c7038de09a5debeb00ed97b0ad3513ad28620fcc0,byte_exact_copy
01_simulation/inputs/preparation/LCC_L4_single/rep03/L4_minimization/EM.mdp,PETase-MD-2026,01_simulation/inputs/preparation/LCC_L4_single/rep03/L4_minimization/EM.mdp,81d9fdb3c8a77b1fb05fa173d21280c4ccb6edf59a30be53d3edaeefba4ba427,byte_exact_copy
01_simulation/inputs/preparation/PHL7_L10_bi/chain_relax/EM.mdp,PETase-MD-2026,01_simulation/inputs/preparation/PHL7_L10_bi/chain_relax/EM.mdp,ef78f58d20e5b2c85f993ac2b9835acb7ea156dd2db9bdc657d8303fed2022da,byte_exact_copy
01_simulation/inputs/preparation/PHL7_L10_bi/chain_relax/NPT.mdp,PETase-MD-2026,01_simulation/inputs/preparation/PHL7_L10_bi/chain_relax/NPT.mdp,cf30f506bc3a45802cab86e73120153b101f0916577bb139552d84285a201f1b,byte_exact_copy
01_simulation/inputs/preparation/PHL7_L10_bi/chain_relax/NVT.mdp,PETase-MD-2026,01_simulation/inputs/preparation/PHL7_L10_bi/chain_relax/NVT.mdp,befc3b468d1f847cc4a85e71a8d9e5934cd702ee8c263195f940bd6d75a84826,byte_exact_copy
01_simulation/inputs/preparation/PHL7_L10_head/chain_relax/EM.mdp,PETase-MD-2026,01_simulation/inputs/preparation/PHL7_L10_head/chain_relax/EM.mdp,d5ecc22ed1b8e2f42fc67713a5e77f0342d1118b04faeede2b0cdb2dca52f70f,byte_exact_copy
01_simulation/inputs/preparation/PHL7_L10_head/chain_relax/NPT.mdp,PETase-MD-2026,01_simulation/inputs/preparation/PHL7_L10_head/chain_relax/NPT.mdp,3654201fa9120683f2af20642bc07201e67f2df3125eff664e9fbf94de1193b8,byte_exact_copy
01_simulation/inputs/preparation/PHL7_L10_head/chain_relax/NVT.mdp,PETase-MD-2026,01_simulation/inputs/preparation/PHL7_L10_head/chain_relax/NVT.mdp,6984ac3ae6013f2d1af9174de604a4ef250cd3ddf2990f6e9e0ab11038804c83,byte_exact_copy
01_simulation/inputs/preparation/PHL7_L10_tail/chain_relax/EM.mdp,PETase-MD-2026,01_simulation/inputs/preparation/PHL7_L10_tail/chain_relax/EM.mdp,344c0d73502e2d007200eeee40146cd87a7669a37842636227d039d4806385d9,byte_exact_copy
01_simulation/inputs/preparation/PHL7_L10_tail/chain_relax/NPT.mdp,PETase-MD-2026,01_simulation/inputs/preparation/PHL7_L10_tail/chain_relax/NPT.mdp,82c50b2f7fc717332a2017362b16163f93a4be15ac0293bc04f63a0c1df95404,byte_exact_copy
01_simulation/inputs/preparation/PHL7_L10_tail/chain_relax/NVT.mdp,PETase-MD-2026,01_simulation/inputs/preparation/PHL7_L10_tail/chain_relax/NVT.mdp,2ab252fdfcb63122938c4e616b2ef43ec4dcd975e52763de1b8ec0b847593aa9,byte_exact_copy
01_simulation/inputs/preparation/PHL7_L20_bi/chain_relax/EM.mdp,PETase-MD-2026,01_simulation/inputs/preparation/PHL7_L20_bi/chain_relax/EM.mdp,7b8bfcacf1762504b875f5fbd8f1e5c336fb198dc3b250911220ff96fbab0669,byte_exact_copy
01_simulation/inputs/preparation/PHL7_L20_bi/chain_relax/NPT.mdp,PETase-MD-2026,01_simulation/inputs/preparation/PHL7_L20_bi/chain_relax/NPT.mdp,af5a66d9fe553423c51b962ef2c18f70c02c3ec51de44c0678dff47846e89613,byte_exact_copy
01_simulation/inputs/preparation/PHL7_L20_bi/chain_relax/NVT.mdp,PETase-MD-2026,01_simulation/inputs/preparation/PHL7_L20_bi/chain_relax/NVT.mdp,f7c7570c7a51bd6a319d15e6534c304c371a5a105fd6b935f46fd3b739515391,byte_exact_copy
01_simulation/inputs/preparation/PHL7_L20_head/chain_relax/EM.mdp,PETase-MD-2026,01_simulation/inputs/preparation/PHL7_L20_head/chain_relax/EM.mdp,ec0f7ef65fa1d640241ada0ac8ce2078e6d621c864f890d27657dce202227dba,byte_exact_copy
01_simulation/inputs/preparation/PHL7_L20_head/chain_relax/NPT.mdp,PETase-MD-2026,01_simulation/inputs/preparation/PHL7_L20_head/chain_relax/NPT.mdp,eb06257841045bb290b63294297f2ba11c3e035479625084b9b8fe09ee3a3ee6,byte_exact_copy
01_simulation/inputs/preparation/PHL7_L20_head/chain_relax/NVT.mdp,PETase-MD-2026,01_simulation/inputs/preparation/PHL7_L20_head/chain_relax/NVT.mdp,4374720cebb8f22486ce8e40df870681c974a1cb134c42010c1d9615c48d0606,byte_exact_copy
01_simulation/inputs/preparation/PHL7_L20_tail/chain_relax/EM.mdp,PETase-MD-2026,01_simulation/inputs/preparation/PHL7_L20_tail/chain_relax/EM.mdp,4bb27f1ae6fb74721ab45734d6d3aa92f6554dd50ac373e1efef42210bd70f73,byte_exact_copy
01_simulation/inputs/preparation/PHL7_L20_tail/chain_relax/NPT.mdp,PETase-MD-2026,01_simulation/inputs/preparation/PHL7_L20_tail/chain_relax/NPT.mdp,7f39b5a2e21b7e74ce551df4a6fb479f5e3342107c6d0089d6319e62274f3289,byte_exact_copy
01_simulation/inputs/preparation/PHL7_L20_tail/chain_relax/NVT.mdp,PETase-MD-2026,01_simulation/inputs/preparation/PHL7_L20_tail/chain_relax/NVT.mdp,8deed91406f14699f1271a35089d66b7f2c23a03f28416515d9a5ce680c0edc8,byte_exact_copy
01_simulation/inputs/preparation/PHL7_L4_single/rep01/L4_minimization/EM.mdp,PETase-MD-2026,01_simulation/inputs/preparation/PHL7_L4_single/rep01/L4_minimization/EM.mdp,508174e712e6fdaa46199c126fdc525b7fe97bfe3b460bc5e04b48a47bb8c517,byte_exact_copy
01_simulation/inputs/preparation/PHL7_L4_single/rep02/L4_minimization/EM.mdp,PETase-MD-2026,01_simulation/inputs/preparation/PHL7_L4_single/rep02/L4_minimization/EM.mdp,cc404b5da6466c07c40905eb7744215b3d88ec5f7c8d3c21bd91019bd1099287,byte_exact_copy
01_simulation/inputs/preparation/PHL7_L4_single/rep03/L4_minimization/EM.mdp,PETase-MD-2026,01_simulation/inputs/preparation/PHL7_L4_single/rep03/L4_minimization/EM.mdp,d49c881141e2f146692c49d4711e52f995c7569080610bd05e2018dae0329299,byte_exact_copy
01_simulation/inputs/preparation/TfCut1_L10_bi/chain_relax/EM.mdp,PETase-MD-2026,01_simulation/inputs/preparation/TfCut1_L10_bi/chain_relax/EM.mdp,ac2860c9da392cead1ec16d1adc2a06eb792f5dd4d9d9bea4cbada6b4c57e2c4,byte_exact_copy
01_simulation/inputs/preparation/TfCut1_L10_bi/chain_relax/NPT.mdp,PETase-MD-2026,01_simulation/inputs/preparation/TfCut1_L10_bi/chain_relax/NPT.mdp,6cd6a4dc8cb1736b897bff9aa4d15336c878a4f0c362d632339ccf4a6075881b,byte_exact_copy
01_simulation/inputs/preparation/TfCut1_L10_bi/chain_relax/NVT.mdp,PETase-MD-2026,01_simulation/inputs/preparation/TfCut1_L10_bi/chain_relax/NVT.mdp,189ee6f2c63ebfb596c812aa2aaeeadac6e9b79accc755446a1137aa4762bacf,byte_exact_copy
01_simulation/inputs/preparation/TfCut1_L10_head/chain_relax/EM.mdp,PETase-MD-2026,01_simulation/inputs/preparation/TfCut1_L10_head/chain_relax/EM.mdp,53c7423743ae2a9134f71763049c37616257b208abe70610df5d783036cfc063,byte_exact_copy
01_simulation/inputs/preparation/TfCut1_L10_head/chain_relax/NPT.mdp,PETase-MD-2026,01_simulation/inputs/preparation/TfCut1_L10_head/chain_relax/NPT.mdp,eb24c647d4872f2a5fb0f69805cf5abce6b9590c72ac2a214e52aa4aad6cad1c,byte_exact_copy
01_simulation/inputs/preparation/TfCut1_L10_head/chain_relax/NVT.mdp,PETase-MD-2026,01_simulation/inputs/preparation/TfCut1_L10_head/chain_relax/NVT.mdp,441626b347a0ba98a5b0d241a4a279c75ed41f4add8c2545ca1e3d7f6fe42ca3,byte_exact_copy
01_simulation/inputs/preparation/TfCut1_L10_tail/chain_relax/EM.mdp,PETase-MD-2026,01_simulation/inputs/preparation/TfCut1_L10_tail/chain_relax/EM.mdp,27202460577f6920f4273a4c9150ac6609cd6b70ee1c56f8f9b4ff0a7b697230,byte_exact_copy
01_simulation/inputs/preparation/TfCut1_L10_tail/chain_relax/NPT.mdp,PETase-MD-2026,01_simulation/inputs/preparation/TfCut1_L10_tail/chain_relax/NPT.mdp,4888e1a968da975c96eeecc59ed4a0fefc525834c876027315b5649d3236b93c,byte_exact_copy
01_simulation/inputs/preparation/TfCut1_L10_tail/chain_relax/NVT.mdp,PETase-MD-2026,01_simulation/inputs/preparation/TfCut1_L10_tail/chain_relax/NVT.mdp,7b01108e29cf6a8bb0701845225fa595931b1acc24cb6f1aaddd253697d89590,byte_exact_copy
01_simulation/inputs/preparation/TfCut1_L20_bi/chain_relax/EM.mdp,PETase-MD-2026,01_simulation/inputs/preparation/TfCut1_L20_bi/chain_relax/EM.mdp,6ae2c35635d1f100897572ea490c8d3b13e25c627cbe4fa2ba2837c1e99f2b51,byte_exact_copy
01_simulation/inputs/preparation/TfCut1_L20_bi/chain_relax/NPT.mdp,PETase-MD-2026,01_simulation/inputs/preparation/TfCut1_L20_bi/chain_relax/NPT.mdp,36a2502c14b2452b1346da0ea7f2377901c92aa49cb52c0491270fdc631a2cad,byte_exact_copy
01_simulation/inputs/preparation/TfCut1_L20_bi/chain_relax/NVT.mdp,PETase-MD-2026,01_simulation/inputs/preparation/TfCut1_L20_bi/chain_relax/NVT.mdp,7f8f494f587d52372ce5b47cae5322d1c497d29a18eb557e189e10a1a394e18a,byte_exact_copy
01_simulation/inputs/preparation/TfCut1_L20_head/chain_relax/EM.mdp,PETase-MD-2026,01_simulation/inputs/preparation/TfCut1_L20_head/chain_relax/EM.mdp,7b4de8f45fce7aafd7cdba23f6a4000b66d3a3b8bfc05b29961ec6032b9102e4,byte_exact_copy
01_simulation/inputs/preparation/TfCut1_L20_head/chain_relax/NPT.mdp,PETase-MD-2026,01_simulation/inputs/preparation/TfCut1_L20_head/chain_relax/NPT.mdp,0c5faf62e499a6d0342f00b09d6185b4d454d69da99f03c3722d87a79c1dc0d4,byte_exact_copy
01_simulation/inputs/preparation/TfCut1_L20_head/chain_relax/NVT.mdp,PETase-MD-2026,01_simulation/inputs/preparation/TfCut1_L20_head/chain_relax/NVT.mdp,07355cf67553bea96f5fbe80425781ee3bb166876fa6f3e1ff03af62253c402e,byte_exact_copy
01_simulation/inputs/preparation/TfCut1_L20_tail/chain_relax/EM.mdp,PETase-MD-2026,01_simulation/inputs/preparation/TfCut1_L20_tail/chain_relax/EM.mdp,c86531b9a0e7a48af2fce0fd7fbb10900d6e4faa31eb45662141f038f187edb1,byte_exact_copy
01_simulation/inputs/preparation/TfCut1_L20_tail/chain_relax/NPT.mdp,PETase-MD-2026,01_simulation/inputs/preparation/TfCut1_L20_tail/chain_relax/NPT.mdp,03049b01ce425f322e6480df2929d2dc8bc77a054f9d091b631ed3df6db6e4da,byte_exact_copy
01_simulation/inputs/preparation/TfCut1_L20_tail/chain_relax/NVT.mdp,PETase-MD-2026,01_simulation/inputs/preparation/TfCut1_L20_tail/chain_relax/NVT.mdp,4a1bdf17d7fa8cc4e536591a1223478244c1a5650510ddf7cf2039ed26142c73,byte_exact_copy
01_simulation/inputs/preparation/TfCut1_L4_single/L4_minimization/EM.mdp,PETase-MD-2026,01_simulation/inputs/preparation/TfCut1_L4_single/L4_minimization/EM.mdp,9017245e1680fc18e0882fc985635c15ca602f3465231057f3e23a721e069b2a,byte_exact_copy
01_simulation/inputs/production_structures/00057.pdb,PETase-MD-2026,01_simulation/inputs/production_structures/00057.pdb,c593fea3f56366d62d80a3cde07aa7f8558684aa4b96d02b8815d4098177b8d8,byte_exact_copy
01_simulation/inputs/production_structures/00062.pdb,PETase-MD-2026,01_simulation/inputs/production_structures/00062.pdb,754990dd51d50d2a5b4ae2e223a459210aeea49e8b07f7b5cac60d7c15d7b6d4,byte_exact_copy
01_simulation/inputs/production_structures/00075.pdb,PETase-MD-2026,01_simulation/inputs/production_structures/00075.pdb,6ac17076b6af03bdadc70f1b4171ddb9c0025b62215a7f8b9ffe41129e70c470,byte_exact_copy
01_simulation/inputs/production_structures/00083.pdb,PETase-MD-2026,01_simulation/inputs/production_structures/00083.pdb,3e43f491a35da7cef5bd75b3b75ed23617e358613504ed93739e221c2d351aac,byte_exact_copy
01_simulation/inputs/production_structures/00121.pdb,PETase-MD-2026,01_simulation/inputs/production_structures/00121.pdb,b98f40dc9c7bf80f16c3365de9c7053099b07932ef1f2be3988b46f04201062f,byte_exact_copy
01_simulation/inputs/production_structures/00137.pdb,PETase-MD-2026,01_simulation/inputs/production_structures/00137.pdb,80dcd4d8bdc2bdd4679e9cfffcce81d5562c53185e12b9a5a8b21f922835f37f,byte_exact_copy
01_simulation/inputs/proteins/00057/source/00057.pdb,PETase-MD-2026,01_simulation/inputs/proteins/00057/source/00057.pdb,c593fea3f56366d62d80a3cde07aa7f8558684aa4b96d02b8815d4098177b8d8,byte_exact_copy
01_simulation/inputs/proteins/00062/source/00062.pdb,PETase-MD-2026,01_simulation/inputs/proteins/00062/source/00062.pdb,754990dd51d50d2a5b4ae2e223a459210aeea49e8b07f7b5cac60d7c15d7b6d4,byte_exact_copy
01_simulation/inputs/proteins/00075/source/00075.pdb,PETase-MD-2026,01_simulation/inputs/proteins/00075/source/00075.pdb,6ac17076b6af03bdadc70f1b4171ddb9c0025b62215a7f8b9ffe41129e70c470,byte_exact_copy
01_simulation/inputs/proteins/00083/source/00083.pdb,PETase-MD-2026,01_simulation/inputs/proteins/00083/source/00083.pdb,3e43f491a35da7cef5bd75b3b75ed23617e358613504ed93739e221c2d351aac,byte_exact_copy
01_simulation/inputs/proteins/00121/source/00121.pdb,PETase-MD-2026,01_simulation/inputs/proteins/00121/source/00121.pdb,b98f40dc9c7bf80f16c3365de9c7053099b07932ef1f2be3988b46f04201062f,byte_exact_copy
01_simulation/inputs/proteins/00137/source/00137.pdb,PETase-MD-2026,01_simulation/inputs/proteins/00137/source/00137.pdb,80dcd4d8bdc2bdd4679e9cfffcce81d5562c53185e12b9a5a8b21f922835f37f,byte_exact_copy
01_simulation/inputs/reference_structures/4EB0.pdb,PETase-MD-2026,01_simulation/inputs/reference_structures/4EB0.pdb,952288d4a49893ee259638bc72e17868b6903f0027c4bd4d207f76b9ddf85718,byte_exact_copy
01_simulation/inputs/reference_structures/4OYY.pdb,PETase-MD-2026,01_simulation/inputs/reference_structures/4OYY.pdb,ad8043560d92c33b5ec72c3aa0d5a1eb1acc14dcd0edd9e15cd95444f826d1b2,byte_exact_copy
01_simulation/inputs/reference_structures/5AJH.pdb,PETase-MD-2026,01_simulation/inputs/reference_structures/5AJH.pdb,a2ee7a432e7df85e79ab7325b5c1eef7b5d9ec2d72b06edba088aaa32cfd3219,byte_exact_copy
01_simulation/inputs/reference_structures/6EQD.pdb,PETase-MD-2026,01_simulation/inputs/reference_structures/6EQD.pdb,e923f7aae8a4e2cc0765a12e27faa1fe459cce0f32d484ec784e76d01ba12b2f,byte_exact_copy
01_simulation/inputs/reference_structures/7NEI.pdb,PETase-MD-2026,01_simulation/inputs/reference_structures/7NEI.pdb,7b5a076a8e3b520da304869bb5538a8af552f16df97d055308abdaee555c3f00,byte_exact_copy
01_simulation/inputs/reference_structures/7QJR.pdb,PETase-MD-2026,01_simulation/inputs/reference_structures/7QJR.pdb,90cad21dcc77cc02516aa71118b4351238b9bb50e0d56bbf9520aeefcf0b17b1,byte_exact_copy
01_simulation/inputs/runs/FoCut5a_L10_bi/rep01/MD.tpr,PETase-MD-2026,01_simulation/inputs/runs/FoCut5a_L10_bi/rep01/MD.tpr,1d79cddd7842159dd27e0f666671c19bda40e6e7ff32de2b2cb9872a5901efc4,byte_exact_copy
01_simulation/inputs/runs/FoCut5a_L10_bi/rep02/MD.tpr,PETase-MD-2026,01_simulation/inputs/runs/FoCut5a_L10_bi/rep02/MD.tpr,12e6cd263cfe8e455f430851a6e343e0d50122796afdaa9e2797045034b826c1,byte_exact_copy
01_simulation/inputs/runs/FoCut5a_L10_bi/rep03/MD.tpr,PETase-MD-2026,01_simulation/inputs/runs/FoCut5a_L10_bi/rep03/MD.tpr,4a8b505cc1523058afc5f7de5e6a6280261f79d9cc5215c55488bec1bcbe0a12,byte_exact_copy
01_simulation/inputs/runs/FoCut5a_L10_head/rep01/MD.tpr,PETase-MD-2026,01_simulation/inputs/runs/FoCut5a_L10_head/rep01/MD.tpr,2b0ee001839c7e0c25efd5f522e4b81a0acb4756f5775bfeae2cc184e2d36231,byte_exact_copy
01_simulation/inputs/runs/FoCut5a_L10_head/rep02/MD.tpr,PETase-MD-2026,01_simulation/inputs/runs/FoCut5a_L10_head/rep02/MD.tpr,02d00c570d248c79318c451879fc48677d7f673be4cb52fd337a64741bb87334,byte_exact_copy
01_simulation/inputs/runs/FoCut5a_L10_head/rep03/MD.tpr,PETase-MD-2026,01_simulation/inputs/runs/FoCut5a_L10_head/rep03/MD.tpr,b2a9202cb78d5e4bcc99c4ab5b7b246611bbe14496f1b1c7873eb27c86488650,byte_exact_copy
01_simulation/inputs/runs/FoCut5a_L10_tail/rep01/MD.tpr,PETase-MD-2026,01_simulation/inputs/runs/FoCut5a_L10_tail/rep01/MD.tpr,d93fe5d6b2e17f070e078438a029b9a4defba0e9e192bf72c59407d4a9b8727e,byte_exact_copy
01_simulation/inputs/runs/FoCut5a_L10_tail/rep02/MD.tpr,PETase-MD-2026,01_simulation/inputs/runs/FoCut5a_L10_tail/rep02/MD.tpr,4bac2801161c171543ebfc2dfefa799b897f8e506b71a1f687023e4eb26608a6,byte_exact_copy
01_simulation/inputs/runs/FoCut5a_L10_tail/rep03/MD.tpr,PETase-MD-2026,01_simulation/inputs/runs/FoCut5a_L10_tail/rep03/MD.tpr,5717f40f5cc02a6c8260ba7f278d3457bc00aebef2cfeecd451de34831799555,byte_exact_copy
01_simulation/inputs/runs/FoCut5a_L20_bi/rep01/MD.tpr,PETase-MD-2026,01_simulation/inputs/runs/FoCut5a_L20_bi/rep01/MD.tpr,7bc8ed58e74984e57e9122b2217333a6a949a46a2bd6905dc05e0a087aaa3d6a,byte_exact_copy
01_simulation/inputs/runs/FoCut5a_L20_bi/rep02/MD.tpr,PETase-MD-2026,01_simulation/inputs/runs/FoCut5a_L20_bi/rep02/MD.tpr,2b02b7cf6598c470b41050920a17c419e28fe5d3b3823a6de23559ccfdf982ec,byte_exact_copy
01_simulation/inputs/runs/FoCut5a_L20_bi/rep03/MD.tpr,PETase-MD-2026,01_simulation/inputs/runs/FoCut5a_L20_bi/rep03/MD.tpr,d8e74812ddd134376981e7fe2b82c4ed5628a0219b7fb6565ec454b1543d7d4b,byte_exact_copy
01_simulation/inputs/runs/FoCut5a_L20_head/rep01/MD.tpr,PETase-MD-2026,01_simulation/inputs/runs/FoCut5a_L20_head/rep01/MD.tpr,897665ac87ac7aca8ff3200b6d420adaec5f378efc50c2ebe3c972b50ecae557,byte_exact_copy
01_simulation/inputs/runs/FoCut5a_L20_head/rep02/MD.tpr,PETase-MD-2026,01_simulation/inputs/runs/FoCut5a_L20_head/rep02/MD.tpr,f17b45e6424ef95777711d798056f92485c64f06b60e9e15147ad32799cd01cd,byte_exact_copy
01_simulation/inputs/runs/FoCut5a_L20_head/rep03/MD.tpr,PETase-MD-2026,01_simulation/inputs/runs/FoCut5a_L20_head/rep03/MD.tpr,3091ef36201b1d561d27f705d31b622374b05fe6c4b15634eccaccc3dbec6b61,byte_exact_copy
01_simulation/inputs/runs/FoCut5a_L20_tail/rep01/MD.tpr,PETase-MD-2026,01_simulation/inputs/runs/FoCut5a_L20_tail/rep01/MD.tpr,e84d9714ac0e5f9902822340d65a14516c51a421420b2e36314230a66884f4d8,byte_exact_copy
01_simulation/inputs/runs/FoCut5a_L20_tail/rep02/MD.tpr,PETase-MD-2026,01_simulation/inputs/runs/FoCut5a_L20_tail/rep02/MD.tpr,e2fd97bee76f9173f55e64a58d35a0be76229a33d9ab8326f6544e53ab1a9ad3,byte_exact_copy
01_simulation/inputs/runs/FoCut5a_L20_tail/rep03/MD.tpr,PETase-MD-2026,01_simulation/inputs/runs/FoCut5a_L20_tail/rep03/MD.tpr,147ceef1b5fa9498bc0e854cbd0fa89102f03b859968fd2eb34e8424b7ddd0b0,byte_exact_copy
01_simulation/inputs/runs/FoCut5a_L4_single/rep01/MD.tpr,PETase-MD-2026,01_simulation/inputs/runs/FoCut5a_L4_single/rep01/MD.tpr,355827a25465a2acf2bcb6eea0eaf7423b8da5c033e295418d991d11f0a0dd71,byte_exact_copy
01_simulation/inputs/runs/FoCut5a_L4_single/rep02/MD.tpr,PETase-MD-2026,01_simulation/inputs/runs/FoCut5a_L4_single/rep02/MD.tpr,ad4ca2714d125656790b3b74c6961e34c39a1096b8bc897021762ed8ae867e8c,byte_exact_copy
01_simulation/inputs/runs/FoCut5a_L4_single/rep03/MD.tpr,PETase-MD-2026,01_simulation/inputs/runs/FoCut5a_L4_single/rep03/MD.tpr,db1b82fe4a9aeca1cf7cd1f14efa07a07a2d78bba2bd189f2553581b055ff86e,byte_exact_copy
01_simulation/inputs/runs/HiC_L10_bi/rep01/MD.tpr,PETase-MD-2026,01_simulation/inputs/runs/HiC_L10_bi/rep01/MD.tpr,e5cea5f661ced13b40b804536b27f53751f32f0c5e66ddf2f6e1da365eed3fa6,byte_exact_copy
01_simulation/inputs/runs/HiC_L10_bi/rep02/MD.tpr,PETase-MD-2026,01_simulation/inputs/runs/HiC_L10_bi/rep02/MD.tpr,f4a2ebed80a686275abf0e97939df8c9bc79414f226bf73ad5ccadb7f128a52e,byte_exact_copy
01_simulation/inputs/runs/HiC_L10_bi/rep03/MD.tpr,PETase-MD-2026,01_simulation/inputs/runs/HiC_L10_bi/rep03/MD.tpr,6febcb5b8bbe58b92c6e14b3c160d090a38343d3873837652416ad3813dd7a59,byte_exact_copy
01_simulation/inputs/runs/HiC_L10_head/rep01/MD.tpr,PETase-MD-2026,01_simulation/inputs/runs/HiC_L10_head/rep01/MD.tpr,f4886518a3bac8358b7efb68ddc68cd883d96cdcdd421f493e5fe3294bbee585,byte_exact_copy
01_simulation/inputs/runs/HiC_L10_head/rep02/MD.tpr,PETase-MD-2026,01_simulation/inputs/runs/HiC_L10_head/rep02/MD.tpr,44291b75bbe90f64b07ba8745735817df92132e3cba3942cf1ed95de3200fba2,byte_exact_copy
01_simulation/inputs/runs/HiC_L10_head/rep03/MD.tpr,PETase-MD-2026,01_simulation/inputs/runs/HiC_L10_head/rep03/MD.tpr,31aa1290d34688edbf98374e66ba949dd19baeabd703163449630e72b5555eae,byte_exact_copy
01_simulation/inputs/runs/HiC_L10_tail/rep01/MD.tpr,PETase-MD-2026,01_simulation/inputs/runs/HiC_L10_tail/rep01/MD.tpr,4c39a008a0bfe0f53b0f1cfe429fe8151d3b9fe285b0d1e9256958e113015807,byte_exact_copy
01_simulation/inputs/runs/HiC_L10_tail/rep02/MD.tpr,PETase-MD-2026,01_simulation/inputs/runs/HiC_L10_tail/rep02/MD.tpr,a5bd543701b7bdce1bd24f66fd2513a2da9522306e0a54ab0f9d238f061a8e08,byte_exact_copy
01_simulation/inputs/runs/HiC_L10_tail/rep03/MD.tpr,PETase-MD-2026,01_simulation/inputs/runs/HiC_L10_tail/rep03/MD.tpr,bec9a25e2a74e2be0feb9dc5e7284f8b00d50bd7e85d768a69c01c967fcea8f6,byte_exact_copy
01_simulation/inputs/runs/HiC_L20_bi/rep01/MD.tpr,PETase-MD-2026,01_simulation/inputs/runs/HiC_L20_bi/rep01/MD.tpr,3ece076300d64de0a6945150d46648ef891419592140a000528bb9de9a53e5dd,byte_exact_copy
01_simulation/inputs/runs/HiC_L20_bi/rep02/MD.tpr,PETase-MD-2026,01_simulation/inputs/runs/HiC_L20_bi/rep02/MD.tpr,b65b7621349d013421131c104d65af23ea2a8f903cd865259e2813293efa2782,byte_exact_copy
01_simulation/inputs/runs/HiC_L20_bi/rep03/MD.tpr,PETase-MD-2026,01_simulation/inputs/runs/HiC_L20_bi/rep03/MD.tpr,0b2e9e4b0e68ea115efe0401a7e3b0ef4f9e6e7d2bf3ba40dce6976669a8b770,byte_exact_copy
01_simulation/inputs/runs/HiC_L20_head/rep01/MD.tpr,PETase-MD-2026,01_simulation/inputs/runs/HiC_L20_head/rep01/MD.tpr,4498023d2e0dbfe81c8e2638ad73be51bbe5cdc57e85aac69281586e8f7f8677,byte_exact_copy
01_simulation/inputs/runs/HiC_L20_head/rep02/MD.tpr,PETase-MD-2026,01_simulation/inputs/runs/HiC_L20_head/rep02/MD.tpr,f911b472f464d373e00c9376033272c303fc7c7938f83dbb465ab71a7daf7461,byte_exact_copy
01_simulation/inputs/runs/HiC_L20_head/rep03/MD.tpr,PETase-MD-2026,01_simulation/inputs/runs/HiC_L20_head/rep03/MD.tpr,8646b5f4f75806084426855a56d39d1105d51901c56e85a53b9871601f0bbe54,byte_exact_copy
01_simulation/inputs/runs/HiC_L20_tail/rep01/MD.tpr,PETase-MD-2026,01_simulation/inputs/runs/HiC_L20_tail/rep01/MD.tpr,a6ed1d86d6ccf70291a201d3c28b1058f762450fa200f5ebcb188c5862ab475b,byte_exact_copy
01_simulation/inputs/runs/HiC_L20_tail/rep02/MD.tpr,PETase-MD-2026,01_simulation/inputs/runs/HiC_L20_tail/rep02/MD.tpr,e226c0b35d13c331a73c843ef58e5fe3aa0f247836447acc397769bd47185d4c,byte_exact_copy
01_simulation/inputs/runs/HiC_L20_tail/rep03/MD.tpr,PETase-MD-2026,01_simulation/inputs/runs/HiC_L20_tail/rep03/MD.tpr,6f31c1aeee6719f45731b2bfe12bfc03ca59bfb54c0d03eeb002b52f6f24fddf,byte_exact_copy
01_simulation/inputs/runs/HiC_L4_single/rep01/MD.tpr,PETase-MD-2026,01_simulation/inputs/runs/HiC_L4_single/rep01/MD.tpr,f0320597399bb69ec0d5776145f20981bd1f8ed713aed551075c5c6110f79e4e,byte_exact_copy
01_simulation/inputs/runs/HiC_L4_single/rep02/MD.tpr,PETase-MD-2026,01_simulation/inputs/runs/HiC_L4_single/rep02/MD.tpr,734fe51773f35b996f482d905cd13137992b28dc17878768cade02936a3813db,byte_exact_copy
01_simulation/inputs/runs/HiC_L4_single/rep03/MD.tpr,PETase-MD-2026,01_simulation/inputs/runs/HiC_L4_single/rep03/MD.tpr,057029d688d5cef3c84db6c2ac9f35056aaef3f34ae01bacbab93b7cea81fd59,byte_exact_copy
01_simulation/inputs/runs/IsPETase_L10_bi/rep01/MD.tpr,PETase-MD-2026,01_simulation/inputs/runs/IsPETase_L10_bi/rep01/MD.tpr,2cc0bc40b8e7ee7fdb4d14448b5fcb140db8888c222cafe3e662a8c68cea63fc,byte_exact_copy
01_simulation/inputs/runs/IsPETase_L10_bi/rep02/MD.tpr,PETase-MD-2026,01_simulation/inputs/runs/IsPETase_L10_bi/rep02/MD.tpr,4952ac9b680e063f320a91cb6f01902cd961e2abf206cc90ee037822e9de0850,byte_exact_copy
01_simulation/inputs/runs/IsPETase_L10_bi/rep03/MD.tpr,PETase-MD-2026,01_simulation/inputs/runs/IsPETase_L10_bi/rep03/MD.tpr,b264a393faad62b23ae4f25d11b026798143cb92f5972f2cb6e8150c8fab1eb1,byte_exact_copy
01_simulation/inputs/runs/IsPETase_L10_head/rep01/MD.tpr,PETase-MD-2026,01_simulation/inputs/runs/IsPETase_L10_head/rep01/MD.tpr,89cf6e7901a541a91cc530e7fd3c1dbf394375d54990980aa51b9c66dbe80e1c,byte_exact_copy
01_simulation/inputs/runs/IsPETase_L10_head/rep02/MD.tpr,PETase-MD-2026,01_simulation/inputs/runs/IsPETase_L10_head/rep02/MD.tpr,bc1d0b8692b7ffd108946e4fbe4948d193835af3698e2b70db023fc9bb082ce3,byte_exact_copy
01_simulation/inputs/runs/IsPETase_L10_head/rep03/MD.tpr,PETase-MD-2026,01_simulation/inputs/runs/IsPETase_L10_head/rep03/MD.tpr,d24f9960b2d298e34995cfa91284fcd8f7b1137cdb3552e0352b03f947be6e2f,byte_exact_copy
01_simulation/inputs/runs/IsPETase_L10_tail/rep01/MD.tpr,PETase-MD-2026,01_simulation/inputs/runs/IsPETase_L10_tail/rep01/MD.tpr,a74f87757d3e0b7ae7850c5b9b8cc8455f5b45205d8214d9fc65c06786614f40,byte_exact_copy
01_simulation/inputs/runs/IsPETase_L10_tail/rep02/MD.tpr,PETase-MD-2026,01_simulation/inputs/runs/IsPETase_L10_tail/rep02/MD.tpr,4f26b92eb7599d40421f9cf918780861cf6d68230c3c3a4cc2fbc9d6ab7bdbac,byte_exact_copy
01_simulation/inputs/runs/IsPETase_L10_tail/rep03/MD.tpr,PETase-MD-2026,01_simulation/inputs/runs/IsPETase_L10_tail/rep03/MD.tpr,38e2cc08c98a735f695f3473bc6f9a4066ae863c1d54396b564881f355359df0,byte_exact_copy
01_simulation/inputs/runs/IsPETase_L20_bi/rep01/MD.tpr,PETase-MD-2026,01_simulation/inputs/runs/IsPETase_L20_bi/rep01/MD.tpr,48e0f9ed9877b55652720fabee0b336d38272dd22036872504e15604a7989e84,byte_exact_copy
01_simulation/inputs/runs/IsPETase_L20_bi/rep02/MD.tpr,PETase-MD-2026,01_simulation/inputs/runs/IsPETase_L20_bi/rep02/MD.tpr,d8a1761145e456607acee3d40de674eea13d31f39089aa88dbe01cfee2e4dd83,byte_exact_copy
01_simulation/inputs/runs/IsPETase_L20_bi/rep03/MD.tpr,PETase-MD-2026,01_simulation/inputs/runs/IsPETase_L20_bi/rep03/MD.tpr,2d8b13e48c3faf88f2980cd3140b15382b023d9ac43b7df8d73055efe80790e1,byte_exact_copy
01_simulation/inputs/runs/IsPETase_L20_head/rep01/MD.tpr,PETase-MD-2026,01_simulation/inputs/runs/IsPETase_L20_head/rep01/MD.tpr,9cb769d5bb80eb568364e0f29abb894b33dabcd39a11901480b8e7245b618b6a,byte_exact_copy
01_simulation/inputs/runs/IsPETase_L20_head/rep02/MD.tpr,PETase-MD-2026,01_simulation/inputs/runs/IsPETase_L20_head/rep02/MD.tpr,b092a8f9a67ee2367d268e4344a5b4d4e95c264dd794ff9bcc1809748fd658a0,byte_exact_copy
01_simulation/inputs/runs/IsPETase_L20_head/rep03/MD.tpr,PETase-MD-2026,01_simulation/inputs/runs/IsPETase_L20_head/rep03/MD.tpr,7d419beda2dd0669cc9897c573dbd4b5729b341a0ac872119b13b83fb3ac7f1a,byte_exact_copy
01_simulation/inputs/runs/IsPETase_L20_tail/rep01/MD.tpr,PETase-MD-2026,01_simulation/inputs/runs/IsPETase_L20_tail/rep01/MD.tpr,8d9f550c3f67e23da65224a360571797eb910e9a6d2ee9eac912cba4cc431189,byte_exact_copy
01_simulation/inputs/runs/IsPETase_L20_tail/rep02/MD.tpr,PETase-MD-2026,01_simulation/inputs/runs/IsPETase_L20_tail/rep02/MD.tpr,ca885a79fd27a73c3ef45b313d308f3b408b94593d464bc2c7bdfd2f3c8557df,byte_exact_copy
01_simulation/inputs/runs/IsPETase_L20_tail/rep03/MD.tpr,PETase-MD-2026,01_simulation/inputs/runs/IsPETase_L20_tail/rep03/MD.tpr,22dc7df056cdab9bd2218e571fc06b4845eb2ea42c129f44df1a97f230de4c6d,byte_exact_copy
01_simulation/inputs/runs/IsPETase_L4_single/rep01/MD.tpr,PETase-MD-2026,01_simulation/inputs/runs/IsPETase_L4_single/rep01/MD.tpr,a1cfb740687ea64714178bc6502980208bf45cba275f6b7f251c7d1ace9e7045,byte_exact_copy
01_simulation/inputs/runs/IsPETase_L4_single/rep02/MD.tpr,PETase-MD-2026,01_simulation/inputs/runs/IsPETase_L4_single/rep02/MD.tpr,034d0323ee56212f6915e69ab63ff490c193f4c036a58b193fac9b4529ce6581,byte_exact_copy
01_simulation/inputs/runs/IsPETase_L4_single/rep03/MD.tpr,PETase-MD-2026,01_simulation/inputs/runs/IsPETase_L4_single/rep03/MD.tpr,d38b74df6304b4f6266b822d22d6125a4a018177f3c8799e2c7d6a95df14b588,byte_exact_copy
01_simulation/inputs/runs/LCC_L10_bi/rep01/MD.tpr,PETase-MD-2026,01_simulation/inputs/runs/LCC_L10_bi/rep01/MD.tpr,891e4bb0559f5d539ee348033ffea8ccdbff29ef66837146b4f631dcfc927542,byte_exact_copy
01_simulation/inputs/runs/LCC_L10_bi/rep02/MD.tpr,PETase-MD-2026,01_simulation/inputs/runs/LCC_L10_bi/rep02/MD.tpr,d81f0c68dff4265a9b8bd083bdde9d24c96a0eabe89b6e6a26af3eedf23dac0e,byte_exact_copy
01_simulation/inputs/runs/LCC_L10_bi/rep03/MD.tpr,PETase-MD-2026,01_simulation/inputs/runs/LCC_L10_bi/rep03/MD.tpr,6d52ce424ad38562dbc588cbb8be173bf5425ab222d6a54c975186f4cfcc555e,byte_exact_copy
01_simulation/inputs/runs/LCC_L10_head/rep01/MD.tpr,PETase-MD-2026,01_simulation/inputs/runs/LCC_L10_head/rep01/MD.tpr,97fb8a6af20b6de5f91b5dbdc88e4640b8d3e11ad0b2e9f857f48d05f83fba10,byte_exact_copy
01_simulation/inputs/runs/LCC_L10_head/rep02/MD.tpr,PETase-MD-2026,01_simulation/inputs/runs/LCC_L10_head/rep02/MD.tpr,23e15500529afe94143a840f7c00a37afcce2046af097c9177e71c730c508051,byte_exact_copy
01_simulation/inputs/runs/LCC_L10_head/rep03/MD.tpr,PETase-MD-2026,01_simulation/inputs/runs/LCC_L10_head/rep03/MD.tpr,7afd8d8496e998930645e0f0d937354cf1c5b87cb5c9b0bf1b6974d08bc3fcec,byte_exact_copy
01_simulation/inputs/runs/LCC_L10_tail/rep01/MD.tpr,PETase-MD-2026,01_simulation/inputs/runs/LCC_L10_tail/rep01/MD.tpr,2b4d02771d7a40fe314485594212da16bef35b6279ce988f8d99fb564712e820,byte_exact_copy
01_simulation/inputs/runs/LCC_L10_tail/rep02/MD.tpr,PETase-MD-2026,01_simulation/inputs/runs/LCC_L10_tail/rep02/MD.tpr,f5f85d14f4bdef5864a5e69a7746c095bdf25ae98f43cf407074cf8e51c0fe40,byte_exact_copy
01_simulation/inputs/runs/LCC_L10_tail/rep03/MD.tpr,PETase-MD-2026,01_simulation/inputs/runs/LCC_L10_tail/rep03/MD.tpr,13f7b1741ed5ea24486b9dd83cf03f1427edbdc78f464a7c0a1157fe9cdcc6d4,byte_exact_copy
01_simulation/inputs/runs/LCC_L20_bi/rep01/MD.tpr,PETase-MD-2026,01_simulation/inputs/runs/LCC_L20_bi/rep01/MD.tpr,be753d354360ac68c5673ff8de1d3e4e0b2c867cefb46966951c47752c685a41,byte_exact_copy
01_simulation/inputs/runs/LCC_L20_bi/rep02/MD.tpr,PETase-MD-2026,01_simulation/inputs/runs/LCC_L20_bi/rep02/MD.tpr,11c79d587020a1532ca028504e2c4ba89e1d466a832aee928285a47677ca620f,byte_exact_copy
01_simulation/inputs/runs/LCC_L20_bi/rep03/MD.tpr,PETase-MD-2026,01_simulation/inputs/runs/LCC_L20_bi/rep03/MD.tpr,d4d06718409f93fd6b034b71aa18d0c870fbcad5a0e6224f2e89da73da8c9d4f,byte_exact_copy
01_simulation/inputs/runs/LCC_L20_head/rep01/MD.tpr,PETase-MD-2026,01_simulation/inputs/runs/LCC_L20_head/rep01/MD.tpr,2d7adfcce79149ca3aee62ed364f842d39aa4b80bd9a0b3ee2e47cb8ebc5b17c,byte_exact_copy
01_simulation/inputs/runs/LCC_L20_head/rep02/MD.tpr,PETase-MD-2026,01_simulation/inputs/runs/LCC_L20_head/rep02/MD.tpr,2bbbb5ce03678736d1fb8f8824c93f78001dc292369313cc30ef714f8527bf41,byte_exact_copy
01_simulation/inputs/runs/LCC_L20_head/rep03/MD.tpr,PETase-MD-2026,01_simulation/inputs/runs/LCC_L20_head/rep03/MD.tpr,fe34a9823ea8512044db058ea0cdc1c83f4eb55cc351d4ca33aada818bb784b1,byte_exact_copy
01_simulation/inputs/runs/LCC_L20_tail/rep01/MD.tpr,PETase-MD-2026,01_simulation/inputs/runs/LCC_L20_tail/rep01/MD.tpr,4cb62bb491878db4acf2f260201e998da80705184e59d1325d7f1c2b68d3c070,byte_exact_copy
01_simulation/inputs/runs/LCC_L20_tail/rep02/MD.tpr,PETase-MD-2026,01_simulation/inputs/runs/LCC_L20_tail/rep02/MD.tpr,70180587cae0131263744b896994289366a486d7d0864ffe4e5aad6ef10e912c,byte_exact_copy
01_simulation/inputs/runs/LCC_L20_tail/rep03/MD.tpr,PETase-MD-2026,01_simulation/inputs/runs/LCC_L20_tail/rep03/MD.tpr,03b55c84513bae49cb610539ae132b0271efb8da750e62e8bcefc67084764c10,byte_exact_copy
01_simulation/inputs/runs/LCC_L4_single/rep01/MD.tpr,PETase-MD-2026,01_simulation/inputs/runs/LCC_L4_single/rep01/MD.tpr,5b06a8fc734f1a737f471af76e1e39d16160188ed934dfd40378c9b14e0a7621,byte_exact_copy
01_simulation/inputs/runs/LCC_L4_single/rep02/MD.tpr,PETase-MD-2026,01_simulation/inputs/runs/LCC_L4_single/rep02/MD.tpr,be1552761cb10a4a7c77a14a13402331a78614caa607865a38e4dea1b522fcb2,byte_exact_copy
01_simulation/inputs/runs/LCC_L4_single/rep03/MD.tpr,PETase-MD-2026,01_simulation/inputs/runs/LCC_L4_single/rep03/MD.tpr,bea2ecfb4792b5594554d71af74fada0b1827d4e52f78fa052478fe1e9a95efa,byte_exact_copy
01_simulation/inputs/runs/PHL7_L10_bi/rep01/MD.tpr,PETase-MD-2026,01_simulation/inputs/runs/PHL7_L10_bi/rep01/MD.tpr,6c90743d7267deab3bae0bfa89729aeec66719b411d93f4815e974601adfb370,byte_exact_copy
01_simulation/inputs/runs/PHL7_L10_bi/rep02/MD.tpr,PETase-MD-2026,01_simulation/inputs/runs/PHL7_L10_bi/rep02/MD.tpr,476f19dc5865d8cc51ebf4bc68b3ef5edec968f5108a5964c977d70f953e5b4a,byte_exact_copy
01_simulation/inputs/runs/PHL7_L10_bi/rep03/MD.tpr,PETase-MD-2026,01_simulation/inputs/runs/PHL7_L10_bi/rep03/MD.tpr,ee612f36e2f72ec847dceb35bdc507e1cd934db6841e6d76fe89499f2399c54b,byte_exact_copy
01_simulation/inputs/runs/PHL7_L10_head/rep01/MD.tpr,PETase-MD-2026,01_simulation/inputs/runs/PHL7_L10_head/rep01/MD.tpr,d2d5dba307c0e34f1211973516726ce2772759e992bd584ee355787732808617,byte_exact_copy
01_simulation/inputs/runs/PHL7_L10_head/rep02/MD.tpr,PETase-MD-2026,01_simulation/inputs/runs/PHL7_L10_head/rep02/MD.tpr,f7b69dbd25ed7f2635c7d1013e9e7a44ebd25a09e14e4df08947c5ff0d23e13d,byte_exact_copy
01_simulation/inputs/runs/PHL7_L10_head/rep03/MD.tpr,PETase-MD-2026,01_simulation/inputs/runs/PHL7_L10_head/rep03/MD.tpr,5ee448d6802a33901f5b48ff629711b9ebad133f1adc9bed8d347fe7ca283059,byte_exact_copy
01_simulation/inputs/runs/PHL7_L10_tail/rep01/MD.tpr,PETase-MD-2026,01_simulation/inputs/runs/PHL7_L10_tail/rep01/MD.tpr,a001b5ac4a2fadb93f2284096e90bf6123a5da9ccc6cd4fbc22b594c987db218,byte_exact_copy
01_simulation/inputs/runs/PHL7_L10_tail/rep02/MD.tpr,PETase-MD-2026,01_simulation/inputs/runs/PHL7_L10_tail/rep02/MD.tpr,3817a6be1e3e19ecbe5bc5972c15cf322b22b7e1601977871fa5c45918e00957,byte_exact_copy
01_simulation/inputs/runs/PHL7_L10_tail/rep03/MD.tpr,PETase-MD-2026,01_simulation/inputs/runs/PHL7_L10_tail/rep03/MD.tpr,5addf99c82bd2f88b488c6bbd5315497cccf35b4b3619cfeaf7125380c71e38b,byte_exact_copy
01_simulation/inputs/runs/PHL7_L20_bi/rep01/MD.tpr,PETase-MD-2026,01_simulation/inputs/runs/PHL7_L20_bi/rep01/MD.tpr,b1ed9acacd6f8a94e95c193f7a9dd31b3417a70b3f655b3adc42688a58df89da,byte_exact_copy
01_simulation/inputs/runs/PHL7_L20_bi/rep02/MD.tpr,PETase-MD-2026,01_simulation/inputs/runs/PHL7_L20_bi/rep02/MD.tpr,7ecddfb85d89fe0f50b21add7cabe8d7a4b1ee128509ecc6d6f392fa503d59ab,byte_exact_copy
01_simulation/inputs/runs/PHL7_L20_bi/rep03/MD.tpr,PETase-MD-2026,01_simulation/inputs/runs/PHL7_L20_bi/rep03/MD.tpr,215b2d9921927fca99a13bedbf78433c21d66f5ac0e973152163cb5975e36178,byte_exact_copy
01_simulation/inputs/runs/PHL7_L20_head/rep01/MD.tpr,PETase-MD-2026,01_simulation/inputs/runs/PHL7_L20_head/rep01/MD.tpr,1dcc9e5319eb342c2939b1c74264a523090d422cbef495c1e6772d375f5f0e99,byte_exact_copy
01_simulation/inputs/runs/PHL7_L20_head/rep02/MD.tpr,PETase-MD-2026,01_simulation/inputs/runs/PHL7_L20_head/rep02/MD.tpr,6a96aa0578c8de3538023b1f87c8ccf90f8a1b398c2e871aa6ebccd8024ce468,byte_exact_copy
01_simulation/inputs/runs/PHL7_L20_head/rep03/MD.tpr,PETase-MD-2026,01_simulation/inputs/runs/PHL7_L20_head/rep03/MD.tpr,4aac7f6410d8f2288d737d5d68c360c40ec33514ba3a40bc249b721d76d0a255,byte_exact_copy
01_simulation/inputs/runs/PHL7_L20_tail/rep01/MD.tpr,PETase-MD-2026,01_simulation/inputs/runs/PHL7_L20_tail/rep01/MD.tpr,292592d9236544437fd4d619544d46c5cb5d4d6bd694c242a560f673b63b07a2,byte_exact_copy
01_simulation/inputs/runs/PHL7_L20_tail/rep02/MD.tpr,PETase-MD-2026,01_simulation/inputs/runs/PHL7_L20_tail/rep02/MD.tpr,a596572d570953d34ab5ed04d138c54c24031bb45a26c3712fc14bdd4343d51c,byte_exact_copy
01_simulation/inputs/runs/PHL7_L20_tail/rep03/MD.tpr,PETase-MD-2026,01_simulation/inputs/runs/PHL7_L20_tail/rep03/MD.tpr,6e76fb624c81069b83d51611371dd28e312ed7b4692004aca2df640c65327f14,byte_exact_copy
01_simulation/inputs/runs/PHL7_L4_single/rep01/MD.tpr,PETase-MD-2026,01_simulation/inputs/runs/PHL7_L4_single/rep01/MD.tpr,d2bd411220f94f76c2b16bd4e7e55ef8408f47afa052edffba01edc8970e1740,byte_exact_copy
01_simulation/inputs/runs/PHL7_L4_single/rep02/MD.tpr,PETase-MD-2026,01_simulation/inputs/runs/PHL7_L4_single/rep02/MD.tpr,01045a927f398f2cdc51f53c8a7d3a187cc9454f3b384f0dde5d848a909ed569,byte_exact_copy
01_simulation/inputs/runs/PHL7_L4_single/rep03/MD.tpr,PETase-MD-2026,01_simulation/inputs/runs/PHL7_L4_single/rep03/MD.tpr,1e1fda84af4202d00ff078887efa015f6c29a21aa7b82485cdaa793a25e4c14b,byte_exact_copy
01_simulation/inputs/runs/TfCut1_L10_bi/rep01/MD.tpr,PETase-MD-2026,01_simulation/inputs/runs/TfCut1_L10_bi/rep01/MD.tpr,f7e51efe062fb695da4b35089150e69a7fba5309d4a341a391342053261c5274,byte_exact_copy
01_simulation/inputs/runs/TfCut1_L10_bi/rep02/MD.tpr,PETase-MD-2026,01_simulation/inputs/runs/TfCut1_L10_bi/rep02/MD.tpr,8059135f2d730a689d58aa07cd5c6a2bc0d113444867148c85c4a87b995164fd,byte_exact_copy
01_simulation/inputs/runs/TfCut1_L10_bi/rep03/MD.tpr,PETase-MD-2026,01_simulation/inputs/runs/TfCut1_L10_bi/rep03/MD.tpr,463694edab1773bb309665408b8fe14c584ce94c5873befba85073570289aefc,byte_exact_copy
01_simulation/inputs/runs/TfCut1_L10_head/rep01/MD.tpr,PETase-MD-2026,01_simulation/inputs/runs/TfCut1_L10_head/rep01/MD.tpr,8a8940a775ea6204c1dbd6b6ae9c144f58115227f1e13ef21bbcd51948a0382e,byte_exact_copy
01_simulation/inputs/runs/TfCut1_L10_head/rep02/MD.tpr,PETase-MD-2026,01_simulation/inputs/runs/TfCut1_L10_head/rep02/MD.tpr,cb700371a1187115c38e4205bfe79dd1fe577c1ea698d328c2c194d2fdf27df4,byte_exact_copy
01_simulation/inputs/runs/TfCut1_L10_head/rep03/MD.tpr,PETase-MD-2026,01_simulation/inputs/runs/TfCut1_L10_head/rep03/MD.tpr,d1a4ff7f6946e0669aab79bb07a26d1c0812886f1af765a30773b12f756de35b,byte_exact_copy
01_simulation/inputs/runs/TfCut1_L10_tail/rep01/MD.tpr,PETase-MD-2026,01_simulation/inputs/runs/TfCut1_L10_tail/rep01/MD.tpr,70fe3540a3c829f9bffc961459d575765fbac3ea17d36712fb46a0ca5f4fb06c,byte_exact_copy
01_simulation/inputs/runs/TfCut1_L10_tail/rep02/MD.tpr,PETase-MD-2026,01_simulation/inputs/runs/TfCut1_L10_tail/rep02/MD.tpr,447729d991b60d4631191e3a595c9614a4abde47239590aec7a224366829b164,byte_exact_copy
01_simulation/inputs/runs/TfCut1_L10_tail/rep03/MD.tpr,PETase-MD-2026,01_simulation/inputs/runs/TfCut1_L10_tail/rep03/MD.tpr,6265f1f93fd936fa1ac977c8fc40ff6b3c76017cee768faf36c1de081e12299b,byte_exact_copy
01_simulation/inputs/runs/TfCut1_L20_bi/rep01/MD.tpr,PETase-MD-2026,01_simulation/inputs/runs/TfCut1_L20_bi/rep01/MD.tpr,ea05b9523cd3f356a4fad908f6b17cf745f12df6388b8b55150d393a5430e833,byte_exact_copy
01_simulation/inputs/runs/TfCut1_L20_bi/rep02/MD.tpr,PETase-MD-2026,01_simulation/inputs/runs/TfCut1_L20_bi/rep02/MD.tpr,6fb39146375b64dc1d8ade19284990b90faf38ac1fdc8a75eb38e88d16083c5a,byte_exact_copy
01_simulation/inputs/runs/TfCut1_L20_bi/rep03/MD.tpr,PETase-MD-2026,01_simulation/inputs/runs/TfCut1_L20_bi/rep03/MD.tpr,6ed2812d93ea624857c923e4c25ba593da280f909d7171f4e168688222ccbb48,byte_exact_copy
01_simulation/inputs/runs/TfCut1_L20_head/rep01/MD.tpr,PETase-MD-2026,01_simulation/inputs/runs/TfCut1_L20_head/rep01/MD.tpr,09f38f0f839b4c18aa12a09c4a24c5e519b99307b93683862749d4b55195e884,byte_exact_copy
01_simulation/inputs/runs/TfCut1_L20_head/rep02/MD.tpr,PETase-MD-2026,01_simulation/inputs/runs/TfCut1_L20_head/rep02/MD.tpr,b51bf0fc044a08f739a95ea3e370fadeec5c114fc0c5ca16663a12893a580b1d,byte_exact_copy
01_simulation/inputs/runs/TfCut1_L20_head/rep03/MD.tpr,PETase-MD-2026,01_simulation/inputs/runs/TfCut1_L20_head/rep03/MD.tpr,ff429118fee4b8ad2309d2b16bb982483296f139fc6f42e9d901489fae169859,byte_exact_copy
01_simulation/inputs/runs/TfCut1_L20_tail/rep01/MD.tpr,PETase-MD-2026,01_simulation/inputs/runs/TfCut1_L20_tail/rep01/MD.tpr,b13162ef266125db5143029afaaeaf5e6d420db485933ddf3406ba6076ce6109,byte_exact_copy
01_simulation/inputs/runs/TfCut1_L20_tail/rep02/MD.tpr,PETase-MD-2026,01_simulation/inputs/runs/TfCut1_L20_tail/rep02/MD.tpr,f15fecfd0a330d18a0cfe7b4f361bfca343611190c842c255dc0610b47b4f6b2,byte_exact_copy
01_simulation/inputs/runs/TfCut1_L20_tail/rep03/MD.tpr,PETase-MD-2026,01_simulation/inputs/runs/TfCut1_L20_tail/rep03/MD.tpr,8a1e726582102191d582a4da1d4fcc7132f1e61dde6da606e9aac5354ac605ab,byte_exact_copy
01_simulation/inputs/runs/TfCut1_L4_single/rep01/MD.tpr,PETase-MD-2026,01_simulation/inputs/runs/TfCut1_L4_single/rep01/MD.tpr,45b6d5209fc23761de94001cfdcdc96be3ad6ad6574dfe573cc0f42782967f26,byte_exact_copy
01_simulation/inputs/runs/TfCut1_L4_single/rep02/MD.tpr,PETase-MD-2026,01_simulation/inputs/runs/TfCut1_L4_single/rep02/MD.tpr,f7c2f8a3198a163080b397a03f04e6469c776f701243b82dec1747ec93965950,byte_exact_copy
01_simulation/inputs/runs/TfCut1_L4_single/rep03/MD.tpr,PETase-MD-2026,01_simulation/inputs/runs/TfCut1_L4_single/rep03/MD.tpr,d40df58ff079d551795d12db5fa2dafd29a889022431182eca9f75e0a89cb912,byte_exact_copy
01_simulation/inputs/systems/FoCut5a_L10_bi/prepared/protein_docked_chainA.pdb,PETase-MD-2026,01_simulation/inputs/systems/FoCut5a_L10_bi/prepared/protein_docked_chainA.pdb,feb92cc8887c535fcf3421d0bdbbecca98259c0ee97a2165f912ecb0945bf468,byte_exact_copy
01_simulation/inputs/systems/FoCut5a_L10_bi/topology/P1.itp,PETase-MD-2026,01_simulation/inputs/systems/FoCut5a_L10_bi/topology/P1.itp,da3212bed6834f1f2f04777801c67cc94da6e3556dc3f82c60b2054b0b5a5094,byte_exact_copy
01_simulation/inputs/systems/FoCut5a_L10_bi/topology/pet_ff_add.itp,PETase-MD-2026,01_simulation/inputs/systems/FoCut5a_L10_bi/topology/pet_ff_add.itp,81b21e49ebfa7a97a95df88345e480524bf84259613c115b2a464ce6716d4051,byte_exact_copy
01_simulation/inputs/systems/FoCut5a_L10_bi/topology/posre.itp,PETase-MD-2026,01_simulation/inputs/systems/FoCut5a_L10_bi/topology/posre.itp,a16bb289485a115453a7300423693e4ec30ccccb7f87c20b4154a8478059bc17,byte_exact_copy
01_simulation/inputs/systems/FoCut5a_L10_bi/topology/posre_pet_anchor.itp,PETase-MD-2026,01_simulation/inputs/systems/FoCut5a_L10_bi/topology/posre_pet_anchor.itp,c68eb480c1815ff19c586243477aa0fedb936d29d68c1386ebae24efc608994c,byte_exact_copy
01_simulation/inputs/systems/FoCut5a_L10_bi/topology/topol.top,PETase-MD-2026,01_simulation/inputs/systems/FoCut5a_L10_bi/topology/topol.top,fcfa556bb4021840e7e8a61d66d5be98ddc0c54d6fa99c79038cb1c6c230140a,byte_exact_copy
01_simulation/inputs/systems/FoCut5a_L10_head/prepared/protein_docked_chainA.pdb,PETase-MD-2026,01_simulation/inputs/systems/FoCut5a_L10_head/prepared/protein_docked_chainA.pdb,feb92cc8887c535fcf3421d0bdbbecca98259c0ee97a2165f912ecb0945bf468,byte_exact_copy
01_simulation/inputs/systems/FoCut5a_L10_head/topology/P1.itp,PETase-MD-2026,01_simulation/inputs/systems/FoCut5a_L10_head/topology/P1.itp,da3212bed6834f1f2f04777801c67cc94da6e3556dc3f82c60b2054b0b5a5094,byte_exact_copy
01_simulation/inputs/systems/FoCut5a_L10_head/topology/pet_ff_add.itp,PETase-MD-2026,01_simulation/inputs/systems/FoCut5a_L10_head/topology/pet_ff_add.itp,81b21e49ebfa7a97a95df88345e480524bf84259613c115b2a464ce6716d4051,byte_exact_copy
01_simulation/inputs/systems/FoCut5a_L10_head/topology/posre.itp,PETase-MD-2026,01_simulation/inputs/systems/FoCut5a_L10_head/topology/posre.itp,a16bb289485a115453a7300423693e4ec30ccccb7f87c20b4154a8478059bc17,byte_exact_copy
01_simulation/inputs/systems/FoCut5a_L10_head/topology/posre_pet_anchor.itp,PETase-MD-2026,01_simulation/inputs/systems/FoCut5a_L10_head/topology/posre_pet_anchor.itp,48971359db4f51e02cf5dcc64f2bcec8d23cdc539f9826f12960601c82f1556c,byte_exact_copy
01_simulation/inputs/systems/FoCut5a_L10_head/topology/topol.top,PETase-MD-2026,01_simulation/inputs/systems/FoCut5a_L10_head/topology/topol.top,ad4eeedae421fc00f5e6b59fc64e5af7e3b6c09af42f4cd88ff96d7ad2c51c06,byte_exact_copy
01_simulation/inputs/systems/FoCut5a_L10_tail/prepared/protein_docked_chainA.pdb,PETase-MD-2026,01_simulation/inputs/systems/FoCut5a_L10_tail/prepared/protein_docked_chainA.pdb,feb92cc8887c535fcf3421d0bdbbecca98259c0ee97a2165f912ecb0945bf468,byte_exact_copy
01_simulation/inputs/systems/FoCut5a_L10_tail/topology/P1.itp,PETase-MD-2026,01_simulation/inputs/systems/FoCut5a_L10_tail/topology/P1.itp,da3212bed6834f1f2f04777801c67cc94da6e3556dc3f82c60b2054b0b5a5094,byte_exact_copy
01_simulation/inputs/systems/FoCut5a_L10_tail/topology/pet_ff_add.itp,PETase-MD-2026,01_simulation/inputs/systems/FoCut5a_L10_tail/topology/pet_ff_add.itp,81b21e49ebfa7a97a95df88345e480524bf84259613c115b2a464ce6716d4051,byte_exact_copy
01_simulation/inputs/systems/FoCut5a_L10_tail/topology/posre.itp,PETase-MD-2026,01_simulation/inputs/systems/FoCut5a_L10_tail/topology/posre.itp,a16bb289485a115453a7300423693e4ec30ccccb7f87c20b4154a8478059bc17,byte_exact_copy
01_simulation/inputs/systems/FoCut5a_L10_tail/topology/posre_pet_anchor.itp,PETase-MD-2026,01_simulation/inputs/systems/FoCut5a_L10_tail/topology/posre_pet_anchor.itp,f76ebd4b11e7267f530db4dbd34a83c4f8d1e31b614652f0d6861c5aa3a4d48f,byte_exact_copy
01_simulation/inputs/systems/FoCut5a_L10_tail/topology/topol.top,PETase-MD-2026,01_simulation/inputs/systems/FoCut5a_L10_tail/topology/topol.top,b4c24d109064c98d01bb31bdb67f6449bef3b99af0a5f8455a03d8f8e6019e0c,byte_exact_copy
01_simulation/inputs/systems/FoCut5a_L20_bi/prepared/protein_docked_chainA.pdb,PETase-MD-2026,01_simulation/inputs/systems/FoCut5a_L20_bi/prepared/protein_docked_chainA.pdb,feb92cc8887c535fcf3421d0bdbbecca98259c0ee97a2165f912ecb0945bf468,byte_exact_copy
01_simulation/inputs/systems/FoCut5a_L20_bi/topology/P1.itp,PETase-MD-2026,01_simulation/inputs/systems/FoCut5a_L20_bi/topology/P1.itp,0cf4db3e50f7e7e38cbedc3529839c533c97d1b2259c71929de3e27996ef04fd,byte_exact_copy
01_simulation/inputs/systems/FoCut5a_L20_bi/topology/pet_ff_add.itp,PETase-MD-2026,01_simulation/inputs/systems/FoCut5a_L20_bi/topology/pet_ff_add.itp,81b21e49ebfa7a97a95df88345e480524bf84259613c115b2a464ce6716d4051,byte_exact_copy
01_simulation/inputs/systems/FoCut5a_L20_bi/topology/posre.itp,PETase-MD-2026,01_simulation/inputs/systems/FoCut5a_L20_bi/topology/posre.itp,a16bb289485a115453a7300423693e4ec30ccccb7f87c20b4154a8478059bc17,byte_exact_copy
01_simulation/inputs/systems/FoCut5a_L20_bi/topology/posre_pet_anchor.itp,PETase-MD-2026,01_simulation/inputs/systems/FoCut5a_L20_bi/topology/posre_pet_anchor.itp,b3fb42cd18598bccd478c0229d28264d85e56bb7f6eed1239f1c323d1121bdde,byte_exact_copy
01_simulation/inputs/systems/FoCut5a_L20_bi/topology/topol.top,PETase-MD-2026,01_simulation/inputs/systems/FoCut5a_L20_bi/topology/topol.top,cc2e7d67601f3352e14de00fcea3da3f9817c6bc959ba248d27cab938efb59fc,byte_exact_copy
01_simulation/inputs/systems/FoCut5a_L20_head/prepared/protein_docked_chainA.pdb,PETase-MD-2026,01_simulation/inputs/systems/FoCut5a_L20_head/prepared/protein_docked_chainA.pdb,feb92cc8887c535fcf3421d0bdbbecca98259c0ee97a2165f912ecb0945bf468,byte_exact_copy
01_simulation/inputs/systems/FoCut5a_L20_head/topology/P1.itp,PETase-MD-2026,01_simulation/inputs/systems/FoCut5a_L20_head/topology/P1.itp,0cf4db3e50f7e7e38cbedc3529839c533c97d1b2259c71929de3e27996ef04fd,byte_exact_copy
01_simulation/inputs/systems/FoCut5a_L20_head/topology/pet_ff_add.itp,PETase-MD-2026,01_simulation/inputs/systems/FoCut5a_L20_head/topology/pet_ff_add.itp,81b21e49ebfa7a97a95df88345e480524bf84259613c115b2a464ce6716d4051,byte_exact_copy
01_simulation/inputs/systems/FoCut5a_L20_head/topology/posre.itp,PETase-MD-2026,01_simulation/inputs/systems/FoCut5a_L20_head/topology/posre.itp,a16bb289485a115453a7300423693e4ec30ccccb7f87c20b4154a8478059bc17,byte_exact_copy
01_simulation/inputs/systems/FoCut5a_L20_head/topology/posre_pet_anchor.itp,PETase-MD-2026,01_simulation/inputs/systems/FoCut5a_L20_head/topology/posre_pet_anchor.itp,2609c969004468dd0df1de40ec8d87c02eadfb7c873b48f3cc017250f708eb76,byte_exact_copy
01_simulation/inputs/systems/FoCut5a_L20_head/topology/topol.top,PETase-MD-2026,01_simulation/inputs/systems/FoCut5a_L20_head/topology/topol.top,234450ea57819c97d971f7c0a8418a5b3102a7e4841d35b6e5c918426220d014,byte_exact_copy
01_simulation/inputs/systems/FoCut5a_L20_tail/prepared/protein_docked_chainA.pdb,PETase-MD-2026,01_simulation/inputs/systems/FoCut5a_L20_tail/prepared/protein_docked_chainA.pdb,feb92cc8887c535fcf3421d0bdbbecca98259c0ee97a2165f912ecb0945bf468,byte_exact_copy
01_simulation/inputs/systems/FoCut5a_L20_tail/topology/P1.itp,PETase-MD-2026,01_simulation/inputs/systems/FoCut5a_L20_tail/topology/P1.itp,0cf4db3e50f7e7e38cbedc3529839c533c97d1b2259c71929de3e27996ef04fd,byte_exact_copy
01_simulation/inputs/systems/FoCut5a_L20_tail/topology/pet_ff_add.itp,PETase-MD-2026,01_simulation/inputs/systems/FoCut5a_L20_tail/topology/pet_ff_add.itp,81b21e49ebfa7a97a95df88345e480524bf84259613c115b2a464ce6716d4051,byte_exact_copy
01_simulation/inputs/systems/FoCut5a_L20_tail/topology/posre.itp,PETase-MD-2026,01_simulation/inputs/systems/FoCut5a_L20_tail/topology/posre.itp,a16bb289485a115453a7300423693e4ec30ccccb7f87c20b4154a8478059bc17,byte_exact_copy
01_simulation/inputs/systems/FoCut5a_L20_tail/topology/posre_pet_anchor.itp,PETase-MD-2026,01_simulation/inputs/systems/FoCut5a_L20_tail/topology/posre_pet_anchor.itp,9d403cfa2fe6973ff28f5261dad3376c2fc8a8410f721ff8dd705ed51ae94f3b,byte_exact_copy
01_simulation/inputs/systems/FoCut5a_L20_tail/topology/topol.top,PETase-MD-2026,01_simulation/inputs/systems/FoCut5a_L20_tail/topology/topol.top,53ce3c706b72e2af839bce3c79958dac138384926ad52a182117cd94e751134e,byte_exact_copy
01_simulation/inputs/systems/FoCut5a_L4_single/prepared/protein_docked_chainA.pdb,PETase-MD-2026,01_simulation/inputs/systems/FoCut5a_L4_single/prepared/protein_docked_chainA.pdb,feb92cc8887c535fcf3421d0bdbbecca98259c0ee97a2165f912ecb0945bf468,byte_exact_copy
01_simulation/inputs/systems/FoCut5a_L4_single/topology/P1.itp,PETase-MD-2026,01_simulation/inputs/systems/FoCut5a_L4_single/topology/P1.itp,c6303f6ffc3e8e92e06aa5c37831554900b6f070d66dac580c77fabbb3396b35,byte_exact_copy
01_simulation/inputs/systems/FoCut5a_L4_single/topology/pet_ff_add.itp,PETase-MD-2026,01_simulation/inputs/systems/FoCut5a_L4_single/topology/pet_ff_add.itp,81b21e49ebfa7a97a95df88345e480524bf84259613c115b2a464ce6716d4051,byte_exact_copy
01_simulation/inputs/systems/FoCut5a_L4_single/topology/posre.itp,PETase-MD-2026,01_simulation/inputs/systems/FoCut5a_L4_single/topology/posre.itp,a16bb289485a115453a7300423693e4ec30ccccb7f87c20b4154a8478059bc17,byte_exact_copy
01_simulation/inputs/systems/FoCut5a_L4_single/topology/topol.top,PETase-MD-2026,01_simulation/inputs/systems/FoCut5a_L4_single/topology/topol.top,541edcfd854759a508baca6b080426ae1033852ee795795086c2787709a7fc75,byte_exact_copy
01_simulation/inputs/systems/HiC_L10_bi/prepared/protein_docked_chainA.pdb,PETase-MD-2026,01_simulation/inputs/systems/HiC_L10_bi/prepared/protein_docked_chainA.pdb,003f7377348637f0318b137754dda3a31a463cd2f68e403f47656972c9ad765b,byte_exact_copy
01_simulation/inputs/systems/HiC_L10_bi/topology/P1.itp,PETase-MD-2026,01_simulation/inputs/systems/HiC_L10_bi/topology/P1.itp,da3212bed6834f1f2f04777801c67cc94da6e3556dc3f82c60b2054b0b5a5094,byte_exact_copy
01_simulation/inputs/systems/HiC_L10_bi/topology/pet_ff_add.itp,PETase-MD-2026,01_simulation/inputs/systems/HiC_L10_bi/topology/pet_ff_add.itp,81b21e49ebfa7a97a95df88345e480524bf84259613c115b2a464ce6716d4051,byte_exact_copy
01_simulation/inputs/systems/HiC_L10_bi/topology/posre.itp,PETase-MD-2026,01_simulation/inputs/systems/HiC_L10_bi/topology/posre.itp,8102e660aa55d86b0e7cf74155a6693a30f245394af9f4f9554a8ef173d297ad,byte_exact_copy
01_simulation/inputs/systems/HiC_L10_bi/topology/posre_pet_anchor.itp,PETase-MD-2026,01_simulation/inputs/systems/HiC_L10_bi/topology/posre_pet_anchor.itp,373ff10e53cbbfcba9dba53bf54793a568197a826cf8f76ced820bca67b27968,byte_exact_copy
01_simulation/inputs/systems/HiC_L10_bi/topology/topol.top,PETase-MD-2026,01_simulation/inputs/systems/HiC_L10_bi/topology/topol.top,7fa09385a0a271fe1e0af22fb31f9251be360d940497d6517bf5adda7a2460e4,byte_exact_copy
01_simulation/inputs/systems/HiC_L10_head/prepared/protein_docked_chainA.pdb,PETase-MD-2026,01_simulation/inputs/systems/HiC_L10_head/prepared/protein_docked_chainA.pdb,003f7377348637f0318b137754dda3a31a463cd2f68e403f47656972c9ad765b,byte_exact_copy
01_simulation/inputs/systems/HiC_L10_head/topology/P1.itp,PETase-MD-2026,01_simulation/inputs/systems/HiC_L10_head/topology/P1.itp,da3212bed6834f1f2f04777801c67cc94da6e3556dc3f82c60b2054b0b5a5094,byte_exact_copy
01_simulation/inputs/systems/HiC_L10_head/topology/pet_ff_add.itp,PETase-MD-2026,01_simulation/inputs/systems/HiC_L10_head/topology/pet_ff_add.itp,81b21e49ebfa7a97a95df88345e480524bf84259613c115b2a464ce6716d4051,byte_exact_copy
01_simulation/inputs/systems/HiC_L10_head/topology/posre.itp,PETase-MD-2026,01_simulation/inputs/systems/HiC_L10_head/topology/posre.itp,8102e660aa55d86b0e7cf74155a6693a30f245394af9f4f9554a8ef173d297ad,byte_exact_copy
01_simulation/inputs/systems/HiC_L10_head/topology/posre_pet_anchor.itp,PETase-MD-2026,01_simulation/inputs/systems/HiC_L10_head/topology/posre_pet_anchor.itp,c6fcf623b365b673d6c3e7887e0c98dbdc4ab0ee24539583d2f2cfd900fd3ffc,byte_exact_copy
01_simulation/inputs/systems/HiC_L10_head/topology/topol.top,PETase-MD-2026,01_simulation/inputs/systems/HiC_L10_head/topology/topol.top,d4732c3d427fb469864faf6eaf23850b1dd65e4861c9bcc64c59753b57e3d283,byte_exact_copy
01_simulation/inputs/systems/HiC_L10_tail/prepared/protein_docked_chainA.pdb,PETase-MD-2026,01_simulation/inputs/systems/HiC_L10_tail/prepared/protein_docked_chainA.pdb,003f7377348637f0318b137754dda3a31a463cd2f68e403f47656972c9ad765b,byte_exact_copy
01_simulation/inputs/systems/HiC_L10_tail/topology/P1.itp,PETase-MD-2026,01_simulation/inputs/systems/HiC_L10_tail/topology/P1.itp,da3212bed6834f1f2f04777801c67cc94da6e3556dc3f82c60b2054b0b5a5094,byte_exact_copy
01_simulation/inputs/systems/HiC_L10_tail/topology/pet_ff_add.itp,PETase-MD-2026,01_simulation/inputs/systems/HiC_L10_tail/topology/pet_ff_add.itp,81b21e49ebfa7a97a95df88345e480524bf84259613c115b2a464ce6716d4051,byte_exact_copy
01_simulation/inputs/systems/HiC_L10_tail/topology/posre.itp,PETase-MD-2026,01_simulation/inputs/systems/HiC_L10_tail/topology/posre.itp,8102e660aa55d86b0e7cf74155a6693a30f245394af9f4f9554a8ef173d297ad,byte_exact_copy
01_simulation/inputs/systems/HiC_L10_tail/topology/posre_pet_anchor.itp,PETase-MD-2026,01_simulation/inputs/systems/HiC_L10_tail/topology/posre_pet_anchor.itp,0d7dbbee4b16bd06a721aa129ff02374709b7a242d304e3bf79bc05e5fc9e941,byte_exact_copy
01_simulation/inputs/systems/HiC_L10_tail/topology/topol.top,PETase-MD-2026,01_simulation/inputs/systems/HiC_L10_tail/topology/topol.top,104db4389ab1752fb7d07a0fae0dd304b97654ac1fb26b2c16ac855ac579500a,byte_exact_copy
01_simulation/inputs/systems/HiC_L20_bi/prepared/protein_docked_chainA.pdb,PETase-MD-2026,01_simulation/inputs/systems/HiC_L20_bi/prepared/protein_docked_chainA.pdb,003f7377348637f0318b137754dda3a31a463cd2f68e403f47656972c9ad765b,byte_exact_copy
01_simulation/inputs/systems/HiC_L20_bi/topology/P1.itp,PETase-MD-2026,01_simulation/inputs/systems/HiC_L20_bi/topology/P1.itp,0cf4db3e50f7e7e38cbedc3529839c533c97d1b2259c71929de3e27996ef04fd,byte_exact_copy
01_simulation/inputs/systems/HiC_L20_bi/topology/pet_ff_add.itp,PETase-MD-2026,01_simulation/inputs/systems/HiC_L20_bi/topology/pet_ff_add.itp,81b21e49ebfa7a97a95df88345e480524bf84259613c115b2a464ce6716d4051,byte_exact_copy
01_simulation/inputs/systems/HiC_L20_bi/topology/posre.itp,PETase-MD-2026,01_simulation/inputs/systems/HiC_L20_bi/topology/posre.itp,8102e660aa55d86b0e7cf74155a6693a30f245394af9f4f9554a8ef173d297ad,byte_exact_copy
01_simulation/inputs/systems/HiC_L20_bi/topology/posre_pet_anchor.itp,PETase-MD-2026,01_simulation/inputs/systems/HiC_L20_bi/topology/posre_pet_anchor.itp,30210f3e33d63749db06da812d170ac4e6480d673dd944f03d32d83e2cfddbbd,byte_exact_copy
01_simulation/inputs/systems/HiC_L20_bi/topology/topol.top,PETase-MD-2026,01_simulation/inputs/systems/HiC_L20_bi/topology/topol.top,1ce31688a03a7ce41c3573638ef448a3196ba00f367f9b2b8a0b6b8f7451f7fd,byte_exact_copy
01_simulation/inputs/systems/HiC_L20_head/prepared/protein_docked_chainA.pdb,PETase-MD-2026,01_simulation/inputs/systems/HiC_L20_head/prepared/protein_docked_chainA.pdb,003f7377348637f0318b137754dda3a31a463cd2f68e403f47656972c9ad765b,byte_exact_copy
01_simulation/inputs/systems/HiC_L20_head/topology/P1.itp,PETase-MD-2026,01_simulation/inputs/systems/HiC_L20_head/topology/P1.itp,0cf4db3e50f7e7e38cbedc3529839c533c97d1b2259c71929de3e27996ef04fd,byte_exact_copy
01_simulation/inputs/systems/HiC_L20_head/topology/pet_ff_add.itp,PETase-MD-2026,01_simulation/inputs/systems/HiC_L20_head/topology/pet_ff_add.itp,81b21e49ebfa7a97a95df88345e480524bf84259613c115b2a464ce6716d4051,byte_exact_copy
01_simulation/inputs/systems/HiC_L20_head/topology/posre.itp,PETase-MD-2026,01_simulation/inputs/systems/HiC_L20_head/topology/posre.itp,8102e660aa55d86b0e7cf74155a6693a30f245394af9f4f9554a8ef173d297ad,byte_exact_copy
01_simulation/inputs/systems/HiC_L20_head/topology/posre_pet_anchor.itp,PETase-MD-2026,01_simulation/inputs/systems/HiC_L20_head/topology/posre_pet_anchor.itp,6547d7a65c81c3696222eadd0a6b082f1b4884e48a4ed1207b3e7acf379ce0b8,byte_exact_copy
01_simulation/inputs/systems/HiC_L20_head/topology/topol.top,PETase-MD-2026,01_simulation/inputs/systems/HiC_L20_head/topology/topol.top,1f5b64f4c215d9338cf8bfe8c11f2fd6f836bef89d689dd0b97b449f070571de,byte_exact_copy
01_simulation/inputs/systems/HiC_L20_tail/prepared/protein_docked_chainA.pdb,PETase-MD-2026,01_simulation/inputs/systems/HiC_L20_tail/prepared/protein_docked_chainA.pdb,003f7377348637f0318b137754dda3a31a463cd2f68e403f47656972c9ad765b,byte_exact_copy
01_simulation/inputs/systems/HiC_L20_tail/topology/P1.itp,PETase-MD-2026,01_simulation/inputs/systems/HiC_L20_tail/topology/P1.itp,0cf4db3e50f7e7e38cbedc3529839c533c97d1b2259c71929de3e27996ef04fd,byte_exact_copy
01_simulation/inputs/systems/HiC_L20_tail/topology/pet_ff_add.itp,PETase-MD-2026,01_simulation/inputs/systems/HiC_L20_tail/topology/pet_ff_add.itp,81b21e49ebfa7a97a95df88345e480524bf84259613c115b2a464ce6716d4051,byte_exact_copy
01_simulation/inputs/systems/HiC_L20_tail/topology/posre.itp,PETase-MD-2026,01_simulation/inputs/systems/HiC_L20_tail/topology/posre.itp,8102e660aa55d86b0e7cf74155a6693a30f245394af9f4f9554a8ef173d297ad,byte_exact_copy
01_simulation/inputs/systems/HiC_L20_tail/topology/posre_pet_anchor.itp,PETase-MD-2026,01_simulation/inputs/systems/HiC_L20_tail/topology/posre_pet_anchor.itp,7ab874cbb781d1185f1a9d644e70631edf8ca69268fe6c7c5f91f271bcfc234d,byte_exact_copy
01_simulation/inputs/systems/HiC_L20_tail/topology/topol.top,PETase-MD-2026,01_simulation/inputs/systems/HiC_L20_tail/topology/topol.top,d4f8d83ef2ac4d5f376ebfa500fc344e446b6517633b937263a477f0fd2eebd5,byte_exact_copy
01_simulation/inputs/systems/HiC_L4_single/prepared/protein_docked_chainA.pdb,PETase-MD-2026,01_simulation/inputs/systems/HiC_L4_single/prepared/protein_docked_chainA.pdb,003f7377348637f0318b137754dda3a31a463cd2f68e403f47656972c9ad765b,byte_exact_copy
01_simulation/inputs/systems/HiC_L4_single/topology/P1.itp,PETase-MD-2026,01_simulation/inputs/systems/HiC_L4_single/topology/P1.itp,c6303f6ffc3e8e92e06aa5c37831554900b6f070d66dac580c77fabbb3396b35,byte_exact_copy
01_simulation/inputs/systems/HiC_L4_single/topology/pet_ff_add.itp,PETase-MD-2026,01_simulation/inputs/systems/HiC_L4_single/topology/pet_ff_add.itp,81b21e49ebfa7a97a95df88345e480524bf84259613c115b2a464ce6716d4051,byte_exact_copy
01_simulation/inputs/systems/HiC_L4_single/topology/posre.itp,PETase-MD-2026,01_simulation/inputs/systems/HiC_L4_single/topology/posre.itp,8102e660aa55d86b0e7cf74155a6693a30f245394af9f4f9554a8ef173d297ad,byte_exact_copy
01_simulation/inputs/systems/HiC_L4_single/topology/topol.top,PETase-MD-2026,01_simulation/inputs/systems/HiC_L4_single/topology/topol.top,eb9410817bc449cdcb40ba93c00d77a054b92333043d58950fb06b76810e522a,byte_exact_copy
01_simulation/inputs/systems/IsPETase_L10_bi/prepared/protein_docked_chainA.pdb,PETase-MD-2026,01_simulation/inputs/systems/IsPETase_L10_bi/prepared/protein_docked_chainA.pdb,be44a492223713b7401da3d4af744a70ad796e85d31524d9a1b3990f88679915,byte_exact_copy
01_simulation/inputs/systems/IsPETase_L10_bi/topology/P1.itp,PETase-MD-2026,01_simulation/inputs/systems/IsPETase_L10_bi/topology/P1.itp,da3212bed6834f1f2f04777801c67cc94da6e3556dc3f82c60b2054b0b5a5094,byte_exact_copy
01_simulation/inputs/systems/IsPETase_L10_bi/topology/pet_ff_add.itp,PETase-MD-2026,01_simulation/inputs/systems/IsPETase_L10_bi/topology/pet_ff_add.itp,81b21e49ebfa7a97a95df88345e480524bf84259613c115b2a464ce6716d4051,byte_exact_copy
01_simulation/inputs/systems/IsPETase_L10_bi/topology/posre.itp,PETase-MD-2026,01_simulation/inputs/systems/IsPETase_L10_bi/topology/posre.itp,58e6c1c2b90fc2b6684bcaab6ca601a0aa09563f80bb6156c780fe47eafda4fe,byte_exact_copy
01_simulation/inputs/systems/IsPETase_L10_bi/topology/posre_pet_anchor.itp,PETase-MD-2026,01_simulation/inputs/systems/IsPETase_L10_bi/topology/posre_pet_anchor.itp,3984f385393cf0abac0e458822abb033de710f79acfbc994c0cfb3d86f3f8775,byte_exact_copy
01_simulation/inputs/systems/IsPETase_L10_bi/topology/topol.top,PETase-MD-2026,01_simulation/inputs/systems/IsPETase_L10_bi/topology/topol.top,c98c270ee67f3b3b11078702ef5f12d8f45bfd3cf7ba7585421bf96aa2bc242d,byte_exact_copy
01_simulation/inputs/systems/IsPETase_L10_head/prepared/protein_docked_chainA.pdb,PETase-MD-2026,01_simulation/inputs/systems/IsPETase_L10_head/prepared/protein_docked_chainA.pdb,be44a492223713b7401da3d4af744a70ad796e85d31524d9a1b3990f88679915,byte_exact_copy
01_simulation/inputs/systems/IsPETase_L10_head/topology/P1.itp,PETase-MD-2026,01_simulation/inputs/systems/IsPETase_L10_head/topology/P1.itp,da3212bed6834f1f2f04777801c67cc94da6e3556dc3f82c60b2054b0b5a5094,byte_exact_copy
01_simulation/inputs/systems/IsPETase_L10_head/topology/pet_ff_add.itp,PETase-MD-2026,01_simulation/inputs/systems/IsPETase_L10_head/topology/pet_ff_add.itp,81b21e49ebfa7a97a95df88345e480524bf84259613c115b2a464ce6716d4051,byte_exact_copy
01_simulation/inputs/systems/IsPETase_L10_head/topology/posre.itp,PETase-MD-2026,01_simulation/inputs/systems/IsPETase_L10_head/topology/posre.itp,58e6c1c2b90fc2b6684bcaab6ca601a0aa09563f80bb6156c780fe47eafda4fe,byte_exact_copy
01_simulation/inputs/systems/IsPETase_L10_head/topology/posre_pet_anchor.itp,PETase-MD-2026,01_simulation/inputs/systems/IsPETase_L10_head/topology/posre_pet_anchor.itp,518b70f828fd6845afe15c59dbc09f17320d1ec28d5b5739892a5aa6b543d797,byte_exact_copy
01_simulation/inputs/systems/IsPETase_L10_head/topology/topol.top,PETase-MD-2026,01_simulation/inputs/systems/IsPETase_L10_head/topology/topol.top,ad5bbea3f16b0d5f420e8b420e6c8d30eb5b7982d0fdc2f8dad2e6dff8e6f308,byte_exact_copy
01_simulation/inputs/systems/IsPETase_L10_tail/prepared/protein_docked_chainA.pdb,PETase-MD-2026,01_simulation/inputs/systems/IsPETase_L10_tail/prepared/protein_docked_chainA.pdb,be44a492223713b7401da3d4af744a70ad796e85d31524d9a1b3990f88679915,byte_exact_copy
01_simulation/inputs/systems/IsPETase_L10_tail/topology/P1.itp,PETase-MD-2026,01_simulation/inputs/systems/IsPETase_L10_tail/topology/P1.itp,da3212bed6834f1f2f04777801c67cc94da6e3556dc3f82c60b2054b0b5a5094,byte_exact_copy
01_simulation/inputs/systems/IsPETase_L10_tail/topology/pet_ff_add.itp,PETase-MD-2026,01_simulation/inputs/systems/IsPETase_L10_tail/topology/pet_ff_add.itp,81b21e49ebfa7a97a95df88345e480524bf84259613c115b2a464ce6716d4051,byte_exact_copy
01_simulation/inputs/systems/IsPETase_L10_tail/topology/posre.itp,PETase-MD-2026,01_simulation/inputs/systems/IsPETase_L10_tail/topology/posre.itp,58e6c1c2b90fc2b6684bcaab6ca601a0aa09563f80bb6156c780fe47eafda4fe,byte_exact_copy
01_simulation/inputs/systems/IsPETase_L10_tail/topology/posre_pet_anchor.itp,PETase-MD-2026,01_simulation/inputs/systems/IsPETase_L10_tail/topology/posre_pet_anchor.itp,c520d61acf13d7836aedcee78050ea898ad3704052ed53835bb03b5d188d447a,byte_exact_copy
01_simulation/inputs/systems/IsPETase_L10_tail/topology/topol.top,PETase-MD-2026,01_simulation/inputs/systems/IsPETase_L10_tail/topology/topol.top,9bc6bddb2076ea1b83c9ce28676a999e4f6a26574bc6b7edd96c793449864833,byte_exact_copy
01_simulation/inputs/systems/IsPETase_L20_bi/prepared/protein_docked_chainA.pdb,PETase-MD-2026,01_simulation/inputs/systems/IsPETase_L20_bi/prepared/protein_docked_chainA.pdb,be44a492223713b7401da3d4af744a70ad796e85d31524d9a1b3990f88679915,byte_exact_copy
01_simulation/inputs/systems/IsPETase_L20_bi/topology/P1.itp,PETase-MD-2026,01_simulation/inputs/systems/IsPETase_L20_bi/topology/P1.itp,0cf4db3e50f7e7e38cbedc3529839c533c97d1b2259c71929de3e27996ef04fd,byte_exact_copy
01_simulation/inputs/systems/IsPETase_L20_bi/topology/pet_ff_add.itp,PETase-MD-2026,01_simulation/inputs/systems/IsPETase_L20_bi/topology/pet_ff_add.itp,81b21e49ebfa7a97a95df88345e480524bf84259613c115b2a464ce6716d4051,byte_exact_copy
01_simulation/inputs/systems/IsPETase_L20_bi/topology/posre.itp,PETase-MD-2026,01_simulation/inputs/systems/IsPETase_L20_bi/topology/posre.itp,58e6c1c2b90fc2b6684bcaab6ca601a0aa09563f80bb6156c780fe47eafda4fe,byte_exact_copy
01_simulation/inputs/systems/IsPETase_L20_bi/topology/posre_pet_anchor.itp,PETase-MD-2026,01_simulation/inputs/systems/IsPETase_L20_bi/topology/posre_pet_anchor.itp,60e9e7049dcd7b3472a58069cd24109506066f90c97adc71525d9ece4b37c6fe,byte_exact_copy
01_simulation/inputs/systems/IsPETase_L20_bi/topology/topol.top,PETase-MD-2026,01_simulation/inputs/systems/IsPETase_L20_bi/topology/topol.top,10320da69879480042c0145c41b35d6982bd3d7a26f22e8790c90e7827ca52c7,byte_exact_copy
01_simulation/inputs/systems/IsPETase_L20_head/prepared/protein_docked_chainA.pdb,PETase-MD-2026,01_simulation/inputs/systems/IsPETase_L20_head/prepared/protein_docked_chainA.pdb,be44a492223713b7401da3d4af744a70ad796e85d31524d9a1b3990f88679915,byte_exact_copy
01_simulation/inputs/systems/IsPETase_L20_head/topology/P1.itp,PETase-MD-2026,01_simulation/inputs/systems/IsPETase_L20_head/topology/P1.itp,0cf4db3e50f7e7e38cbedc3529839c533c97d1b2259c71929de3e27996ef04fd,byte_exact_copy
01_simulation/inputs/systems/IsPETase_L20_head/topology/pet_ff_add.itp,PETase-MD-2026,01_simulation/inputs/systems/IsPETase_L20_head/topology/pet_ff_add.itp,81b21e49ebfa7a97a95df88345e480524bf84259613c115b2a464ce6716d4051,byte_exact_copy
01_simulation/inputs/systems/IsPETase_L20_head/topology/posre.itp,PETase-MD-2026,01_simulation/inputs/systems/IsPETase_L20_head/topology/posre.itp,58e6c1c2b90fc2b6684bcaab6ca601a0aa09563f80bb6156c780fe47eafda4fe,byte_exact_copy
01_simulation/inputs/systems/IsPETase_L20_head/topology/posre_pet_anchor.itp,PETase-MD-2026,01_simulation/inputs/systems/IsPETase_L20_head/topology/posre_pet_anchor.itp,bdf1dacfc46f8425e99c63896383d5aadae34f84aa59c29e1bb74a2bcc93cacc,byte_exact_copy
01_simulation/inputs/systems/IsPETase_L20_head/topology/topol.top,PETase-MD-2026,01_simulation/inputs/systems/IsPETase_L20_head/topology/topol.top,1c04c9eaaf8bb6ece122ea0af0a4852d202f529ac5986b17a895e6e27111bfcb,byte_exact_copy
01_simulation/inputs/systems/IsPETase_L20_tail/prepared/protein_docked_chainA.pdb,PETase-MD-2026,01_simulation/inputs/systems/IsPETase_L20_tail/prepared/protein_docked_chainA.pdb,be44a492223713b7401da3d4af744a70ad796e85d31524d9a1b3990f88679915,byte_exact_copy
01_simulation/inputs/systems/IsPETase_L20_tail/topology/P1.itp,PETase-MD-2026,01_simulation/inputs/systems/IsPETase_L20_tail/topology/P1.itp,0cf4db3e50f7e7e38cbedc3529839c533c97d1b2259c71929de3e27996ef04fd,byte_exact_copy
01_simulation/inputs/systems/IsPETase_L20_tail/topology/pet_ff_add.itp,PETase-MD-2026,01_simulation/inputs/systems/IsPETase_L20_tail/topology/pet_ff_add.itp,81b21e49ebfa7a97a95df88345e480524bf84259613c115b2a464ce6716d4051,byte_exact_copy
01_simulation/inputs/systems/IsPETase_L20_tail/topology/posre.itp,PETase-MD-2026,01_simulation/inputs/systems/IsPETase_L20_tail/topology/posre.itp,58e6c1c2b90fc2b6684bcaab6ca601a0aa09563f80bb6156c780fe47eafda4fe,byte_exact_copy
01_simulation/inputs/systems/IsPETase_L20_tail/topology/posre_pet_anchor.itp,PETase-MD-2026,01_simulation/inputs/systems/IsPETase_L20_tail/topology/posre_pet_anchor.itp,b768baa8fe947010d69fda5a37d36dd0e059daa455f41916a932983d04682456,byte_exact_copy
01_simulation/inputs/systems/IsPETase_L20_tail/topology/topol.top,PETase-MD-2026,01_simulation/inputs/systems/IsPETase_L20_tail/topology/topol.top,9aca961c8b89da0ac329371b6a9c8f6111a6c92c4d57d6b14cf4200dee93ae59,byte_exact_copy
01_simulation/inputs/systems/IsPETase_L4_single/prepared/protein_docked_chainA.pdb,PETase-MD-2026,01_simulation/inputs/systems/IsPETase_L4_single/prepared/protein_docked_chainA.pdb,be44a492223713b7401da3d4af744a70ad796e85d31524d9a1b3990f88679915,byte_exact_copy
01_simulation/inputs/systems/IsPETase_L4_single/topology/P1.itp,PETase-MD-2026,01_simulation/inputs/systems/IsPETase_L4_single/topology/P1.itp,c6303f6ffc3e8e92e06aa5c37831554900b6f070d66dac580c77fabbb3396b35,byte_exact_copy
01_simulation/inputs/systems/IsPETase_L4_single/topology/pet_ff_add.itp,PETase-MD-2026,01_simulation/inputs/systems/IsPETase_L4_single/topology/pet_ff_add.itp,81b21e49ebfa7a97a95df88345e480524bf84259613c115b2a464ce6716d4051,byte_exact_copy
01_simulation/inputs/systems/IsPETase_L4_single/topology/posre.itp,PETase-MD-2026,01_simulation/inputs/systems/IsPETase_L4_single/topology/posre.itp,58e6c1c2b90fc2b6684bcaab6ca601a0aa09563f80bb6156c780fe47eafda4fe,byte_exact_copy
01_simulation/inputs/systems/IsPETase_L4_single/topology/topol.top,PETase-MD-2026,01_simulation/inputs/systems/IsPETase_L4_single/topology/topol.top,b5e6bc65337c88e0cf6eb837caf0f1a580fd66dc89d19fcd5507e27056e51ed9,byte_exact_copy
01_simulation/inputs/systems/LCC_L10_bi/prepared/protein_docked_chainA.pdb,PETase-MD-2026,01_simulation/inputs/systems/LCC_L10_bi/prepared/protein_docked_chainA.pdb,354bd2bdfc586ebda60b8be42b90f5c5116de742d32f997c07ee250a801e502d,byte_exact_copy
01_simulation/inputs/systems/LCC_L10_bi/topology/P1.itp,PETase-MD-2026,01_simulation/inputs/systems/LCC_L10_bi/topology/P1.itp,da3212bed6834f1f2f04777801c67cc94da6e3556dc3f82c60b2054b0b5a5094,byte_exact_copy
01_simulation/inputs/systems/LCC_L10_bi/topology/pet_ff_add.itp,PETase-MD-2026,01_simulation/inputs/systems/LCC_L10_bi/topology/pet_ff_add.itp,81b21e49ebfa7a97a95df88345e480524bf84259613c115b2a464ce6716d4051,byte_exact_copy
01_simulation/inputs/systems/LCC_L10_bi/topology/posre.itp,PETase-MD-2026,01_simulation/inputs/systems/LCC_L10_bi/topology/posre.itp,66cb79be6fb38fb9d60644caee0b1af3833bc53d63a2c3e3bd6594a795223ebb,byte_exact_copy
01_simulation/inputs/systems/LCC_L10_bi/topology/posre_pet_anchor.itp,PETase-MD-2026,01_simulation/inputs/systems/LCC_L10_bi/topology/posre_pet_anchor.itp,90a67fd1a08a1b03d67e061d4ce945a8fb4ee8629f259154643310116864b4cf,byte_exact_copy
01_simulation/inputs/systems/LCC_L10_bi/topology/topol.top,PETase-MD-2026,01_simulation/inputs/systems/LCC_L10_bi/topology/topol.top,2088bb0d43cacd73e9e38173a0287cced4abd608fea0dcc5b88b2fb6862a40fc,byte_exact_copy
01_simulation/inputs/systems/LCC_L10_head/prepared/protein_docked_chainA.pdb,PETase-MD-2026,01_simulation/inputs/systems/LCC_L10_head/prepared/protein_docked_chainA.pdb,354bd2bdfc586ebda60b8be42b90f5c5116de742d32f997c07ee250a801e502d,byte_exact_copy
01_simulation/inputs/systems/LCC_L10_head/topology/P1.itp,PETase-MD-2026,01_simulation/inputs/systems/LCC_L10_head/topology/P1.itp,da3212bed6834f1f2f04777801c67cc94da6e3556dc3f82c60b2054b0b5a5094,byte_exact_copy
01_simulation/inputs/systems/LCC_L10_head/topology/pet_ff_add.itp,PETase-MD-2026,01_simulation/inputs/systems/LCC_L10_head/topology/pet_ff_add.itp,81b21e49ebfa7a97a95df88345e480524bf84259613c115b2a464ce6716d4051,byte_exact_copy
01_simulation/inputs/systems/LCC_L10_head/topology/posre.itp,PETase-MD-2026,01_simulation/inputs/systems/LCC_L10_head/topology/posre.itp,66cb79be6fb38fb9d60644caee0b1af3833bc53d63a2c3e3bd6594a795223ebb,byte_exact_copy
01_simulation/inputs/systems/LCC_L10_head/topology/posre_pet_anchor.itp,PETase-MD-2026,01_simulation/inputs/systems/LCC_L10_head/topology/posre_pet_anchor.itp,fef1b3bafecddf30703d13a4ad4982079ab7f9040678359852fc531c11c26d58,byte_exact_copy
01_simulation/inputs/systems/LCC_L10_head/topology/topol.top,PETase-MD-2026,01_simulation/inputs/systems/LCC_L10_head/topology/topol.top,11813c69c105ec63ec17b8bc5ef115b722d142c4585b655ace00c808910cbfba,byte_exact_copy
01_simulation/inputs/systems/LCC_L10_tail/prepared/protein_docked_chainA.pdb,PETase-MD-2026,01_simulation/inputs/systems/LCC_L10_tail/prepared/protein_docked_chainA.pdb,354bd2bdfc586ebda60b8be42b90f5c5116de742d32f997c07ee250a801e502d,byte_exact_copy
01_simulation/inputs/systems/LCC_L10_tail/topology/P1.itp,PETase-MD-2026,01_simulation/inputs/systems/LCC_L10_tail/topology/P1.itp,da3212bed6834f1f2f04777801c67cc94da6e3556dc3f82c60b2054b0b5a5094,byte_exact_copy
01_simulation/inputs/systems/LCC_L10_tail/topology/pet_ff_add.itp,PETase-MD-2026,01_simulation/inputs/systems/LCC_L10_tail/topology/pet_ff_add.itp,81b21e49ebfa7a97a95df88345e480524bf84259613c115b2a464ce6716d4051,byte_exact_copy
01_simulation/inputs/systems/LCC_L10_tail/topology/posre.itp,PETase-MD-2026,01_simulation/inputs/systems/LCC_L10_tail/topology/posre.itp,66cb79be6fb38fb9d60644caee0b1af3833bc53d63a2c3e3bd6594a795223ebb,byte_exact_copy
01_simulation/inputs/systems/LCC_L10_tail/topology/posre_pet_anchor.itp,PETase-MD-2026,01_simulation/inputs/systems/LCC_L10_tail/topology/posre_pet_anchor.itp,b66e2a6c095f471932b88aab166d12cb2228bd4c8dd1c60bdbc2e972a4bcdc98,byte_exact_copy
01_simulation/inputs/systems/LCC_L10_tail/topology/topol.top,PETase-MD-2026,01_simulation/inputs/systems/LCC_L10_tail/topology/topol.top,be82d1b78c976c17feb8cde534227b35e9ad31601a77f124b1e7d80a54ecd9d9,byte_exact_copy
01_simulation/inputs/systems/LCC_L20_bi/prepared/protein_docked_chainA.pdb,PETase-MD-2026,01_simulation/inputs/systems/LCC_L20_bi/prepared/protein_docked_chainA.pdb,354bd2bdfc586ebda60b8be42b90f5c5116de742d32f997c07ee250a801e502d,byte_exact_copy
01_simulation/inputs/systems/LCC_L20_bi/topology/P1.itp,PETase-MD-2026,01_simulation/inputs/systems/LCC_L20_bi/topology/P1.itp,0cf4db3e50f7e7e38cbedc3529839c533c97d1b2259c71929de3e27996ef04fd,byte_exact_copy
01_simulation/inputs/systems/LCC_L20_bi/topology/pet_ff_add.itp,PETase-MD-2026,01_simulation/inputs/systems/LCC_L20_bi/topology/pet_ff_add.itp,81b21e49ebfa7a97a95df88345e480524bf84259613c115b2a464ce6716d4051,byte_exact_copy
01_simulation/inputs/systems/LCC_L20_bi/topology/posre.itp,PETase-MD-2026,01_simulation/inputs/systems/LCC_L20_bi/topology/posre.itp,66cb79be6fb38fb9d60644caee0b1af3833bc53d63a2c3e3bd6594a795223ebb,byte_exact_copy
01_simulation/inputs/systems/LCC_L20_bi/topology/posre_pet_anchor.itp,PETase-MD-2026,01_simulation/inputs/systems/LCC_L20_bi/topology/posre_pet_anchor.itp,e9af066aeb5edb9659941f6b04f06655fcb2a82e7dea2062f6eafe9c82a2a5d6,byte_exact_copy
01_simulation/inputs/systems/LCC_L20_bi/topology/topol.top,PETase-MD-2026,01_simulation/inputs/systems/LCC_L20_bi/topology/topol.top,2f8b1cbd85fd77cb35cc791ab4b82a45e50084ef7b006150d9c8637c589950d3,byte_exact_copy
01_simulation/inputs/systems/LCC_L20_head/prepared/protein_docked_chainA.pdb,PETase-MD-2026,01_simulation/inputs/systems/LCC_L20_head/prepared/protein_docked_chainA.pdb,354bd2bdfc586ebda60b8be42b90f5c5116de742d32f997c07ee250a801e502d,byte_exact_copy
01_simulation/inputs/systems/LCC_L20_head/topology/P1.itp,PETase-MD-2026,01_simulation/inputs/systems/LCC_L20_head/topology/P1.itp,0cf4db3e50f7e7e38cbedc3529839c533c97d1b2259c71929de3e27996ef04fd,byte_exact_copy
01_simulation/inputs/systems/LCC_L20_head/topology/pet_ff_add.itp,PETase-MD-2026,01_simulation/inputs/systems/LCC_L20_head/topology/pet_ff_add.itp,81b21e49ebfa7a97a95df88345e480524bf84259613c115b2a464ce6716d4051,byte_exact_copy
01_simulation/inputs/systems/LCC_L20_head/topology/posre.itp,PETase-MD-2026,01_simulation/inputs/systems/LCC_L20_head/topology/posre.itp,66cb79be6fb38fb9d60644caee0b1af3833bc53d63a2c3e3bd6594a795223ebb,byte_exact_copy
01_simulation/inputs/systems/LCC_L20_head/topology/posre_pet_anchor.itp,PETase-MD-2026,01_simulation/inputs/systems/LCC_L20_head/topology/posre_pet_anchor.itp,742de3de2d5546cd91db29a5fc4778dc9f7e84a0c55b65b6427762df8d84d19b,byte_exact_copy
01_simulation/inputs/systems/LCC_L20_head/topology/topol.top,PETase-MD-2026,01_simulation/inputs/systems/LCC_L20_head/topology/topol.top,43120812ddd268d44fbf6637ad7398342382ea926a804ba12448ff60e3fe8f64,byte_exact_copy
01_simulation/inputs/systems/LCC_L20_tail/prepared/protein_docked_chainA.pdb,PETase-MD-2026,01_simulation/inputs/systems/LCC_L20_tail/prepared/protein_docked_chainA.pdb,354bd2bdfc586ebda60b8be42b90f5c5116de742d32f997c07ee250a801e502d,byte_exact_copy
01_simulation/inputs/systems/LCC_L20_tail/topology/P1.itp,PETase-MD-2026,01_simulation/inputs/systems/LCC_L20_tail/topology/P1.itp,0cf4db3e50f7e7e38cbedc3529839c533c97d1b2259c71929de3e27996ef04fd,byte_exact_copy
01_simulation/inputs/systems/LCC_L20_tail/topology/pet_ff_add.itp,PETase-MD-2026,01_simulation/inputs/systems/LCC_L20_tail/topology/pet_ff_add.itp,81b21e49ebfa7a97a95df88345e480524bf84259613c115b2a464ce6716d4051,byte_exact_copy
01_simulation/inputs/systems/LCC_L20_tail/topology/posre.itp,PETase-MD-2026,01_simulation/inputs/systems/LCC_L20_tail/topology/posre.itp,66cb79be6fb38fb9d60644caee0b1af3833bc53d63a2c3e3bd6594a795223ebb,byte_exact_copy
01_simulation/inputs/systems/LCC_L20_tail/topology/posre_pet_anchor.itp,PETase-MD-2026,01_simulation/inputs/systems/LCC_L20_tail/topology/posre_pet_anchor.itp,cfc5d9460917fd4f67fd07d244c344de6622514952c61829f4d242309e5c3c67,byte_exact_copy
01_simulation/inputs/systems/LCC_L20_tail/topology/topol.top,PETase-MD-2026,01_simulation/inputs/systems/LCC_L20_tail/topology/topol.top,819c1a59d4e0bb11755e668686a1beaadc7a2712d9567d4a3e141d3f5f966b71,byte_exact_copy
01_simulation/inputs/systems/LCC_L4_single/prepared/protein_docked_chainA.pdb,PETase-MD-2026,01_simulation/inputs/systems/LCC_L4_single/prepared/protein_docked_chainA.pdb,354bd2bdfc586ebda60b8be42b90f5c5116de742d32f997c07ee250a801e502d,byte_exact_copy
01_simulation/inputs/systems/LCC_L4_single/topology/P1.itp,PETase-MD-2026,01_simulation/inputs/systems/LCC_L4_single/topology/P1.itp,c6303f6ffc3e8e92e06aa5c37831554900b6f070d66dac580c77fabbb3396b35,byte_exact_copy
01_simulation/inputs/systems/LCC_L4_single/topology/pet_ff_add.itp,PETase-MD-2026,01_simulation/inputs/systems/LCC_L4_single/topology/pet_ff_add.itp,81b21e49ebfa7a97a95df88345e480524bf84259613c115b2a464ce6716d4051,byte_exact_copy
01_simulation/inputs/systems/LCC_L4_single/topology/posre.itp,PETase-MD-2026,01_simulation/inputs/systems/LCC_L4_single/topology/posre.itp,66cb79be6fb38fb9d60644caee0b1af3833bc53d63a2c3e3bd6594a795223ebb,byte_exact_copy
01_simulation/inputs/systems/LCC_L4_single/topology/topol.top,PETase-MD-2026,01_simulation/inputs/systems/LCC_L4_single/topology/topol.top,83ba1878cdbe16dcb71a310ece1053b02e24cf743dae59efbca9ee7f782f435e,byte_exact_copy
01_simulation/inputs/systems/PHL7_L10_bi/prepared/protein_docked_chainA.pdb,PETase-MD-2026,01_simulation/inputs/systems/PHL7_L10_bi/prepared/protein_docked_chainA.pdb,03e952c37283b6e55f0b274c050f7551528e6a6d60384c75ef660a91dcde2495,byte_exact_copy
01_simulation/inputs/systems/PHL7_L10_bi/topology/P1.itp,PETase-MD-2026,01_simulation/inputs/systems/PHL7_L10_bi/topology/P1.itp,da3212bed6834f1f2f04777801c67cc94da6e3556dc3f82c60b2054b0b5a5094,byte_exact_copy
01_simulation/inputs/systems/PHL7_L10_bi/topology/pet_ff_add.itp,PETase-MD-2026,01_simulation/inputs/systems/PHL7_L10_bi/topology/pet_ff_add.itp,81b21e49ebfa7a97a95df88345e480524bf84259613c115b2a464ce6716d4051,byte_exact_copy
01_simulation/inputs/systems/PHL7_L10_bi/topology/posre.itp,PETase-MD-2026,01_simulation/inputs/systems/PHL7_L10_bi/topology/posre.itp,3290d20b72f118c839e297ed6a7f18d53a8d246a43a231c5b288b7e15d2e1830,byte_exact_copy
01_simulation/inputs/systems/PHL7_L10_bi/topology/posre_pet_anchor.itp,PETase-MD-2026,01_simulation/inputs/systems/PHL7_L10_bi/topology/posre_pet_anchor.itp,20a2a76fb5f48069d8027f76734acd44356c4c712a85b0f9d9d289de9632bd85,byte_exact_copy
01_simulation/inputs/systems/PHL7_L10_bi/topology/topol.top,PETase-MD-2026,01_simulation/inputs/systems/PHL7_L10_bi/topology/topol.top,900c070436ad4ff1769334fea8a1bf2c8e76b271aa7eb2ae90052faf4c797d19,byte_exact_copy
01_simulation/inputs/systems/PHL7_L10_head/prepared/protein_docked_chainA.pdb,PETase-MD-2026,01_simulation/inputs/systems/PHL7_L10_head/prepared/protein_docked_chainA.pdb,03e952c37283b6e55f0b274c050f7551528e6a6d60384c75ef660a91dcde2495,byte_exact_copy
01_simulation/inputs/systems/PHL7_L10_head/topology/P1.itp,PETase-MD-2026,01_simulation/inputs/systems/PHL7_L10_head/topology/P1.itp,da3212bed6834f1f2f04777801c67cc94da6e3556dc3f82c60b2054b0b5a5094,byte_exact_copy
01_simulation/inputs/systems/PHL7_L10_head/topology/pet_ff_add.itp,PETase-MD-2026,01_simulation/inputs/systems/PHL7_L10_head/topology/pet_ff_add.itp,81b21e49ebfa7a97a95df88345e480524bf84259613c115b2a464ce6716d4051,byte_exact_copy
01_simulation/inputs/systems/PHL7_L10_head/topology/posre.itp,PETase-MD-2026,01_simulation/inputs/systems/PHL7_L10_head/topology/posre.itp,3290d20b72f118c839e297ed6a7f18d53a8d246a43a231c5b288b7e15d2e1830,byte_exact_copy
01_simulation/inputs/systems/PHL7_L10_head/topology/posre_pet_anchor.itp,PETase-MD-2026,01_simulation/inputs/systems/PHL7_L10_head/topology/posre_pet_anchor.itp,55b8681f3c9c222a3825667ae97c6ccd903da14d0f3b94f44d60807e28110898,byte_exact_copy
01_simulation/inputs/systems/PHL7_L10_head/topology/topol.top,PETase-MD-2026,01_simulation/inputs/systems/PHL7_L10_head/topology/topol.top,35b7c3c0c8a0b5548b74ba947490f723b55c075f022c9487f8e64077b72bb229,byte_exact_copy
01_simulation/inputs/systems/PHL7_L10_tail/prepared/protein_docked_chainA.pdb,PETase-MD-2026,01_simulation/inputs/systems/PHL7_L10_tail/prepared/protein_docked_chainA.pdb,03e952c37283b6e55f0b274c050f7551528e6a6d60384c75ef660a91dcde2495,byte_exact_copy
01_simulation/inputs/systems/PHL7_L10_tail/topology/P1.itp,PETase-MD-2026,01_simulation/inputs/systems/PHL7_L10_tail/topology/P1.itp,da3212bed6834f1f2f04777801c67cc94da6e3556dc3f82c60b2054b0b5a5094,byte_exact_copy
01_simulation/inputs/systems/PHL7_L10_tail/topology/pet_ff_add.itp,PETase-MD-2026,01_simulation/inputs/systems/PHL7_L10_tail/topology/pet_ff_add.itp,81b21e49ebfa7a97a95df88345e480524bf84259613c115b2a464ce6716d4051,byte_exact_copy
01_simulation/inputs/systems/PHL7_L10_tail/topology/posre.itp,PETase-MD-2026,01_simulation/inputs/systems/PHL7_L10_tail/topology/posre.itp,3290d20b72f118c839e297ed6a7f18d53a8d246a43a231c5b288b7e15d2e1830,byte_exact_copy
01_simulation/inputs/systems/PHL7_L10_tail/topology/posre_pet_anchor.itp,PETase-MD-2026,01_simulation/inputs/systems/PHL7_L10_tail/topology/posre_pet_anchor.itp,402bcffc356f8dd0429905b9790bae1b604eb5537384f83e63a75aa5b1344cc3,byte_exact_copy
01_simulation/inputs/systems/PHL7_L10_tail/topology/topol.top,PETase-MD-2026,01_simulation/inputs/systems/PHL7_L10_tail/topology/topol.top,5ff2be648b637feffbca5241ae1150671394d5dddaf5711e24768c8a99eee423,byte_exact_copy
01_simulation/inputs/systems/PHL7_L20_bi/prepared/protein_docked_chainA.pdb,PETase-MD-2026,01_simulation/inputs/systems/PHL7_L20_bi/prepared/protein_docked_chainA.pdb,03e952c37283b6e55f0b274c050f7551528e6a6d60384c75ef660a91dcde2495,byte_exact_copy
01_simulation/inputs/systems/PHL7_L20_bi/topology/P1.itp,PETase-MD-2026,01_simulation/inputs/systems/PHL7_L20_bi/topology/P1.itp,0cf4db3e50f7e7e38cbedc3529839c533c97d1b2259c71929de3e27996ef04fd,byte_exact_copy
01_simulation/inputs/systems/PHL7_L20_bi/topology/pet_ff_add.itp,PETase-MD-2026,01_simulation/inputs/systems/PHL7_L20_bi/topology/pet_ff_add.itp,81b21e49ebfa7a97a95df88345e480524bf84259613c115b2a464ce6716d4051,byte_exact_copy
01_simulation/inputs/systems/PHL7_L20_bi/topology/posre.itp,PETase-MD-2026,01_simulation/inputs/systems/PHL7_L20_bi/topology/posre.itp,3290d20b72f118c839e297ed6a7f18d53a8d246a43a231c5b288b7e15d2e1830,byte_exact_copy
01_simulation/inputs/systems/PHL7_L20_bi/topology/posre_pet_anchor.itp,PETase-MD-2026,01_simulation/inputs/systems/PHL7_L20_bi/topology/posre_pet_anchor.itp,32310397e0a3f7e49dda3ad3835b544744b6c7ada35fb6417799201a89a465cd,byte_exact_copy
01_simulation/inputs/systems/PHL7_L20_bi/topology/topol.top,PETase-MD-2026,01_simulation/inputs/systems/PHL7_L20_bi/topology/topol.top,ce038b77ea3d011f2a6c30c748d28e29101e72f98e3d66dfc9395cd34266bdcd,byte_exact_copy
01_simulation/inputs/systems/PHL7_L20_head/prepared/protein_docked_chainA.pdb,PETase-MD-2026,01_simulation/inputs/systems/PHL7_L20_head/prepared/protein_docked_chainA.pdb,03e952c37283b6e55f0b274c050f7551528e6a6d60384c75ef660a91dcde2495,byte_exact_copy
01_simulation/inputs/systems/PHL7_L20_head/topology/P1.itp,PETase-MD-2026,01_simulation/inputs/systems/PHL7_L20_head/topology/P1.itp,0cf4db3e50f7e7e38cbedc3529839c533c97d1b2259c71929de3e27996ef04fd,byte_exact_copy
01_simulation/inputs/systems/PHL7_L20_head/topology/pet_ff_add.itp,PETase-MD-2026,01_simulation/inputs/systems/PHL7_L20_head/topology/pet_ff_add.itp,81b21e49ebfa7a97a95df88345e480524bf84259613c115b2a464ce6716d4051,byte_exact_copy
01_simulation/inputs/systems/PHL7_L20_head/topology/posre.itp,PETase-MD-2026,01_simulation/inputs/systems/PHL7_L20_head/topology/posre.itp,3290d20b72f118c839e297ed6a7f18d53a8d246a43a231c5b288b7e15d2e1830,byte_exact_copy
01_simulation/inputs/systems/PHL7_L20_head/topology/posre_pet_anchor.itp,PETase-MD-2026,01_simulation/inputs/systems/PHL7_L20_head/topology/posre_pet_anchor.itp,39d898d1b07b93503e89e64f884685e7770fa0c62d1706916ab8d175e5eb36e5,byte_exact_copy
01_simulation/inputs/systems/PHL7_L20_head/topology/topol.top,PETase-MD-2026,01_simulation/inputs/systems/PHL7_L20_head/topology/topol.top,4d86ae9c6a9879f284014a9f880c9345a200dcbb96a83146d7c9c3bcc4f08ada,byte_exact_copy
01_simulation/inputs/systems/PHL7_L20_tail/prepared/protein_docked_chainA.pdb,PETase-MD-2026,01_simulation/inputs/systems/PHL7_L20_tail/prepared/protein_docked_chainA.pdb,03e952c37283b6e55f0b274c050f7551528e6a6d60384c75ef660a91dcde2495,byte_exact_copy
01_simulation/inputs/systems/PHL7_L20_tail/topology/P1.itp,PETase-MD-2026,01_simulation/inputs/systems/PHL7_L20_tail/topology/P1.itp,0cf4db3e50f7e7e38cbedc3529839c533c97d1b2259c71929de3e27996ef04fd,byte_exact_copy
01_simulation/inputs/systems/PHL7_L20_tail/topology/pet_ff_add.itp,PETase-MD-2026,01_simulation/inputs/systems/PHL7_L20_tail/topology/pet_ff_add.itp,81b21e49ebfa7a97a95df88345e480524bf84259613c115b2a464ce6716d4051,byte_exact_copy
01_simulation/inputs/systems/PHL7_L20_tail/topology/posre.itp,PETase-MD-2026,01_simulation/inputs/systems/PHL7_L20_tail/topology/posre.itp,3290d20b72f118c839e297ed6a7f18d53a8d246a43a231c5b288b7e15d2e1830,byte_exact_copy
01_simulation/inputs/systems/PHL7_L20_tail/topology/posre_pet_anchor.itp,PETase-MD-2026,01_simulation/inputs/systems/PHL7_L20_tail/topology/posre_pet_anchor.itp,21934c2766dce75ab7a90303cab189e046b1d7523493269d52567b36cb446425,byte_exact_copy
01_simulation/inputs/systems/PHL7_L20_tail/topology/topol.top,PETase-MD-2026,01_simulation/inputs/systems/PHL7_L20_tail/topology/topol.top,5e515caaec55e1304f8009a8f9849a9c98d950eed08447cb90198b0b62015e72,byte_exact_copy
01_simulation/inputs/systems/PHL7_L4_single/prepared/protein_docked_chainA.pdb,PETase-MD-2026,01_simulation/inputs/systems/PHL7_L4_single/prepared/protein_docked_chainA.pdb,03e952c37283b6e55f0b274c050f7551528e6a6d60384c75ef660a91dcde2495,byte_exact_copy
01_simulation/inputs/systems/PHL7_L4_single/topology/P1.itp,PETase-MD-2026,01_simulation/inputs/systems/PHL7_L4_single/topology/P1.itp,c6303f6ffc3e8e92e06aa5c37831554900b6f070d66dac580c77fabbb3396b35,byte_exact_copy
01_simulation/inputs/systems/PHL7_L4_single/topology/pet_ff_add.itp,PETase-MD-2026,01_simulation/inputs/systems/PHL7_L4_single/topology/pet_ff_add.itp,81b21e49ebfa7a97a95df88345e480524bf84259613c115b2a464ce6716d4051,byte_exact_copy
01_simulation/inputs/systems/PHL7_L4_single/topology/posre.itp,PETase-MD-2026,01_simulation/inputs/systems/PHL7_L4_single/topology/posre.itp,3290d20b72f118c839e297ed6a7f18d53a8d246a43a231c5b288b7e15d2e1830,byte_exact_copy
01_simulation/inputs/systems/PHL7_L4_single/topology/topol.top,PETase-MD-2026,01_simulation/inputs/systems/PHL7_L4_single/topology/topol.top,694e6f96aebea0c477b4ed5893db6b3869d08db7698933f73da18d7999338a33,byte_exact_copy
01_simulation/inputs/systems/TfCut1_L10_bi/prepared/protein_docked_chainA.pdb,PETase-MD-2026,01_simulation/inputs/systems/TfCut1_L10_bi/prepared/protein_docked_chainA.pdb,01c99f64b2d5ba301a10ada45e6c708eb99d4c4fa395bbf8c40cf7e33325602e,byte_exact_copy
01_simulation/inputs/systems/TfCut1_L10_bi/topology/P1.itp,PETase-MD-2026,01_simulation/inputs/systems/TfCut1_L10_bi/topology/P1.itp,da3212bed6834f1f2f04777801c67cc94da6e3556dc3f82c60b2054b0b5a5094,byte_exact_copy
01_simulation/inputs/systems/TfCut1_L10_bi/topology/pet_ff_add.itp,PETase-MD-2026,01_simulation/inputs/systems/TfCut1_L10_bi/topology/pet_ff_add.itp,81b21e49ebfa7a97a95df88345e480524bf84259613c115b2a464ce6716d4051,byte_exact_copy
01_simulation/inputs/systems/TfCut1_L10_bi/topology/posre.itp,PETase-MD-2026,01_simulation/inputs/systems/TfCut1_L10_bi/topology/posre.itp,2fb6d4dfd4caf75f3b29cb060a070cbcfbb76d044a1c68c771a09b41c91aff63,byte_exact_copy
01_simulation/inputs/systems/TfCut1_L10_bi/topology/posre_pet_anchor.itp,PETase-MD-2026,01_simulation/inputs/systems/TfCut1_L10_bi/topology/posre_pet_anchor.itp,209f18fc8d06ffe0b898150df13651f99d42738adcb11f709be5a335089d0f7b,byte_exact_copy
01_simulation/inputs/systems/TfCut1_L10_bi/topology/topol.top,PETase-MD-2026,01_simulation/inputs/systems/TfCut1_L10_bi/topology/topol.top,1fd8aca8919480e7f0b9282f4c9967f24e45ebcdd343dcad66285fe4e4042e8d,byte_exact_copy
01_simulation/inputs/systems/TfCut1_L10_head/prepared/protein_docked_chainA.pdb,PETase-MD-2026,01_simulation/inputs/systems/TfCut1_L10_head/prepared/protein_docked_chainA.pdb,01c99f64b2d5ba301a10ada45e6c708eb99d4c4fa395bbf8c40cf7e33325602e,byte_exact_copy
01_simulation/inputs/systems/TfCut1_L10_head/topology/P1.itp,PETase-MD-2026,01_simulation/inputs/systems/TfCut1_L10_head/topology/P1.itp,da3212bed6834f1f2f04777801c67cc94da6e3556dc3f82c60b2054b0b5a5094,byte_exact_copy
01_simulation/inputs/systems/TfCut1_L10_head/topology/pet_ff_add.itp,PETase-MD-2026,01_simulation/inputs/systems/TfCut1_L10_head/topology/pet_ff_add.itp,81b21e49ebfa7a97a95df88345e480524bf84259613c115b2a464ce6716d4051,byte_exact_copy
01_simulation/inputs/systems/TfCut1_L10_head/topology/posre.itp,PETase-MD-2026,01_simulation/inputs/systems/TfCut1_L10_head/topology/posre.itp,2fb6d4dfd4caf75f3b29cb060a070cbcfbb76d044a1c68c771a09b41c91aff63,byte_exact_copy
01_simulation/inputs/systems/TfCut1_L10_head/topology/posre_pet_anchor.itp,PETase-MD-2026,01_simulation/inputs/systems/TfCut1_L10_head/topology/posre_pet_anchor.itp,bdf28033fdc5ebb21567fe6d80a4d4710a04ad69d30fa77e368ed49317d2ca97,byte_exact_copy
01_simulation/inputs/systems/TfCut1_L10_head/topology/topol.top,PETase-MD-2026,01_simulation/inputs/systems/TfCut1_L10_head/topology/topol.top,9f984e84c1b04a4ee4730b947c5aace6aad86ddf3823ba02ff10e0a7f9b9b375,byte_exact_copy
01_simulation/inputs/systems/TfCut1_L10_tail/prepared/protein_docked_chainA.pdb,PETase-MD-2026,01_simulation/inputs/systems/TfCut1_L10_tail/prepared/protein_docked_chainA.pdb,01c99f64b2d5ba301a10ada45e6c708eb99d4c4fa395bbf8c40cf7e33325602e,byte_exact_copy
01_simulation/inputs/systems/TfCut1_L10_tail/topology/P1.itp,PETase-MD-2026,01_simulation/inputs/systems/TfCut1_L10_tail/topology/P1.itp,da3212bed6834f1f2f04777801c67cc94da6e3556dc3f82c60b2054b0b5a5094,byte_exact_copy
01_simulation/inputs/systems/TfCut1_L10_tail/topology/pet_ff_add.itp,PETase-MD-2026,01_simulation/inputs/systems/TfCut1_L10_tail/topology/pet_ff_add.itp,81b21e49ebfa7a97a95df88345e480524bf84259613c115b2a464ce6716d4051,byte_exact_copy
01_simulation/inputs/systems/TfCut1_L10_tail/topology/posre.itp,PETase-MD-2026,01_simulation/inputs/systems/TfCut1_L10_tail/topology/posre.itp,2fb6d4dfd4caf75f3b29cb060a070cbcfbb76d044a1c68c771a09b41c91aff63,byte_exact_copy
01_simulation/inputs/systems/TfCut1_L10_tail/topology/posre_pet_anchor.itp,PETase-MD-2026,01_simulation/inputs/systems/TfCut1_L10_tail/topology/posre_pet_anchor.itp,c79fa5cae8544906f658c2e86c2dc0f6340e6596d784e1d5febca87b984f0031,byte_exact_copy
01_simulation/inputs/systems/TfCut1_L10_tail/topology/topol.top,PETase-MD-2026,01_simulation/inputs/systems/TfCut1_L10_tail/topology/topol.top,d38becb0c39769011606364c639369733cfc7762c4e0f49c34fe7a1e673c3c6f,byte_exact_copy
01_simulation/inputs/systems/TfCut1_L20_bi/prepared/protein_docked_chainA.pdb,PETase-MD-2026,01_simulation/inputs/systems/TfCut1_L20_bi/prepared/protein_docked_chainA.pdb,01c99f64b2d5ba301a10ada45e6c708eb99d4c4fa395bbf8c40cf7e33325602e,byte_exact_copy
01_simulation/inputs/systems/TfCut1_L20_bi/topology/P1.itp,PETase-MD-2026,01_simulation/inputs/systems/TfCut1_L20_bi/topology/P1.itp,0cf4db3e50f7e7e38cbedc3529839c533c97d1b2259c71929de3e27996ef04fd,byte_exact_copy
01_simulation/inputs/systems/TfCut1_L20_bi/topology/pet_ff_add.itp,PETase-MD-2026,01_simulation/inputs/systems/TfCut1_L20_bi/topology/pet_ff_add.itp,81b21e49ebfa7a97a95df88345e480524bf84259613c115b2a464ce6716d4051,byte_exact_copy
01_simulation/inputs/systems/TfCut1_L20_bi/topology/posre.itp,PETase-MD-2026,01_simulation/inputs/systems/TfCut1_L20_bi/topology/posre.itp,2fb6d4dfd4caf75f3b29cb060a070cbcfbb76d044a1c68c771a09b41c91aff63,byte_exact_copy
01_simulation/inputs/systems/TfCut1_L20_bi/topology/posre_pet_anchor.itp,PETase-MD-2026,01_simulation/inputs/systems/TfCut1_L20_bi/topology/posre_pet_anchor.itp,715c6187884721499e3a53c94d62a0019b7a0f2113496e1623318ca895bf69ab,byte_exact_copy
01_simulation/inputs/systems/TfCut1_L20_bi/topology/topol.top,PETase-MD-2026,01_simulation/inputs/systems/TfCut1_L20_bi/topology/topol.top,001ceb7f6cccd75dd08419d8ee771cc62ec13292c1b7523dabbcdf90ae64e65c,byte_exact_copy
01_simulation/inputs/systems/TfCut1_L20_head/prepared/protein_docked_chainA.pdb,PETase-MD-2026,01_simulation/inputs/systems/TfCut1_L20_head/prepared/protein_docked_chainA.pdb,01c99f64b2d5ba301a10ada45e6c708eb99d4c4fa395bbf8c40cf7e33325602e,byte_exact_copy
01_simulation/inputs/systems/TfCut1_L20_head/topology/P1.itp,PETase-MD-2026,01_simulation/inputs/systems/TfCut1_L20_head/topology/P1.itp,0cf4db3e50f7e7e38cbedc3529839c533c97d1b2259c71929de3e27996ef04fd,byte_exact_copy
01_simulation/inputs/systems/TfCut1_L20_head/topology/pet_ff_add.itp,PETase-MD-2026,01_simulation/inputs/systems/TfCut1_L20_head/topology/pet_ff_add.itp,81b21e49ebfa7a97a95df88345e480524bf84259613c115b2a464ce6716d4051,byte_exact_copy
01_simulation/inputs/systems/TfCut1_L20_head/topology/posre.itp,PETase-MD-2026,01_simulation/inputs/systems/TfCut1_L20_head/topology/posre.itp,2fb6d4dfd4caf75f3b29cb060a070cbcfbb76d044a1c68c771a09b41c91aff63,byte_exact_copy
01_simulation/inputs/systems/TfCut1_L20_head/topology/posre_pet_anchor.itp,PETase-MD-2026,01_simulation/inputs/systems/TfCut1_L20_head/topology/posre_pet_anchor.itp,d695c61778d0c6797fe651e0cc4f9c94c22a829e591a97b92ffc614539146c04,byte_exact_copy
01_simulation/inputs/systems/TfCut1_L20_head/topology/topol.top,PETase-MD-2026,01_simulation/inputs/systems/TfCut1_L20_head/topology/topol.top,9bab45b0fa4c6304bb211f57df017680b21d0dad6c4ceb076467b2778c5ddc8f,byte_exact_copy
01_simulation/inputs/systems/TfCut1_L20_tail/prepared/protein_docked_chainA.pdb,PETase-MD-2026,01_simulation/inputs/systems/TfCut1_L20_tail/prepared/protein_docked_chainA.pdb,01c99f64b2d5ba301a10ada45e6c708eb99d4c4fa395bbf8c40cf7e33325602e,byte_exact_copy
01_simulation/inputs/systems/TfCut1_L20_tail/topology/P1.itp,PETase-MD-2026,01_simulation/inputs/systems/TfCut1_L20_tail/topology/P1.itp,0cf4db3e50f7e7e38cbedc3529839c533c97d1b2259c71929de3e27996ef04fd,byte_exact_copy
01_simulation/inputs/systems/TfCut1_L20_tail/topology/pet_ff_add.itp,PETase-MD-2026,01_simulation/inputs/systems/TfCut1_L20_tail/topology/pet_ff_add.itp,81b21e49ebfa7a97a95df88345e480524bf84259613c115b2a464ce6716d4051,byte_exact_copy
01_simulation/inputs/systems/TfCut1_L20_tail/topology/posre.itp,PETase-MD-2026,01_simulation/inputs/systems/TfCut1_L20_tail/topology/posre.itp,2fb6d4dfd4caf75f3b29cb060a070cbcfbb76d044a1c68c771a09b41c91aff63,byte_exact_copy
01_simulation/inputs/systems/TfCut1_L20_tail/topology/posre_pet_anchor.itp,PETase-MD-2026,01_simulation/inputs/systems/TfCut1_L20_tail/topology/posre_pet_anchor.itp,525f66f7fe075db9d498c69a17211dcb3b85c2d205762e7f615ab7a33c9421c3,byte_exact_copy
01_simulation/inputs/systems/TfCut1_L20_tail/topology/topol.top,PETase-MD-2026,01_simulation/inputs/systems/TfCut1_L20_tail/topology/topol.top,46b1bbc7fa09af633836402cce085db120654185a6ce770018836db87145971d,byte_exact_copy
01_simulation/inputs/systems/TfCut1_L4_single/prepared/protein_docked_chainA.pdb,PETase-MD-2026,01_simulation/inputs/systems/TfCut1_L4_single/prepared/protein_docked_chainA.pdb,01c99f64b2d5ba301a10ada45e6c708eb99d4c4fa395bbf8c40cf7e33325602e,byte_exact_copy
01_simulation/inputs/systems/TfCut1_L4_single/topology/P1.itp,PETase-MD-2026,01_simulation/inputs/systems/TfCut1_L4_single/topology/P1.itp,c6303f6ffc3e8e92e06aa5c37831554900b6f070d66dac580c77fabbb3396b35,byte_exact_copy
01_simulation/inputs/systems/TfCut1_L4_single/topology/pet_ff_add.itp,PETase-MD-2026,01_simulation/inputs/systems/TfCut1_L4_single/topology/pet_ff_add.itp,81b21e49ebfa7a97a95df88345e480524bf84259613c115b2a464ce6716d4051,byte_exact_copy
01_simulation/inputs/systems/TfCut1_L4_single/topology/posre.itp,PETase-MD-2026,01_simulation/inputs/systems/TfCut1_L4_single/topology/posre.itp,2fb6d4dfd4caf75f3b29cb060a070cbcfbb76d044a1c68c771a09b41c91aff63,byte_exact_copy
01_simulation/inputs/systems/TfCut1_L4_single/topology/topol.top,PETase-MD-2026,01_simulation/inputs/systems/TfCut1_L4_single/topology/topol.top,2e8438d0e0a246f99d2d6b96ab9ce3fbc0cdfe21abc2df4d211ffd5e509b3f0b,byte_exact_copy
01_simulation/metadata/input_provenance.csv,PETase-MD-2026,01_simulation/metadata/input_provenance.csv,a808e680344f9e322e10014ff634a6d0ead90496b15b2153f3f82f32a6eae267,review_documentation_or_entry_or_index_adaptation
01_simulation/metadata/production_pme_tuning.csv,PETase-MD-2026,01_simulation/metadata/production_pme_tuning.csv,65ff7cf78dae68be21685f971c9bc6983ece17a3b078ef17c87d79cdc48413c4,byte_exact_copy
01_simulation/metadata/protein_preparation.csv,PETase-MD-2026,01_simulation/metadata/protein_preparation.csv,0de00252061af7a969a122e4ab78209970a855f1163e0b9aced55088d2e44879,byte_exact_copy
01_simulation/metadata/protein_sources.csv,PETase-MD-2026,01_simulation/metadata/protein_sources.csv,c36c1aef412504cfa6c891274a7adb8c2e82d240345408101aaf89b21643bfff,byte_exact_copy
01_simulation/metadata/simulation_seeds.csv,PETase-MD-2026,01_simulation/metadata/simulation_seeds.csv,d804d00eb2e742c456827a806bcce98a644f63504bbbffe5d92875bc6a05fd7e,byte_exact_copy
01_simulation/metadata/simulation_systems.csv,PETase-MD-2026,01_simulation/metadata/simulation_systems.csv,d15222c3b025966eb3436439a6e96039920d0a3803abab11ff760c63023f07a4,byte_exact_copy
01_simulation/metadata/workflow_provenance.csv,PETase-MD-2026,01_simulation/metadata/workflow_provenance.csv,5e81898524c487da79c01eae4468b6a4e8e0bb2ad9347d4af012882f90d46326,byte_exact_copy
01_simulation/run.py,PETase-MD-2026,01_simulation/run.py,77392d63c231d88d3d9d8e258aace7898b9ba7f50716bf4732cd151068025f86,review_documentation_or_entry_or_index_adaptation
01_simulation/verify_preparation.py,PETase-MD-2026,01_simulation/verify_preparation.py,06b147c7b0a41124f6acf6e7cbf45ebeb3980bb93fc8f8fa07a3b5a9812bcec1,byte_exact_copy
02_postprocessing/README.md,PETase-MD-2026,02_postprocessing/README.md,5dfa2e2d7d7e5b94c530f7394efd778d86cefefd634d652a196e54c7e1383b9e,byte_exact_copy
02_postprocessing/code/recompute_analysis.py,PETase-MD-2026,02_postprocessing/code/recompute_analysis.py,657fa55ccc79b8e4323404008db09d8733db1594e910d0980e4d4e8c7bfe7089,byte_exact_copy
02_postprocessing/code/statistics/build_pooled_top20_composition_unfiltered.py,PETase-MD-2026,02_postprocessing/code/statistics/build_pooled_top20_composition_unfiltered.py,9416dd7312f353ea4e23fe5df4fe26e1dbc4c89fdb7139ed3be7ca022e23fa68,byte_exact_copy
02_postprocessing/code/statistics/build_pooled_top8_unfiltered.py,PETase-MD-2026,02_postprocessing/code/statistics/build_pooled_top8_unfiltered.py,d06fdcd6303c4a84636bb59129f7dc2f384a179a0233340d892f1052d51257ea,byte_exact_copy
02_postprocessing/code/statistics/candidate_hbonds.py,PETase-MD-2026,02_postprocessing/code/statistics/candidate_hbonds.py,d428a89ec2d60c9c61e0ab68bc81901454de17b70bd12768f3ff565caeb448c9,byte_exact_copy
02_postprocessing/code/statistics/class_uncertainty.py,PETase-MD-2026,02_postprocessing/code/statistics/class_uncertainty.py,d02975809d08c3b1bfa209aec7a108b5e891dc6496f6648d83e762f7e528a989,byte_exact_copy
02_postprocessing/code/statistics/con03.py,PETase-MD-2026,02_postprocessing/code/statistics/con03.py,b9643a27c61a8a1b52421d8de60baacc4e36fcdf234cb9a18b240740641fe98b,byte_exact_copy
02_postprocessing/code/statistics/contact_composition.py,PETase-MD-2026,02_postprocessing/code/statistics/contact_composition.py,07e044a86bed36101e0dc75ead41ac6c2fa57c41c3b3cabd684739a36fd5167b,byte_exact_copy
02_postprocessing/code/statistics/hbond_angles.py,PETase-MD-2026,02_postprocessing/code/statistics/hbond_angles.py,a0d8ec5252d629923607e69e67b974ce951dc51ec29d2827dbcf771326ec012d,byte_exact_copy
02_postprocessing/code/statistics/loc01.py,PETase-MD-2026,02_postprocessing/code/statistics/loc01.py,fedf1d3287d32146c99dff8e3b5ce042df848ec5cb3e533fdf9d73fa2a237b9f,byte_exact_copy
02_postprocessing/code/statistics/pet_rg.py,PETase-MD-2026,02_postprocessing/code/statistics/pet_rg.py,6fccc1ed9870b3c45d49877ea9a24afeec1e24b9a495ddb66d7ef1185c98e005,byte_exact_copy
02_postprocessing/code/statistics/phl7_rotamers.py,PETase-MD-2026,02_postprocessing/code/statistics/phl7_rotamers.py,dbe2951b368aca5062aa000be2a4b629ad3e4e8cf86f7f87b14625ba3637801c,byte_exact_copy
02_postprocessing/code/statistics/recompute_structural_sensitivity.py,PETase-MD-2026,02_postprocessing/code/statistics/recompute_structural_sensitivity.py,86533a3ba99cd6e7f04d2fdc5ce2ea8cc7901ef7de9de250cfc324baa814a43e,byte_exact_copy
02_postprocessing/code/statistics/source_manifest.json,PETase-MD-2026,02_postprocessing/code/statistics/source_manifest.json,9e1cc051f37d0cac8f9e9e0f16081512a1b8ba935c06ff38330a31f0083a7087,byte_exact_copy
02_postprocessing/code/statistics/str_sens.py,PETase-MD-2026,02_postprocessing/code/statistics/str_sens.py,182c687a2323d16df608a425e995e1eaf561773e046fb109d84a2a2a64710357,byte_exact_copy
02_postprocessing/code/statistics/wloop.py,PETase-MD-2026,02_postprocessing/code/statistics/wloop.py,1c8003d20f249e6ef9128b46b9090e38489cf50d814448579119369b6651cf89,byte_exact_copy
02_postprocessing/code/tables/build_supplementary_data_s1.py,PETase-MD-2026,02_postprocessing/code/tables/build_supplementary_data_s1.py,97dbdbaeac47ea14e332dd05b162574a573a23faae0c2b5eb72c87459fa44676,byte_exact_copy
02_postprocessing/code/tables/build_supplementary_data_s2.py,PETase-MD-2026,02_postprocessing/code/tables/build_supplementary_data_s2.py,17d170e710da9b1053b1998cfaca4c834a640155e2fd26e144a9fd6390791dee,byte_exact_copy
02_postprocessing/code/tables/build_supplementary_table_s5.py,PETase-MD-2026,02_postprocessing/code/tables/build_supplementary_table_s5.py,751dfdf2603c75480d377bb9f8d353a66e9af024769984cc9914d3c4f0257236,byte_exact_copy
02_postprocessing/code/tables/build_tables.py,PETase-MD-2026,02_postprocessing/code/tables/build_tables.py,22423002ddb9857baa0d6e063ad33407c24d7bab021fe2d56595a220416d0628,byte_exact_copy
02_postprocessing/code/tables/contact_shift_table.py,PETase-MD-2026,02_postprocessing/code/tables/contact_shift_table.py,1d2d0875a9ffa853b2dd1e7a3d115a0edd872e6cb00e2e1905f182519671786c,byte_exact_copy
02_postprocessing/code/tables/structural_concordance.py,PETase-MD-2026,02_postprocessing/code/tables/structural_concordance.py,566d5c7f598193801ac9606476247f18f78edb7c15926f139e1c7cc175d454cd,byte_exact_copy
02_postprocessing/code/validation/verify_projections.py,PETase-MD-2026,02_postprocessing/code/validation/verify_projections.py,eba0f1af3653e53afef9b9fdb439040f95c0a7dd108b73a9a8bc8115d9173e0a,byte_exact_copy
02_postprocessing/code/validation/verify_retention.py,PETase-MD-2026,02_postprocessing/code/validation/verify_retention.py,bcfe4a89833915ca44df9b5c2aed8c435a70df94fc9141e10c82c092f1205f6e,byte_exact_copy
02_postprocessing/code/validation/verify_statistics.py,PETase-MD-2026,02_postprocessing/code/validation/verify_statistics.py,6acf6892b2c576dd458843f576dde1ec4038ab06fe119e997a9b65177c0f345c,byte_exact_copy
02_postprocessing/inputs/annotations/full_panel_contact_landmark_annotation.csv,PETase-MD-2026,02_postprocessing/inputs/annotations/full_panel_contact_landmark_annotation.csv,dd195bf6936675d448f241fc6b73ef9d398dc3288ab715183c37c35c35e8dfef,byte_exact_copy
02_postprocessing/inputs/derived_data/criterion_case_hbond_occupancy.csv,PETase-MD-2026,02_postprocessing/inputs/derived_data/criterion_case_hbond_occupancy.csv,4fb63a76e25f2ff33bebe0fea194080dd361e9c1ded8283cef7dd2b5c4420aed,byte_exact_copy
02_postprocessing/inputs/derived_data/pair_site_rmsf.csv,PETase-MD-2026,02_postprocessing/inputs/derived_data/pair_site_rmsf.csv,5b6c470b08db6abdb6909275412ff024425c746f2b1237e4901fdceef45a343a,byte_exact_copy
02_postprocessing/inputs/derived_data/residue_contact_fractions.csv,PETase-MD-2026,02_postprocessing/inputs/derived_data/residue_contact_fractions.csv,846621936580d8ade3125033d0b19bda452eda89da52ce8f8753cdd0e17dbbc3,byte_exact_copy
02_postprocessing/inputs/derived_data/retained_case_metadata.csv,PETase-MD-2026,02_postprocessing/inputs/derived_data/retained_case_metadata.csv,5bec4f85444d35cfb1dd95563a7d5252d1870fa101e9b7169f6decce9bc08b84,byte_exact_copy
02_postprocessing/inputs/derived_data/wloop_residue_rmsf.csv,PETase-MD-2026,02_postprocessing/inputs/derived_data/wloop_residue_rmsf.csv,d53b0594ce5191608af5823e7513ae499e735bfd47f62a469b83fbbc63370b3f,byte_exact_copy
02_postprocessing/inputs/str_sens_statistics.json,PETase-MD-2026,02_postprocessing/inputs/str_sens_statistics.json,5f51a28f2bb92acde89e36ba4dc5fbc245582f5c8e926a87f78747bc0a22f8da,byte_exact_copy
02_postprocessing/inputs/table_assembly/Table_01.tex.in,PETase-MD-2026,02_postprocessing/inputs/table_assembly/Table_01.tex.in,b1c5e45cf43beda5f8b16028cba430b091567eea52f0c9fca5f9e7f625d7ee84,byte_exact_copy
02_postprocessing/inputs/table_assembly/Table_01_approved_cells.csv,PETase-MD-2026,02_postprocessing/inputs/table_assembly/Table_01_approved_cells.csv,cd80e1e9671982fdbf48e3e0b04ae32e03b2b3137c65200c0ffbdb40ee41bed4,byte_exact_copy
02_postprocessing/inputs/table_assembly/Table_S01.tex.in,PETase-MD-2026,02_postprocessing/inputs/table_assembly/Table_S01.tex.in,a7d1bad88555060903ce8c89a17841b2fc158462291638efb558d0c87eae4339,byte_exact_copy
02_postprocessing/inputs/table_assembly/Table_S01_approved_cells.csv,PETase-MD-2026,02_postprocessing/inputs/table_assembly/Table_S01_approved_cells.csv,db336e024fe793aaf72e473c20632c315c51c57ce092ab7a5ddb87d63cfb6af3,byte_exact_copy
02_postprocessing/inputs/table_assembly/Table_S03.tex.in,PETase-MD-2026,02_postprocessing/inputs/table_assembly/Table_S03.tex.in,b998a81b494958f0d5c4eef28f2ea5729384bcbea572a1aad1b46ed27a15e876,byte_exact_copy
02_postprocessing/inputs/table_assembly/Table_S04.tex.in,PETase-MD-2026,02_postprocessing/inputs/table_assembly/Table_S04.tex.in,05c38314676f48e3bfa8495bda5bef80ad67bb8b9147fd9bec870d74221f2f3a,byte_exact_copy
02_postprocessing/results/aggregate_statistics/candidate_hbond_shift_uncertainty.csv,PETase-MD-2026,02_postprocessing/results/aggregate_statistics/candidate_hbond_shift_uncertainty.csv,15ed4fd704895576ce522fa4730c063bd9725dd34b5c892de1d3ec540b76d80e,byte_exact_copy
02_postprocessing/results/aggregate_statistics/candidate_pet_hbond_summary.csv,PETase-MD-2026,02_postprocessing/results/aggregate_statistics/candidate_pet_hbond_summary.csv,2dfca5761df529f1e9fa85aa51302326d3533746b5ed5fba5d2a8864d9bdba30,byte_exact_copy
02_postprocessing/results/aggregate_statistics/class_contact_shift_bootstrap.csv,PETase-MD-2026,02_postprocessing/results/aggregate_statistics/class_contact_shift_bootstrap.csv,1f118f51d41be9c9bdda7d0918ebc17a2bea5ee62f06847ede3ff29839c9d2bf,byte_exact_copy
02_postprocessing/results/aggregate_statistics/criterion_residue_shift_statistics.csv,PETase-MD-2026,02_postprocessing/results/aggregate_statistics/criterion_residue_shift_statistics.csv,85c5d6678b0fc8be71f10f28c45bffaeb0cf7589fdc4a149d69ef11acbb21f27,byte_exact_copy
02_postprocessing/results/aggregate_statistics/hic_equivalent_contact_fraction_by_length.csv,PETase-MD-2026,02_postprocessing/results/aggregate_statistics/hic_equivalent_contact_fraction_by_length.csv,3a7dc9c3f0a79769fce407848b33bd7b774fd705acbe0d30c3ebdf241821fb0c,byte_exact_copy
02_postprocessing/results/aggregate_statistics/hic_pairwise_ce_alignment_summary.csv,PETase-MD-2026,02_postprocessing/results/aggregate_statistics/hic_pairwise_ce_alignment_summary.csv,c1b2bef18883be560a6179f66fc685a5d5ac987323b3a6cb7ca36269f9f49800,byte_exact_copy
02_postprocessing/results/aggregate_statistics/hic_structural_equivalent_mapping.csv,PETase-MD-2026,02_postprocessing/results/aggregate_statistics/hic_structural_equivalent_mapping.csv,2abedc430b0b329f9c67ca9d2c9b835a0c1d369abf353125a074ca63a1dd89a9,byte_exact_copy
02_postprocessing/results/aggregate_statistics/interaction_shift_statistics.csv,PETase-MD-2026,02_postprocessing/results/aggregate_statistics/interaction_shift_statistics.csv,5496bd5dab8501b205be7de16eda7ac80fcb6c8e58d4abc96879776bb2f6ba89,byte_exact_copy
02_postprocessing/results/aggregate_statistics/interaction_state_coupling_summary.csv,PETase-MD-2026,02_postprocessing/results/aggregate_statistics/interaction_state_coupling_summary.csv,ec5837cfb45cdf239a49ebf4dccc53a2ddd5a9d17545f2581030de359d641579,byte_exact_copy
02_postprocessing/results/aggregate_statistics/length_group_summary.csv,PETase-MD-2026,02_postprocessing/results/aggregate_statistics/length_group_summary.csv,55f17c30744b020abc839613378f58bfc21dafcaa027a90bc6dfdcd4029f9b94,byte_exact_copy
02_postprocessing/results/aggregate_statistics/manuscript_candidate_residues.csv,PETase-MD-2026,02_postprocessing/results/aggregate_statistics/manuscript_candidate_residues.csv,01d753098732516550f2f0112529545ecfd735258deb7ef013540779fa0b53ab,byte_exact_copy
02_postprocessing/results/aggregate_statistics/mapped_pair_site_summary.csv,PETase-MD-2026,02_postprocessing/results/aggregate_statistics/mapped_pair_site_summary.csv,c8e670a4fb1cc3d3b7196ebd7b7c96ac26154c790ca4a25984159a0e04d43d46,byte_exact_copy
02_postprocessing/results/aggregate_statistics/mixture_model_sensitivity.csv,PETase-MD-2026,02_postprocessing/results/aggregate_statistics/mixture_model_sensitivity.csv,3cd877caa3234faf8b679f9ada530d99068d1724ea537ed9171e811557872302,byte_exact_copy
02_postprocessing/results/aggregate_statistics/named_key_residue_comparison.csv,PETase-MD-2026,02_postprocessing/results/aggregate_statistics/named_key_residue_comparison.csv,d42e27abc5601fc9a54435b51f3a9011528affd709ba7514dd33900a92a1e4c6,byte_exact_copy
02_postprocessing/results/aggregate_statistics/pet_length_case_coverage.csv,PETase-MD-2026,02_postprocessing/results/aggregate_statistics/pet_length_case_coverage.csv,41364727513a0801d79103c05b2a621c9195c9a82a9faefc93b378c7cc5fbd87,byte_exact_copy
02_postprocessing/results/aggregate_statistics/pet_length_landmark_share_filtered_contact_ge_0_2.csv,PETase-MD-2026,02_postprocessing/results/aggregate_statistics/pet_length_landmark_share_filtered_contact_ge_0_2.csv,17a82685afec20cc6e87a267ebccaafc2813508c2594be22488be727ae986495,byte_exact_copy
02_postprocessing/results/aggregate_statistics/pet_rg_group_comparison.csv,PETase-MD-2026,02_postprocessing/results/aggregate_statistics/pet_rg_group_comparison.csv,4ecf74922aa74952b23d8c72cd4dda92fbaae887043f0c8658041255c76ebcea,byte_exact_copy
02_postprocessing/results/aggregate_statistics/pooled_top20_contact_class_composition_unfiltered.csv,PETase-MD-2026,02_postprocessing/results/aggregate_statistics/pooled_top20_contact_class_composition_unfiltered.csv,1d0abfb5cc6a580987ace4ada51e67da5ece5aed0e942d3eedc17115c73debb2,byte_exact_copy
02_postprocessing/results/aggregate_statistics/pooled_top8_contacts_unfiltered.csv,PETase-MD-2026,02_postprocessing/results/aggregate_statistics/pooled_top8_contacts_unfiltered.csv,54281db90dbe8b35c9f6c70c563217c236522a5cdb94693efea1bb64a0122520,byte_exact_copy
02_postprocessing/results/aggregate_statistics/protein_model_equivalence_summary.csv,PETase-MD-2026,02_postprocessing/results/aggregate_statistics/protein_model_equivalence_summary.csv,4349f642987191861774407f420cc0ff7b73828fef4eb92b509de13a5af01600,byte_exact_copy
02_postprocessing/results/aggregate_statistics/protein_wloop_metric_summary.csv,PETase-MD-2026,02_postprocessing/results/aggregate_statistics/protein_wloop_metric_summary.csv,47cb9db0a19c5cfd1cdba4171040cc002b3f581ba8d553509344add695006fe2,byte_exact_copy
02_postprocessing/results/aggregate_statistics/protein_wloop_profile_summary.csv,PETase-MD-2026,02_postprocessing/results/aggregate_statistics/protein_wloop_profile_summary.csv,de12d21e1d68de1fe5a446565ebc591144a60118d537f660f1e749c5cc8512d0,byte_exact_copy
02_postprocessing/results/aggregate_statistics/reference_structure_angles.csv,PETase-MD-2026,02_postprocessing/results/aggregate_statistics/reference_structure_angles.csv,c7ff46f9a4d66a9ff9aeb03d57f90f183b41f8b26767b0b37e004fc1fd1267bb,byte_exact_copy
02_postprocessing/results/aggregate_statistics/retention_conditions.csv,PETase-MD-2026,02_postprocessing/results/aggregate_statistics/retention_conditions.csv,c3610409b0856c7a52243ae57f1cf18f7a033585d7d4e466fc1efcacc471fde5,byte_exact_copy
02_postprocessing/results/aggregate_statistics/retention_qc_counts.csv,PETase-MD-2026,02_postprocessing/results/aggregate_statistics/retention_qc_counts.csv,3785b08cd5022c6273bdc7a4717d93b70e8505f7ccc440b3e065398d8e4f6c4b,byte_exact_copy
02_postprocessing/results/aggregate_statistics/static_reference_reconciliation.csv,PETase-MD-2026,02_postprocessing/results/aggregate_statistics/static_reference_reconciliation.csv,3c72220eecf98947bc7da4ac45f4afcadfe10b956f6665210ca1c74aaa59fe17,byte_exact_copy
02_postprocessing/results/aggregate_statistics/target_subset_summary.csv,PETase-MD-2026,02_postprocessing/results/aggregate_statistics/target_subset_summary.csv,761b94605daa990f57800403d6993880cbf74497a64ce1b310bad420c30eefb7,byte_exact_copy
02_postprocessing/results/aggregate_statistics/trajectory_level_contact_shift_candidates.csv,PETase-MD-2026,02_postprocessing/results/aggregate_statistics/trajectory_level_contact_shift_candidates.csv,4e4bcfb5a6e0b042f327efa6d996b3f99bf7ffb375db36ba61dd2fc8f63f6eda,byte_exact_copy
02_postprocessing/results/frame_observables/frame_level_w156_rotamer_contacts.csv.gz,PETase-MD-2026,02_postprocessing/results/frame_observables/frame_level_w156_rotamer_contacts.csv.gz,a4ac5fe5387bea236e50db619df2ad2bec6556e6b2f4cb1e92069ea446b09554,byte_exact_copy
02_postprocessing/results/frame_observables/pet_rg_per_frame.csv.gz,PETase-MD-2026,02_postprocessing/results/frame_observables/pet_rg_per_frame.csv.gz,6302b4124a010a77813a2b59f1354eaf0d15e8dcfe43848ef5a244f258a26ada,byte_exact_copy
02_postprocessing/results/structural_snapshots/coordinates/CUT1_S67_L20_56.19ns_hbond.pdb,PETase-MD-2026,02_postprocessing/results/structural_snapshots/coordinates/CUT1_S67_L20_56.19ns_hbond.pdb,0e574e039c6d7a00cc8e66f50af5995513d645c16052506952b0551281ea6a0a,byte_exact_copy
02_postprocessing/results/structural_snapshots/coordinates/CUT1_T64_L20_75.49ns_hbond.pdb,PETase-MD-2026,02_postprocessing/results/structural_snapshots/coordinates/CUT1_T64_L20_75.49ns_hbond.pdb,daba67b8f1a82e3ac3d14f4622bd983b1c1e80c6850a0eb390c1e0f069ac9599,byte_exact_copy
02_postprocessing/results/structural_snapshots/coordinates/Figure_04_HiC_common.pdb,PETase-MD-2026,02_postprocessing/results/structural_snapshots/coordinates/Figure_04_HiC_common.pdb,726eceb1ec40a04e6140740256bc167a9d660f52da9f5dbdb40c345fe99cd9fd,byte_exact_copy
02_postprocessing/results/structural_snapshots/coordinates/Figure_05_FoCut5a.pdb,PETase-MD-2026,02_postprocessing/results/structural_snapshots/coordinates/Figure_05_FoCut5a.pdb,6aa86577f5be531065dddeb5fe3f784b1411006095b40075de894db9c19bfe0f,byte_exact_copy
02_postprocessing/results/structural_snapshots/coordinates/Figure_05_IsPETase.pdb,PETase-MD-2026,02_postprocessing/results/structural_snapshots/coordinates/Figure_05_IsPETase.pdb,9712879bb4c1572bff746cd8e8a23abfabc575a8d8cd863cfef26747ebd9ead6,byte_exact_copy
02_postprocessing/results/structural_snapshots/coordinates/Figure_05_LCC.pdb,PETase-MD-2026,02_postprocessing/results/structural_snapshots/coordinates/Figure_05_LCC.pdb,6fbbc09709f19b695982961cca55e0ec01e452d01f1c05480343c64ee91cf36a,byte_exact_copy
02_postprocessing/results/structural_snapshots/coordinates/Figure_05_PHL7.pdb,PETase-MD-2026,02_postprocessing/results/structural_snapshots/coordinates/Figure_05_PHL7.pdb,3f67594b45cee5377d81f97b09705a501d7239c2e380901cc2363ed61c9cc96b,byte_exact_copy
02_postprocessing/results/structural_snapshots/coordinates/Figure_05_TfCut1.pdb,PETase-MD-2026,02_postprocessing/results/structural_snapshots/coordinates/Figure_05_TfCut1.pdb,4dfc8ce0cc5a8b48bc735d4fe826843d5238acf026948dae5bf9725858677407,byte_exact_copy
02_postprocessing/results/structural_snapshots/coordinates/HiC_T166_L20_52.44ns_hbond.pdb,PETase-MD-2026,02_postprocessing/results/structural_snapshots/coordinates/HiC_T166_L20_52.44ns_hbond.pdb,8cf4669e4f9b6477d7d46dc0b79660bcf61968399305a21aabf13685d7c4c950,byte_exact_copy
02_postprocessing/results/structural_snapshots/representative_hbond_frames.csv,PETase-MD-2026,02_postprocessing/results/structural_snapshots/representative_hbond_frames.csv,ff281cd79c381e3977f78121a72a012c8bf7de3ed4a99802d80a2b3d8bb2b4da,byte_exact_copy
02_postprocessing/results/structural_snapshots/representative_interface_frames.csv,PETase-MD-2026,02_postprocessing/results/structural_snapshots/representative_interface_frames.csv,ddd01ba1164638761798f66baa5acd1a32472c30e20467996add89b4146fdb4f,byte_exact_copy
02_postprocessing/results/tables/Supplementary_Data_S1_residue_class_assignments.csv,PETase-MD-2026,02_postprocessing/results/tables/Supplementary_Data_S1_residue_class_assignments.csv,c02913622f013b9d61b391bb3ca426e51ec7f41f6d999f3b19fdc2e1801d350e,byte_exact_copy
02_postprocessing/results/tables/Supplementary_Data_S2_residue_contact_shift_candidates.csv,PETase-MD-2026,02_postprocessing/results/tables/Supplementary_Data_S2_residue_contact_shift_candidates.csv,0cf877eb97253ac5ed0e04a743ae9d6b161a81d15167a342d2574c1f9a44c64c,byte_exact_copy
02_postprocessing/results/tables/Supplementary_Table_S1_residue_correspondence.tex,PETase-MD-2026,02_postprocessing/results/tables/Supplementary_Table_S1_residue_correspondence.tex,ac82ec2b4c198283b9ffc4e1b0504aff64cbd368014d760aee2ef8435d9e4485,byte_exact_copy
02_postprocessing/results/tables/Supplementary_Table_S2_residue_contact_shifts.tex,PETase-MD-2026,02_postprocessing/results/tables/Supplementary_Table_S2_residue_contact_shifts.tex,5ff64420337d731e07b7db47e17008fd4637c17f9cda4c67c88bd5f09469c66c,byte_exact_copy
02_postprocessing/results/tables/Supplementary_Table_S3_structural_concordance.tex,PETase-MD-2026,02_postprocessing/results/tables/Supplementary_Table_S3_structural_concordance.tex,685c20d4c28786db4cac1144ca3e6c2000f6d6ebc5cef8fc450eff4ca882904b,byte_exact_copy
02_postprocessing/results/tables/Supplementary_Table_S4_local_starting_coordinate_sensitivity.csv,PETase-MD-2026,02_postprocessing/results/tables/Supplementary_Table_S4_local_starting_coordinate_sensitivity.csv,e315b148dd746dbddf493806d1d24753843c33cb8d8a4399a38ed398233565cb,byte_exact_copy
02_postprocessing/results/tables/Supplementary_Table_S4_local_starting_coordinate_sensitivity.tex,PETase-MD-2026,02_postprocessing/results/tables/Supplementary_Table_S4_local_starting_coordinate_sensitivity.tex,4cf5ba85188a4dd94499ef78702a5cdeb1b0fc5178f980af979baffa06a47ca8,byte_exact_copy
02_postprocessing/results/tables/Supplementary_Table_S5_per_ring_contact_geometry.csv,PETase-MD-2026,02_postprocessing/results/tables/Supplementary_Table_S5_per_ring_contact_geometry.csv,af6ff5434e2366a50d01b665a084c3e23aa8f1b0ff020fae2195fcf79cc76523,byte_exact_copy
02_postprocessing/results/tables/Supplementary_Table_S5_per_ring_contact_geometry.tex,PETase-MD-2026,02_postprocessing/results/tables/Supplementary_Table_S5_per_ring_contact_geometry.tex,db6c1377ad085e2aeeef9292bf2c1126e423ccb2ad6b8c7eea8d2d1020c2f717,byte_exact_copy
02_postprocessing/results/tables/Table_1_enzyme_panel.tex,PETase-MD-2026,02_postprocessing/results/tables/Table_1_enzyme_panel.tex,82120ae019bfdac2abdbfa9914c10e08b317da479abf353cc076fda562736260,byte_exact_copy
02_postprocessing/results/trajectory_summaries/candidate_case_contact_values.csv,PETase-MD-2026,02_postprocessing/results/trajectory_summaries/candidate_case_contact_values.csv,92743d883081f8a10a7cdcece6f8e64a70d254997f17901803a4e2718399ebd3,byte_exact_copy
02_postprocessing/results/trajectory_summaries/candidate_case_hbond_values_zero_filled.csv,PETase-MD-2026,02_postprocessing/results/trajectory_summaries/candidate_case_hbond_values_zero_filled.csv,ed0ff9b47c07f8990850f9a21db3d5ccd362615ba0f446fd7efd9451b51ef889,byte_exact_copy
02_postprocessing/results/trajectory_summaries/catalytic_ser_pet_trajectory_summary.csv,PETase-MD-2026,02_postprocessing/results/trajectory_summaries/catalytic_ser_pet_trajectory_summary.csv,0a0a5ec2fd39d60f6057cd4a9101898264a8137186ebe0e42f1f7cd2d5a73c3d,byte_exact_copy
02_postprocessing/results/trajectory_summaries/pet_rg_trajectory_summary.csv,PETase-MD-2026,02_postprocessing/results/trajectory_summaries/pet_rg_trajectory_summary.csv,d902b229924e9697da29cbea8c1d7127468d00444f10103eb4e419f44b982981,byte_exact_copy
02_postprocessing/results/trajectory_summaries/retention_manifest.csv,PETase-MD-2026,02_postprocessing/results/trajectory_summaries/retention_manifest.csv,e3c056233bc17148fdf7605a9713b975e9278430840480a2c8ec70bc55579854,byte_exact_copy
02_postprocessing/results/trajectory_summaries/trajectory_interaction_state_coupling.csv,PETase-MD-2026,02_postprocessing/results/trajectory_summaries/trajectory_interaction_state_coupling.csv,cd4653b72c65ed6bebe9281d0d5df5df579d2be3590f0fae093bae02a84c6015,byte_exact_copy
02_postprocessing/results/trajectory_summaries/trajectory_metric_values.csv,PETase-MD-2026,02_postprocessing/results/trajectory_summaries/trajectory_metric_values.csv,d9fc8037049740cb02434af08464e86f313863914d738a6640c3727335eaac2e,byte_exact_copy
02_postprocessing/results/trajectory_summaries/trajectory_rotamer_summary.csv,PETase-MD-2026,02_postprocessing/results/trajectory_summaries/trajectory_rotamer_summary.csv,a06d1463cd9c7a289217d05bff339dbb4e2ee351abe1b9530ef4fee6be0f330d,byte_exact_copy
02_postprocessing/results/trajectory_summaries/trajectory_target_summary.csv,PETase-MD-2026,02_postprocessing/results/trajectory_summaries/trajectory_target_summary.csv,757ee6da25f191d7ca2b2c2267fd61997c4adac50b4902dd0ceb1c9a53b50be2,byte_exact_copy
02_postprocessing/results/trajectory_summaries/trajectory_wloop_summary.csv,PETase-MD-2026,02_postprocessing/results/trajectory_summaries/trajectory_wloop_summary.csv,b9d54833c5df148272bdc6ec9ca735d13137c062134e64df3cd397914745d5fe,byte_exact_copy
02_postprocessing/run.py,PETase-MD-2026,02_postprocessing/run.py,18b602191760bff752b9850ccbf149fb930e7a7dfaa0813e2b500cafa9547080,byte_exact_copy
03_figures/README.md,PETase-MD-2026,03_figures/README.md,c1d9c83378e09755eb9cd8a02b2668b69242d869e3c7ed3a153d7625e5e833ee,review_documentation_or_entry_or_index_adaptation
03_figures/fig01/Figure_01_enzyme_panel_overview.png,PETase-MD-2026,03_figures/fig01/Figure_01_enzyme_panel_overview.png,ae72beb95be821e737d41b1e4e62d870d13288315a63103a1a66bf691af1e4f6,byte_exact_copy
03_figures/fig01/make_figure.py,PETase-MD-2026,03_figures/fig01/make_figure.py,d0273d81793c33220c835cb43ee28455a58349316d6400913cbfae7f545746b5,byte_exact_copy
03_figures/fig01/project_labels.py,PETase-MD-2026,03_figures/fig01/project_labels.py,956f06c6e1e4b6eec12670df384ec1dccc27d80da089bbc1ec323f1be30eadbb,byte_exact_copy
03_figures/fig01/render_scene.cxc,PETase-MD-2026,03_figures/fig01/render_scene.cxc,1a83bff5403c25228d2c1564d6eae2340bf8c8fa571ba28e501daf11340b87c3,byte_exact_copy
03_figures/fig02/Figure_02_retention_heatmap.png,PETase-MD-2026,03_figures/fig02/Figure_02_retention_heatmap.png,85d8dbc8e0a7bdde4888d9076a4f55918c7f2e00c4ed81e7f53e6763e7f2932c,byte_exact_copy
03_figures/fig02/make_figure.py,PETase-MD-2026,03_figures/fig02/make_figure.py,f69646428739c1447cd93996b6e53e5289fd2e23a00f7d82b7cf08e770466b0c,byte_exact_copy
03_figures/fig03/Figure_03_retained_interface_architecture.png,PETase-MD-2026,03_figures/fig03/Figure_03_retained_interface_architecture.png,c2f4c455da511d981c8395f0380295e0cb1cc3bf3b4190777aa9cdc09bde7104,byte_exact_copy
03_figures/fig03/make_figure.py,PETase-MD-2026,03_figures/fig03/make_figure.py,1cf41f3603550c03d5c639865bc4719635460f1224a64ac8e6aec3a910054182,byte_exact_copy
03_figures/fig04/Figure_04_L10_to_L20_interface_response.png,PETase-MD-2026,03_figures/fig04/Figure_04_L10_to_L20_interface_response.png,7ab1306d346b2c848141009c2a3f79c5a49e780deeab72135da774f036bc62b4,byte_exact_copy
03_figures/fig04/make_figure.py,PETase-MD-2026,03_figures/fig04/make_figure.py,71b1286112778785ed11aa362fcb3a5372ec5b27a075617e88d4836cffc6fc9e,byte_exact_copy
03_figures/fig05/Figure_05_HiC_FoCut5a_differential_interface_use.png,PETase-MD-2026,03_figures/fig05/Figure_05_HiC_FoCut5a_differential_interface_use.png,850b00aaae6a3b7fdee794756f6956c7b70b616c13ae4d226d3dd77267cbcf42,byte_exact_copy
03_figures/fig05/make_figure.py,PETase-MD-2026,03_figures/fig05/make_figure.py,b99f8b8a87e0a14fc53a4cc72303fe74c3c45a8aa06045aaa07c2d33e64ad082,byte_exact_copy
03_figures/fig05/render_scene.cxc,PETase-MD-2026,03_figures/fig05/render_scene.cxc,b29f46eabdd311447c2cde695bbf0247889c2a7a609e4dc8771f10e32a9c0724,byte_exact_copy
03_figures/fig06/Figure_06_local_interaction_geometry.png,PETase-MD-2026,03_figures/fig06/Figure_06_local_interaction_geometry.png,1f8d3b0e643a667fe5226fca09e3a763603273214f8fbadecb7eeca8288a6043,byte_exact_copy
03_figures/fig06/make_figure.py,PETase-MD-2026,03_figures/fig06/make_figure.py,0f1d96252c2754a2721abfa8c79f100d8d94544e34f4d384c76f39a6844f9f37,byte_exact_copy
03_figures/fig06/render_scene.cxc,PETase-MD-2026,03_figures/fig06/render_scene.cxc,cc8ddac45c36aa4e8eb6510a2fb069b57827f21a694700b30f952abecc4300f0,byte_exact_copy
03_figures/figS01/Figure_S01_retention_filter_statistics.png,PETase-MD-2026,03_figures/figS01/Figure_S01_retention_filter_statistics.png,6104fa5f72d5a35f31f7377aed463c22fabbcc8dee01219ad35f0d206bd386bf,byte_exact_copy
03_figures/figS01/make_figure.py,PETase-MD-2026,03_figures/figS01/make_figure.py,72066609617162073a25d77ccf65f7421b5b07b21b55b4aa103129f19cb3fdf9,byte_exact_copy
03_figures/figS02/Figure_S02_spatial_retained_interfaces.png,PETase-MD-2026,03_figures/figS02/Figure_S02_spatial_retained_interfaces.png,907a9fe681103b357f567331b4944d549468a8e9596c16e9a3d261cb62bc75e1,byte_exact_copy
03_figures/figS02/make_figure.py,PETase-MD-2026,03_figures/figS02/make_figure.py,83ab6a4009f3ed2fcd8d35642f58f3a944f418f6202262c33807a6a706ab109f,byte_exact_copy
03_figures/figS02/render_five_enzymes.cxc,PETase-MD-2026,03_figures/figS02/render_five_enzymes.cxc,f9e0e5f59f1c30979441b6ed55b33597ace5143ba2d2cfbabe12f962739dccfb,byte_exact_copy
03_figures/figS02/render_hic.cxc,PETase-MD-2026,03_figures/figS02/render_hic.cxc,772dd31858ae16c17e05234ac04901bcde4ee830266aee7cdb3a9a06521c3ac8,byte_exact_copy
03_figures/figS03/Figure_S03_class_contact_shift_uncertainty.png,PETase-MD-2026,03_figures/figS03/Figure_S03_class_contact_shift_uncertainty.png,05d691d11d0159cd182fb9d7f5853fd9986ff52ab2e8cbe10cf4344cf5891c64,byte_exact_copy
03_figures/figS03/make_figure.py,PETase-MD-2026,03_figures/figS03/make_figure.py,5888fddf4f26b2f670dd8a9d66828b781cd5bfaf5dc5db87a18e7c4f19186002,byte_exact_copy
03_figures/figS04/Figure_S04_PHL7_W156_rotamer_contact_coupling.png,PETase-MD-2026,03_figures/figS04/Figure_S04_PHL7_W156_rotamer_contact_coupling.png,f41264437c26bdefb0f44c9c587ed82f4ee8b881bdc8ae0a10cf0f5d3452cdb1,byte_exact_copy
03_figures/figS04/make_figure.py,PETase-MD-2026,03_figures/figS04/make_figure.py,b92f1b5848bde392e4079c1a54277041a707b59e6161ea3a700d51f5aa06e30a,byte_exact_copy
03_figures/figS05/Figure_S05_catalytic_ser_pet_min_distance.png,PETase-MD-2026,03_figures/figS05/Figure_S05_catalytic_ser_pet_min_distance.png,06cc0d774bb55bcb2ecbd1378ec141b7745b9a447c143617a20e0a8b2f120d13,byte_exact_copy
03_figures/figS05/make_figure.py,PETase-MD-2026,03_figures/figS05/make_figure.py,a98ce625d126172e0c3dcc7d9269b4d5f2cc8ccfb9111a8d052f7c1530042a38,byte_exact_copy
03_figures/figS06/Figure_S06_L20_head_PET_Rg_LCC_vs_TfCut1.png,PETase-MD-2026,03_figures/figS06/Figure_S06_L20_head_PET_Rg_LCC_vs_TfCut1.png,f649b2649a12b1e03c38dc3e6b0008b83ededc3742c9028ca9953bf330e91b0f,byte_exact_copy
03_figures/figS06/make_figure.py,PETase-MD-2026,03_figures/figS06/make_figure.py,66f85033dda7c688f0019951070b9435803e3d61ddacc3cb959fe22ba7088323,byte_exact_copy
03_figures/figS07/Figure_S07_HiC_structural_equivalents.png,PETase-MD-2026,03_figures/figS07/Figure_S07_HiC_structural_equivalents.png,7c287979934713cc432c651eeb5aec4a3c3af5cebc4f5f552a0e43d1eb33b190,byte_exact_copy
03_figures/figS07/make_figure.py,PETase-MD-2026,03_figures/figS07/make_figure.py,e52041aee9e0e81af7d118dafdb0cc9f4f5a2d7be2873f53d9e0767428e161f1,byte_exact_copy
03_figures/figS08/Figure_S08_hbond_evidence_composite.png,PETase-MD-2026,03_figures/figS08/Figure_S08_hbond_evidence_composite.png,64d3c1b067c8eccf1bf5ebca05e22c93e691e1baecdd8271cc4317cb76c001da,byte_exact_copy
03_figures/figS08/make_figure.py,PETase-MD-2026,03_figures/figS08/make_figure.py,5a871104fec15398a6badb9eef80453f408efedc8c63caed69468b1025ea066c,byte_exact_copy
03_figures/figS09/Figure_S09_Wloop_Calpha_RMSF.png,PETase-MD-2026,03_figures/figS09/Figure_S09_Wloop_Calpha_RMSF.png,6d57025e1c7e2347f927a832943e70612ed8fbadcd5b0046c26444b8add56e50,byte_exact_copy
03_figures/figS09/make_figure.py,PETase-MD-2026,03_figures/figS09/make_figure.py,49d53239135c7fc8b4f89b59336443d6e4702eb7a61d6dd008022b4400d58d7e,byte_exact_copy
03_figures/run.py,PETase-MD-2026,03_figures/run.py,e066cf7dbb1a784cefbf4f9c53f606f96aca3391ed8f44ab1a1d6869a122a248,byte_exact_copy
03_figures/shared/base_typography.py,PETase-MD-2026,03_figures/shared/base_typography.py,80fbf166d5d0c49c81d47c03ef6a82a67aa01b7372025f583d780e8a28a5f338,byte_exact_copy
03_figures/shared/data_adapter.py,PETase-MD-2026,03_figures/shared/data_adapter.py,e48c61ab432ebf7a69aa69d354c6739fd2756c5d55d6ebe0dfb131d777802de7,byte_exact_copy
03_figures/shared/data_checks.py,PETase-MD-2026,03_figures/shared/data_checks.py,45702706a96798a9474aaa09d356fc9a98ca62b456368fe073d18b819b402d96,byte_exact_copy
03_figures/shared/main_style.py,PETase-MD-2026,03_figures/shared/main_style.py,ae518833f4a78b178013e11b9a2672ec35ca4f2ab78a76eddf3ba6085979bc34,byte_exact_copy
03_figures/shared/molecular_render.py,PETase-MD-2026,03_figures/shared/molecular_render.py,b8f32642085ca12fc6931a5b9589952457c881ae50abe21a6277f0ced6e3a40c,byte_exact_copy
03_figures/shared/panel_legend_layout.py,PETase-MD-2026,03_figures/shared/panel_legend_layout.py,3d9bb6aa7c54d136074cc2a1f82bb6a4f64bc2d1fa5e506b3f5d99513838f9e7,byte_exact_copy
03_figures/shared/publication_style.py,PETase-MD-2026,03_figures/shared/publication_style.py,5e763125263bd2ac25d45eb17850413543d68c9796a1f72801477bf91fcabecb,byte_exact_copy
03_figures/shared/revised_figure_layout.py,PETase-MD-2026,03_figures/shared/revised_figure_layout.py,9672a39d43fc5f00ddd5381d9115379ca9bc4bf5396672f4e15240468f7d72db,byte_exact_copy
03_figures/shared/runtime.py,PETase-MD-2026,03_figures/shared/runtime.py,36824847fd01cea2a0468819ea13b0b6c379b30ab8f4b7dd7937dec91fe8ea05,byte_exact_copy
03_figures/shared/s1_helpers.py,PETase-MD-2026,03_figures/shared/s1_helpers.py,2bcff9676ea1e4f8a2fd8216931ac31f9c84609e16fec4fafcc40d39496f9854,byte_exact_copy
03_figures/toc/README.md,PETase-MD-2026,03_figures/toc/README.md,43485eb7b4a4f4c318902c2b7861f638546a285f5f7dda8360edde4de36673e2,review_documentation_or_entry_or_index_adaptation
03_figures/toc/TOC_graphic.png,PETase-MD-2026,04_Manuscript/figures/TOC_graphic.png,c3e27941d5202c598bba2e26e3363a5d69461eb292e17c65df1394fa107bff26,byte_exact_copy
03_figures/toc/TOC_graphic_schematic.png,PETase-MD-2026,03_figures/toc/TOC_graphic_schematic.png,4179109884433c03e4564313b60ebdd86fc4003cc874aa5403a492be23617c31,byte_exact_copy
03_figures/toc/make_figure.py,PETase-MD-2026,03_figures/toc/make_figure.py,edbaec4960b5fb746cb95d82281657ea995d38b38e4dedc4b988d3df864ee350,byte_exact_copy
03_figures/toc/make_toc_graphic_schematic.py,PETase-MD-2026,03_figures/toc/make_toc_graphic_schematic.py,b87c74c569d3d4a38420421369988dc75d2b8974a5d1a4167391bd731c4d5831,byte_exact_copy
03_figures/toc/make_toc_graphic_schematic_v1_refined.py,PETase-MD-2026,03_figures/toc/make_toc_graphic_schematic_v1_refined.py,e7ba5a7e7725b5d57a9e5f9b0cc99c889493f1c2ac8d2dd2944a0ea52a896e99,byte_exact_copy
03_figures/toc/review/PETase_TOC_graphic_review_en.pptx,PETase-MD-2026,03_figures/toc/review/PETase_TOC_graphic_review_en.pptx,97b2625999951ff87a4ea916af0cbd2fa416c3f5bf2193da966b982c8284f222,byte_exact_copy
03_figures/toc/review/PETase_TOC_graphic_review_zh.pptx,PETase-MD-2026,03_figures/toc/review/PETase_TOC_graphic_review_zh.pptx,9a5f3bdda64fd0298800db40278be456a7264efef1607421e4e22fe183c9be6e,byte_exact_copy
03_figures/toc/review/README.md,PETase-MD-2026,03_figures/toc/review/README.md,11a31419bb8cdff2f3ea11bc85d2327f7bd72e1734f89ef97ffbf6786e934b07,review_documentation_or_entry_or_index_adaptation
03_figures/toc/source_manifest.json,PETase-MD-2026,03_figures/toc/source_manifest.json,a4034ab1aea0b3e89e259c2309f6acaf783be17d60209bd2d602fd478b5c16cf,byte_exact_copy
README.md,PETase-MD-2026,README.md,9787c3c9285349f8ac939f405ecb51aa315d454db1aa64dd8b3e555abf18990b,review_documentation_or_entry_or_index_adaptation
REPRODUCIBILITY.md,PETase-MD-2026,REPRODUCIBILITY.md,334bd5926ee40b8c4f0b8b26bb6723779b8023c3b69c340ea19777bdeed60f1b,review_documentation_or_entry_or_index_adaptation
environment/README.md,PETase-MD-2026,environment/README.md,1f5abd6a26c9be7217dc03eec366fc075f957704736e2dde7e34a849178b9f66,review_documentation_or_entry_or_index_adaptation
environment/docking-linux-64.lock,PETase-MD-2026,environment/docking-linux-64.lock,8c69e30b3659f940a7a457da2c412de2488050fec90984836d47eec60413a23d,byte_exact_copy
environment/docking_packages.csv,PETase-MD-2026,environment/docking_packages.csv,92455dce4ad64455660f8541c35a324560f12a1bf577245dcb63163455962c5c,byte_exact_copy
environment/gromacs_build.txt,PETase-MD-2026,environment/gromacs_build.txt,6d0842c2beefe7bd6d21e2ab0cc8d42f19adaff4cfa0d9a3c83e21df2ecb3a58,byte_exact_copy
environment/requirements.txt,PETase-MD-2026,environment/requirements.txt,6b7d2465cd11f9de0c665c7d6c242503e3c250976f7317cc06b4942ce24a51cc,byte_exact_copy
environment/simulation_versions.json,PETase-MD-2026,environment/simulation_versions.json,b32bba73b5a73d112c27629fd45af45982c79ef179ae0e31d02d9e8d08bd61e6,byte_exact_copy
environment/trajectory_requirements.txt,PETase-MD-2026,environment/trajectory_requirements.txt,14479d08fdffd646dca92d394b9bd765e8799059610d0b5eb3c34154cabc099f,byte_exact_copy
environment/versions.json,PETase-MD-2026,environment/versions.json,6abf749ca64164c67100efdba814ed0a494253d77b0c68f08745305f7c3453ac,byte_exact_copy
metadata/CODE_LICENSE.txt,PETase-MD-2026,metadata/CODE_LICENSE.txt,3fd4ae53c818f7a2ae3831f703fd5a6767135413286bdf751695c3d700b17852,byte_exact_copy
metadata/DATA_DICTIONARY.md,PETase-MD-2026,metadata/DATA_DICTIONARY.md,546e5c634266a9dedd262a758d21abbcae54d5e1de06b1a3dc50943c8eb5fdd7,review_documentation_or_entry_or_index_adaptation
metadata/FILE_NAMING.md,PETase-MD-2026,metadata/FILE_NAMING.md,dee9af8a4c4ceb82ea94bc5a5cf16dec585a48aeebee9e3a320320e83f0d1d3c,review_documentation_or_entry_or_index_adaptation
metadata/KNOWN_GAPS.md,PETase-MD-2026,metadata/KNOWN_GAPS.md,afd37d37fb4f1e0f00990c170d735b2d9328a8f1d4948ce968ca118b5cf130f2,review_documentation_or_entry_or_index_adaptation
metadata/STATISTICAL_DEFINITIONS.md,PETase-MD-2026,metadata/STATISTICAL_DEFINITIONS.md,ba037bdbb56bcad104f9263cf0a9325fd858e1e6710b0e25eca6a209e0820ec0,byte_exact_copy
metadata/TABLES_AND_STRUCTURAL_SENSITIVITY.md,PETase-MD-2026,metadata/TABLES_AND_STRUCTURAL_SENSITIVITY.md,ef04ac760d6f5e2946f63d763fb12710a8486830fc8ad20a4812aaedf59e46c5,review_documentation_or_entry_or_index_adaptation
metadata/TEST_RESULTS.md,,,,review_specific_file
metadata/analyses.json,PETase-MD-2026,metadata/analyses.json,7466001fe8b1ac19d9a4938ec60d6a722e90a139015ba1aa3d79c203b454f05a,byte_exact_copy
metadata/analysis_case_crosswalk.csv,PETase-MD-2026,metadata/analysis_case_crosswalk.csv,dc70d3f38cd53aacd451c84ff884e74eb32becd656b1833603911a02363c6a1c,byte_exact_copy
metadata/coverage.csv,PETase-MD-2026,metadata/coverage.csv,0ee44a5613c2a4920cc61993a79a08d19c7b3e79e89248949c861ee6688e72b9,review_documentation_or_entry_or_index_adaptation
metadata/figures.json,PETase-MD-2026,metadata/figures.json,c4de6c194c8230e91cdfc0be69c9de0a52e2fe4543e7b0033476c5022c7e584f,byte_exact_copy
metadata/provenance.csv,PETase-MD-2026,metadata/provenance.csv,f931320c079360a937f34d60869b373fe9cf81590a70d9722614dd6e6b57889b,byte_exact_copy
metadata/statistical_core_provenance.csv,PETase-MD-2026,metadata/statistical_core_provenance.csv,68f82637b5f8a8e30ec92c0e96745a4dfeb2ee9ee7dd31edbd37ecfca0032212,byte_exact_copy
metadata/tables.json,PETase-MD-2026,metadata/tables.json,3167538ecce265afa198c3d975de12845cc6987226d9d762f0f8b6382bad65c5,byte_exact_copy
metadata/trajectory_index.csv,PETase-MD-2026,metadata/trajectory_index.csv,21d7be903e7852bbd94bb110985a30e983a3ba17c3d0df1b20e883ee91286885,byte_exact_copy
metadata/validation_results.json,,,,review_specific_file
reproduce.py,PETase-MD-2026,reproduce.py,4924205730d5229c62a276e245580cac970fa4ede9008e437f4d4b50c7956264,byte_exact_copy
verify.py,PETase-MD-2026,verify.py,b10741c26e17906ffef6a05f596169ac44fe91bc2d4217391ef754c027865657,review_documentation_or_entry_or_index_adaptation
