path,source_name,source_sha256,adaptation,functions
01_simulation/configurations/mdp/FoCut5a/L10/bi/rep01/MD.mdp,MD.mdp,78ca949410fdf90b74a201c41f58da098867d36b0ad5e99a05d1368211b7d8e2,byte_exact_copy; identity_based_path_rename_content_unchanged,
01_simulation/configurations/mdp/FoCut5a/L10/bi/rep01/NPT.mdp,NPT.mdp,84d9cc21c2ab9a5563cd3a25404be3bf22c63c133d293bfde7a568ef122306ef,byte_exact_copy; identity_based_path_rename_content_unchanged,
01_simulation/configurations/mdp/FoCut5a/L10/bi/rep01/NVT.mdp,NVT.mdp,bae6ada3b8459f0a8325f7c8faa0421829c88ea4c7292a85cfa24e7101a0f530,byte_exact_copy; identity_based_path_rename_content_unchanged,
01_simulation/configurations/mdp/FoCut5a/L10/bi/rep02/MD.mdp,MD.mdp,b68ed144c5a67260be62f82777181a2d579385af9690fb9d637059f12882ac4c,byte_exact_copy; identity_based_path_rename_content_unchanged,
01_simulation/configurations/mdp/FoCut5a/L10/bi/rep02/NPT.mdp,NPT.mdp,dcbcc5101152c61a366e7ae1c42a1ff41af66766bdc966b21cd5a47d4bdffdc0,byte_exact_copy; identity_based_path_rename_content_unchanged,
01_simulation/configurations/mdp/FoCut5a/L10/bi/rep02/NVT.mdp,NVT.mdp,fcc83ab0fa85e750272acdcf517571fff9b39036b4deebf70470060dbe4724ab,byte_exact_copy; identity_based_path_rename_content_unchanged,
01_simulation/configurations/mdp/FoCut5a/L10/bi/rep03/MD.mdp,MD.mdp,10563f2701dd85372d8b838a7efb8eb06682b914c0f99dce795d022df0ddb741,byte_exact_copy; identity_based_path_rename_content_unchanged,
01_simulation/configurations/mdp/FoCut5a/L10/bi/rep03/NPT.mdp,NPT.mdp,9a500f1e9faf71093c6b94bc663a3a9348d185354f43cd9a4c10d43210c8f069,byte_exact_copy; identity_based_path_rename_content_unchanged,
01_simulation/configurations/mdp/FoCut5a/L10/bi/rep03/NVT.mdp,NVT.mdp,b678583b5dcbb77c1f82507e344699f9aecc18f6c100293d67463c0f3d50a8d3,byte_exact_copy; identity_based_path_rename_content_unchanged,
01_simulation/configurations/mdp/FoCut5a/L10/head/rep01/MD.mdp,MD.mdp,187c20a05a37605a90ca81156b36f69a41ae8cd1574049bac572e540141e4c86,byte_exact_copy; identity_based_path_rename_content_unchanged,
01_simulation/configurations/mdp/FoCut5a/L10/head/rep01/NPT.mdp,NPT.mdp,1f290a3a451d5788b0cd1d6be09b32928e28e1acb5a319c26fc608223e690041,byte_exact_copy; identity_based_path_rename_content_unchanged,
01_simulation/configurations/mdp/FoCut5a/L10/head/rep01/NVT.mdp,NVT.mdp,4b0898e2c7c03e25569a0498354fe541a841324eec6e2c33460e3983b6e13487,byte_exact_copy; identity_based_path_rename_content_unchanged,
01_simulation/configurations/mdp/FoCut5a/L10/head/rep02/MD.mdp,MD.mdp,0d96dfa67928128f5772b043a08a46659a9ef1d22e24e6dc8955842458da44fb,byte_exact_copy; identity_based_path_rename_content_unchanged,
01_simulation/configurations/mdp/FoCut5a/L10/head/rep02/NPT.mdp,NPT.mdp,d46358d243d693f717afd4b5c1d796519b1a253165e170dd359bddc1e6d87654,byte_exact_copy; identity_based_path_rename_content_unchanged,
01_simulation/configurations/mdp/FoCut5a/L10/head/rep02/NVT.mdp,NVT.mdp,5ee44118b2d0c555c548b4d09368e0fd60e85b4c6010a9dfca0885376d7f969b,byte_exact_copy; identity_based_path_rename_content_unchanged,
01_simulation/configurations/mdp/FoCut5a/L10/head/rep03/MD.mdp,MD.mdp,30f6be915517fec6fb59d93b24b0cec95316c178581819427c89f66212accd8b,byte_exact_copy; identity_based_path_rename_content_unchanged,
01_simulation/configurations/mdp/FoCut5a/L10/head/rep03/NPT.mdp,NPT.mdp,6cca0e2e83d2cadff46578b3a2b4cf3d365e1ad4e5937d5a21faf4b997bcde1f,byte_exact_copy; identity_based_path_rename_content_unchanged,
01_simulation/configurations/mdp/FoCut5a/L10/head/rep03/NVT.mdp,NVT.mdp,50ab7b803f189de6301466d8ac5ffd9b20884440952578e03d4309c5feb3f19a,byte_exact_copy; identity_based_path_rename_content_unchanged,
01_simulation/configurations/mdp/FoCut5a/L10/tail/rep01/MD.mdp,MD.mdp,3855bf32f64107f9a5d5391a1a78928ca20cfcda917af4231a0d21fadaade11c,byte_exact_copy; identity_based_path_rename_content_unchanged,
01_simulation/configurations/mdp/FoCut5a/L10/tail/rep01/NPT.mdp,NPT.mdp,79f0a4171242d17f668c1521c8503088c70ea0255bb80f69df0279f13b9350a8,byte_exact_copy; identity_based_path_rename_content_unchanged,
01_simulation/configurations/mdp/FoCut5a/L10/tail/rep01/NVT.mdp,NVT.mdp,7067a201ff15084a20612e82351766363c7b12dbf119e27c6f396564ed0b2fa3,byte_exact_copy; identity_based_path_rename_content_unchanged,
01_simulation/configurations/mdp/FoCut5a/L10/tail/rep02/MD.mdp,MD.mdp,049ada0f5009a581f0cabe52f605eaf87c1da94b6fd5f33b04badadb22668335,byte_exact_copy; identity_based_path_rename_content_unchanged,
01_simulation/configurations/mdp/FoCut5a/L10/tail/rep02/NPT.mdp,NPT.mdp,351498cbb7050a5d3b7dbe75e3e04ab706260eb379b28b8899a15b4288ead958,byte_exact_copy; identity_based_path_rename_content_unchanged,
01_simulation/configurations/mdp/FoCut5a/L10/tail/rep02/NVT.mdp,NVT.mdp,45a2ef10ff53959eb3472b7a4f54fd9369dfdf0c3cbfe4456fd541b4b6ad0d40,byte_exact_copy; identity_based_path_rename_content_unchanged,
01_simulation/configurations/mdp/FoCut5a/L10/tail/rep03/MD.mdp,MD.mdp,6b6d7f9e94721c9d651c11194e2ff27c208b4f4a2e8769ffedfacbc85dfdb14c,byte_exact_copy; identity_based_path_rename_content_unchanged,
01_simulation/configurations/mdp/FoCut5a/L10/tail/rep03/NPT.mdp,NPT.mdp,d9ca60ef57dde80313d1d2394abcbcc914890d070d1ac6d40045a7f64f855e85,byte_exact_copy; identity_based_path_rename_content_unchanged,
01_simulation/configurations/mdp/FoCut5a/L10/tail/rep03/NVT.mdp,NVT.mdp,d839dcd72786d70fe1767e7f72ca7c6a0045b69e8e0e3857f91b25db0cb04e79,byte_exact_copy; identity_based_path_rename_content_unchanged,
01_simulation/configurations/mdp/FoCut5a/L20/bi/rep01/MD.mdp,MD.mdp,5ade9f68b9812b17b2a631a2978add2181a9b86dd33ef70bdb20cf6d9e5d453c,byte_exact_copy; identity_based_path_rename_content_unchanged,
01_simulation/configurations/mdp/FoCut5a/L20/bi/rep01/NPT.mdp,NPT.mdp,224ccaefe8eeda9111639a91b505889f05014d4de85dccf0ec3cb0cafa8d47cb,byte_exact_copy; identity_based_path_rename_content_unchanged,
01_simulation/configurations/mdp/FoCut5a/L20/bi/rep01/NVT.mdp,NVT.mdp,e80dfe80aa0687a8b04312e7bb6b8cf0fed7f4ccc0716496b3707d466208047c,byte_exact_copy; identity_based_path_rename_content_unchanged,
01_simulation/configurations/mdp/FoCut5a/L20/bi/rep02/MD.mdp,MD.mdp,bcb801ba22b332efbb82929c7e61677d2e14e4993549b403554a437f1f54706f,byte_exact_copy; identity_based_path_rename_content_unchanged,
01_simulation/configurations/mdp/FoCut5a/L20/bi/rep02/NPT.mdp,NPT.mdp,e92b761bda853130df3d57ddd27aee0bdcb96348f9869254a8ff41e559787564,byte_exact_copy; identity_based_path_rename_content_unchanged,
01_simulation/configurations/mdp/FoCut5a/L20/bi/rep02/NVT.mdp,NVT.mdp,8c0d3ebfe44a0f708967c1473aaac9919361d5db103105936674846a7f24506c,byte_exact_copy; identity_based_path_rename_content_unchanged,
01_simulation/configurations/mdp/FoCut5a/L20/bi/rep03/MD.mdp,MD.mdp,8702d53da5acfa13d04f4863e4c5936a04ab9e5d2f419266eb59f862eb46ae43,byte_exact_copy; identity_based_path_rename_content_unchanged,
01_simulation/configurations/mdp/FoCut5a/L20/bi/rep03/NPT.mdp,NPT.mdp,918b3bba53b7c3c3ac1972c4f4e3c460a92518d58e2c8f4e5d3a7779a8c561b2,byte_exact_copy; identity_based_path_rename_content_unchanged,
01_simulation/configurations/mdp/FoCut5a/L20/bi/rep03/NVT.mdp,NVT.mdp,58025b963e161d1ca048e826050ef013f89d7f61f994e563e16655fa9ea6096f,byte_exact_copy; identity_based_path_rename_content_unchanged,
01_simulation/configurations/mdp/FoCut5a/L20/head/rep01/MD.mdp,MD.mdp,d23987c9eb634eef850c333459ee6ec971b2b75c728dfd7a94374e1cd5a57cb9,byte_exact_copy; identity_based_path_rename_content_unchanged,
01_simulation/configurations/mdp/FoCut5a/L20/head/rep01/NPT.mdp,NPT.mdp,dd53c8847ab79533e16083b175757f354a37db4d8bd3501b626d2b9f6b3e4851,byte_exact_copy; identity_based_path_rename_content_unchanged,
01_simulation/configurations/mdp/FoCut5a/L20/head/rep01/NVT.mdp,NVT.mdp,22ce2e0d0228557a41cdae11e390be539bfd0eb66a37010c46af110b9f5eb225,byte_exact_copy; identity_based_path_rename_content_unchanged,
01_simulation/configurations/mdp/FoCut5a/L20/head/rep02/MD.mdp,MD.mdp,fe100ad45d8f6a5fc3cf00f65b43873c4504a30169fbd929c1862c148f654e96,byte_exact_copy; identity_based_path_rename_content_unchanged,
01_simulation/configurations/mdp/FoCut5a/L20/head/rep02/NPT.mdp,NPT.mdp,73b0c3d43426e167c51f7a7a7ed80a72e47185d827166b322d0712daa33540e5,byte_exact_copy; identity_based_path_rename_content_unchanged,
01_simulation/configurations/mdp/FoCut5a/L20/head/rep02/NVT.mdp,NVT.mdp,16e10c352ab77fa6faacee6bc5c5d3c45964ea3d06342367a722a499536e966e,byte_exact_copy; identity_based_path_rename_content_unchanged,
01_simulation/configurations/mdp/FoCut5a/L20/head/rep03/MD.mdp,MD.mdp,8707d5ee6ba39412ca53fb336780b311ea7ee3e2371220a99587d8c2a367b941,byte_exact_copy; identity_based_path_rename_content_unchanged,
01_simulation/configurations/mdp/FoCut5a/L20/head/rep03/NPT.mdp,NPT.mdp,1a71a19fc5735dde7ac308938465b1e06fe3ee90f47318af47b5a53b40fd8e40,byte_exact_copy; identity_based_path_rename_content_unchanged,
01_simulation/configurations/mdp/FoCut5a/L20/head/rep03/NVT.mdp,NVT.mdp,1a9ae9d52a9d34470db3007d3784eb3e761757e391c6cf6513d8a9b0873c3e63,byte_exact_copy; identity_based_path_rename_content_unchanged,
01_simulation/configurations/mdp/FoCut5a/L20/tail/rep01/MD.mdp,MD.mdp,07f01d9886db6e9121ccf2caceca783104ac687db2eb9411bad59c1bf63c6f14,byte_exact_copy; identity_based_path_rename_content_unchanged,
01_simulation/configurations/mdp/FoCut5a/L20/tail/rep01/NPT.mdp,NPT.mdp,55e8e8376ff202df210afd46e5d3e7a0c22b0a4dec821c54f13205b90ca89153,byte_exact_copy; identity_based_path_rename_content_unchanged,
01_simulation/configurations/mdp/FoCut5a/L20/tail/rep01/NVT.mdp,NVT.mdp,68c8a7bc551bd908f0c741698b564f48b8b65553e2ecaac8ea25e703f91495a7,byte_exact_copy; identity_based_path_rename_content_unchanged,
01_simulation/configurations/mdp/FoCut5a/L20/tail/rep02/MD.mdp,MD.mdp,e43500873a48bd72445126362c40f4605ce34fcda9da004921dc8f8ee74fe347,byte_exact_copy; identity_based_path_rename_content_unchanged,
01_simulation/configurations/mdp/FoCut5a/L20/tail/rep02/NPT.mdp,NPT.mdp,38a67b1fc093ef9d6026dbacc53ea3ac10c8aa46624dfd03df3cd01fcddbf26e,byte_exact_copy; identity_based_path_rename_content_unchanged,
01_simulation/configurations/mdp/FoCut5a/L20/tail/rep02/NVT.mdp,NVT.mdp,d38c65da40326574a9623859bd9a27d5c8b5e97255adc2bab1efc70ee04eeeae,byte_exact_copy; identity_based_path_rename_content_unchanged,
01_simulation/configurations/mdp/FoCut5a/L20/tail/rep03/MD.mdp,MD.mdp,6fc9f0948186e0188c82d0a3c385225400abaf388ddc60b3b12ce10d3ddab266,byte_exact_copy; identity_based_path_rename_content_unchanged,
01_simulation/configurations/mdp/FoCut5a/L20/tail/rep03/NPT.mdp,NPT.mdp,411ec09a177cd54362a95ee9dc6be3ccde549a6574f0e3e04df66fc26894f0f7,byte_exact_copy; identity_based_path_rename_content_unchanged,
01_simulation/configurations/mdp/FoCut5a/L20/tail/rep03/NVT.mdp,NVT.mdp,46fe0ed6426e8abf9f1243b42c8c4d1ac697bccbb8f7b54dae8c37b00c5f6d91,byte_exact_copy; identity_based_path_rename_content_unchanged,
01_simulation/configurations/mdp/FoCut5a/L4/single/rep01/MD.mdp,MD.mdp,6e5f21616d8482f55ab73d7b0b2e045cdc9b4d991f7b0976ad79c47dc9c334e3,byte_exact_copy; identity_based_path_rename_content_unchanged,
01_simulation/configurations/mdp/FoCut5a/L4/single/rep01/NPT.mdp,NPT.mdp,c769f42ed42f8a8e7d88d7fd8a79960c9e7d0c73d260102b2f9deacf5a07a539,byte_exact_copy; identity_based_path_rename_content_unchanged,
01_simulation/configurations/mdp/FoCut5a/L4/single/rep01/NVT.mdp,NVT.mdp,f5958d04ad10977ce411c085694d4dd980fb9cfbfbcaf08b5023fc0bfa1d81b4,byte_exact_copy; identity_based_path_rename_content_unchanged,
01_simulation/configurations/mdp/FoCut5a/L4/single/rep02/MD.mdp,MD.mdp,03e27cac2651380b91167b0437edb636d46e0e0012be63b2de60ef3e709b6344,byte_exact_copy; identity_based_path_rename_content_unchanged,
01_simulation/configurations/mdp/FoCut5a/L4/single/rep02/NPT.mdp,NPT.mdp,df2ca1438682c17ce46ecc72b7585cd89a9a487b277aa9eff278d67207f57046,byte_exact_copy; identity_based_path_rename_content_unchanged,
01_simulation/configurations/mdp/FoCut5a/L4/single/rep02/NVT.mdp,NVT.mdp,1968162a6befc7652dba372959dd3c8963094ede063c98bdcef0ffe248db9996,byte_exact_copy; identity_based_path_rename_content_unchanged,
01_simulation/configurations/mdp/FoCut5a/L4/single/rep03/MD.mdp,MD.mdp,bd1a3338ece8a98194d2418634247ecc73d0adac368f26d4693cdd2a2a425327,byte_exact_copy; identity_based_path_rename_content_unchanged,
01_simulation/configurations/mdp/FoCut5a/L4/single/rep03/NPT.mdp,NPT.mdp,d7e7bb6db2a03af2465dd4aa5c430a570832c3936c6f0fd1b2af321211c17f92,byte_exact_copy; identity_based_path_rename_content_unchanged,
01_simulation/configurations/mdp/FoCut5a/L4/single/rep03/NVT.mdp,NVT.mdp,84dac626988f1dcec297ceb21655514e96db663cb2f98d0354ff8007156b2798,byte_exact_copy; identity_based_path_rename_content_unchanged,
01_simulation/configurations/mdp/HiC/L10/bi/rep01/MD.mdp,MD.mdp,411292d607d32c7b46fa8e2c732f8a6fbed3ddfc4e84244af970a4860393a68a,byte_exact_copy; identity_based_path_rename_content_unchanged,
01_simulation/configurations/mdp/HiC/L10/bi/rep01/NPT.mdp,NPT.mdp,506381e1a977cfe2b42801008f5f6bbfa7a896c475f8971df0c8f775ce1d727c,byte_exact_copy; identity_based_path_rename_content_unchanged,
01_simulation/configurations/mdp/HiC/L10/bi/rep01/NVT.mdp,NVT.mdp,c795d90aabd86adc85dea8f6fe983b3eb2d3ae52a6a98f21156f36b137ee4f90,byte_exact_copy; identity_based_path_rename_content_unchanged,
01_simulation/configurations/mdp/HiC/L10/bi/rep02/MD.mdp,MD.mdp,1a07d483d599f30098befe31c38928382136ed9bb40f7dcd7291efbc8a3fcfc0,byte_exact_copy; identity_based_path_rename_content_unchanged,
01_simulation/configurations/mdp/HiC/L10/bi/rep02/NPT.mdp,NPT.mdp,82a7d57a27f7fe1e142b5a029a404c4f106b2f56612ed73f66ef3773605ebebb,byte_exact_copy; identity_based_path_rename_content_unchanged,
01_simulation/configurations/mdp/HiC/L10/bi/rep02/NVT.mdp,NVT.mdp,12a95e9559bcaa8c3f313a1425282e38169ad8d058bd7f00ff28cf8d20e21c37,byte_exact_copy; identity_based_path_rename_content_unchanged,
01_simulation/configurations/mdp/HiC/L10/bi/rep03/MD.mdp,MD.mdp,adf14bc5770db1c0bffe786c4a2128f5f2c3016584ebe9d8b17a69ad31f2cee5,byte_exact_copy; identity_based_path_rename_content_unchanged,
01_simulation/configurations/mdp/HiC/L10/bi/rep03/NPT.mdp,NPT.mdp,ec51895d0ca72f8440821478b7f597d0a139d9e9738ebcadd9da00b89ff86c5d,byte_exact_copy; identity_based_path_rename_content_unchanged,
01_simulation/configurations/mdp/HiC/L10/bi/rep03/NVT.mdp,NVT.mdp,fa367f02b3dbe1ab075fb723668c82ed7cff93ac10193fd69985702f8c13baf6,byte_exact_copy; identity_based_path_rename_content_unchanged,
01_simulation/configurations/mdp/HiC/L10/head/rep01/MD.mdp,MD.mdp,845e26a4c676676adfb14659fd314448346baba5cc1cf2a27050e00ef64016ea,byte_exact_copy; identity_based_path_rename_content_unchanged,
01_simulation/configurations/mdp/HiC/L10/head/rep01/NPT.mdp,NPT.mdp,87a23c681ccb5e2d1d1ceb13e5e45f104b4877482312d0d1ce13ae6f0568852d,byte_exact_copy; identity_based_path_rename_content_unchanged,
01_simulation/configurations/mdp/HiC/L10/head/rep01/NVT.mdp,NVT.mdp,17242270abc4d691d00c0db2b4c4c214bc9988cb654f398bdc9543109ce69207,byte_exact_copy; identity_based_path_rename_content_unchanged,
01_simulation/configurations/mdp/HiC/L10/head/rep02/MD.mdp,MD.mdp,68d29ce52d6a0d422d3e8a539d3d5b35c62433723e95f0bb6ab3c061333200ba,byte_exact_copy; identity_based_path_rename_content_unchanged,
01_simulation/configurations/mdp/HiC/L10/head/rep02/NPT.mdp,NPT.mdp,7cf612e492974c4232849510555eb62549f66ffa54b1da50f1ae0d74959d1384,byte_exact_copy; identity_based_path_rename_content_unchanged,
01_simulation/configurations/mdp/HiC/L10/head/rep02/NVT.mdp,NVT.mdp,87fc24cb97718e8bde3c9ce51e73b368a6784f73183527aa6508ac16c89140c5,byte_exact_copy; identity_based_path_rename_content_unchanged,
01_simulation/configurations/mdp/HiC/L10/head/rep03/MD.mdp,MD.mdp,61d9df351ba42296f2602ff2ca9a6bc0a0a69ebe61a21c817d86e6d151bd38bf,byte_exact_copy; identity_based_path_rename_content_unchanged,
01_simulation/configurations/mdp/HiC/L10/head/rep03/NPT.mdp,NPT.mdp,33f30e2ea10ac5a41093cbadfe26eb0eec0a1b39d899d6be2316073b8181eb7b,byte_exact_copy; identity_based_path_rename_content_unchanged,
01_simulation/configurations/mdp/HiC/L10/head/rep03/NVT.mdp,NVT.mdp,575157c1154540dfbee878cf0e0b4d72846352b708a02666c2527c07c9e7e149,byte_exact_copy; identity_based_path_rename_content_unchanged,
01_simulation/configurations/mdp/HiC/L10/tail/rep01/MD.mdp,MD.mdp,e91641a4466ff3a62f1d45b2d8c3563489e775d046f64c3f8d38e626acaede05,byte_exact_copy; identity_based_path_rename_content_unchanged,
01_simulation/configurations/mdp/HiC/L10/tail/rep01/NPT.mdp,NPT.mdp,9698923382c99096ce23135e870f66ba0174fd87886937db5d9a4f99d7ba6fb0,byte_exact_copy; identity_based_path_rename_content_unchanged,
01_simulation/configurations/mdp/HiC/L10/tail/rep01/NVT.mdp,NVT.mdp,37f831528bc5286ebe4f8b2f06db220999e89283aec2ec092983b6921cb1ed85,byte_exact_copy; identity_based_path_rename_content_unchanged,
01_simulation/configurations/mdp/HiC/L10/tail/rep02/MD.mdp,MD.mdp,b3f92a3e1a4c2c39f0d22cc9e2d3722bcded3ea8b4145f1ec653ac69b495778d,byte_exact_copy; identity_based_path_rename_content_unchanged,
01_simulation/configurations/mdp/HiC/L10/tail/rep02/NPT.mdp,NPT.mdp,d0958e18b2f1cb17e3cf4cc217cde6f276b5d306313c9f25bd4d0a70553fdd4d,byte_exact_copy; identity_based_path_rename_content_unchanged,
01_simulation/configurations/mdp/HiC/L10/tail/rep02/NVT.mdp,NVT.mdp,93ef5877d6a0a2c7c3948be30f66a7e9d853233015fd5f6121aeccf11aa32fcf,byte_exact_copy; identity_based_path_rename_content_unchanged,
01_simulation/configurations/mdp/HiC/L10/tail/rep03/MD.mdp,MD.mdp,143c028e09367caa346e401c8939b1563634ff84178d1c57ebbc85299eb26b50,byte_exact_copy; identity_based_path_rename_content_unchanged,
01_simulation/configurations/mdp/HiC/L10/tail/rep03/NPT.mdp,NPT.mdp,3ebfa0795ad767125e6326d63d47db7e778fb8a9fd67c312b2545bc56458428c,byte_exact_copy; identity_based_path_rename_content_unchanged,
01_simulation/configurations/mdp/HiC/L10/tail/rep03/NVT.mdp,NVT.mdp,4e59fcac70e65294c4da92dd6c0122668505e0b56aef396eb0c39a5a351cf703,byte_exact_copy; identity_based_path_rename_content_unchanged,
01_simulation/configurations/mdp/HiC/L20/bi/rep01/MD.mdp,MD.mdp,a896d679d53c2d65ca3478ae1fc2c6fda30aa4744d4dd8388182c3948a296b58,byte_exact_copy; identity_based_path_rename_content_unchanged,
01_simulation/configurations/mdp/HiC/L20/bi/rep01/NPT.mdp,NPT.mdp,2917697e185b091a34f7c3de856a4db9aa8c87adbaf94cee90796e814bc56541,byte_exact_copy; identity_based_path_rename_content_unchanged,
01_simulation/configurations/mdp/HiC/L20/bi/rep01/NVT.mdp,NVT.mdp,58c4be17aa47e86f7cc1518fa3b007bcced4d02f59a4973526e52fcd6f06ea70,byte_exact_copy; identity_based_path_rename_content_unchanged,
01_simulation/configurations/mdp/HiC/L20/bi/rep02/MD.mdp,MD.mdp,c6aa0567e31455a0ed90cf2da9a932bb2045e927ce0fc8b962d8490f3427d84f,byte_exact_copy; identity_based_path_rename_content_unchanged,
01_simulation/configurations/mdp/HiC/L20/bi/rep02/NPT.mdp,NPT.mdp,a9f4586b5f432bc5a545ba53db8757ad5e83e81763a7dcc17a704a6edf85dbc1,byte_exact_copy; identity_based_path_rename_content_unchanged,
01_simulation/configurations/mdp/HiC/L20/bi/rep02/NVT.mdp,NVT.mdp,0714c74aadfc94e2a9209bf634bbb0ad60c4b70e61d91b089413b310ce524dbd,byte_exact_copy; identity_based_path_rename_content_unchanged,
01_simulation/configurations/mdp/HiC/L20/bi/rep03/MD.mdp,MD.mdp,572ec10094034ddadfbf92e278a216312f88994de5a8f48bf263c9a0b7844896,byte_exact_copy; identity_based_path_rename_content_unchanged,
01_simulation/configurations/mdp/HiC/L20/bi/rep03/NPT.mdp,NPT.mdp,ffa9a6efc01fc2c179f0836ef537026d3819d9790247cb2c8fab2b2dbd153139,byte_exact_copy; identity_based_path_rename_content_unchanged,
01_simulation/configurations/mdp/HiC/L20/bi/rep03/NVT.mdp,NVT.mdp,c7407691457f271e4c39358e9f9bc5f8a2473537ceed6e5e18d998e6d90a03a6,byte_exact_copy; identity_based_path_rename_content_unchanged,
01_simulation/configurations/mdp/HiC/L20/head/rep01/MD.mdp,MD.mdp,36e4588b76f620a21930833ceba95aef00e26fa70d1c611bb36d225ef034d9ce,byte_exact_copy; identity_based_path_rename_content_unchanged,
01_simulation/configurations/mdp/HiC/L20/head/rep01/NPT.mdp,NPT.mdp,82852e5cfaafca5a8d8e5932c11fe1c9dbd866da0809ea852a97d583879ac5b1,byte_exact_copy; identity_based_path_rename_content_unchanged,
01_simulation/configurations/mdp/HiC/L20/head/rep01/NVT.mdp,NVT.mdp,27040c0a8981834d70cef8facd3bdb0b47257c900cf5c36f51bed0fa87ba4bbf,byte_exact_copy; identity_based_path_rename_content_unchanged,
01_simulation/configurations/mdp/HiC/L20/head/rep02/MD.mdp,MD.mdp,4f88ec3b6917f56118b2d1c391077305350d44802e5a6228826fc9940f659ddc,byte_exact_copy; identity_based_path_rename_content_unchanged,
01_simulation/configurations/mdp/HiC/L20/head/rep02/NPT.mdp,NPT.mdp,ee9ba94a55ef055b2caa0c0fccee3b39a135fac3948389eed55c27e8d87b617f,byte_exact_copy; identity_based_path_rename_content_unchanged,
01_simulation/configurations/mdp/HiC/L20/head/rep02/NVT.mdp,NVT.mdp,946ebc0c269a061cc44c7d9413a632253a54c2e8ff679956cf7dfd125a314518,byte_exact_copy; identity_based_path_rename_content_unchanged,
01_simulation/configurations/mdp/HiC/L20/head/rep03/MD.mdp,MD.mdp,f9793836c18cbb8cbf18334a558e54863ec893f0dc9c324f678dfa732ea27cf4,byte_exact_copy; identity_based_path_rename_content_unchanged,
01_simulation/configurations/mdp/HiC/L20/head/rep03/NPT.mdp,NPT.mdp,7f8ee193bc3e0e6a0e63b5854797bdc6ae753bee4782ca9fe9fb669a8c8c5dc4,byte_exact_copy; identity_based_path_rename_content_unchanged,
01_simulation/configurations/mdp/HiC/L20/head/rep03/NVT.mdp,NVT.mdp,69eda0d578024db603d9d1185324f0896c1b26b62c66423b803805b6b0d13a59,byte_exact_copy; identity_based_path_rename_content_unchanged,
01_simulation/configurations/mdp/HiC/L20/tail/rep01/MD.mdp,MD.mdp,71e06266470850903d8e0123a25974603a00719951bddcbe325cb13e7e6b0be1,byte_exact_copy; identity_based_path_rename_content_unchanged,
01_simulation/configurations/mdp/HiC/L20/tail/rep01/NPT.mdp,NPT.mdp,9e8659b3c905535710ad3ebea5215bd70e283308294e358ded484be3100e2075,byte_exact_copy; identity_based_path_rename_content_unchanged,
01_simulation/configurations/mdp/HiC/L20/tail/rep01/NVT.mdp,NVT.mdp,430c58c6f3cdf04c89856f96a9e0bb1d81c6059e88d3fcbc7bd3abc51245fecb,byte_exact_copy; identity_based_path_rename_content_unchanged,
01_simulation/configurations/mdp/HiC/L20/tail/rep02/MD.mdp,MD.mdp,90641e56917dc80ed91bc8fb4bbbddc241e9273a4b1e9a5aa5030790d893f749,byte_exact_copy; identity_based_path_rename_content_unchanged,
01_simulation/configurations/mdp/HiC/L20/tail/rep02/NPT.mdp,NPT.mdp,e4c5f038b1d0a71f6fd49de9199e6b88f3e02a5171f6db795d5f501807bf0736,byte_exact_copy; identity_based_path_rename_content_unchanged,
01_simulation/configurations/mdp/HiC/L20/tail/rep02/NVT.mdp,NVT.mdp,da369efdfcdfa45fed05defb63e9fbf564c4336a8a1e3eac1f198ca51f7cd91c,byte_exact_copy; identity_based_path_rename_content_unchanged,
01_simulation/configurations/mdp/HiC/L20/tail/rep03/MD.mdp,MD.mdp,e202d3a10c607c799206142c36b5e944614f29ddf9692244300299751ae56dcd,byte_exact_copy; identity_based_path_rename_content_unchanged,
01_simulation/configurations/mdp/HiC/L20/tail/rep03/NPT.mdp,NPT.mdp,887897659b513d411f2b0a1ee68c3677122f68375dfea363ac61035344ffe1e9,byte_exact_copy; identity_based_path_rename_content_unchanged,
01_simulation/configurations/mdp/HiC/L20/tail/rep03/NVT.mdp,NVT.mdp,fb8152bde5208b104a2d62d845a04aedd0a6a915bc90a96e1cb7bf2babcad839,byte_exact_copy; identity_based_path_rename_content_unchanged,
01_simulation/configurations/mdp/HiC/L4/single/rep01/MD.mdp,MD.mdp,a2cfc259db79ed2176abfdf27ab7948cff1710424d66c036ab5d2f47cc09a5fc,byte_exact_copy; identity_based_path_rename_content_unchanged,
01_simulation/configurations/mdp/HiC/L4/single/rep01/NPT.mdp,NPT.mdp,9831e25ca5f0e59b4e4cb9a583f2f2f7e9ce521ecd56e8d6a4f7b09a99554401,byte_exact_copy; identity_based_path_rename_content_unchanged,
01_simulation/configurations/mdp/HiC/L4/single/rep01/NVT.mdp,NVT.mdp,470c6a19a200622601c70c747ddfcac76fa7b39e3d93604e4238ae2be21d8800,byte_exact_copy; identity_based_path_rename_content_unchanged,
01_simulation/configurations/mdp/HiC/L4/single/rep02/MD.mdp,MD.mdp,c7a17c55b5d093e74b808f68d5ec66ab54d630b786acdb47672e7702b47fce12,byte_exact_copy; identity_based_path_rename_content_unchanged,
01_simulation/configurations/mdp/HiC/L4/single/rep02/NPT.mdp,NPT.mdp,b86be52c273cb899f5a5ac2e9a4921b3cad057d7588c2a07815b448731927872,byte_exact_copy; identity_based_path_rename_content_unchanged,
01_simulation/configurations/mdp/HiC/L4/single/rep02/NVT.mdp,NVT.mdp,a589a7ae21aa922d0c0b1bf7fb6620535744c21973668b3563ca1c11df9a179d,byte_exact_copy; identity_based_path_rename_content_unchanged,
01_simulation/configurations/mdp/HiC/L4/single/rep03/MD.mdp,MD.mdp,01e3cd64eb264f179301ac7d4e5055669542863c0efb8e56e5064a509ed47cd3,byte_exact_copy; identity_based_path_rename_content_unchanged,
01_simulation/configurations/mdp/HiC/L4/single/rep03/NPT.mdp,NPT.mdp,6c85d5920110bef88bbadf48b915b3315ed9ae98432cad3fe567df21e949b8af,byte_exact_copy; identity_based_path_rename_content_unchanged,
01_simulation/configurations/mdp/HiC/L4/single/rep03/NVT.mdp,NVT.mdp,9cd3015cacca65513efd180a5479a5d39e34a40d83722daed0308fe63c22facd,byte_exact_copy; identity_based_path_rename_content_unchanged,
01_simulation/configurations/mdp/IsPETase/L10/bi/rep01/MD.mdp,MD.mdp,72365b56cdc0dc5458b0ec4d43fdb2c0f9aeca654a9a9719074460840bc2af6c,byte_exact_copy; identity_based_path_rename_content_unchanged,
01_simulation/configurations/mdp/IsPETase/L10/bi/rep01/NPT.mdp,NPT.mdp,68762be2b56067eef736a862f077af95a40abb7efc7a73fc3f2494a27fe0280a,byte_exact_copy; identity_based_path_rename_content_unchanged,
01_simulation/configurations/mdp/IsPETase/L10/bi/rep01/NVT.mdp,NVT.mdp,96ef61baad0900c243ce958059c8ae182d0954104e72f5b5a5a60dfbede09393,byte_exact_copy; identity_based_path_rename_content_unchanged,
01_simulation/configurations/mdp/IsPETase/L10/bi/rep02/MD.mdp,MD.mdp,09f539c91b8f1f4de9e32a2c22dc71cd9b361c6d9e55a7d5c09f7020b4081008,byte_exact_copy; identity_based_path_rename_content_unchanged,
01_simulation/configurations/mdp/IsPETase/L10/bi/rep02/NPT.mdp,NPT.mdp,f2df552860539bedbb697e37791ecbb5d13a5403ffc6449b4c30a29b31f24581,byte_exact_copy; identity_based_path_rename_content_unchanged,
01_simulation/configurations/mdp/IsPETase/L10/bi/rep02/NVT.mdp,NVT.mdp,4fca062972e9e664de9a62c5f71101b9b4ceaccf7d39beebe06dc484eac9430e,byte_exact_copy; identity_based_path_rename_content_unchanged,
01_simulation/configurations/mdp/IsPETase/L10/bi/rep03/MD.mdp,MD.mdp,b5b84d0fb4732d4f63f879f4706beade1de82fa731d8e69749a1e4e0c9947571,byte_exact_copy; identity_based_path_rename_content_unchanged,
01_simulation/configurations/mdp/IsPETase/L10/bi/rep03/NPT.mdp,NPT.mdp,19cd53506a64dcd3bcd87fff8ac103a78b510cd3d413e1f049a67a497eb0432a,byte_exact_copy; identity_based_path_rename_content_unchanged,
01_simulation/configurations/mdp/IsPETase/L10/bi/rep03/NVT.mdp,NVT.mdp,463aa4fe128be04d0604e77b1c2fcf7e8cd93ab9913e265364414be1f84fa89e,byte_exact_copy; identity_based_path_rename_content_unchanged,
01_simulation/configurations/mdp/IsPETase/L10/head/rep01/MD.mdp,MD.mdp,7e9e31ed5d66f3a402d0be20c2178b28935aafd241d13b0cb68a13f6e75143a4,byte_exact_copy; identity_based_path_rename_content_unchanged,
01_simulation/configurations/mdp/IsPETase/L10/head/rep01/NPT.mdp,NPT.mdp,bb93b256eb2eed213b49a5b3372a91c11551cfb018f31ce0786c86e4faf54d75,byte_exact_copy; identity_based_path_rename_content_unchanged,
01_simulation/configurations/mdp/IsPETase/L10/head/rep01/NVT.mdp,NVT.mdp,5292d5ca281a499e57ee52cab7dd79e9b1b9e0756ebd9e08537f295a9260fac8,byte_exact_copy; identity_based_path_rename_content_unchanged,
01_simulation/configurations/mdp/IsPETase/L10/head/rep02/MD.mdp,MD.mdp,bfa312c897ad28cb10cd5e57d9ea0c32c0b913c3d15e41dd9a41cc683ad2e98f,byte_exact_copy; identity_based_path_rename_content_unchanged,
01_simulation/configurations/mdp/IsPETase/L10/head/rep02/NPT.mdp,NPT.mdp,a653ba90a8397afff09defa93005cd4591ed6b3da3f5a67f0e365a721b30eb58,byte_exact_copy; identity_based_path_rename_content_unchanged,
01_simulation/configurations/mdp/IsPETase/L10/head/rep02/NVT.mdp,NVT.mdp,cee1c08b287dda8003cb6770079f6d0c00bf36b297e631e16a72c8b4bbc7812d,byte_exact_copy; identity_based_path_rename_content_unchanged,
01_simulation/configurations/mdp/IsPETase/L10/head/rep03/MD.mdp,MD.mdp,4307970a034e3798f5d0ffdfbd7da343232c238990f0fad161a0a1bf5a38e5a5,byte_exact_copy; identity_based_path_rename_content_unchanged,
01_simulation/configurations/mdp/IsPETase/L10/head/rep03/NPT.mdp,NPT.mdp,2f1de2720f12758ef2ce94cb0d9ec05505c03093a246e87fb7e09a51c9362e60,byte_exact_copy; identity_based_path_rename_content_unchanged,
01_simulation/configurations/mdp/IsPETase/L10/head/rep03/NVT.mdp,NVT.mdp,06283570baba9471c56ba5a0b8df8eac71a35aed58b382240c0ef1e37e984833,byte_exact_copy; identity_based_path_rename_content_unchanged,
01_simulation/configurations/mdp/IsPETase/L10/tail/rep01/MD.mdp,MD.mdp,a94c19af38282d493f9eb29c949175128e4c57a801c86342aded576b48ec8438,byte_exact_copy; identity_based_path_rename_content_unchanged,
01_simulation/configurations/mdp/IsPETase/L10/tail/rep01/NPT.mdp,NPT.mdp,67b3d7adc33997bd23fd83280c70b50b64b24c5475ff0045072c6646b1dcb428,byte_exact_copy; identity_based_path_rename_content_unchanged,
01_simulation/configurations/mdp/IsPETase/L10/tail/rep01/NVT.mdp,NVT.mdp,5b67eed255999f87e4f35db3ef73349ba7ec5abe480c59f5af5ee386518d8ab3,byte_exact_copy; identity_based_path_rename_content_unchanged,
01_simulation/configurations/mdp/IsPETase/L10/tail/rep02/MD.mdp,MD.mdp,1945610b2e257841d4abad3a8a2cdcc5206bcb7247a3828813b15b3d53e99542,byte_exact_copy; identity_based_path_rename_content_unchanged,
01_simulation/configurations/mdp/IsPETase/L10/tail/rep02/NPT.mdp,NPT.mdp,0a878c095a929d443725e4fe58b432e9ad8d439d94b1cf2fd5f20530a62699ec,byte_exact_copy; identity_based_path_rename_content_unchanged,
01_simulation/configurations/mdp/IsPETase/L10/tail/rep02/NVT.mdp,NVT.mdp,6bd432b648c00e44af54439f4c915a4b5c23f4dce28fecadd4c58f95eb12df43,byte_exact_copy; identity_based_path_rename_content_unchanged,
01_simulation/configurations/mdp/IsPETase/L10/tail/rep03/MD.mdp,MD.mdp,83a642a9d64d07cbd97dd5fb4ad64f4bde00736d9fc1737cef2f24a2747ad0c5,byte_exact_copy; identity_based_path_rename_content_unchanged,
01_simulation/configurations/mdp/IsPETase/L10/tail/rep03/NPT.mdp,NPT.mdp,42fba67acae15f8aad3944097eed2e8208621b054a9330d97fba9d7e2a3e642c,byte_exact_copy; identity_based_path_rename_content_unchanged,
01_simulation/configurations/mdp/IsPETase/L10/tail/rep03/NVT.mdp,NVT.mdp,efda06ac1f06208f496b05624eabea16e3ef336623cfba31103be8c5daef0e1d,byte_exact_copy; identity_based_path_rename_content_unchanged,
01_simulation/configurations/mdp/IsPETase/L20/bi/rep01/MD.mdp,MD.mdp,121de07f911c15c5931bd94f7c214123fdef66b9acdc3d15990b852a32e237ba,byte_exact_copy; identity_based_path_rename_content_unchanged,
01_simulation/configurations/mdp/IsPETase/L20/bi/rep01/NPT.mdp,NPT.mdp,efb6647e38d0ff1c3f97e39b85aa8733cd17ecc5cb7627e7d725d211dbcc93d0,byte_exact_copy; identity_based_path_rename_content_unchanged,
01_simulation/configurations/mdp/IsPETase/L20/bi/rep01/NVT.mdp,NVT.mdp,3112b066d2c9ac561c765a173fe39d6ed4e62a62505fb5adfe45a688152aeaa8,byte_exact_copy; identity_based_path_rename_content_unchanged,
01_simulation/configurations/mdp/IsPETase/L20/bi/rep02/MD.mdp,MD.mdp,48b3ba2e8f00b925fcf9edc52b64c8124e96458f39cb001d37a9082be4ef78e4,byte_exact_copy; identity_based_path_rename_content_unchanged,
01_simulation/configurations/mdp/IsPETase/L20/bi/rep02/NPT.mdp,NPT.mdp,b9c5a5a7eb9c7e725db5db1ae582e852a1341b4e47a67e57b55c940b13f9dad4,byte_exact_copy; identity_based_path_rename_content_unchanged,
01_simulation/configurations/mdp/IsPETase/L20/bi/rep02/NVT.mdp,NVT.mdp,5e5b50ed79a1764bb4348456df076d8cd9e88ee66fc163eeba67adcc3b53b0a7,byte_exact_copy; identity_based_path_rename_content_unchanged,
01_simulation/configurations/mdp/IsPETase/L20/bi/rep03/MD.mdp,MD.mdp,1fe0663a0dc9e6c1bd79c9f3d909e9d4b7d065247df7831cf666d579e6adebbe,byte_exact_copy; identity_based_path_rename_content_unchanged,
01_simulation/configurations/mdp/IsPETase/L20/bi/rep03/NPT.mdp,NPT.mdp,6b2b35dd31a99aaaac014a321cc3357642fcb5b3d1dd3e033d4eebf2c352de45,byte_exact_copy; identity_based_path_rename_content_unchanged,
01_simulation/configurations/mdp/IsPETase/L20/bi/rep03/NVT.mdp,NVT.mdp,92dc44b4f2ddc46f819180563166c1f708b0b04174bb4c46765ee3ecde30377f,byte_exact_copy; identity_based_path_rename_content_unchanged,
01_simulation/configurations/mdp/IsPETase/L20/head/rep01/MD.mdp,MD.mdp,5d6c221ecc60cba48823d76f6146896eef44f95babf9244bfa28245ff445e003,byte_exact_copy; identity_based_path_rename_content_unchanged,
01_simulation/configurations/mdp/IsPETase/L20/head/rep01/NPT.mdp,NPT.mdp,681f4303d9378b0cc382dbd8d09c2fb14ce7ec5a6844fccc42423a97e3bd8fae,byte_exact_copy; identity_based_path_rename_content_unchanged,
01_simulation/configurations/mdp/IsPETase/L20/head/rep01/NVT.mdp,NVT.mdp,31a9edebabfd13affd9e9f5b65e22814de6ca3a0a943284c0a283523ada84771,byte_exact_copy; identity_based_path_rename_content_unchanged,
01_simulation/configurations/mdp/IsPETase/L20/head/rep02/MD.mdp,MD.mdp,490b83f466c6d407fde5d9df5d1a5ac48920948101a9aab9d501857ed2e5e5e3,byte_exact_copy; identity_based_path_rename_content_unchanged,
01_simulation/configurations/mdp/IsPETase/L20/head/rep02/NPT.mdp,NPT.mdp,b29e9fc2fcbd4e50329db5e2dfb3ff084f9ba39c65921e331542d1ee8270304a,byte_exact_copy; identity_based_path_rename_content_unchanged,
01_simulation/configurations/mdp/IsPETase/L20/head/rep02/NVT.mdp,NVT.mdp,73bbbbcd9507145f775f5e538d3c212395d2b8b4dcaefb944bacf607a11183cc,byte_exact_copy; identity_based_path_rename_content_unchanged,
01_simulation/configurations/mdp/IsPETase/L20/head/rep03/MD.mdp,MD.mdp,3c079ae700b728c2d57c696593c3952dac4585d9474819093c69c9ea2f7209ff,byte_exact_copy; identity_based_path_rename_content_unchanged,
01_simulation/configurations/mdp/IsPETase/L20/head/rep03/NPT.mdp,NPT.mdp,def24f947aea4dbcb0755cbf1381bfe26a7f0739716d0bb8263e120971ce1951,byte_exact_copy; identity_based_path_rename_content_unchanged,
01_simulation/configurations/mdp/IsPETase/L20/head/rep03/NVT.mdp,NVT.mdp,97787ba8eb443f2b2da3a4a3b844c3e050a5cb87d0a338e111410ffa9a10793d,byte_exact_copy; identity_based_path_rename_content_unchanged,
01_simulation/configurations/mdp/IsPETase/L20/tail/rep01/MD.mdp,MD.mdp,c9e8f6a7aa885fd7c0e58d45d395f809245d1ff32499a0f2a3da1e8defe33131,byte_exact_copy; identity_based_path_rename_content_unchanged,
01_simulation/configurations/mdp/IsPETase/L20/tail/rep01/NPT.mdp,NPT.mdp,6c30e7b5c7d3d0b050f9e9421871a41aaa84f87aa3b5ef59bed910e3b05a6cca,byte_exact_copy; identity_based_path_rename_content_unchanged,
01_simulation/configurations/mdp/IsPETase/L20/tail/rep01/NVT.mdp,NVT.mdp,72f0c72949ff722394b7cbfe2ffdc7bf3cca0e1b9c37ff1b24e426b383100ee6,byte_exact_copy; identity_based_path_rename_content_unchanged,
01_simulation/configurations/mdp/IsPETase/L20/tail/rep02/MD.mdp,MD.mdp,540585386a2872cb0f9bc0f207b16cd6a2a29c4c0f0a433e767192f820df85c4,byte_exact_copy; identity_based_path_rename_content_unchanged,
01_simulation/configurations/mdp/IsPETase/L20/tail/rep02/NPT.mdp,NPT.mdp,9693fd5989d1025b2080fb8d22cd74f1d030a28fc77a933b7695dd9180174cd4,byte_exact_copy; identity_based_path_rename_content_unchanged,
01_simulation/configurations/mdp/IsPETase/L20/tail/rep02/NVT.mdp,NVT.mdp,7130470ae8d89ddac6f54a23fdbd7eafc89dbe233c7b45b23de132a27dd5798e,byte_exact_copy; identity_based_path_rename_content_unchanged,
01_simulation/configurations/mdp/IsPETase/L20/tail/rep03/MD.mdp,MD.mdp,3ef45e66bec122ce33b2903e9702c01157bc9d596115c60ef7b81a2e9de925de,byte_exact_copy; identity_based_path_rename_content_unchanged,
01_simulation/configurations/mdp/IsPETase/L20/tail/rep03/NPT.mdp,NPT.mdp,3dc7379f76425261cbe4dca0b45c24ccc9c9c413a34793f5d90b59a3a6d444bf,byte_exact_copy; identity_based_path_rename_content_unchanged,
01_simulation/configurations/mdp/IsPETase/L20/tail/rep03/NVT.mdp,NVT.mdp,c4cd4e366e0737c74d4f400953d6cff018143a05c70279082b5254c932473274,byte_exact_copy; identity_based_path_rename_content_unchanged,
01_simulation/configurations/mdp/IsPETase/L4/single/rep01/MD.mdp,MD.mdp,5b0486d864f19bc29589bf0bca31e7cc2bf7385cc061ebd31be14ad2d16ff50b,byte_exact_copy; identity_based_path_rename_content_unchanged,
01_simulation/configurations/mdp/IsPETase/L4/single/rep01/NPT.mdp,NPT.mdp,4cc7e1da7b487976954960df7abd47eea1e56771b72ba00db01ea94501882f06,byte_exact_copy; identity_based_path_rename_content_unchanged,
01_simulation/configurations/mdp/IsPETase/L4/single/rep01/NVT.mdp,NVT.mdp,00dbabfd89db4d202eb9ccf3178436d44e83eb8466e6e8aecbb887251bc0beb7,byte_exact_copy; identity_based_path_rename_content_unchanged,
01_simulation/configurations/mdp/IsPETase/L4/single/rep02/MD.mdp,MD.mdp,e86a1926d5362fd65f94065eace485839bd3572a31387fe95ed6328d192d5ca1,byte_exact_copy; identity_based_path_rename_content_unchanged,
01_simulation/configurations/mdp/IsPETase/L4/single/rep02/NPT.mdp,NPT.mdp,5c1c09e85efe2ee829bf2f6aecf0e991354d131c1c1bb9a7831241c34094944e,byte_exact_copy; identity_based_path_rename_content_unchanged,
01_simulation/configurations/mdp/IsPETase/L4/single/rep02/NVT.mdp,NVT.mdp,e9e6f8ca1733d7ef3040c172d8bf40ebc34e2d3238e78c305065f6530634e8d8,byte_exact_copy; identity_based_path_rename_content_unchanged,
01_simulation/configurations/mdp/IsPETase/L4/single/rep03/MD.mdp,MD.mdp,aad44bb2637cf5a0a79888e47f00a6ed2ab9e9ce00624c059e838b05f6500fda,byte_exact_copy; identity_based_path_rename_content_unchanged,
01_simulation/configurations/mdp/IsPETase/L4/single/rep03/NPT.mdp,NPT.mdp,a40c6116ea8b24cb9cfb34ac7066619daaa37604eadebc5e6051f13a37a56b91,byte_exact_copy; identity_based_path_rename_content_unchanged,
01_simulation/configurations/mdp/IsPETase/L4/single/rep03/NVT.mdp,NVT.mdp,c3bf5d62ea43debbbaff9963219d293fbabceaaec736bff82f6c9b7693964048,byte_exact_copy; identity_based_path_rename_content_unchanged,
01_simulation/configurations/mdp/LCC/L10/bi/rep01/MD.mdp,MD.mdp,3191a5d6b7945150bbeee71b5a1b1e78aa0a111a85a71ee6ae37e3a0746a860b,byte_exact_copy; identity_based_path_rename_content_unchanged,
01_simulation/configurations/mdp/LCC/L10/bi/rep01/NPT.mdp,NPT.mdp,baf232eeff23c0ec8ed153f310c49bb475a1707b1c5646bd30c2b48831b8896c,byte_exact_copy; identity_based_path_rename_content_unchanged,
01_simulation/configurations/mdp/LCC/L10/bi/rep01/NVT.mdp,NVT.mdp,6d44c165a8716c4656fe6de6b7e82c84f498c0ae845c3c0fe7a8e136018bf784,byte_exact_copy; identity_based_path_rename_content_unchanged,
01_simulation/configurations/mdp/LCC/L10/bi/rep02/MD.mdp,MD.mdp,e780a319ef43d59de2df1c8270b41fcd77ba0e7d0b8f25ad32b1318b99696006,byte_exact_copy; identity_based_path_rename_content_unchanged,
01_simulation/configurations/mdp/LCC/L10/bi/rep02/NPT.mdp,NPT.mdp,a70d8b8ac08e02d3413b57bc8009f29512f069314e8d03b8fe568d9b07fe3797,byte_exact_copy; identity_based_path_rename_content_unchanged,
01_simulation/configurations/mdp/LCC/L10/bi/rep02/NVT.mdp,NVT.mdp,7ae34a786b0ff26fed786d2a9b05f807142551534a17eb91dc84550ddf17ed48,byte_exact_copy; identity_based_path_rename_content_unchanged,
01_simulation/configurations/mdp/LCC/L10/bi/rep03/MD.mdp,MD.mdp,2e4441255530c51544431c78ec6a097f0c73c7efa811e5e794a9eae2912e10f3,byte_exact_copy; identity_based_path_rename_content_unchanged,
01_simulation/configurations/mdp/LCC/L10/bi/rep03/NPT.mdp,NPT.mdp,6dc3731e37a40bcc8ca5f560e9f49df42a7a376a58c89d50a952a177da0c4e7f,byte_exact_copy; identity_based_path_rename_content_unchanged,
01_simulation/configurations/mdp/LCC/L10/bi/rep03/NVT.mdp,NVT.mdp,fbfde19410f50e46036b9d20eb90b2c3db97b59a3f96c253de3114c32772042c,byte_exact_copy; identity_based_path_rename_content_unchanged,
01_simulation/configurations/mdp/LCC/L10/head/rep01/MD.mdp,MD.mdp,bd76364133314dfb1775e5b321d985c4a5fc20b6dfdbacbd262bac568f8e478e,byte_exact_copy; identity_based_path_rename_content_unchanged,
01_simulation/configurations/mdp/LCC/L10/head/rep01/NPT.mdp,NPT.mdp,864fb2be2808baee75ddff5bd656bcdbc3408fc23e02858b53f729b7cbaca95e,byte_exact_copy; identity_based_path_rename_content_unchanged,
01_simulation/configurations/mdp/LCC/L10/head/rep01/NVT.mdp,NVT.mdp,d303882441833aca925e489a3ce2746afa3c5ffb04fcfb15eeae3a356724e9b2,byte_exact_copy; identity_based_path_rename_content_unchanged,
01_simulation/configurations/mdp/LCC/L10/head/rep02/MD.mdp,MD.mdp,6a07d731b4cbade472bc855a5a2e9a063f1a5864538786a33ec10377e46fbceb,byte_exact_copy; identity_based_path_rename_content_unchanged,
01_simulation/configurations/mdp/LCC/L10/head/rep02/NPT.mdp,NPT.mdp,3242f874344740ffe67e1dc2a085dc7f9a643d836fa56bbc8789be088a09a2e9,byte_exact_copy; identity_based_path_rename_content_unchanged,
01_simulation/configurations/mdp/LCC/L10/head/rep02/NVT.mdp,NVT.mdp,38f06f80954647f2cc0243550ab61d29f9f6ada3f53f21fa23a8d3e37f4c6c32,byte_exact_copy; identity_based_path_rename_content_unchanged,
01_simulation/configurations/mdp/LCC/L10/head/rep03/MD.mdp,MD.mdp,3db01cb25902eebab435412bbb0892f8e417eb88905e8973fa45cd5d52d3eda6,byte_exact_copy; identity_based_path_rename_content_unchanged,
01_simulation/configurations/mdp/LCC/L10/head/rep03/NPT.mdp,NPT.mdp,924ce2e71c33b732473fe97e9760d4b7313864d415cb02d362fc558fdd83281e,byte_exact_copy; identity_based_path_rename_content_unchanged,
01_simulation/configurations/mdp/LCC/L10/head/rep03/NVT.mdp,NVT.mdp,8a5e67cb430037a5bf54d3940f4ebd7384dfa28150f009ef72e0d41b48f2841b,byte_exact_copy; identity_based_path_rename_content_unchanged,
01_simulation/configurations/mdp/LCC/L10/tail/rep01/MD.mdp,MD.mdp,8ef78f9f364cbee47509d915dc21a92eac36fb206d851a4bf5ef0f01796c6bb5,byte_exact_copy; identity_based_path_rename_content_unchanged,
01_simulation/configurations/mdp/LCC/L10/tail/rep01/NPT.mdp,NPT.mdp,34c4ffb1f29740e3498d13d6c786d47c9d136381ecebb0cdf9c22b8e3d422b67,byte_exact_copy; identity_based_path_rename_content_unchanged,
01_simulation/configurations/mdp/LCC/L10/tail/rep01/NVT.mdp,NVT.mdp,12c573d7f0e89ab3d9d9edb5c912f45ad570609cab2268924e66fe4e219b963c,byte_exact_copy; identity_based_path_rename_content_unchanged,
01_simulation/configurations/mdp/LCC/L10/tail/rep02/MD.mdp,MD.mdp,678cd2940b4636c7745d187b7ed1d7450523a237388b9adebcc63cd0cc9ff627,byte_exact_copy; identity_based_path_rename_content_unchanged,
01_simulation/configurations/mdp/LCC/L10/tail/rep02/NPT.mdp,NPT.mdp,51d28dca21bd5b61b4051ecd8a5f55f64b1cefb668a129edd9ce6c6fdcb61571,byte_exact_copy; identity_based_path_rename_content_unchanged,
01_simulation/configurations/mdp/LCC/L10/tail/rep02/NVT.mdp,NVT.mdp,26954304ed389cf912419f8db8427952564e22a0a5d976ce7218c53c97c7ae94,byte_exact_copy; identity_based_path_rename_content_unchanged,
01_simulation/configurations/mdp/LCC/L10/tail/rep03/MD.mdp,MD.mdp,42ac66e083108f2eb5b2a9c5709e455af08c76be2a9baec3f77bb6db8988f5f1,byte_exact_copy; identity_based_path_rename_content_unchanged,
01_simulation/configurations/mdp/LCC/L10/tail/rep03/NPT.mdp,NPT.mdp,fb31bf718fc05ad5ac614e2fcb374c311377c6248c4c5fc9d03c06bc82139a52,byte_exact_copy; identity_based_path_rename_content_unchanged,
01_simulation/configurations/mdp/LCC/L10/tail/rep03/NVT.mdp,NVT.mdp,63c678844c3a76c98679608e7d8bdad25af81f229603f564f8984781dd7fdda3,byte_exact_copy; identity_based_path_rename_content_unchanged,
01_simulation/configurations/mdp/LCC/L20/bi/rep01/MD.mdp,MD.mdp,32787e3f4cf2c411ff3855e975339cc7313cded890d328824da245ed6e5d85a6,byte_exact_copy; identity_based_path_rename_content_unchanged,
01_simulation/configurations/mdp/LCC/L20/bi/rep01/NPT.mdp,NPT.mdp,1d3d3e38f73d6bd0afb04d8024b822a6c8c0bfb610a0d8014c456daa83d56208,byte_exact_copy; identity_based_path_rename_content_unchanged,
01_simulation/configurations/mdp/LCC/L20/bi/rep01/NVT.mdp,NVT.mdp,222131f98c69b16fea88fcf350548a21f31c96ece11bfeb3bd99a9071993b130,byte_exact_copy; identity_based_path_rename_content_unchanged,
01_simulation/configurations/mdp/LCC/L20/bi/rep02/MD.mdp,MD.mdp,59d6a5179a9859106ec196af15383e7a969040696374009b940c646d9eb27562,byte_exact_copy; identity_based_path_rename_content_unchanged,
01_simulation/configurations/mdp/LCC/L20/bi/rep02/NPT.mdp,NPT.mdp,a104a304a001a6557660cf9150124dd2c6a045a899d56f30b184d637b37a2b46,byte_exact_copy; identity_based_path_rename_content_unchanged,
01_simulation/configurations/mdp/LCC/L20/bi/rep02/NVT.mdp,NVT.mdp,0644bb1d416cf68e47af1210e13ec45e3da8084e563a9ffc89412b453b74f307,byte_exact_copy; identity_based_path_rename_content_unchanged,
01_simulation/configurations/mdp/LCC/L20/bi/rep03/MD.mdp,MD.mdp,6a349f95efb36ec310293feec94e6f5eb83823cf7e541eec06c25e3f36f95058,byte_exact_copy; identity_based_path_rename_content_unchanged,
01_simulation/configurations/mdp/LCC/L20/bi/rep03/NPT.mdp,NPT.mdp,2f7964a6cfc0cef8ad7be0b8d402c3fcacbce78f5d7833ee7cd110bce7e20980,byte_exact_copy; identity_based_path_rename_content_unchanged,
01_simulation/configurations/mdp/LCC/L20/bi/rep03/NVT.mdp,NVT.mdp,213ab2ae147ce84a70ff710ae03274b24a747ab101b7d41d8f67bdab3d00d64f,byte_exact_copy; identity_based_path_rename_content_unchanged,
01_simulation/configurations/mdp/LCC/L20/head/rep01/MD.mdp,MD.mdp,246ac273bb12ab6958d64c0b9c00b7c681ac709a27b003c546a00dc0de375fed,byte_exact_copy; identity_based_path_rename_content_unchanged,
01_simulation/configurations/mdp/LCC/L20/head/rep01/NPT.mdp,NPT.mdp,f3a3e65dd6dd0530518d8f508d21b50270f0273f69dd7990f39d642820b7277e,byte_exact_copy; identity_based_path_rename_content_unchanged,
01_simulation/configurations/mdp/LCC/L20/head/rep01/NVT.mdp,NVT.mdp,8646e96af1dc75ed9be83b0c7a0cbfb9c0764ea0135a90985d177803abb4aa84,byte_exact_copy; identity_based_path_rename_content_unchanged,
01_simulation/configurations/mdp/LCC/L20/head/rep02/MD.mdp,MD.mdp,ad686bbbdf50151790f5282ec6a0de1f2820444db26d66c3c38a4711818eab8d,byte_exact_copy; identity_based_path_rename_content_unchanged,
01_simulation/configurations/mdp/LCC/L20/head/rep02/NPT.mdp,NPT.mdp,1d54123c22ecd61ab4bc61e920e0e999b43b1fe3b3a1eda7bf4a36630c3b24b0,byte_exact_copy; identity_based_path_rename_content_unchanged,
01_simulation/configurations/mdp/LCC/L20/head/rep02/NVT.mdp,NVT.mdp,6eb747d4e1b8dcbde8efda6aa0ff41d413210f6d3f2f24e0deab8bc1b1b01c02,byte_exact_copy; identity_based_path_rename_content_unchanged,
01_simulation/configurations/mdp/LCC/L20/head/rep03/MD.mdp,MD.mdp,4d6bf4f06675b816bb7236b1e62f52dee80ea0594381be6943031d85b6ad5089,byte_exact_copy; identity_based_path_rename_content_unchanged,
01_simulation/configurations/mdp/LCC/L20/head/rep03/NPT.mdp,NPT.mdp,e9788fc760f2dbb6f8ba5c03e5ed4b668d1d0afc6062b2277a3d100e7547bc46,byte_exact_copy; identity_based_path_rename_content_unchanged,
01_simulation/configurations/mdp/LCC/L20/head/rep03/NVT.mdp,NVT.mdp,7e770407ba62eda584821b9f4ce7c4178b8c1be33d4de8a8ce9f702da6c79ed9,byte_exact_copy; identity_based_path_rename_content_unchanged,
01_simulation/configurations/mdp/LCC/L20/tail/rep01/MD.mdp,MD.mdp,abff9aed658b1566a6ee354beefceb6d269d2c712b374ed673e0f2c5247705a1,byte_exact_copy; identity_based_path_rename_content_unchanged,
01_simulation/configurations/mdp/LCC/L20/tail/rep01/NPT.mdp,NPT.mdp,332053bf5d73e7ff4c5433cbc9bf4619a5d3fd42d2afd7ba9579cb6d92c8b04a,byte_exact_copy; identity_based_path_rename_content_unchanged,
01_simulation/configurations/mdp/LCC/L20/tail/rep01/NVT.mdp,NVT.mdp,4417883d3834cea65ce2a1e100a224980a82be997722d711a488fd144c896aab,byte_exact_copy; identity_based_path_rename_content_unchanged,
01_simulation/configurations/mdp/LCC/L20/tail/rep02/MD.mdp,MD.mdp,48cf58226e49a13df51ab3811748953afa61fc8d6c02412c32c1ea2fe0539be6,byte_exact_copy; identity_based_path_rename_content_unchanged,
01_simulation/configurations/mdp/LCC/L20/tail/rep02/NPT.mdp,NPT.mdp,c0f6ec978ad3c354ddebea9ebb87b4b0a3a7348f1ab39e5a1a9e4d42b3adfc3a,byte_exact_copy; identity_based_path_rename_content_unchanged,
01_simulation/configurations/mdp/LCC/L20/tail/rep02/NVT.mdp,NVT.mdp,a54431cc5b52b2896b2ce344fec3088bf768ea19660455078b70746aaaf06b54,byte_exact_copy; identity_based_path_rename_content_unchanged,
01_simulation/configurations/mdp/LCC/L20/tail/rep03/MD.mdp,MD.mdp,75fec4d0be682af1881c2644d88dbdb04bd933c3f9d2d2c93779b3e8df4fc05a,byte_exact_copy; identity_based_path_rename_content_unchanged,
01_simulation/configurations/mdp/LCC/L20/tail/rep03/NPT.mdp,NPT.mdp,ff09d2f007b255ce85e714402f87940284d258ed2489aed4c4b74de9ac8b56b6,byte_exact_copy; identity_based_path_rename_content_unchanged,
01_simulation/configurations/mdp/LCC/L20/tail/rep03/NVT.mdp,NVT.mdp,4fa2e2036f34e8c2c4262520048974f9473a7be870796e3c7c65b6c0f13ebbab,byte_exact_copy; identity_based_path_rename_content_unchanged,
01_simulation/configurations/mdp/LCC/L4/single/rep01/MD.mdp,MD.mdp,8de8419f4ffbe31b805d53c56e372de6a7641b98709a881ee3fb6d49563e1c91,byte_exact_copy; identity_based_path_rename_content_unchanged,
01_simulation/configurations/mdp/LCC/L4/single/rep01/NPT.mdp,NPT.mdp,c5bcc5fa0868c012dd9f6d3620e62161158fcac2be487ee8f15a75b40015ffa5,byte_exact_copy; identity_based_path_rename_content_unchanged,
01_simulation/configurations/mdp/LCC/L4/single/rep01/NVT.mdp,NVT.mdp,166d2a3f069d3a754ea214006e7e5ac95683962ecb147eead6dc935227796674,byte_exact_copy; identity_based_path_rename_content_unchanged,
01_simulation/configurations/mdp/LCC/L4/single/rep02/MD.mdp,MD.mdp,78554a85c99486eb9960f03c6d69ff479668f3f58a2f72511f2a9c2aae42bccb,byte_exact_copy; identity_based_path_rename_content_unchanged,
01_simulation/configurations/mdp/LCC/L4/single/rep02/NPT.mdp,NPT.mdp,366dba5a2c258a377c6c9a5c9c0de9bc0151cb1b3d6d4553f3e95010de49d63a,byte_exact_copy; identity_based_path_rename_content_unchanged,
01_simulation/configurations/mdp/LCC/L4/single/rep02/NVT.mdp,NVT.mdp,32135a79f3220a28a35a6f9bc8430ed72414d5b07abf50daf651eb825321caaf,byte_exact_copy; identity_based_path_rename_content_unchanged,
01_simulation/configurations/mdp/LCC/L4/single/rep03/MD.mdp,MD.mdp,1e5496ce1fbd1e6af8b9e665cf43ab18496ec06f76bb68fcb6d68ded32506409,byte_exact_copy; identity_based_path_rename_content_unchanged,
01_simulation/configurations/mdp/LCC/L4/single/rep03/NPT.mdp,NPT.mdp,d0618c6ec1d0107af8e1de06e5bba402d8b07234ca176f35b82949161b57662b,byte_exact_copy; identity_based_path_rename_content_unchanged,
01_simulation/configurations/mdp/LCC/L4/single/rep03/NVT.mdp,NVT.mdp,7dba8ffb7cef9605822e8edbc74f6d3f46562a1e526dd14a01e5ee4807d98ea7,byte_exact_copy; identity_based_path_rename_content_unchanged,
01_simulation/configurations/mdp/PHL7/L10/bi/rep01/MD.mdp,MD.mdp,16961604b4fbb5f7d60e6aeed4e18d2afe7006051b8928564257811ad19d2bb2,byte_exact_copy; identity_based_path_rename_content_unchanged,
01_simulation/configurations/mdp/PHL7/L10/bi/rep01/NPT.mdp,NPT.mdp,85a8a950e01894008428b3d176beec19250818a5257f5afe352c4ad5aea7dafd,byte_exact_copy; identity_based_path_rename_content_unchanged,
01_simulation/configurations/mdp/PHL7/L10/bi/rep01/NVT.mdp,NVT.mdp,653b99106fa63118f6dd25bee204f6504e3a9f16cc7f112ee2030029ad35ef0a,byte_exact_copy; identity_based_path_rename_content_unchanged,
01_simulation/configurations/mdp/PHL7/L10/bi/rep02/MD.mdp,MD.mdp,8cf30216c3bef4c7e1215bc7a111859adbcb66533fc6d0ea8c2b75184285b661,byte_exact_copy; identity_based_path_rename_content_unchanged,
01_simulation/configurations/mdp/PHL7/L10/bi/rep02/NPT.mdp,NPT.mdp,54141caa95e3efbe37a437737a6bb0faf88059f4e8d1e0933e0ba6e9f5fb856f,byte_exact_copy; identity_based_path_rename_content_unchanged,
01_simulation/configurations/mdp/PHL7/L10/bi/rep02/NVT.mdp,NVT.mdp,8bba16df59b7bb297aa0af3534625e7fce0b147572c14c6814f35fe4bf34e2fd,byte_exact_copy; identity_based_path_rename_content_unchanged,
01_simulation/configurations/mdp/PHL7/L10/bi/rep03/MD.mdp,MD.mdp,b522eaf0e87e85367dfaa82cf424637b8185d02f5e5cd6433a47864741b33b41,byte_exact_copy; identity_based_path_rename_content_unchanged,
01_simulation/configurations/mdp/PHL7/L10/bi/rep03/NPT.mdp,NPT.mdp,2734267fee0af07a84f1d97f76cb7f72408bf7ac12d3f9b675329db519b4efd7,byte_exact_copy; identity_based_path_rename_content_unchanged,
01_simulation/configurations/mdp/PHL7/L10/bi/rep03/NVT.mdp,NVT.mdp,945403d9651bf10a86567ca368f35ee2607528d1def3e630de929165680e4505,byte_exact_copy; identity_based_path_rename_content_unchanged,
01_simulation/configurations/mdp/PHL7/L10/head/rep01/MD.mdp,MD.mdp,e8316b8ac1b648458f260eb8276f530b21cabaae3a89637537f1e59e38bfaac2,byte_exact_copy; identity_based_path_rename_content_unchanged,
01_simulation/configurations/mdp/PHL7/L10/head/rep01/NPT.mdp,NPT.mdp,d0e8ffaf6e6270cb14be5b56ba878ff9adc9fa57aba608fbf4ccd29c608f8ff3,byte_exact_copy; identity_based_path_rename_content_unchanged,
01_simulation/configurations/mdp/PHL7/L10/head/rep01/NVT.mdp,NVT.mdp,8b0284d19911f59df1dfe34a046711d607eeaa36ff635dac5b70821351403048,byte_exact_copy; identity_based_path_rename_content_unchanged,
01_simulation/configurations/mdp/PHL7/L10/head/rep02/MD.mdp,MD.mdp,5412952eb420b85c801655fc72757addd5aad17241451543482835c78d6609d6,byte_exact_copy; identity_based_path_rename_content_unchanged,
01_simulation/configurations/mdp/PHL7/L10/head/rep02/NPT.mdp,NPT.mdp,97df30a1d03ae5a7a9184ad67fa6d1e94f16428fc99bb2f9400895e733054813,byte_exact_copy; identity_based_path_rename_content_unchanged,
01_simulation/configurations/mdp/PHL7/L10/head/rep02/NVT.mdp,NVT.mdp,8193ff6f2466dc48f5a25c5c8c51eb5d4591afad17c393b692898e2dc0044c9d,byte_exact_copy; identity_based_path_rename_content_unchanged,
01_simulation/configurations/mdp/PHL7/L10/head/rep03/MD.mdp,MD.mdp,91e28a957edace47b31779cd1a1ea6ee3a344ae0ca8800df03b6f35399279a9c,byte_exact_copy; identity_based_path_rename_content_unchanged,
01_simulation/configurations/mdp/PHL7/L10/head/rep03/NPT.mdp,NPT.mdp,abfd74348acc1694050bf40f73777d398671ad9097ed55008597fa3d75e7d284,byte_exact_copy; identity_based_path_rename_content_unchanged,
01_simulation/configurations/mdp/PHL7/L10/head/rep03/NVT.mdp,NVT.mdp,81335381f935f1e09dfd3b028fc29c1e7f1b75ce0f61df9f6d2cebed1e35e3ac,byte_exact_copy; identity_based_path_rename_content_unchanged,
01_simulation/configurations/mdp/PHL7/L10/tail/rep01/MD.mdp,MD.mdp,440110df48189f26bb1c68b7d855ca1df649351471bb337133353da32c0eb36a,byte_exact_copy; identity_based_path_rename_content_unchanged,
01_simulation/configurations/mdp/PHL7/L10/tail/rep01/NPT.mdp,NPT.mdp,aa091644d7ad84e9c3a861cf7b8c0165960786caaf7b13f6bf5b55b8e60dfb68,byte_exact_copy; identity_based_path_rename_content_unchanged,
01_simulation/configurations/mdp/PHL7/L10/tail/rep01/NVT.mdp,NVT.mdp,6c39462c5863c5fcb41dbd9ea83c55ce53fbed6f91e8d2e973aa690c0815f26d,byte_exact_copy; identity_based_path_rename_content_unchanged,
01_simulation/configurations/mdp/PHL7/L10/tail/rep02/MD.mdp,MD.mdp,bea9c9c8884ef2cf7b94db2006481b81e98a7e02eb3d3ee44e8e5f7a6b638543,byte_exact_copy; identity_based_path_rename_content_unchanged,
01_simulation/configurations/mdp/PHL7/L10/tail/rep02/NPT.mdp,NPT.mdp,a9e06e6ef53cf39776f2f3ea150b22e1a9fdc190aa4988ba3c7d622cd8daaa37,byte_exact_copy; identity_based_path_rename_content_unchanged,
01_simulation/configurations/mdp/PHL7/L10/tail/rep02/NVT.mdp,NVT.mdp,2998dbaa22315ff044fa028008b9afef4618c9717c5f6791116d5e4e2bd0f8d3,byte_exact_copy; identity_based_path_rename_content_unchanged,
01_simulation/configurations/mdp/PHL7/L10/tail/rep03/MD.mdp,MD.mdp,6fa0236c6dd6fd0e6e085259dd620845c50a5e77148bceaa4fef25cc4d44665f,byte_exact_copy; identity_based_path_rename_content_unchanged,
01_simulation/configurations/mdp/PHL7/L10/tail/rep03/NPT.mdp,NPT.mdp,aa42f751403a6f462b95bd8c95823f32ba87801a36c3f06ae8422a830c3d4c12,byte_exact_copy; identity_based_path_rename_content_unchanged,
01_simulation/configurations/mdp/PHL7/L10/tail/rep03/NVT.mdp,NVT.mdp,047a982675a18b27da324be4cbad72c84a2e8b25cb89c6af75321142e19d445c,byte_exact_copy; identity_based_path_rename_content_unchanged,
01_simulation/configurations/mdp/PHL7/L20/bi/rep01/MD.mdp,MD.mdp,31dceca4e4863fb7bc1ba6633a60d49ee1163781506bf851f8f3be909dd0705a,byte_exact_copy; identity_based_path_rename_content_unchanged,
01_simulation/configurations/mdp/PHL7/L20/bi/rep01/NPT.mdp,NPT.mdp,83d8c8a653dd25f8823193cdb23003fd3ca3e05095efde486de081d05fb45b39,byte_exact_copy; identity_based_path_rename_content_unchanged,
01_simulation/configurations/mdp/PHL7/L20/bi/rep01/NVT.mdp,NVT.mdp,81934e1785bffdfdae096f17fe5ba35c87822ee887440c1011550c248e7fd6f9,byte_exact_copy; identity_based_path_rename_content_unchanged,
01_simulation/configurations/mdp/PHL7/L20/bi/rep02/MD.mdp,MD.mdp,e628be8966a9bafe0a3fa0fe463fb29366a646545a4ce901f6da3a121ecb355e,byte_exact_copy; identity_based_path_rename_content_unchanged,
01_simulation/configurations/mdp/PHL7/L20/bi/rep02/NPT.mdp,NPT.mdp,45ab16256eb33c95add713526a72f99b19f06604fda99cbe432659b7365e7cf2,byte_exact_copy; identity_based_path_rename_content_unchanged,
01_simulation/configurations/mdp/PHL7/L20/bi/rep02/NVT.mdp,NVT.mdp,e0b87717772e889e6970dda968f816b824ebf2f6b5973cf98aef785b80095f88,byte_exact_copy; identity_based_path_rename_content_unchanged,
01_simulation/configurations/mdp/PHL7/L20/bi/rep03/MD.mdp,MD.mdp,99eeeeceb7d629b0c29d2976afd48ee7a31434d80cca2016c525e64629459826,byte_exact_copy; identity_based_path_rename_content_unchanged,
01_simulation/configurations/mdp/PHL7/L20/bi/rep03/NPT.mdp,NPT.mdp,4d10fbeb4b11b257f3ee430922392c94a760816215ac00d81cdbde9eb6b40fee,byte_exact_copy; identity_based_path_rename_content_unchanged,
01_simulation/configurations/mdp/PHL7/L20/bi/rep03/NVT.mdp,NVT.mdp,f8d34ee68966b939eb27f95455dfbc866e6722d2551f01fd4fff106b2857bf3a,byte_exact_copy; identity_based_path_rename_content_unchanged,
01_simulation/configurations/mdp/PHL7/L20/head/rep01/MD.mdp,MD.mdp,5d2c93efaee01ecda35306741a25fad637825ce9945c47676527585a696131fa,byte_exact_copy; identity_based_path_rename_content_unchanged,
01_simulation/configurations/mdp/PHL7/L20/head/rep01/NPT.mdp,NPT.mdp,fadb30e219127853590f991388c8821c7ba469f00e998657aa907d8fb14d1a6d,byte_exact_copy; identity_based_path_rename_content_unchanged,
01_simulation/configurations/mdp/PHL7/L20/head/rep01/NVT.mdp,NVT.mdp,3300bff5ae78cd5d533d4a0c2bc00b9c3cab9d8d237186a239827ff07c5b629b,byte_exact_copy; identity_based_path_rename_content_unchanged,
01_simulation/configurations/mdp/PHL7/L20/head/rep02/MD.mdp,MD.mdp,10a0dcf94de26864afe5f03ebc8977de68a4560709efa9b275af53f98cdb2645,byte_exact_copy; identity_based_path_rename_content_unchanged,
01_simulation/configurations/mdp/PHL7/L20/head/rep02/NPT.mdp,NPT.mdp,d76dd4727da428f850f28cbaee44b1365ff79842915a2a0b645853c4b374969a,byte_exact_copy; identity_based_path_rename_content_unchanged,
01_simulation/configurations/mdp/PHL7/L20/head/rep02/NVT.mdp,NVT.mdp,e6167e159bf4a300bc95c51b8ebe01485e143703ed7e13ad5d5806cda97da56e,byte_exact_copy; identity_based_path_rename_content_unchanged,
01_simulation/configurations/mdp/PHL7/L20/head/rep03/MD.mdp,MD.mdp,cb5df47d02060129be168058995aafab949a220d79f14825bd0dd6a2c196399b,byte_exact_copy; identity_based_path_rename_content_unchanged,
01_simulation/configurations/mdp/PHL7/L20/head/rep03/NPT.mdp,NPT.mdp,662b302f8591e8553998176613568f99273f4085d6581ac916712d8ec6c569bf,byte_exact_copy; identity_based_path_rename_content_unchanged,
01_simulation/configurations/mdp/PHL7/L20/head/rep03/NVT.mdp,NVT.mdp,e7a56d93b92d74d362bb6d570372d472223f547b6ba6e3fefacc832b9cbefa59,byte_exact_copy; identity_based_path_rename_content_unchanged,
01_simulation/configurations/mdp/PHL7/L20/tail/rep01/MD.mdp,MD.mdp,f006fac8d137e3167f576e3c06ab4b1da26fc16e144be824c10c094d5cbf1935,byte_exact_copy; identity_based_path_rename_content_unchanged,
01_simulation/configurations/mdp/PHL7/L20/tail/rep01/NPT.mdp,NPT.mdp,cc5efb643eec634ec72e789f6cffbccd5a08daeb872230fc5be9374076cef412,byte_exact_copy; identity_based_path_rename_content_unchanged,
01_simulation/configurations/mdp/PHL7/L20/tail/rep01/NVT.mdp,NVT.mdp,ec8acf102c2704515788fea30c7c47e870695dff39dd24ae0aa4698fa75a9750,byte_exact_copy; identity_based_path_rename_content_unchanged,
01_simulation/configurations/mdp/PHL7/L20/tail/rep02/MD.mdp,MD.mdp,c983a2d6b71c4e96617ce615fc620f60bbad3b369b913d6e862dd093642979a2,byte_exact_copy; identity_based_path_rename_content_unchanged,
01_simulation/configurations/mdp/PHL7/L20/tail/rep02/NPT.mdp,NPT.mdp,a245a157fe69958ce373ac44ce119e7781b362142370d6e4dea816503af130d7,byte_exact_copy; identity_based_path_rename_content_unchanged,
01_simulation/configurations/mdp/PHL7/L20/tail/rep02/NVT.mdp,NVT.mdp,38c73d1689e8d27e58079af8778935d420a8990099260295b3468d3853a8b7f3,byte_exact_copy; identity_based_path_rename_content_unchanged,
01_simulation/configurations/mdp/PHL7/L20/tail/rep03/MD.mdp,MD.mdp,90f52c90b53a9fe654309371deb0334f0e084fe0dda7833423c43f12c6bb4828,byte_exact_copy; identity_based_path_rename_content_unchanged,
01_simulation/configurations/mdp/PHL7/L20/tail/rep03/NPT.mdp,NPT.mdp,7edb43281414635092e0072b803637805843a1f0a0146abcb5c985dbe4dfea51,byte_exact_copy; identity_based_path_rename_content_unchanged,
01_simulation/configurations/mdp/PHL7/L20/tail/rep03/NVT.mdp,NVT.mdp,6f819ffc974180e096bc9f9b78f3c9682aed48cde856e0ccabbd6b45da427add,byte_exact_copy; identity_based_path_rename_content_unchanged,
01_simulation/configurations/mdp/PHL7/L4/single/rep01/MD.mdp,MD.mdp,86a9a5bb910506f5faed534f3dea4d8b8f3f7163c39cf2fcdd8dd546e4037cb7,byte_exact_copy; identity_based_path_rename_content_unchanged,
01_simulation/configurations/mdp/PHL7/L4/single/rep01/NPT.mdp,NPT.mdp,95e3e9db6c972ffba4ef944908804daca89816e282184d29df073e0cf5262c5f,byte_exact_copy; identity_based_path_rename_content_unchanged,
01_simulation/configurations/mdp/PHL7/L4/single/rep01/NVT.mdp,NVT.mdp,bd0bf50c0619216b766398a6049cb07d8c1ecdd5631c1feda2719fdd02d7d84f,byte_exact_copy; identity_based_path_rename_content_unchanged,
01_simulation/configurations/mdp/PHL7/L4/single/rep02/MD.mdp,MD.mdp,384c7639276dd8a5c4888fc2247c38e0702c7fd2101eedd66bcdc42cde1ece7e,byte_exact_copy; identity_based_path_rename_content_unchanged,
01_simulation/configurations/mdp/PHL7/L4/single/rep02/NPT.mdp,NPT.mdp,4e551be34897f60806eb4caea11d8747ccfb84c269ec14af2e9cbc594d18f683,byte_exact_copy; identity_based_path_rename_content_unchanged,
01_simulation/configurations/mdp/PHL7/L4/single/rep02/NVT.mdp,NVT.mdp,84db922d8aa0b0244ce9a2f2be0e34016719785f09c3ca4935fd34597c0c6413,byte_exact_copy; identity_based_path_rename_content_unchanged,
01_simulation/configurations/mdp/PHL7/L4/single/rep03/MD.mdp,MD.mdp,e2a48b8efbc017d2f9b32189af9c3c902b301c005248c65b3069f192b9e8be1c,byte_exact_copy; identity_based_path_rename_content_unchanged,
01_simulation/configurations/mdp/PHL7/L4/single/rep03/NPT.mdp,NPT.mdp,950fe10df480c6a3f9daf877ed0ea5010f32530f23343c048355adc1fdb6f251,byte_exact_copy; identity_based_path_rename_content_unchanged,
01_simulation/configurations/mdp/PHL7/L4/single/rep03/NVT.mdp,NVT.mdp,e0b13122d983bf7b7b0b1332b0cb5fd12d9021792dd465db0799116e8e883a80,byte_exact_copy; identity_based_path_rename_content_unchanged,
01_simulation/configurations/mdp/TfCut1/L10/bi/rep01/MD.mdp,MD.mdp,0ac0942129795f8c6388a31f2979bc30f40d0d5c012942b1c0d4edb82173a791,byte_exact_copy; identity_based_path_rename_content_unchanged,
01_simulation/configurations/mdp/TfCut1/L10/bi/rep01/NPT.mdp,NPT.mdp,6c6dd77e196e06592871003402642c9da9ef4963ac9d7b465bb20c35bec60c67,byte_exact_copy; identity_based_path_rename_content_unchanged,
01_simulation/configurations/mdp/TfCut1/L10/bi/rep01/NVT.mdp,NVT.mdp,1400d6af07b6bccf84751ff12b13994a8b945324869190900b23812bb26aa23b,byte_exact_copy; identity_based_path_rename_content_unchanged,
01_simulation/configurations/mdp/TfCut1/L10/bi/rep02/MD.mdp,MD.mdp,ef9700fe1fc387dc55e74cd260e121db9a6e8eb86876f731f53f088da8456747,byte_exact_copy; identity_based_path_rename_content_unchanged,
01_simulation/configurations/mdp/TfCut1/L10/bi/rep02/NPT.mdp,NPT.mdp,bf129d886fed63aa9c9d6774028dd660a8715ae3cc03b2fad0f5c027020e060b,byte_exact_copy; identity_based_path_rename_content_unchanged,
01_simulation/configurations/mdp/TfCut1/L10/bi/rep02/NVT.mdp,NVT.mdp,668fea7cac14cba436d31fa0d3d6dbb5ed90d020b31a46aa929a1de110e9c31b,byte_exact_copy; identity_based_path_rename_content_unchanged,
01_simulation/configurations/mdp/TfCut1/L10/bi/rep03/MD.mdp,MD.mdp,1e8217aedfa0d63eda5f7d066861235fa1a1a38dd4d13b1dd64d28d44f0965fa,byte_exact_copy; identity_based_path_rename_content_unchanged,
01_simulation/configurations/mdp/TfCut1/L10/bi/rep03/NPT.mdp,NPT.mdp,79a4d648982abfa6462883f7e4bb92b46dc52cae076f30532b483da27d040996,byte_exact_copy; identity_based_path_rename_content_unchanged,
01_simulation/configurations/mdp/TfCut1/L10/bi/rep03/NVT.mdp,NVT.mdp,018744beb48815148917c9de50dd4e7779d9c5fdc0aac2efeb699cb0b317bccf,byte_exact_copy; identity_based_path_rename_content_unchanged,
01_simulation/configurations/mdp/TfCut1/L10/head/rep01/MD.mdp,MD.mdp,77cf9b9a219a6090c4d0fe28618ed7ee864a7270b6d4b16e3f731c2d92ea1040,byte_exact_copy; identity_based_path_rename_content_unchanged,
01_simulation/configurations/mdp/TfCut1/L10/head/rep01/NPT.mdp,NPT.mdp,ab8067a0ad4560b491c38ec294ca02f32ba7250ae4509cd6eb7a374109ff5cd3,byte_exact_copy; identity_based_path_rename_content_unchanged,
01_simulation/configurations/mdp/TfCut1/L10/head/rep01/NVT.mdp,NVT.mdp,0f57b44b021bf9e2192e3a54cd754ba020c393c4559bc2d5be9108f331cad178,byte_exact_copy; identity_based_path_rename_content_unchanged,
01_simulation/configurations/mdp/TfCut1/L10/head/rep02/MD.mdp,MD.mdp,74e998abe52c7a84da498ecf953f0d4f6532377936f0c110e5f2130811a4fcd2,byte_exact_copy; identity_based_path_rename_content_unchanged,
01_simulation/configurations/mdp/TfCut1/L10/head/rep02/NPT.mdp,NPT.mdp,505eb9567f4764cc7540a9e44a55306e3a420f2758b752888a960991b3846a0e,byte_exact_copy; identity_based_path_rename_content_unchanged,
01_simulation/configurations/mdp/TfCut1/L10/head/rep02/NVT.mdp,NVT.mdp,b16755738b793b0e3eaf98f943c46ae74cac91508bca76883bb5ba0098dfa2c1,byte_exact_copy; identity_based_path_rename_content_unchanged,
01_simulation/configurations/mdp/TfCut1/L10/head/rep03/MD.mdp,MD.mdp,899ec7593fc15877471002d45219debb8f52aec31e14c132bbe30e998a0298de,byte_exact_copy; identity_based_path_rename_content_unchanged,
01_simulation/configurations/mdp/TfCut1/L10/head/rep03/NPT.mdp,NPT.mdp,f038203d0a854f969c82873858d0774970bdf22d7edfdaeb1920f05c766a3d4d,byte_exact_copy; identity_based_path_rename_content_unchanged,
01_simulation/configurations/mdp/TfCut1/L10/head/rep03/NVT.mdp,NVT.mdp,12c3cf922e54dd26373c263e5454841c0d1fbcfb8d57a4b07c1a77c92c7e9267,byte_exact_copy; identity_based_path_rename_content_unchanged,
01_simulation/configurations/mdp/TfCut1/L10/tail/rep01/MD.mdp,MD.mdp,7c654009876d5cf41d939e98221ef9d2c765d7ff2f969543d39c7c3399775c4a,byte_exact_copy; identity_based_path_rename_content_unchanged,
01_simulation/configurations/mdp/TfCut1/L10/tail/rep01/NPT.mdp,NPT.mdp,9dfb4b5a0969a155fa6814d97da784ea4aabf8037ab77286c0178f9240395913,byte_exact_copy; identity_based_path_rename_content_unchanged,
01_simulation/configurations/mdp/TfCut1/L10/tail/rep01/NVT.mdp,NVT.mdp,0478269da1f75da1bbd5fa9bf9b9c00b4952474d4f32d5153afb7814dcacb58a,byte_exact_copy; identity_based_path_rename_content_unchanged,
01_simulation/configurations/mdp/TfCut1/L10/tail/rep02/MD.mdp,MD.mdp,7d4be652f655dd064e39f3350198eb6de0082890f5ffd7bc3f63c0cf9de90600,byte_exact_copy; identity_based_path_rename_content_unchanged,
01_simulation/configurations/mdp/TfCut1/L10/tail/rep02/NPT.mdp,NPT.mdp,1133896fc557051d1bde735021213e45b7dc36d65772791fc9eb087eacaaca92,byte_exact_copy; identity_based_path_rename_content_unchanged,
01_simulation/configurations/mdp/TfCut1/L10/tail/rep02/NVT.mdp,NVT.mdp,0e41ddc973f306e768bd634c179a544432ec9338fb7b2b78238bcc1a6bdfcb09,byte_exact_copy; identity_based_path_rename_content_unchanged,
01_simulation/configurations/mdp/TfCut1/L10/tail/rep03/MD.mdp,MD.mdp,2ff6764924332ac43c941019d5f308bfcd5291d42e1d4703bb36f9f6572fd31b,byte_exact_copy; identity_based_path_rename_content_unchanged,
01_simulation/configurations/mdp/TfCut1/L10/tail/rep03/NPT.mdp,NPT.mdp,36ce39368c8f02fee7dbe4526ccf40b9164b68041909fe7d44dfe6ef5fbb0f95,byte_exact_copy; identity_based_path_rename_content_unchanged,
01_simulation/configurations/mdp/TfCut1/L10/tail/rep03/NVT.mdp,NVT.mdp,f463fe6270f81fef58eaeb1db4d07397fbe88297f14a22a77b6c06a373a92eb1,byte_exact_copy; identity_based_path_rename_content_unchanged,
01_simulation/configurations/mdp/TfCut1/L20/bi/rep01/MD.mdp,MD.mdp,39916260b38f18c0a75fcff52b42ede355c5f3ccadb390429ace06f2d931ec6d,byte_exact_copy; identity_based_path_rename_content_unchanged,
01_simulation/configurations/mdp/TfCut1/L20/bi/rep01/NPT.mdp,NPT.mdp,143da99e6e8d670eb18f9d6b9ce0abdf293d45b97482b8108dd9ee802b514af3,byte_exact_copy; identity_based_path_rename_content_unchanged,
01_simulation/configurations/mdp/TfCut1/L20/bi/rep01/NVT.mdp,NVT.mdp,7ae3e01eae359284a395cb43f0027cd0315f4f5ac90bfcfce2fb98c0dad83704,byte_exact_copy; identity_based_path_rename_content_unchanged,
01_simulation/configurations/mdp/TfCut1/L20/bi/rep02/MD.mdp,MD.mdp,767c24e56228385caffde282dd456fe797b5f0d9a8f2b7034684494950c77536,byte_exact_copy; identity_based_path_rename_content_unchanged,
01_simulation/configurations/mdp/TfCut1/L20/bi/rep02/NPT.mdp,NPT.mdp,db7bddc4b2c9f78ab1d81f5b49833c00e9b1315d94ab9511d67a19039eced8ea,byte_exact_copy; identity_based_path_rename_content_unchanged,
01_simulation/configurations/mdp/TfCut1/L20/bi/rep02/NVT.mdp,NVT.mdp,d464a289bb5707f64d856163846ff739947bcd585d53b31b147953e0cd9c2cbb,byte_exact_copy; identity_based_path_rename_content_unchanged,
01_simulation/configurations/mdp/TfCut1/L20/bi/rep03/MD.mdp,MD.mdp,9419f231b95bad11dbfb2930ceca1e6487252977087f4f6644eae904bf79f85c,byte_exact_copy; identity_based_path_rename_content_unchanged,
01_simulation/configurations/mdp/TfCut1/L20/bi/rep03/NPT.mdp,NPT.mdp,7adeba3e57a6e75ab298050fa979328aa96e548776d397836b3e91104aa68962,byte_exact_copy; identity_based_path_rename_content_unchanged,
01_simulation/configurations/mdp/TfCut1/L20/bi/rep03/NVT.mdp,NVT.mdp,f22133ca6218dbbfa2dd249d02b2cf435a244c2ce3c98601847bd6fff6845bc0,byte_exact_copy; identity_based_path_rename_content_unchanged,
01_simulation/configurations/mdp/TfCut1/L20/head/rep01/MD.mdp,MD.mdp,34d46f51dc5039b4043cdb75f6c10795c31ca925d5bbe033e17db81410e4507c,byte_exact_copy; identity_based_path_rename_content_unchanged,
01_simulation/configurations/mdp/TfCut1/L20/head/rep01/NPT.mdp,NPT.mdp,04e153981155369a2bd2e95fbb85441e35e034cf0fe1587a34f3202204faa03c,byte_exact_copy; identity_based_path_rename_content_unchanged,
01_simulation/configurations/mdp/TfCut1/L20/head/rep01/NVT.mdp,NVT.mdp,c8e2d7221d8ab267a72f635fadef91c997bec75b412163074cf39074ac52fb86,byte_exact_copy; identity_based_path_rename_content_unchanged,
01_simulation/configurations/mdp/TfCut1/L20/head/rep02/MD.mdp,MD.mdp,e3349b58c61e819d7e9bd4de011694b38808dc37bebf4ec86db33a6131a78ce4,byte_exact_copy; identity_based_path_rename_content_unchanged,
01_simulation/configurations/mdp/TfCut1/L20/head/rep02/NPT.mdp,NPT.mdp,ca55b4129cbe102dfabbac5c4c77b370b8478f0a47c25b519c39f72b84607ef8,byte_exact_copy; identity_based_path_rename_content_unchanged,
01_simulation/configurations/mdp/TfCut1/L20/head/rep02/NVT.mdp,NVT.mdp,030ca564f5cb2e455af42ba7cbdc4f1fbf42dd3eca609dbdfed5f25cc4416d63,byte_exact_copy; identity_based_path_rename_content_unchanged,
01_simulation/configurations/mdp/TfCut1/L20/head/rep03/MD.mdp,MD.mdp,a64982b565a416fb5e0b5cf04ba45cf417f965db2798fffee035274042d366c2,byte_exact_copy; identity_based_path_rename_content_unchanged,
01_simulation/configurations/mdp/TfCut1/L20/head/rep03/NPT.mdp,NPT.mdp,cc3e37216a243f6308b7fd53d447a5929b00bf538d9dd35ab1027a6ac77e8373,byte_exact_copy; identity_based_path_rename_content_unchanged,
01_simulation/configurations/mdp/TfCut1/L20/head/rep03/NVT.mdp,NVT.mdp,0e1e81de3feb4596f915a00f8f8e5d6b70d97bb476f3bc5e0c678d43a47caa2c,byte_exact_copy; identity_based_path_rename_content_unchanged,
01_simulation/configurations/mdp/TfCut1/L20/tail/rep01/MD.mdp,MD.mdp,4a74585a616aba460bf5ccd288f2fbeaec269ef14ef741ce74ef24c4fb029da7,byte_exact_copy; identity_based_path_rename_content_unchanged,
01_simulation/configurations/mdp/TfCut1/L20/tail/rep01/NPT.mdp,NPT.mdp,13c6651b3e213851d52b676f7599ef46d234518d0d3b606affe1968d1d42ae79,byte_exact_copy; identity_based_path_rename_content_unchanged,
01_simulation/configurations/mdp/TfCut1/L20/tail/rep01/NVT.mdp,NVT.mdp,c7783da7795a88543969a256139b40e3e91f92e4d40c6353ec077e150c761ea2,byte_exact_copy; identity_based_path_rename_content_unchanged,
01_simulation/configurations/mdp/TfCut1/L20/tail/rep02/MD.mdp,MD.mdp,8d1ca3b1b67773043e1f95498ae52fd6912c8b0ba5e3adee11925aa06e6c2276,byte_exact_copy; identity_based_path_rename_content_unchanged,
01_simulation/configurations/mdp/TfCut1/L20/tail/rep02/NPT.mdp,NPT.mdp,d272348cf151ec4a20ae89d237da93a82f3c7e649ea584ccb46e461db717bbc9,byte_exact_copy; identity_based_path_rename_content_unchanged,
01_simulation/configurations/mdp/TfCut1/L20/tail/rep02/NVT.mdp,NVT.mdp,9c359e30f66e0ef6c0b082d1ed767b7a30b3aeaf0e18c5e7405088f69b33b4d8,byte_exact_copy; identity_based_path_rename_content_unchanged,
01_simulation/configurations/mdp/TfCut1/L20/tail/rep03/MD.mdp,MD.mdp,c6dfbbbb12f9316de95a130c5ae376ed99c63d8930ffebc11ef81281535182b1,byte_exact_copy; identity_based_path_rename_content_unchanged,
01_simulation/configurations/mdp/TfCut1/L20/tail/rep03/NPT.mdp,NPT.mdp,67f4008389f49c39ca04bab33f9ca4849f76c30f43736a42559d864d1a232d34,byte_exact_copy; identity_based_path_rename_content_unchanged,
01_simulation/configurations/mdp/TfCut1/L20/tail/rep03/NVT.mdp,NVT.mdp,27d31c79e22ded1c3b0f39c56ea02b99a02558d4e100a281be552a10fef0377e,byte_exact_copy; identity_based_path_rename_content_unchanged,
01_simulation/configurations/mdp/TfCut1/L4/single/rep01/MD.mdp,MD.mdp,df34327a13c5d203cef07d95ca083cf320da787890c2ea35f701c3e8d722da9f,byte_exact_copy; identity_based_path_rename_content_unchanged,
01_simulation/configurations/mdp/TfCut1/L4/single/rep01/NPT.mdp,NPT.mdp,4919d6744817cf051d33290e4fde22a1d0d2390332b3014553a5365847d0eb02,byte_exact_copy; identity_based_path_rename_content_unchanged,
01_simulation/configurations/mdp/TfCut1/L4/single/rep01/NVT.mdp,NVT.mdp,b42032848b9a6496f099502a777e31bddb8b553c56f856dc50ab91ef1799f406,byte_exact_copy; identity_based_path_rename_content_unchanged,
01_simulation/configurations/mdp/TfCut1/L4/single/rep02/MD.mdp,MD.mdp,ad7140a03672b93f5c73650f7722d963c7e93f57b87f0836d92d8fa56877063b,byte_exact_copy; identity_based_path_rename_content_unchanged,
01_simulation/configurations/mdp/TfCut1/L4/single/rep02/NPT.mdp,NPT.mdp,7479ba44523462d806e7a78e575ce5c3ce4eae9eeb148c19e7554524aa487c25,byte_exact_copy; identity_based_path_rename_content_unchanged,
01_simulation/configurations/mdp/TfCut1/L4/single/rep02/NVT.mdp,NVT.mdp,3c4bd88477bc84cc892107d82b9995d77a0cb3f242da54c29ec757dd1b0441b8,byte_exact_copy; identity_based_path_rename_content_unchanged,
01_simulation/configurations/mdp/TfCut1/L4/single/rep03/MD.mdp,MD.mdp,6493c42801ebf7002f446e5aa1f21b22985ebbd16516bd1333bc7acf4a836616,byte_exact_copy; identity_based_path_rename_content_unchanged,
01_simulation/configurations/mdp/TfCut1/L4/single/rep03/NPT.mdp,NPT.mdp,d6c046a8399bc773f0b33360cd796fa887f92e59da1dd106fed5b97a09cc4eac,byte_exact_copy; identity_based_path_rename_content_unchanged,
01_simulation/configurations/mdp/TfCut1/L4/single/rep03/NVT.mdp,NVT.mdp,d1082d6c84654273f7738b31e38cb9934f2e384c1bdd0ee6202845ae411ceb00,byte_exact_copy; identity_based_path_rename_content_unchanged,
01_simulation/inputs/production_structures/00057.pdb,PlasticDB_00057_TfCut1.pdb,c593fea3f56366d62d80a3cde07aa7f8558684aa4b96d02b8815d4098177b8d8,byte_exact_copy_or_existing_identical_model,
01_simulation/inputs/production_structures/00062.pdb,PlasticDB_00062_LCC.pdb,754990dd51d50d2a5b4ae2e223a459210aeea49e8b07f7b5cac60d7c15d7b6d4,byte_exact_copy_or_existing_identical_model,
01_simulation/inputs/production_structures/00075.pdb,00075.pdb,6ac17076b6af03bdadc70f1b4171ddb9c0025b62215a7f8b9ffe41129e70c470,byte_exact_copy,
01_simulation/inputs/production_structures/00075.pdb,PlasticDB_00075_FoCut5a.pdb,6ac17076b6af03bdadc70f1b4171ddb9c0025b62215a7f8b9ffe41129e70c470,byte_exact_copy_or_existing_identical_model,
01_simulation/inputs/production_structures/00083.pdb,00083.pdb,3e43f491a35da7cef5bd75b3b75ed23617e358613504ed93739e221c2d351aac,byte_exact_copy,
01_simulation/inputs/production_structures/00083.pdb,PlasticDB_00083_IsPETase.pdb,3e43f491a35da7cef5bd75b3b75ed23617e358613504ed93739e221c2d351aac,byte_exact_copy_or_existing_identical_model,
01_simulation/inputs/production_structures/00121.pdb,00121.pdb,b98f40dc9c7bf80f16c3365de9c7053099b07932ef1f2be3988b46f04201062f,byte_exact_copy,
01_simulation/inputs/production_structures/00121.pdb,PlasticDB_00121_HiC.pdb,b98f40dc9c7bf80f16c3365de9c7053099b07932ef1f2be3988b46f04201062f,byte_exact_copy_or_existing_identical_model,
01_simulation/inputs/production_structures/00137.pdb,PlasticDB_00137_PHL7.pdb,80dcd4d8bdc2bdd4679e9cfffcce81d5562c53185e12b9a5a8b21f922835f37f,byte_exact_copy_or_existing_identical_model,
01_simulation/inputs/reference_structures/4EB0.pdb,4EB0.pdb,952288d4a49893ee259638bc72e17868b6903f0027c4bd4d207f76b9ddf85718,byte_exact_copy,
01_simulation/inputs/reference_structures/4OYY.pdb,4OYY.pdb,ad8043560d92c33b5ec72c3aa0d5a1eb1acc14dcd0edd9e15cd95444f826d1b2,byte_exact_copy,
01_simulation/inputs/reference_structures/5AJH.pdb,5AJH.pdb,a2ee7a432e7df85e79ab7325b5c1eef7b5d9ec2d72b06edba088aaa32cfd3219,byte_exact_copy,
01_simulation/inputs/reference_structures/6EQD.pdb,6EQD.pdb,e923f7aae8a4e2cc0765a12e27faa1fe459cce0f32d484ec784e76d01ba12b2f,byte_exact_copy,
01_simulation/inputs/reference_structures/7NEI.pdb,7NEI.pdb,7b5a076a8e3b520da304869bb5538a8af552f16df97d055308abdaee555c3f00,byte_exact_copy,
01_simulation/inputs/reference_structures/7QJR.pdb,7QJR.pdb,90cad21dcc77cc02516aa71118b4351238b9bb50e0d56bbf9520aeefcf0b17b1,byte_exact_copy,
01_simulation/metadata/production_pme_tuning.csv,production_pme_tuning.csv,03cbad4385fefe06954156e84dcfbcb9041266681b6651d6eb7f2e451aa27365,omit internal log_path; retain log SHA-256 and every other cell,
01_simulation/metadata/protein_preparation.csv,protein_preparation.csv,0de00252061af7a969a122e4ab78209970a855f1163e0b9aced55088d2e44879,byte_exact_copy,
01_simulation/metadata/protein_sources.csv,protein_sources.csv,3ace8aa3e00e0e4f0a79868cb165dd7fc2084a4996b64907aaa02b5004b10970,replace original_path with verified relative model_path; all other cells retained,
01_simulation/metadata/simulation_seeds.csv,simulation_seeds.csv,d804d00eb2e742c456827a806bcce98a644f63504bbbffe5d92875bc6a05fd7e,byte_exact_copy,
01_simulation/metadata/simulation_systems.csv,simulation_systems.csv,d15222c3b025966eb3436439a6e96039920d0a3803abab11ff760c63023f07a4,byte_exact_copy,
02_postprocessing/DATA_GUIDE.md,DATA_DICTIONARY.md,4aad92ac24a3a9b1466db80f5ad03bf652b8f10d7508ff57f4491a44acb14f75,scientific_definitions_consolidated,
02_postprocessing/DATA_GUIDE.md,STATISTICAL_DEFINITIONS.md,715a50bc323a09deecee54e8f833286ee7dd4bde6b508059190a071758d514bf,scientific_definitions_consolidated,
02_postprocessing/code/statistics/build_pooled_top20_composition_unfiltered.py,,57856b79dacea322dc29f4e2fc75fe2a2eb205731ebc72f619a6ccddc396c78b,source_exact_function_dependency_projection,build_composition
02_postprocessing/code/statistics/build_pooled_top8_unfiltered.py,,d28d67a695703dad7de1f10f06dc470dca07d5c5b755cb598094a8e57c70e02e,source_exact_function_dependency_projection,bool_series;build_pooled_summary;q25;q75;validate_and_join
02_postprocessing/code/statistics/candidate_hbonds.py,,a9c4b0c0bfea3f251699f4fe36a4212a36c064cdd8d26c99c7b74cdd70ec9864,source_exact_function_dependency_projection,analyze_shifts;bootstrap_means;ci95;cliffs_delta;direction_metrics;evidence_classification;leave_one_out_deltas;sign_agreement;stable_seed;summarize_candidate_pet
02_postprocessing/code/statistics/class_uncertainty.py,,905f958d01942e7e8a28e303af9dfdcbd1186cac73194e2cba43a8c95280f861,source_exact_function_dependency_projection,analyze;bootstrap_pooled_shares;build_case_class_mass;direction_metrics;leave_one_out_metrics;pooled_share;sign_agreement
02_postprocessing/code/statistics/con03.py,con03.py,b9643a27c61a8a1b52421d8de60baacc4e36fcdf234cb9a18b240740641fe98b,byte_exact_copy,
02_postprocessing/code/statistics/contact_composition.py,,c29a4ca870bfbf43900c9593c4d063a9e5656949ee3c660bdacd8f99324ac13e,source_exact_function_dependency_projection,build_share_table
02_postprocessing/code/statistics/hbond_angles.py,,1fd1f544ec5e3bbb483835c441ca9147cc5a3fd41532629784b4302d31eaa0d3,source_exact_function_dependency_projection,bootstrap_means;build_shift_statistics;ci95;direction_statistics;evidence_classification;leave_one_out_deltas;sign_agreement;stable_seed
02_postprocessing/code/statistics/loc01.py,loc01.py,fedf1d3287d32146c99dff8e3b5ce042df848ec5cb3e533fdf9d73fa2a237b9f,byte_exact_copy,
02_postprocessing/code/statistics/pet_rg.py,,9086e702b13d88d2a3c274c5a9505a6e4a5bad637287a6ffaad8b72de36c1063,source_exact_function_dependency_projection,cliffs_delta;exact_permutation_p;hedges_g;summarize_groups;trajectory_bootstrap_ci
02_postprocessing/code/statistics/phl7_rotamers.py,,d1c367dbc3c6be426b03ba96a1352b3b21841fa2218a514ac00b4ace9811e230,source_exact_function_dependency_projection,bootstrap_group_and_difference;circular_mean_deg;circular_sd_deg;mixture_model_sensitivity;normalize_angle;persistent_core_transitions;safe_conditional_mean;summarize_trajectory;trajectory_summary
02_postprocessing/code/statistics/str_sens.py,analyze_local_starting_coordinate_sensitivity.py,46eb8770b97de9d4dfcb56e63df2bf37082372336c40de2b63c423b3cf9d1183,original bootstrap AST preserved; numeric target aggregation preserved; unused verdict prose/lookup removed; absent subset raises,
02_postprocessing/code/statistics/wloop.py,,4ae92fcf5a476f4adc85553479ee322b7ea87081b630c21935bc1061f1c858d9,source_exact_function_dependency_projection,length_balanced_bootstrap;percentile_interval;summarize_metric_by_protein;summarize_pair_sites;summarize_profile
02_postprocessing/code/tables/build_supplementary_data_s1.py,build_supplementary_data_s1.py,b1987b380b69d9b2136f707f9f381a46a040b128c6a34e2fe74100962c2336c0,declared path/interface adaptation; strict CLI/import/missing-data validation cleanup,
02_postprocessing/code/tables/build_supplementary_data_s2.py,build_supplementary_data_s2.py,e93057d986eeeda21d8c5f3cfe194273cacc3089ffd60a4429f927175caa82f2,declared path/interface adaptation,
02_postprocessing/code/tables/build_supplementary_table_s5.py,build_supplementary_table_s5.py,153df2ed311d78508d3d82698630b304152e8f7dfe3976e7d7a4c9b4289e8cce,declared path/interface adaptation; strict CLI/import/missing-data validation cleanup,
02_postprocessing/code/tables/contact_shift_table.py,build_supplementary_table_s2.py,0bc5de1af8509c996c5901e9424be1d994c19f9523b4788159ed718a6c597065,AST-identical pure renderer functions; historical main and external paths omitted; manuscript table wording and eligible-count synchronization,
02_postprocessing/code/tables/structural_concordance.py,build_supplementary_table_s2.py,922a2d64964ba07083c02c4be82196875ab3a8ec89c2ddb6c05974fad04995a4,AST-identical numerical projection and formatting; package-relative inputs; no historical output writes,
02_postprocessing/code/validation/verify_projections.py,verify_projections.py,d534accf33337eb9b96d0dba40a65703b3206b221cd4f913e498c12d520702a2,declared path/interface adaptation; strict CLI/import/missing-data validation cleanup,
02_postprocessing/code/validation/verify_retention.py,verify_retention.py,bbedfe1e806916d95c374cb02182ad39323c0f1744d0de2b1faebc27d55015f2,declared path/interface adaptation,
02_postprocessing/code/validation/verify_statistics.py,verify_statistics.py,ccd9d282710ff3768539204cead1feb185c2ff89a15377e8a3c262833cdbf845,declared path/interface adaptation; strict CLI/import/missing-data validation cleanup,
02_postprocessing/inputs/annotations/full_panel_contact_landmark_annotation.csv,full_panel_contact_landmark_annotation.csv,dd195bf6936675d448f241fc6b73ef9d398dc3288ab715183c37c35c35e8dfef,byte_exact_copy,
02_postprocessing/inputs/derived_data/criterion_case_hbond_occupancy.csv,,4fb63a76e25f2ff33bebe0fea194080dd361e9c1ded8283cef7dd2b5c4420aed,copy_verbatim,
02_postprocessing/inputs/derived_data/pair_site_rmsf.csv,,5b6c470b08db6abdb6909275412ff024425c746f2b1237e4901fdceef45a343a,copy_verbatim,
02_postprocessing/inputs/derived_data/residue_contact_fractions.csv,,846621936580d8ade3125033d0b19bda452eda89da52ce8f8753cdd0e17dbbc3,copy_verbatim,
02_postprocessing/inputs/derived_data/retained_case_metadata.csv,,976781a8fa9e423d53ec7f33ef9a81d0fd1047329e419a383cfdab4bfe5fc639,declared_column_projection_omit_machine_paths,
02_postprocessing/inputs/derived_data/wloop_residue_rmsf.csv,,d53b0594ce5191608af5823e7513ae499e735bfd47f62a469b83fbbc63370b3f,copy_verbatim,
02_postprocessing/inputs/str_sens_statistics.json,analysis_spec.yaml,19bd79161c2d4edff7c1d9373c5d1accd92c9f3f52d7ba8188b14ef8a83760d3,exact projection of four numeric thresholds used by target aggregation; no path-bearing simulation settings copied,
02_postprocessing/inputs/table_assembly/Table_01.tex.in,main_V8.tex,ac0bed56f2b74fdb22513a0736020cb4d907bedda75d830f40c28f25208bd5aa,approved_layout_only; body replaced by ROWS placeholder,
02_postprocessing/inputs/table_assembly/Table_01_approved_cells.csv,main_V8.tex,ac0bed56f2b74fdb22513a0736020cb4d907bedda75d830f40c28f25208bd5aa,lossless approved TeX-cell projection; no scientific recalculation,
02_postprocessing/inputs/table_assembly/Table_S01.tex.in,Supplementary_Table_S1_residue_correspondence.tex,ac82ec2b4c198283b9ffc4e1b0504aff64cbd368014d760aee2ef8435d9e4485,approved_layout_only; body replaced by ROWS placeholder,
02_postprocessing/inputs/table_assembly/Table_S01_approved_cells.csv,Supplementary_Table_S1_residue_correspondence.tex,ac82ec2b4c198283b9ffc4e1b0504aff64cbd368014d760aee2ef8435d9e4485,lossless approved TeX-cell projection; no scientific recalculation,
02_postprocessing/inputs/table_assembly/Table_S03.tex.in,Supplementary_Table_S3_structural_concordance.tex,685c20d4c28786db4cac1144ca3e6c2000f6d6ebc5cef8fc450eff4ca882904b,approved_layout_only; body replaced by ROWS placeholder,
02_postprocessing/inputs/table_assembly/Table_S04.tex.in,Supplementary_Table_S4_local_starting_coordinate_sensitivity.tex,3fa573d4eebf80e006fed15e9bc5c0f7e79f8569c7cc569dce8d26fcaad0c010,approved_layout_only; body replaced by ROWS placeholder; manuscript table wording and eligible-count synchronization,
02_postprocessing/results/aggregate_statistics/candidate_hbond_shift_uncertainty.csv,candidate_hbond_shift_uncertainty.csv,15ed4fd704895576ce522fa4730c063bd9725dd34b5c892de1d3ec540b76d80e,byte_exact_copy,
02_postprocessing/results/aggregate_statistics/candidate_pet_hbond_summary.csv,candidate_pet_hbond_summary.csv,2dfca5761df529f1e9fa85aa51302326d3533746b5ed5fba5d2a8864d9bdba30,byte_exact_copy,
02_postprocessing/results/aggregate_statistics/class_contact_shift_bootstrap.csv,class_contact_shift_bootstrap.csv,1f118f51d41be9c9bdda7d0918ebc17a2bea5ee62f06847ede3ff29839c9d2bf,byte_exact_copy; one shared package payload,
02_postprocessing/results/aggregate_statistics/criterion_residue_shift_statistics.csv,criterion_residue_shift_statistics.csv,85c5d6678b0fc8be71f10f28c45bffaeb0cf7589fdc4a149d69ef11acbb21f27,byte_exact_copy,
02_postprocessing/results/aggregate_statistics/hic_equivalent_contact_fraction_by_length.csv,hic_equivalent_contact_fraction_by_length.csv,3a7dc9c3f0a79769fce407848b33bd7b774fd705acbe0d30c3ebdf241821fb0c,byte_exact_copy,
02_postprocessing/results/aggregate_statistics/hic_pairwise_ce_alignment_summary.csv,hic_pairwise_ce_alignment_summary.csv,c1b2bef18883be560a6179f66fc685a5d5ac987323b3a6cb7ca36269f9f49800,byte_exact_copy,
02_postprocessing/results/aggregate_statistics/hic_structural_equivalent_mapping.csv,hic_structural_equivalent_mapping.csv,2abedc430b0b329f9c67ca9d2c9b835a0c1d369abf353125a074ca63a1dd89a9,byte_exact_copy,
02_postprocessing/results/aggregate_statistics/interaction_shift_statistics.csv,interaction_shift_statistics.csv,5496bd5dab8501b205be7de16eda7ac80fcb6c8e58d4abc96879776bb2f6ba89,byte_exact_copy,
02_postprocessing/results/aggregate_statistics/interaction_state_coupling_summary.csv,interaction_state_coupling_summary.csv,ec5837cfb45cdf239a49ebf4dccc53a2ddd5a9d17545f2581030de359d641579,byte_exact_copy,
02_postprocessing/results/aggregate_statistics/length_group_summary.csv,length_group_summary.csv,55f17c30744b020abc839613378f58bfc21dafcaa027a90bc6dfdcd4029f9b94,byte_exact_copy,
02_postprocessing/results/aggregate_statistics/manuscript_candidate_residues.csv,manuscript_candidate_residues.csv,01d753098732516550f2f0112529545ecfd735258deb7ef013540779fa0b53ab,byte_exact_copy,
02_postprocessing/results/aggregate_statistics/manuscript_candidate_residues.csv,manuscript_candidate_residues.csv,01d753098732516550f2f0112529545ecfd735258deb7ef013540779fa0b53ab,byte_exact_copy; one shared package payload,
02_postprocessing/results/aggregate_statistics/mapped_pair_site_summary.csv,mapped_pair_site_summary.csv,c8e670a4fb1cc3d3b7196ebd7b7c96ac26154c790ca4a25984159a0e04d43d46,byte_exact_copy,
02_postprocessing/results/aggregate_statistics/mixture_model_sensitivity.csv,mixture_model_sensitivity.csv,3cd877caa3234faf8b679f9ada530d99068d1724ea537ed9171e811557872302,byte_exact_copy,
02_postprocessing/results/aggregate_statistics/named_key_residue_comparison.csv,named_key_residue_comparison.csv,d42e27abc5601fc9a54435b51f3a9011528affd709ba7514dd33900a92a1e4c6,byte_exact_copy,
02_postprocessing/results/aggregate_statistics/pet_length_case_coverage.csv,pet_length_case_coverage.csv,41364727513a0801d79103c05b2a621c9195c9a82a9faefc93b378c7cc5fbd87,byte_exact_copy; one shared package payload,
02_postprocessing/results/aggregate_statistics/pet_length_landmark_share_filtered_contact_ge_0_2.csv,pet_length_landmark_share_filtered_contact_ge_0_2.csv,17a82685afec20cc6e87a267ebccaafc2813508c2594be22488be727ae986495,byte_exact_copy; one shared package payload,
02_postprocessing/results/aggregate_statistics/pet_rg_group_comparison.csv,pet_rg_group_comparison.csv,4ecf74922aa74952b23d8c72cd4dda92fbaae887043f0c8658041255c76ebcea,byte_exact_copy,
02_postprocessing/results/aggregate_statistics/pooled_top20_contact_class_composition_unfiltered.csv,pooled_top20_contact_class_composition_unfiltered.csv,1d0abfb5cc6a580987ace4ada51e67da5ece5aed0e942d3eedc17115c73debb2,byte_exact_copy; one shared package payload,
02_postprocessing/results/aggregate_statistics/pooled_top8_contacts_unfiltered.csv,pooled_top8_contacts_unfiltered.csv,54281db90dbe8b35c9f6c70c563217c236522a5cdb94693efea1bb64a0122520,byte_exact_copy; one shared package payload,
02_postprocessing/results/aggregate_statistics/protein_model_equivalence_summary.csv,protein_model_equivalence_summary.csv,4349f642987191861774407f420cc0ff7b73828fef4eb92b509de13a5af01600,byte_exact_copy,
02_postprocessing/results/aggregate_statistics/protein_wloop_metric_summary.csv,protein_wloop_metric_summary.csv,47cb9db0a19c5cfd1cdba4171040cc002b3f581ba8d553509344add695006fe2,byte_exact_copy,
02_postprocessing/results/aggregate_statistics/protein_wloop_profile_summary.csv,protein_wloop_profile_summary.csv,de12d21e1d68de1fe5a446565ebc591144a60118d537f660f1e749c5cc8512d0,byte_exact_copy,
02_postprocessing/results/aggregate_statistics/reference_structure_angles.csv,reference_structure_angles.csv,7542e25084414cde41bea80b96b4da162ad3f8d31477f59660a879438d21baaf,column_projection: omit source_path only; preserve all other cell strings and all 8 rows,
02_postprocessing/results/aggregate_statistics/retention_conditions.csv,retention_conditions.csv,c3610409b0856c7a52243ae57f1cf18f7a033585d7d4e466fc1efcacc471fde5,byte_exact_copy,
02_postprocessing/results/aggregate_statistics/retention_qc_counts.csv,retention_qc_counts.csv,3785b08cd5022c6273bdc7a4717d93b70e8505f7ccc440b3e065398d8e4f6c4b,byte_exact_copy,
02_postprocessing/results/aggregate_statistics/static_reference_reconciliation.csv,static_reference_reconciliation.csv,3c72220eecf98947bc7da4ac45f4afcadfe10b956f6665210ca1c74aaa59fe17,byte_exact_copy,
02_postprocessing/results/aggregate_statistics/target_subset_summary.csv,target_subset_summary.csv,761b94605daa990f57800403d6993880cbf74497a64ce1b310bad420c30eefb7,byte_exact_copy,
02_postprocessing/results/aggregate_statistics/trajectory_level_contact_shift_candidates.csv,trajectory_level_contact_shift_candidates.csv,4e4bcfb5a6e0b042f327efa6d996b3f99bf7ffb375db36ba61dd2fc8f63f6eda,byte_exact_copy,
02_postprocessing/results/frame_observables/frame_level_w156_rotamer_contacts.csv.gz,frame_level_w156_rotamer_contacts.csv.gz,a4ac5fe5387bea236e50db619df2ad2bec6556e6b2f4cb1e92069ea446b09554,byte_exact_copy,
02_postprocessing/results/frame_observables/pet_rg_per_frame.csv.gz,pet_rg_per_frame.csv.gz,6302b4124a010a77813a2b59f1354eaf0d15e8dcfe43848ef5a244f258a26ada,byte_exact_copy,
02_postprocessing/results/structural_snapshots/coordinates/CUT1_S67_L20_56.19ns_hbond.pdb,CUT1_S67_L20_56.19ns_hbond.pdb,0e574e039c6d7a00cc8e66f50af5995513d645c16052506952b0551281ea6a0a,byte_exact_copy,
02_postprocessing/results/structural_snapshots/coordinates/CUT1_T64_L20_75.49ns_hbond.pdb,CUT1_T64_L20_75.49ns_hbond.pdb,daba67b8f1a82e3ac3d14f4622bd983b1c1e80c6850a0eb390c1e0f069ac9599,byte_exact_copy,
02_postprocessing/results/structural_snapshots/coordinates/Figure_04_HiC_common.pdb,Figure_04_HiC_common.pdb,726eceb1ec40a04e6140740256bc167a9d660f52da9f5dbdb40c345fe99cd9fd,byte_exact_copy,
02_postprocessing/results/structural_snapshots/coordinates/Figure_05_FoCut5a.pdb,Figure_05_FoCut5a.pdb,6aa86577f5be531065dddeb5fe3f784b1411006095b40075de894db9c19bfe0f,byte_exact_copy,
02_postprocessing/results/structural_snapshots/coordinates/Figure_05_IsPETase.pdb,Figure_05_IsPETase.pdb,9712879bb4c1572bff746cd8e8a23abfabc575a8d8cd863cfef26747ebd9ead6,byte_exact_copy,
02_postprocessing/results/structural_snapshots/coordinates/Figure_05_LCC.pdb,Figure_05_LCC.pdb,6fbbc09709f19b695982961cca55e0ec01e452d01f1c05480343c64ee91cf36a,byte_exact_copy,
02_postprocessing/results/structural_snapshots/coordinates/Figure_05_PHL7.pdb,Figure_05_PHL7.pdb,3f67594b45cee5377d81f97b09705a501d7239c2e380901cc2363ed61c9cc96b,byte_exact_copy,
02_postprocessing/results/structural_snapshots/coordinates/Figure_05_TfCut1.pdb,Figure_05_TfCut1.pdb,4dfc8ce0cc5a8b48bc735d4fe826843d5238acf026948dae5bf9725858677407,byte_exact_copy,
02_postprocessing/results/structural_snapshots/coordinates/HiC_T166_L20_52.44ns_hbond.pdb,Figure_05_HiC.pdb,8cf4669e4f9b6477d7d46dc0b79660bcf61968399305a21aabf13685d7c4c950,Byte-identical coordinates deduplicated; both original source identities preserved,
02_postprocessing/results/structural_snapshots/coordinates/HiC_T166_L20_52.44ns_hbond.pdb,HiC_T166_L20_52.44ns_hbond.pdb,8cf4669e4f9b6477d7d46dc0b79660bcf61968399305a21aabf13685d7c4c950,byte_exact_copy,
02_postprocessing/results/structural_snapshots/representative_hbond_frames.csv,representative_hbond_frame_recommendations.csv,4d502383b6f9eebaaa2fe1120a58b5287bc8a9f536eac307f64a1a7bf77ec258,"column_projection_only: omit index,tpr,xtc; all remaining cell strings preserved",
02_postprocessing/results/structural_snapshots/representative_interface_frames.csv,Figure_04_representative_frames.csv,0a0c2f47c0a3162890b32e17502981bc18a943b1341be092d5a75f2cc9d3c112,"column_projection_only: omit tpr,xtc,index_ndx; all remaining cell strings preserved",
02_postprocessing/results/tables/Supplementary_Data_S1_residue_class_assignments.csv,Supplementary_Data_S1_residue_class_assignments.csv,c02913622f013b9d61b391bb3ca426e51ec7f41f6d999f3b19fdc2e1801d350e,byte_exact_copy,
02_postprocessing/results/tables/Supplementary_Data_S2_residue_contact_shift_candidates.csv,Supplementary_Data_S2_residue_contact_shift_candidates.csv,0cf877eb97253ac5ed0e04a743ae9d6b161a81d15167a342d2574c1f9a44c64c,byte_exact_copy,
02_postprocessing/results/tables/Supplementary_Table_S1_residue_correspondence.tex,Supplementary_Table_S1_residue_correspondence.tex,ac82ec2b4c198283b9ffc4e1b0504aff64cbd368014d760aee2ef8435d9e4485,exact_approved_table_environment,
02_postprocessing/results/tables/Supplementary_Table_S2_residue_contact_shifts.tex,Supplementary_Table_S2_residue_contact_shifts.tex,04e2a6556f3706cbb7e8a83283278a8c2ccb6e3cdc250bb8873fa0e9b6035691,byte_exact_copy; manuscript table wording and eligible-count synchronization,
02_postprocessing/results/tables/Supplementary_Table_S2_residue_contact_shifts.tex,Supplementary_Table_S2_residue_contact_shifts.tex,5ff64420337d731e07b7db47e17008fd4637c17f9cda4c67c88bd5f09469c66c,independently generated from unchanged packaged numerical sources; exact reference-text check,
02_postprocessing/results/tables/Supplementary_Table_S3_structural_concordance.tex,Supplementary_Table_S3_structural_concordance.tex,685c20d4c28786db4cac1144ca3e6c2000f6d6ebc5cef8fc450eff4ca882904b,exact_approved_table_environment,
02_postprocessing/results/tables/Supplementary_Table_S3_structural_concordance.tex,Supplementary_Table_S2_structural_concordance.csv,cfd98bacdb8acef1eaf57dbbc248885b26353968fbba1661075e4a0b509bb7e5,historical numerical projection reference; all 78 cells checked; current approved TeX layout preserved,
02_postprocessing/results/tables/Supplementary_Table_S4_local_starting_coordinate_sensitivity.csv,Supplementary_Table_S4_local_starting_coordinate_sensitivity.csv,e315b148dd746dbddf493806d1d24753843c33cb8d8a4399a38ed398233565cb,byte_exact_copy,
02_postprocessing/results/tables/Supplementary_Table_S4_local_starting_coordinate_sensitivity.tex,Supplementary_Table_S4_local_starting_coordinate_sensitivity.tex,3fa573d4eebf80e006fed15e9bc5c0f7e79f8569c7cc569dce8d26fcaad0c010,exact_approved_table_environment; manuscript table wording and eligible-count synchronization,
02_postprocessing/results/tables/Supplementary_Table_S4_local_starting_coordinate_sensitivity.tex,Supplementary_Table_S4_local_starting_coordinate_sensitivity.tex,4cf5ba85188a4dd94499ef78702a5cdeb1b0fc5178f980af979baffa06a47ca8,independently generated from unchanged packaged numerical sources; exact reference-text check,
02_postprocessing/results/tables/Supplementary_Table_S5_per_ring_contact_geometry.csv,Supplementary_Table_S5_per_ring_contact_geometry.csv,af6ff5434e2366a50d01b665a084c3e23aa8f1b0ff020fae2195fcf79cc76523,byte_exact_copy,
02_postprocessing/results/tables/Supplementary_Table_S5_per_ring_contact_geometry.tex,Supplementary_Table_S5_per_ring_contact_geometry.tex,db6c1377ad085e2aeeef9292bf2c1126e423ccb2ad6b8c7eea8d2d1020c2f717,byte_exact_copy,
02_postprocessing/results/tables/Table_1_enzyme_panel.tex,main_V8.tex,ac0bed56f2b74fdb22513a0736020cb4d907bedda75d830f40c28f25208bd5aa,exact_approved_table_environment,
02_postprocessing/results/trajectory_summaries/candidate_case_contact_values.csv,candidate_case_contact_values.csv,92743d883081f8a10a7cdcece6f8e64a70d254997f17901803a4e2718399ebd3,byte_exact_copy,
02_postprocessing/results/trajectory_summaries/candidate_case_hbond_values_zero_filled.csv,candidate_case_hbond_values_zero_filled.csv,ed0ff9b47c07f8990850f9a21db3d5ccd362615ba0f446fd7efd9451b51ef889,byte_exact_copy,
02_postprocessing/results/trajectory_summaries/catalytic_ser_pet_trajectory_summary.csv,catalytic_ser_pet_trajectory_summary.csv,0a0a5ec2fd39d60f6057cd4a9101898264a8137186ebe0e42f1f7cd2d5a73c3d,byte_exact_copy,
02_postprocessing/results/trajectory_summaries/pet_rg_trajectory_summary.csv,pet_rg_trajectory_summary.csv,d902b229924e9697da29cbea8c1d7127468d00444f10103eb4e419f44b982981,byte_exact_copy,
02_postprocessing/results/trajectory_summaries/retention_manifest.csv,retention_manifest.csv,e3c056233bc17148fdf7605a9713b975e9278430840480a2c8ec70bc55579854,byte_exact_copy,
02_postprocessing/results/trajectory_summaries/trajectory_interaction_state_coupling.csv,trajectory_interaction_state_coupling.csv,cd4653b72c65ed6bebe9281d0d5df5df579d2be3590f0fae093bae02a84c6015,byte_exact_copy,
02_postprocessing/results/trajectory_summaries/trajectory_metric_values.csv,trajectory_metric_values.csv,d9fc8037049740cb02434af08464e86f313863914d738a6640c3727335eaac2e,byte_exact_copy,
02_postprocessing/results/trajectory_summaries/trajectory_rotamer_summary.csv,trajectory_rotamer_summary.csv,a06d1463cd9c7a289217d05bff339dbb4e2ee351abe1b9530ef4fee6be0f330d,byte_exact_copy,
02_postprocessing/results/trajectory_summaries/trajectory_target_summary.csv,trajectory_target_summary.csv,757ee6da25f191d7ca2b2c2267fd61997c4adac50b4902dd0ceb1c9a53b50be2,byte_exact_copy,
02_postprocessing/results/trajectory_summaries/trajectory_wloop_summary.csv,trajectory_wloop_summary.csv,b9d54833c5df148272bdc6ec9ca735d13137c062134e64df3cd397914745d5fe,byte_exact_copy,
03_figures/fig01/make_figure.py,build_figure_01.py,99c10eef2780d7ae1621c2591d9299dca8a0336195d5bf61056d00ee60a5d4ea,selected drawing functions; no render-cache or original-path branches; literal local scene inputs; strict CLI/import/missing-data validation cleanup; manuscript figure numbering and rendering,
03_figures/fig01/project_labels.py,export_label_projection.py,3809be0c26b93543c01593052b6aca501dce54e21edd330de25fc58ee711dfa5,explicit output directory from required PETASE_RENDER_WORK,
03_figures/fig01/render_scene.cxc,Figure_01_render_experimental_panel.cxc,d69d54419eef5763188ca7c03f80a859519992ce5204688aecf701202941b41f,literal scene extraction; paths declared locally; current figure-specific drawing changes only,
03_figures/fig02/make_figure.py,figure02.py,82f0be75fed9f640610768614348561bb6aa1829d6057e8631b0220e3fb46434,declared path/interface adaptation; strict CLI/import/missing-data validation cleanup; manuscript figure numbering and rendering,
03_figures/fig03/make_figure.py,plot_revised_figure_03.py,ab5e71ecd504b47976872a10ea6b73960e0a04821957463aee8ed76d88a60a55,drawing preserved; package-local inputs; removed provenance writes; strict font and complete-grid validation; strict CLI/import/missing-data validation cleanup,
03_figures/fig04/make_figure.py,plot_revised_figure_05.py,8b53e17253487545b8af7e5574da71b05b9e95822b3e0f16f89f359bf58e28e7,drawing preserved; package-local inputs; removed provenance writes; strict font and complete-grid validation; strict CLI/import/missing-data validation cleanup; manuscript figure numbering and rendering,
03_figures/fig05/make_figure.py,plot_revised_figure_06.py,113674d4524ca7ea522e4f7becfc6583f1a45ae59457082e4d861fc3e28939cb,selected drawing functions; no render-cache or original-path branches; literal local scene inputs; strict CLI/import/missing-data validation cleanup; manuscript figure numbering and rendering,
03_figures/fig05/render_scene.cxc,Figure_06_HiC_FoCut5a_overlay.cxc,ff9b3fe7dc6e2d3ad6a0f813523997b3b58a070675c371d75fdf3f6098ebf43c,literal scene extraction; paths declared locally; current figure-specific drawing changes only; manuscript figure numbering and rendering,
03_figures/fig06/make_figure.py,plot_revised_figure_07.py,febe48b6841aa77574078e25170e02bb791978221d2117affda9d33546827f03,selected drawing functions; no render-cache or original-path branches; literal local scene inputs; strict CLI/import/missing-data validation cleanup; manuscript figure numbering and rendering,
03_figures/fig06/render_scene.cxc,render_figure_07_snapshots.cxc,05fdf158515de67dd872f0484b54cbfb1a471f8c381c0eec42c86661c1b40762,literal scene extraction; paths declared locally; current figure-specific drawing changes only; manuscript figure numbering and rendering,
03_figures/figS01/make_figure.py,figure_s01.py,11b1e257773ff51c41cdeca73efb467d42b0922ce421c16db00cab8c14d0e214,declared path/interface adaptation; strict CLI/import/missing-data validation cleanup; manuscript figure numbering and rendering,
03_figures/figS02/make_figure.py,plot_revised_figure_04.py,2c811e3af3144f29f068b6d6593a9998cce682d01e9339fd9e7e73f626911620,selected drawing functions; no render-cache or original-path branches; literal local scene inputs; strict CLI/import/missing-data validation cleanup; manuscript figure numbering and rendering,
03_figures/figS02/render_five_enzymes.cxc,Figure_05_render_representative_hotspots.cxc,bb345d6e5019955f019cc74aa64f361153048840c7eaa0bcd7482ad42c62b55d,literal scene extraction; paths declared locally; current figure-specific drawing changes only; strict CLI/import/missing-data validation cleanup; manuscript figure numbering and rendering,
03_figures/figS02/render_hic.cxc,Figure_04_render_HiC_common.cxc,1727ae328c24c32dc98019ae655cb88c93255b48aaa3d48792b145a7a0360969,literal scene extraction; paths declared locally; current figure-specific drawing changes only; manuscript figure numbering and rendering,
03_figures/figS03/make_figure.py,plot_revised_figure_s02.py,5730c8d37f7d2394ce34ee250681bb44031db627ac6140ec50332a2cc7ef3e6b,drawing preserved; package-local inputs; removed provenance writes; strict font and complete-grid validation; strict CLI/import/missing-data validation cleanup; manuscript figure numbering and rendering,
03_figures/figS04/make_figure.py,plot_revised_figure_s03.py,63a26dbe1a46752a8af8ad15812deefcdbcde6d5f79310a46a0396b6a135430d,drawing preserved; package-local inputs; removed provenance writes; strict font and complete-grid validation; strict CLI/import/missing-data validation cleanup; manuscript figure numbering and rendering,
03_figures/figS05/make_figure.py,plot_revised_figure_s05.py,8486d55005fea3f759edb41a741c5f94bb61259cc3961d40d1551250cb5c2f53,drawing preserved; package-local inputs; removed provenance writes; strict font and complete-grid validation; strict CLI/import/missing-data validation cleanup,
03_figures/figS06/make_figure.py,plot_revised_figure_s04.py,173f749e7a163c545dd9de2356730cb7370becaddbd377a079c2af47ba0f7932,drawing preserved; package-local inputs; removed provenance writes; strict font and complete-grid validation; strict CLI/import/missing-data validation cleanup; manuscript figure numbering and rendering,
03_figures/figS07/make_figure.py,plot_revised_figure_s06.py,63fb34d2b0884c56493134f965bac64fda2be10c126e257bb161907d4e034da9,drawing preserved; package-local inputs; removed provenance writes; strict font and complete-grid validation; strict CLI/import/missing-data validation cleanup; manuscript figure numbering and rendering,
03_figures/figS08/make_figure.py,plot_revised_figure_s07.py,fa1b7c85c37b742913e76124008a68ca945325c423db66964e2d36df93eec599,drawing preserved; package-local inputs; removed provenance writes; strict font and complete-grid validation; strict CLI/import/missing-data validation cleanup; manuscript figure numbering and rendering,
03_figures/figS09/make_figure.py,plot_revised_figure_s08.py,5e937dfd22e5336f8d636c4e848e18092e3a9311c98b9bd4c918d7861d88476e,drawing preserved; package-local inputs; removed provenance writes; strict font and complete-grid validation; strict CLI/import/missing-data validation cleanup; manuscript figure numbering and rendering,
03_figures/shared/base_typography.py,base_typography.py,a992ae83c941d9827cb50f97a2469b5123828a499c8b9e4164d6803f32a946c0,declared path/interface adaptation,
03_figures/shared/data_adapter.py,data_adapter.py,fcf43c474f547d2995aba4840255ed3d62c1b5918a71c2a149aff794aec26b2a,declared path/interface adaptation,
03_figures/shared/main_style.py,main_style.py,63bcec3878b3f2a67fb1ea9f1455b519ba2499df910f962375dd25fbc4c7ff02,declared path/interface adaptation; strict CLI/import/missing-data validation cleanup,
03_figures/shared/panel_legend_layout.py,panel_legend_layout.py,08ffe4754b1c89dc0492377259b60bfa5d2ca27e7a2625e30335019f1914e2f8,byte_exact_copy; manuscript figure numbering and rendering,
03_figures/shared/publication_style.py,publication_style.py,3c57a985d825fde01b2ccdee7cead0abcb2490500041816acb5e87f2b00bb0fd,selected IO changes; fixed declared font; original numerical and layout operations; manuscript figure numbering and rendering,
03_figures/shared/revised_figure_layout.py,revised_figure_layout.py,9672a39d43fc5f00ddd5381d9115379ca9bc4bf5396672f4e15240468f7d72db,byte_exact_copy,
03_figures/shared/revised_figure_layout.py,contrast.py,9b691f2be1f19c94077e07556ab2d04c3e06c20160a33d7403a0a12eff80cd3f,Identical contrast functions consolidated into the one shared layout helper; strict CLI/import/missing-data validation cleanup,
03_figures/shared/s1_helpers.py,s1_helpers.py,c5d53abbf7cd2cef467babeecbea17d6a20f0af9dcee6be1f2e3c7882a110dc4,declared path/interface adaptation; strict CLI/import/missing-data validation cleanup,
LICENSE,LICENSE,3fd4ae53c818f7a2ae3831f703fd5a6767135413286bdf751695c3d700b17852,byte_exact_copy,
metadata/analysis_case_crosswalk.csv,analysis_case_crosswalk.csv,dc70d3f38cd53aacd451c84ff884e74eb32becd656b1833603911a02363c6a1c,byte_exact_copy,
metadata/trajectory_index.csv,trajectory_index.csv,21d7be903e7852bbd94bb110985a30e983a3ba17c3d0df1b20e883ee91286885,byte_exact_copy,
