case,protein_id,protein_name,pet_kind,pet_length,direction,replica_id,analysis_target,metric_id,metric_label,scope,criterion_group,value,total_frames
Pro00057_PET_L10_bidirectional_r02,Pro00057,CUT1,PET_L10,10,bidirectional,2,CUT1_F210,F210_any_pi_d0p50_a30_o0p20_any,"F210 any pi-like geometry (d<0.50 nm; angular deviation<30 deg; offset<0.20 nm), any PET unit",any_pet_unit,aromatic_geometry,0.02712160979877515,8001
Pro00057_PET_L10_bidirectional_r03,Pro00057,CUT1,PET_L10,10,bidirectional,3,CUT1_F210,F210_any_pi_d0p50_a30_o0p20_any,"F210 any pi-like geometry (d<0.50 nm; angular deviation<30 deg; offset<0.20 nm), any PET unit",any_pet_unit,aromatic_geometry,0.17110361204849395,8001
Pro00057_PET_L10_head_side_r02,Pro00057,CUT1,PET_L10,10,head_side,2,CUT1_F210,F210_any_pi_d0p50_a30_o0p20_any,"F210 any pi-like geometry (d<0.50 nm; angular deviation<30 deg; offset<0.20 nm), any PET unit",any_pet_unit,aromatic_geometry,0.03474565679290089,8001
Pro00057_PET_L10_head_side_r03,Pro00057,CUT1,PET_L10,10,head_side,3,CUT1_F210,F210_any_pi_d0p50_a30_o0p20_any,"F210 any pi-like geometry (d<0.50 nm; angular deviation<30 deg; offset<0.20 nm), any PET unit",any_pet_unit,aromatic_geometry,0.0,8001
Pro00057_PET_L10_tail_side_r02,Pro00057,CUT1,PET_L10,10,tail_side,2,CUT1_F210,F210_any_pi_d0p50_a30_o0p20_any,"F210 any pi-like geometry (d<0.50 nm; angular deviation<30 deg; offset<0.20 nm), any PET unit",any_pet_unit,aromatic_geometry,0.0074990626171728535,8001
Pro00057_PET_L10_tail_side_r03,Pro00057,CUT1,PET_L10,10,tail_side,3,CUT1_F210,F210_any_pi_d0p50_a30_o0p20_any,"F210 any pi-like geometry (d<0.50 nm; angular deviation<30 deg; offset<0.20 nm), any PET unit",any_pet_unit,aromatic_geometry,0.00012498437695288088,8001
Pro00057_PET_L20_bidirectional_r01,Pro00057,CUT1,PET_L20,20,bidirectional,1,CUT1_F210,F210_any_pi_d0p50_a30_o0p20_any,"F210 any pi-like geometry (d<0.50 nm; angular deviation<30 deg; offset<0.20 nm), any PET unit",any_pet_unit,aromatic_geometry,0.012873390826146731,8001
Pro00057_PET_L20_bidirectional_r02,Pro00057,CUT1,PET_L20,20,bidirectional,2,CUT1_F210,F210_any_pi_d0p50_a30_o0p20_any,"F210 any pi-like geometry (d<0.50 nm; angular deviation<30 deg; offset<0.20 nm), any PET unit",any_pet_unit,aromatic_geometry,0.18022747156605423,8001
Pro00057_PET_L20_head_side_r01,Pro00057,CUT1,PET_L20,20,head_side,1,CUT1_F210,F210_any_pi_d0p50_a30_o0p20_any,"F210 any pi-like geometry (d<0.50 nm; angular deviation<30 deg; offset<0.20 nm), any PET unit",any_pet_unit,aromatic_geometry,0.01824771903512061,8001
Pro00057_PET_L20_head_side_r02,Pro00057,CUT1,PET_L20,20,head_side,2,CUT1_F210,F210_any_pi_d0p50_a30_o0p20_any,"F210 any pi-like geometry (d<0.50 nm; angular deviation<30 deg; offset<0.20 nm), any PET unit",any_pet_unit,aromatic_geometry,0.26209223847019125,8001
Pro00057_PET_L20_head_side_r03,Pro00057,CUT1,PET_L20,20,head_side,3,CUT1_F210,F210_any_pi_d0p50_a30_o0p20_any,"F210 any pi-like geometry (d<0.50 nm; angular deviation<30 deg; offset<0.20 nm), any PET unit",any_pet_unit,aromatic_geometry,0.023247094113235847,8001
Pro00057_PET_L20_tail_side_r02,Pro00057,CUT1,PET_L20,20,tail_side,2,CUT1_F210,F210_any_pi_d0p50_a30_o0p20_any,"F210 any pi-like geometry (d<0.50 nm; angular deviation<30 deg; offset<0.20 nm), any PET unit",any_pet_unit,aromatic_geometry,0.21197350331208598,8001
Pro00057_PET_L10_bidirectional_r02,Pro00057,CUT1,PET_L10,10,bidirectional,2,CUT1_F210,F210_any_pi_d0p50_a30_o0p20_per_ring,"F210 any pi-like geometry (d<0.50 nm; angular deviation<30 deg; offset<0.20 nm), per PET ring",per_pet_ring,aromatic_geometry,0.00274965629296338,8001
Pro00057_PET_L10_bidirectional_r03,Pro00057,CUT1,PET_L10,10,bidirectional,3,CUT1_F210,F210_any_pi_d0p50_a30_o0p20_per_ring,"F210 any pi-like geometry (d<0.50 nm; angular deviation<30 deg; offset<0.20 nm), per PET ring",per_pet_ring,aromatic_geometry,0.01839770028746407,8001
Pro00057_PET_L10_head_side_r02,Pro00057,CUT1,PET_L10,10,head_side,2,CUT1_F210,F210_any_pi_d0p50_a30_o0p20_per_ring,"F210 any pi-like geometry (d<0.50 nm; angular deviation<30 deg; offset<0.20 nm), per PET ring",per_pet_ring,aromatic_geometry,0.0036995375578052743,8001
Pro00057_PET_L10_head_side_r03,Pro00057,CUT1,PET_L10,10,head_side,3,CUT1_F210,F210_any_pi_d0p50_a30_o0p20_per_ring,"F210 any pi-like geometry (d<0.50 nm; angular deviation<30 deg; offset<0.20 nm), per PET ring",per_pet_ring,aromatic_geometry,0.0,8001
Pro00057_PET_L10_tail_side_r02,Pro00057,CUT1,PET_L10,10,tail_side,2,CUT1_F210,F210_any_pi_d0p50_a30_o0p20_per_ring,"F210 any pi-like geometry (d<0.50 nm; angular deviation<30 deg; offset<0.20 nm), per PET ring",per_pet_ring,aromatic_geometry,0.0007624046994125735,8001
Pro00057_PET_L10_tail_side_r03,Pro00057,CUT1,PET_L10,10,tail_side,3,CUT1_F210,F210_any_pi_d0p50_a30_o0p20_per_ring,"F210 any pi-like geometry (d<0.50 nm; angular deviation<30 deg; offset<0.20 nm), per PET ring",per_pet_ring,aromatic_geometry,1.2498437695288089e-05,8001
Pro00057_PET_L20_bidirectional_r01,Pro00057,CUT1,PET_L20,20,bidirectional,1,CUT1_F210,F210_any_pi_d0p50_a30_o0p20_per_ring,"F210 any pi-like geometry (d<0.50 nm; angular deviation<30 deg; offset<0.20 nm), per PET ring",per_pet_ring,aromatic_geometry,0.0006499187601549805,8001
Pro00057_PET_L20_bidirectional_r02,Pro00057,CUT1,PET_L20,20,bidirectional,2,CUT1_F210,F210_any_pi_d0p50_a30_o0p20_per_ring,"F210 any pi-like geometry (d<0.50 nm; angular deviation<30 deg; offset<0.20 nm), per PET ring",per_pet_ring,aromatic_geometry,0.009217597800274965,8001
Pro00057_PET_L20_head_side_r01,Pro00057,CUT1,PET_L20,20,head_side,1,CUT1_F210,F210_any_pi_d0p50_a30_o0p20_per_ring,"F210 any pi-like geometry (d<0.50 nm; angular deviation<30 deg; offset<0.20 nm), per PET ring",per_pet_ring,aromatic_geometry,0.0009123859517560306,8001
Pro00057_PET_L20_head_side_r02,Pro00057,CUT1,PET_L20,20,head_side,2,CUT1_F210,F210_any_pi_d0p50_a30_o0p20_per_ring,"F210 any pi-like geometry (d<0.50 nm; angular deviation<30 deg; offset<0.20 nm), per PET ring",per_pet_ring,aromatic_geometry,0.013154605674290713,8001
Pro00057_PET_L20_head_side_r03,Pro00057,CUT1,PET_L20,20,head_side,3,CUT1_F210,F210_any_pi_d0p50_a30_o0p20_per_ring,"F210 any pi-like geometry (d<0.50 nm; angular deviation<30 deg; offset<0.20 nm), per PET ring",per_pet_ring,aromatic_geometry,0.0011686039245094363,8001
Pro00057_PET_L20_tail_side_r02,Pro00057,CUT1,PET_L20,20,tail_side,2,CUT1_F210,F210_any_pi_d0p50_a30_o0p20_per_ring,"F210 any pi-like geometry (d<0.50 nm; angular deviation<30 deg; offset<0.20 nm), per PET ring",per_pet_ring,aromatic_geometry,0.010623672040994873,8001
Pro00057_PET_L10_bidirectional_r02,Pro00057,CUT1,PET_L10,10,bidirectional,2,CUT1_F210,F210_any_pi_d0p55_a20_o0p20_any,"F210 any pi-like geometry (d<0.55 nm; angular deviation<20 deg; offset<0.20 nm), any PET unit",any_pet_unit,aromatic_geometry,0.03974503187101612,8001
Pro00057_PET_L10_bidirectional_r03,Pro00057,CUT1,PET_L10,10,bidirectional,3,CUT1_F210,F210_any_pi_d0p55_a20_o0p20_any,"F210 any pi-like geometry (d<0.55 nm; angular deviation<20 deg; offset<0.20 nm), any PET unit",any_pet_unit,aromatic_geometry,0.14860642419697537,8001
Pro00057_PET_L10_head_side_r02,Pro00057,CUT1,PET_L10,10,head_side,2,CUT1_F210,F210_any_pi_d0p55_a20_o0p20_any,"F210 any pi-like geometry (d<0.55 nm; angular deviation<20 deg; offset<0.20 nm), any PET unit",any_pet_unit,aromatic_geometry,0.027746531683539556,8001
Pro00057_PET_L10_head_side_r03,Pro00057,CUT1,PET_L10,10,head_side,3,CUT1_F210,F210_any_pi_d0p55_a20_o0p20_any,"F210 any pi-like geometry (d<0.55 nm; angular deviation<20 deg; offset<0.20 nm), any PET unit",any_pet_unit,aromatic_geometry,0.0,8001
Pro00057_PET_L10_tail_side_r02,Pro00057,CUT1,PET_L10,10,tail_side,2,CUT1_F210,F210_any_pi_d0p55_a20_o0p20_any,"F210 any pi-like geometry (d<0.55 nm; angular deviation<20 deg; offset<0.20 nm), any PET unit",any_pet_unit,aromatic_geometry,0.005249343832020997,8001
Pro00057_PET_L10_tail_side_r03,Pro00057,CUT1,PET_L10,10,tail_side,3,CUT1_F210,F210_any_pi_d0p55_a20_o0p20_any,"F210 any pi-like geometry (d<0.55 nm; angular deviation<20 deg; offset<0.20 nm), any PET unit",any_pet_unit,aromatic_geometry,0.0,8001
Pro00057_PET_L20_bidirectional_r01,Pro00057,CUT1,PET_L20,20,bidirectional,1,CUT1_F210,F210_any_pi_d0p55_a20_o0p20_any,"F210 any pi-like geometry (d<0.55 nm; angular deviation<20 deg; offset<0.20 nm), any PET unit",any_pet_unit,aromatic_geometry,0.01862267216597925,8001
Pro00057_PET_L20_bidirectional_r02,Pro00057,CUT1,PET_L20,20,bidirectional,2,CUT1_F210,F210_any_pi_d0p55_a20_o0p20_any,"F210 any pi-like geometry (d<0.55 nm; angular deviation<20 deg; offset<0.20 nm), any PET unit",any_pet_unit,aromatic_geometry,0.12985876765404325,8001
Pro00057_PET_L20_head_side_r01,Pro00057,CUT1,PET_L20,20,head_side,1,CUT1_F210,F210_any_pi_d0p55_a20_o0p20_any,"F210 any pi-like geometry (d<0.55 nm; angular deviation<20 deg; offset<0.20 nm), any PET unit",any_pet_unit,aromatic_geometry,0.016497937757780277,8001
Pro00057_PET_L20_head_side_r02,Pro00057,CUT1,PET_L20,20,head_side,2,CUT1_F210,F210_any_pi_d0p55_a20_o0p20_any,"F210 any pi-like geometry (d<0.55 nm; angular deviation<20 deg; offset<0.20 nm), any PET unit",any_pet_unit,aromatic_geometry,0.1831021122359705,8001
Pro00057_PET_L20_head_side_r03,Pro00057,CUT1,PET_L20,20,head_side,3,CUT1_F210,F210_any_pi_d0p55_a20_o0p20_any,"F210 any pi-like geometry (d<0.55 nm; angular deviation<20 deg; offset<0.20 nm), any PET unit",any_pet_unit,aromatic_geometry,0.014248218972628422,8001
Pro00057_PET_L20_tail_side_r02,Pro00057,CUT1,PET_L20,20,tail_side,2,CUT1_F210,F210_any_pi_d0p55_a20_o0p20_any,"F210 any pi-like geometry (d<0.55 nm; angular deviation<20 deg; offset<0.20 nm), any PET unit",any_pet_unit,aromatic_geometry,0.15960504936882888,8001
Pro00057_PET_L10_bidirectional_r02,Pro00057,CUT1,PET_L10,10,bidirectional,2,CUT1_F210,F210_any_pi_d0p55_a20_o0p20_per_ring,"F210 any pi-like geometry (d<0.55 nm; angular deviation<20 deg; offset<0.20 nm), per PET ring",per_pet_ring,aromatic_geometry,0.0041119860017497815,8001
Pro00057_PET_L10_bidirectional_r03,Pro00057,CUT1,PET_L10,10,bidirectional,3,CUT1_F210,F210_any_pi_d0p55_a20_o0p20_per_ring,"F210 any pi-like geometry (d<0.55 nm; angular deviation<20 deg; offset<0.20 nm), per PET ring",per_pet_ring,aromatic_geometry,0.016685414323209597,8001
Pro00057_PET_L10_head_side_r02,Pro00057,CUT1,PET_L10,10,head_side,2,CUT1_F210,F210_any_pi_d0p55_a20_o0p20_per_ring,"F210 any pi-like geometry (d<0.55 nm; angular deviation<20 deg; offset<0.20 nm), per PET ring",per_pet_ring,aromatic_geometry,0.0030246219222597177,8001
Pro00057_PET_L10_head_side_r03,Pro00057,CUT1,PET_L10,10,head_side,3,CUT1_F210,F210_any_pi_d0p55_a20_o0p20_per_ring,"F210 any pi-like geometry (d<0.55 nm; angular deviation<20 deg; offset<0.20 nm), per PET ring",per_pet_ring,aromatic_geometry,0.0,8001
Pro00057_PET_L10_tail_side_r02,Pro00057,CUT1,PET_L10,10,tail_side,2,CUT1_F210,F210_any_pi_d0p55_a20_o0p20_per_ring,"F210 any pi-like geometry (d<0.55 nm; angular deviation<20 deg; offset<0.20 nm), per PET ring",per_pet_ring,aromatic_geometry,0.0005624296962879641,8001
Pro00057_PET_L10_tail_side_r03,Pro00057,CUT1,PET_L10,10,tail_side,3,CUT1_F210,F210_any_pi_d0p55_a20_o0p20_per_ring,"F210 any pi-like geometry (d<0.55 nm; angular deviation<20 deg; offset<0.20 nm), per PET ring",per_pet_ring,aromatic_geometry,0.0,8001
Pro00057_PET_L20_bidirectional_r01,Pro00057,CUT1,PET_L20,20,bidirectional,1,CUT1_F210,F210_any_pi_d0p55_a20_o0p20_per_ring,"F210 any pi-like geometry (d<0.55 nm; angular deviation<20 deg; offset<0.20 nm), per PET ring",per_pet_ring,aromatic_geometry,0.0009561304836895387,8001
Pro00057_PET_L20_bidirectional_r02,Pro00057,CUT1,PET_L20,20,bidirectional,2,CUT1_F210,F210_any_pi_d0p55_a20_o0p20_per_ring,"F210 any pi-like geometry (d<0.55 nm; angular deviation<20 deg; offset<0.20 nm), per PET ring",per_pet_ring,aromatic_geometry,0.006736657917760281,8001
Pro00057_PET_L20_head_side_r01,Pro00057,CUT1,PET_L20,20,head_side,1,CUT1_F210,F210_any_pi_d0p55_a20_o0p20_per_ring,"F210 any pi-like geometry (d<0.55 nm; angular deviation<20 deg; offset<0.20 nm), per PET ring",per_pet_ring,aromatic_geometry,0.0008248968878890138,8001
Pro00057_PET_L20_head_side_r02,Pro00057,CUT1,PET_L20,20,head_side,2,CUT1_F210,F210_any_pi_d0p55_a20_o0p20_per_ring,"F210 any pi-like geometry (d<0.55 nm; angular deviation<20 deg; offset<0.20 nm), per PET ring",per_pet_ring,aromatic_geometry,0.009261342332208473,8001
Pro00057_PET_L20_head_side_r03,Pro00057,CUT1,PET_L20,20,head_side,3,CUT1_F210,F210_any_pi_d0p55_a20_o0p20_per_ring,"F210 any pi-like geometry (d<0.55 nm; angular deviation<20 deg; offset<0.20 nm), per PET ring",per_pet_ring,aromatic_geometry,0.0007311586051743532,8001
Pro00057_PET_L20_tail_side_r02,Pro00057,CUT1,PET_L20,20,tail_side,2,CUT1_F210,F210_any_pi_d0p55_a20_o0p20_per_ring,"F210 any pi-like geometry (d<0.55 nm; angular deviation<20 deg; offset<0.20 nm), per PET ring",per_pet_ring,aromatic_geometry,0.008048993875765529,8001
Pro00057_PET_L10_bidirectional_r02,Pro00057,CUT1,PET_L10,10,bidirectional,2,CUT1_F210,F210_any_pi_d0p55_a30_o0p15_any,"F210 any pi-like geometry (d<0.55 nm; angular deviation<30 deg; offset<0.15 nm), any PET unit",any_pet_unit,aromatic_geometry,0.0412448443944507,8001
Pro00057_PET_L10_bidirectional_r03,Pro00057,CUT1,PET_L10,10,bidirectional,3,CUT1_F210,F210_any_pi_d0p55_a30_o0p15_any,"F210 any pi-like geometry (d<0.55 nm; angular deviation<30 deg; offset<0.15 nm), any PET unit",any_pet_unit,aromatic_geometry,0.13685789276340457,8001
Pro00057_PET_L10_head_side_r02,Pro00057,CUT1,PET_L10,10,head_side,2,CUT1_F210,F210_any_pi_d0p55_a30_o0p15_any,"F210 any pi-like geometry (d<0.55 nm; angular deviation<30 deg; offset<0.15 nm), any PET unit",any_pet_unit,aromatic_geometry,0.02662167229096363,8001
Pro00057_PET_L10_head_side_r03,Pro00057,CUT1,PET_L10,10,head_side,3,CUT1_F210,F210_any_pi_d0p55_a30_o0p15_any,"F210 any pi-like geometry (d<0.55 nm; angular deviation<30 deg; offset<0.15 nm), any PET unit",any_pet_unit,aromatic_geometry,0.0,8001
Pro00057_PET_L10_tail_side_r02,Pro00057,CUT1,PET_L10,10,tail_side,2,CUT1_F210,F210_any_pi_d0p55_a30_o0p15_any,"F210 any pi-like geometry (d<0.55 nm; angular deviation<30 deg; offset<0.15 nm), any PET unit",any_pet_unit,aromatic_geometry,0.005874265716785402,8001
Pro00057_PET_L10_tail_side_r03,Pro00057,CUT1,PET_L10,10,tail_side,3,CUT1_F210,F210_any_pi_d0p55_a30_o0p15_any,"F210 any pi-like geometry (d<0.55 nm; angular deviation<30 deg; offset<0.15 nm), any PET unit",any_pet_unit,aromatic_geometry,0.0,8001
Pro00057_PET_L20_bidirectional_r01,Pro00057,CUT1,PET_L20,20,bidirectional,1,CUT1_F210,F210_any_pi_d0p55_a30_o0p15_any,"F210 any pi-like geometry (d<0.55 nm; angular deviation<30 deg; offset<0.15 nm), any PET unit",any_pet_unit,aromatic_geometry,0.009123859517560305,8001
Pro00057_PET_L20_bidirectional_r02,Pro00057,CUT1,PET_L20,20,bidirectional,2,CUT1_F210,F210_any_pi_d0p55_a30_o0p15_any,"F210 any pi-like geometry (d<0.55 nm; angular deviation<30 deg; offset<0.15 nm), any PET unit",any_pet_unit,aromatic_geometry,0.1883514560679915,8001
Pro00057_PET_L20_head_side_r01,Pro00057,CUT1,PET_L20,20,head_side,1,CUT1_F210,F210_any_pi_d0p55_a30_o0p15_any,"F210 any pi-like geometry (d<0.55 nm; angular deviation<30 deg; offset<0.15 nm), any PET unit",any_pet_unit,aromatic_geometry,0.021497312835895514,8001
Pro00057_PET_L20_head_side_r02,Pro00057,CUT1,PET_L20,20,head_side,2,CUT1_F210,F210_any_pi_d0p55_a30_o0p15_any,"F210 any pi-like geometry (d<0.55 nm; angular deviation<30 deg; offset<0.15 nm), any PET unit",any_pet_unit,aromatic_geometry,0.16697912760904887,8001
Pro00057_PET_L20_head_side_r03,Pro00057,CUT1,PET_L20,20,head_side,3,CUT1_F210,F210_any_pi_d0p55_a30_o0p15_any,"F210 any pi-like geometry (d<0.55 nm; angular deviation<30 deg; offset<0.15 nm), any PET unit",any_pet_unit,aromatic_geometry,0.011998500187476566,8001
Pro00057_PET_L20_tail_side_r02,Pro00057,CUT1,PET_L20,20,tail_side,2,CUT1_F210,F210_any_pi_d0p55_a30_o0p15_any,"F210 any pi-like geometry (d<0.55 nm; angular deviation<30 deg; offset<0.15 nm), any PET unit",any_pet_unit,aromatic_geometry,0.1733533308336458,8001
Pro00057_PET_L10_bidirectional_r02,Pro00057,CUT1,PET_L10,10,bidirectional,2,CUT1_F210,F210_any_pi_d0p55_a30_o0p15_per_ring,"F210 any pi-like geometry (d<0.55 nm; angular deviation<30 deg; offset<0.15 nm), per PET ring",per_pet_ring,aromatic_geometry,0.0042744656917885265,8001
Pro00057_PET_L10_bidirectional_r03,Pro00057,CUT1,PET_L10,10,bidirectional,3,CUT1_F210,F210_any_pi_d0p55_a30_o0p15_per_ring,"F210 any pi-like geometry (d<0.55 nm; angular deviation<30 deg; offset<0.15 nm), per PET ring",per_pet_ring,aromatic_geometry,0.01537307836520435,8001
Pro00057_PET_L10_head_side_r02,Pro00057,CUT1,PET_L10,10,head_side,2,CUT1_F210,F210_any_pi_d0p55_a30_o0p15_per_ring,"F210 any pi-like geometry (d<0.55 nm; angular deviation<30 deg; offset<0.15 nm), per PET ring",per_pet_ring,aromatic_geometry,0.002849643794525684,8001
Pro00057_PET_L10_head_side_r03,Pro00057,CUT1,PET_L10,10,head_side,3,CUT1_F210,F210_any_pi_d0p55_a30_o0p15_per_ring,"F210 any pi-like geometry (d<0.55 nm; angular deviation<30 deg; offset<0.15 nm), per PET ring",per_pet_ring,aromatic_geometry,0.0,8001
Pro00057_PET_L10_tail_side_r02,Pro00057,CUT1,PET_L10,10,tail_side,2,CUT1_F210,F210_any_pi_d0p55_a30_o0p15_per_ring,"F210 any pi-like geometry (d<0.55 nm; angular deviation<30 deg; offset<0.15 nm), per PET ring",per_pet_ring,aromatic_geometry,0.0006374203224596926,8001
Pro00057_PET_L10_tail_side_r03,Pro00057,CUT1,PET_L10,10,tail_side,3,CUT1_F210,F210_any_pi_d0p55_a30_o0p15_per_ring,"F210 any pi-like geometry (d<0.55 nm; angular deviation<30 deg; offset<0.15 nm), per PET ring",per_pet_ring,aromatic_geometry,0.0,8001
Pro00057_PET_L20_bidirectional_r01,Pro00057,CUT1,PET_L20,20,bidirectional,1,CUT1_F210,F210_any_pi_d0p55_a30_o0p15_per_ring,"F210 any pi-like geometry (d<0.55 nm; angular deviation<30 deg; offset<0.15 nm), per PET ring",per_pet_ring,aromatic_geometry,0.0004561929758780153,8001
Pro00057_PET_L20_bidirectional_r02,Pro00057,CUT1,PET_L20,20,bidirectional,2,CUT1_F210,F210_any_pi_d0p55_a30_o0p15_per_ring,"F210 any pi-like geometry (d<0.55 nm; angular deviation<30 deg; offset<0.15 nm), per PET ring",per_pet_ring,aromatic_geometry,0.009692538432695914,8001
Pro00057_PET_L20_head_side_r01,Pro00057,CUT1,PET_L20,20,head_side,1,CUT1_F210,F210_any_pi_d0p55_a30_o0p15_per_ring,"F210 any pi-like geometry (d<0.55 nm; angular deviation<30 deg; offset<0.15 nm), per PET ring",per_pet_ring,aromatic_geometry,0.001074865641794776,8001
Pro00057_PET_L20_head_side_r02,Pro00057,CUT1,PET_L20,20,head_side,2,CUT1_F210,F210_any_pi_d0p55_a30_o0p15_per_ring,"F210 any pi-like geometry (d<0.55 nm; angular deviation<30 deg; offset<0.15 nm), per PET ring",per_pet_ring,aromatic_geometry,0.00846769153855768,8001
Pro00057_PET_L20_head_side_r03,Pro00057,CUT1,PET_L20,20,head_side,3,CUT1_F210,F210_any_pi_d0p55_a30_o0p15_per_ring,"F210 any pi-like geometry (d<0.55 nm; angular deviation<30 deg; offset<0.15 nm), per PET ring",per_pet_ring,aromatic_geometry,0.0006061742282214723,8001
Pro00057_PET_L20_tail_side_r02,Pro00057,CUT1,PET_L20,20,tail_side,2,CUT1_F210,F210_any_pi_d0p55_a30_o0p15_per_ring,"F210 any pi-like geometry (d<0.55 nm; angular deviation<30 deg; offset<0.15 nm), per PET ring",per_pet_ring,aromatic_geometry,0.008717660292463443,8001
Pro00057_PET_L10_bidirectional_r02,Pro00057,CUT1,PET_L10,10,bidirectional,2,CUT1_F210,F210_any_pi_d0p55_a30_o0p20_any,"F210 any pi-like geometry (d<0.55 nm; angular deviation<30 deg; offset<0.20 nm), any PET unit",any_pet_unit,aromatic_geometry,0.05899262592175978,8001
Pro00057_PET_L10_bidirectional_r03,Pro00057,CUT1,PET_L10,10,bidirectional,3,CUT1_F210,F210_any_pi_d0p55_a30_o0p20_any,"F210 any pi-like geometry (d<0.55 nm; angular deviation<30 deg; offset<0.20 nm), any PET unit",any_pet_unit,aromatic_geometry,0.21659792525934257,8001
Pro00057_PET_L10_head_side_r02,Pro00057,CUT1,PET_L10,10,head_side,2,CUT1_F210,F210_any_pi_d0p55_a30_o0p20_any,"F210 any pi-like geometry (d<0.55 nm; angular deviation<30 deg; offset<0.20 nm), any PET unit",any_pet_unit,aromatic_geometry,0.06811648543932008,8001
Pro00057_PET_L10_head_side_r03,Pro00057,CUT1,PET_L10,10,head_side,3,CUT1_F210,F210_any_pi_d0p55_a30_o0p20_any,"F210 any pi-like geometry (d<0.55 nm; angular deviation<30 deg; offset<0.20 nm), any PET unit",any_pet_unit,aromatic_geometry,0.0,8001
Pro00057_PET_L10_tail_side_r02,Pro00057,CUT1,PET_L10,10,tail_side,2,CUT1_F210,F210_any_pi_d0p55_a30_o0p20_any,"F210 any pi-like geometry (d<0.55 nm; angular deviation<30 deg; offset<0.20 nm), any PET unit",any_pet_unit,aromatic_geometry,0.009373828271466067,8001
Pro00057_PET_L10_tail_side_r03,Pro00057,CUT1,PET_L10,10,tail_side,3,CUT1_F210,F210_any_pi_d0p55_a30_o0p20_any,"F210 any pi-like geometry (d<0.55 nm; angular deviation<30 deg; offset<0.20 nm), any PET unit",any_pet_unit,aromatic_geometry,0.00012498437695288088,8001
Pro00057_PET_L20_bidirectional_r01,Pro00057,CUT1,PET_L20,20,bidirectional,1,CUT1_F210,F210_any_pi_d0p55_a30_o0p20_any,"F210 any pi-like geometry (d<0.55 nm; angular deviation<30 deg; offset<0.20 nm), any PET unit",any_pet_unit,aromatic_geometry,0.022872140982377203,8001
Pro00057_PET_L20_bidirectional_r02,Pro00057,CUT1,PET_L20,20,bidirectional,2,CUT1_F210,F210_any_pi_d0p55_a30_o0p20_any,"F210 any pi-like geometry (d<0.55 nm; angular deviation<30 deg; offset<0.20 nm), any PET unit",any_pet_unit,aromatic_geometry,0.28171478565179353,8001
Pro00057_PET_L20_head_side_r01,Pro00057,CUT1,PET_L20,20,head_side,1,CUT1_F210,F210_any_pi_d0p55_a30_o0p20_any,"F210 any pi-like geometry (d<0.55 nm; angular deviation<30 deg; offset<0.20 nm), any PET unit",any_pet_unit,aromatic_geometry,0.04486939132608424,8001
Pro00057_PET_L20_head_side_r02,Pro00057,CUT1,PET_L20,20,head_side,2,CUT1_F210,F210_any_pi_d0p55_a30_o0p20_any,"F210 any pi-like geometry (d<0.55 nm; angular deviation<30 deg; offset<0.20 nm), any PET unit",any_pet_unit,aromatic_geometry,0.29183852018497686,8001
Pro00057_PET_L20_head_side_r03,Pro00057,CUT1,PET_L20,20,head_side,3,CUT1_F210,F210_any_pi_d0p55_a30_o0p20_any,"F210 any pi-like geometry (d<0.55 nm; angular deviation<30 deg; offset<0.20 nm), any PET unit",any_pet_unit,aromatic_geometry,0.028996375453068365,8001
Pro00057_PET_L20_tail_side_r02,Pro00057,CUT1,PET_L20,20,tail_side,2,CUT1_F210,F210_any_pi_d0p55_a30_o0p20_any,"F210 any pi-like geometry (d<0.55 nm; angular deviation<30 deg; offset<0.20 nm), any PET unit",any_pet_unit,aromatic_geometry,0.23847019122609675,8001
Pro00057_PET_L10_bidirectional_r02,Pro00057,CUT1,PET_L10,10,bidirectional,2,CUT1_F210,F210_any_pi_d0p55_a30_o0p20_per_ring,"F210 any pi-like geometry (d<0.55 nm; angular deviation<30 deg; offset<0.20 nm), per PET ring",per_pet_ring,aromatic_geometry,0.006236720409948755,8001
Pro00057_PET_L10_bidirectional_r03,Pro00057,CUT1,PET_L10,10,bidirectional,3,CUT1_F210,F210_any_pi_d0p55_a30_o0p20_per_ring,"F210 any pi-like geometry (d<0.55 nm; angular deviation<30 deg; offset<0.20 nm), per PET ring",per_pet_ring,aromatic_geometry,0.02564679415073116,8001
Pro00057_PET_L10_head_side_r02,Pro00057,CUT1,PET_L10,10,head_side,2,CUT1_F210,F210_any_pi_d0p55_a30_o0p20_per_ring,"F210 any pi-like geometry (d<0.55 nm; angular deviation<30 deg; offset<0.20 nm), per PET ring",per_pet_ring,aromatic_geometry,0.0075365579302587166,8001
Pro00057_PET_L10_head_side_r03,Pro00057,CUT1,PET_L10,10,head_side,3,CUT1_F210,F210_any_pi_d0p55_a30_o0p20_per_ring,"F210 any pi-like geometry (d<0.55 nm; angular deviation<30 deg; offset<0.20 nm), per PET ring",per_pet_ring,aromatic_geometry,0.0,8001
Pro00057_PET_L10_tail_side_r02,Pro00057,CUT1,PET_L10,10,tail_side,2,CUT1_F210,F210_any_pi_d0p55_a30_o0p20_per_ring,"F210 any pi-like geometry (d<0.55 nm; angular deviation<30 deg; offset<0.20 nm), per PET ring",per_pet_ring,aromatic_geometry,0.0010123734533183353,8001
Pro00057_PET_L10_tail_side_r03,Pro00057,CUT1,PET_L10,10,tail_side,3,CUT1_F210,F210_any_pi_d0p55_a30_o0p20_per_ring,"F210 any pi-like geometry (d<0.55 nm; angular deviation<30 deg; offset<0.20 nm), per PET ring",per_pet_ring,aromatic_geometry,1.2498437695288089e-05,8001
Pro00057_PET_L20_bidirectional_r01,Pro00057,CUT1,PET_L20,20,bidirectional,1,CUT1_F210,F210_any_pi_d0p55_a30_o0p20_per_ring,"F210 any pi-like geometry (d<0.55 nm; angular deviation<30 deg; offset<0.20 nm), per PET ring",per_pet_ring,aromatic_geometry,0.0011686039245094365,8001
Pro00057_PET_L20_bidirectional_r02,Pro00057,CUT1,PET_L20,20,bidirectional,2,CUT1_F210,F210_any_pi_d0p55_a30_o0p20_per_ring,"F210 any pi-like geometry (d<0.55 nm; angular deviation<30 deg; offset<0.20 nm), per PET ring",per_pet_ring,aromatic_geometry,0.014860642419697536,8001
Pro00057_PET_L20_head_side_r01,Pro00057,CUT1,PET_L20,20,head_side,1,CUT1_F210,F210_any_pi_d0p55_a30_o0p20_per_ring,"F210 any pi-like geometry (d<0.55 nm; angular deviation<30 deg; offset<0.20 nm), per PET ring",per_pet_ring,aromatic_geometry,0.0022434695663042124,8001
Pro00057_PET_L20_head_side_r02,Pro00057,CUT1,PET_L20,20,head_side,2,CUT1_F210,F210_any_pi_d0p55_a30_o0p20_per_ring,"F210 any pi-like geometry (d<0.55 nm; angular deviation<30 deg; offset<0.20 nm), per PET ring",per_pet_ring,aromatic_geometry,0.014904386951631047,8001
Pro00057_PET_L20_head_side_r03,Pro00057,CUT1,PET_L20,20,head_side,3,CUT1_F210,F210_any_pi_d0p55_a30_o0p20_per_ring,"F210 any pi-like geometry (d<0.55 nm; angular deviation<30 deg; offset<0.20 nm), per PET ring",per_pet_ring,aromatic_geometry,0.001499812523434571,8001
Pro00057_PET_L20_tail_side_r02,Pro00057,CUT1,PET_L20,20,tail_side,2,CUT1_F210,F210_any_pi_d0p55_a30_o0p20_per_ring,"F210 any pi-like geometry (d<0.55 nm; angular deviation<30 deg; offset<0.20 nm), per PET ring",per_pet_ring,aromatic_geometry,0.012085989251343581,8001
Pro00057_PET_L10_bidirectional_r02,Pro00057,CUT1,PET_L10,10,bidirectional,2,CUT1_F210,F210_any_pi_d0p55_a30_o0p25_any,"F210 any pi-like geometry (d<0.55 nm; angular deviation<30 deg; offset<0.25 nm), any PET unit",any_pet_unit,aromatic_geometry,0.07349081364829396,8001
Pro00057_PET_L10_bidirectional_r03,Pro00057,CUT1,PET_L10,10,bidirectional,3,CUT1_F210,F210_any_pi_d0p55_a30_o0p25_any,"F210 any pi-like geometry (d<0.55 nm; angular deviation<30 deg; offset<0.25 nm), any PET unit",any_pet_unit,aromatic_geometry,0.29396325459317585,8001
Pro00057_PET_L10_head_side_r02,Pro00057,CUT1,PET_L10,10,head_side,2,CUT1_F210,F210_any_pi_d0p55_a30_o0p25_any,"F210 any pi-like geometry (d<0.55 nm; angular deviation<30 deg; offset<0.25 nm), any PET unit",any_pet_unit,aromatic_geometry,0.12110986126734158,8001
Pro00057_PET_L10_head_side_r03,Pro00057,CUT1,PET_L10,10,head_side,3,CUT1_F210,F210_any_pi_d0p55_a30_o0p25_any,"F210 any pi-like geometry (d<0.55 nm; angular deviation<30 deg; offset<0.25 nm), any PET unit",any_pet_unit,aromatic_geometry,0.0,8001
Pro00057_PET_L10_tail_side_r02,Pro00057,CUT1,PET_L10,10,tail_side,2,CUT1_F210,F210_any_pi_d0p55_a30_o0p25_any,"F210 any pi-like geometry (d<0.55 nm; angular deviation<30 deg; offset<0.25 nm), any PET unit",any_pet_unit,aromatic_geometry,0.01412323459567554,8001
Pro00057_PET_L10_tail_side_r03,Pro00057,CUT1,PET_L10,10,tail_side,3,CUT1_F210,F210_any_pi_d0p55_a30_o0p25_any,"F210 any pi-like geometry (d<0.55 nm; angular deviation<30 deg; offset<0.25 nm), any PET unit",any_pet_unit,aromatic_geometry,0.0008748906386701663,8001
Pro00057_PET_L20_bidirectional_r01,Pro00057,CUT1,PET_L20,20,bidirectional,1,CUT1_F210,F210_any_pi_d0p55_a30_o0p25_any,"F210 any pi-like geometry (d<0.55 nm; angular deviation<30 deg; offset<0.25 nm), any PET unit",any_pet_unit,aromatic_geometry,0.06286714160729909,8001
Pro00057_PET_L20_bidirectional_r02,Pro00057,CUT1,PET_L20,20,bidirectional,2,CUT1_F210,F210_any_pi_d0p55_a30_o0p25_any,"F210 any pi-like geometry (d<0.55 nm; angular deviation<30 deg; offset<0.25 nm), any PET unit",any_pet_unit,aromatic_geometry,0.3720784901887264,8001
Pro00057_PET_L20_head_side_r01,Pro00057,CUT1,PET_L20,20,head_side,1,CUT1_F210,F210_any_pi_d0p55_a30_o0p25_any,"F210 any pi-like geometry (d<0.55 nm; angular deviation<30 deg; offset<0.25 nm), any PET unit",any_pet_unit,aromatic_geometry,0.0758655168103987,8001
Pro00057_PET_L20_head_side_r02,Pro00057,CUT1,PET_L20,20,head_side,2,CUT1_F210,F210_any_pi_d0p55_a30_o0p25_any,"F210 any pi-like geometry (d<0.55 nm; angular deviation<30 deg; offset<0.25 nm), any PET unit",any_pet_unit,aromatic_geometry,0.40719910011248595,8001
Pro00057_PET_L20_head_side_r03,Pro00057,CUT1,PET_L20,20,head_side,3,CUT1_F210,F210_any_pi_d0p55_a30_o0p25_any,"F210 any pi-like geometry (d<0.55 nm; angular deviation<30 deg; offset<0.25 nm), any PET unit",any_pet_unit,aromatic_geometry,0.05999250093738283,8001
Pro00057_PET_L20_tail_side_r02,Pro00057,CUT1,PET_L20,20,tail_side,2,CUT1_F210,F210_any_pi_d0p55_a30_o0p25_any,"F210 any pi-like geometry (d<0.55 nm; angular deviation<30 deg; offset<0.25 nm), any PET unit",any_pet_unit,aromatic_geometry,0.2890888638920135,8001
Pro00057_PET_L10_bidirectional_r02,Pro00057,CUT1,PET_L10,10,bidirectional,2,CUT1_F210,F210_any_pi_d0p55_a30_o0p25_per_ring,"F210 any pi-like geometry (d<0.55 nm; angular deviation<30 deg; offset<0.25 nm), per PET ring",per_pet_ring,aromatic_geometry,0.008161479815023123,8001
Pro00057_PET_L10_bidirectional_r03,Pro00057,CUT1,PET_L10,10,bidirectional,3,CUT1_F210,F210_any_pi_d0p55_a30_o0p25_per_ring,"F210 any pi-like geometry (d<0.55 nm; angular deviation<30 deg; offset<0.25 nm), per PET ring",per_pet_ring,aromatic_geometry,0.03627046619172604,8001
Pro00057_PET_L10_head_side_r02,Pro00057,CUT1,PET_L10,10,head_side,2,CUT1_F210,F210_any_pi_d0p55_a30_o0p25_per_ring,"F210 any pi-like geometry (d<0.55 nm; angular deviation<30 deg; offset<0.25 nm), per PET ring",per_pet_ring,aromatic_geometry,0.013710786151731037,8001
Pro00057_PET_L10_head_side_r03,Pro00057,CUT1,PET_L10,10,head_side,3,CUT1_F210,F210_any_pi_d0p55_a30_o0p25_per_ring,"F210 any pi-like geometry (d<0.55 nm; angular deviation<30 deg; offset<0.25 nm), per PET ring",per_pet_ring,aromatic_geometry,0.0,8001
Pro00057_PET_L10_tail_side_r02,Pro00057,CUT1,PET_L10,10,tail_side,2,CUT1_F210,F210_any_pi_d0p55_a30_o0p25_per_ring,"F210 any pi-like geometry (d<0.55 nm; angular deviation<30 deg; offset<0.25 nm), per PET ring",per_pet_ring,aromatic_geometry,0.0015748031496062992,8001
Pro00057_PET_L10_tail_side_r03,Pro00057,CUT1,PET_L10,10,tail_side,3,CUT1_F210,F210_any_pi_d0p55_a30_o0p25_per_ring,"F210 any pi-like geometry (d<0.55 nm; angular deviation<30 deg; offset<0.25 nm), per PET ring",per_pet_ring,aromatic_geometry,8.748906386701663e-05,8001
Pro00057_PET_L20_bidirectional_r01,Pro00057,CUT1,PET_L20,20,bidirectional,1,CUT1_F210,F210_any_pi_d0p55_a30_o0p25_per_ring,"F210 any pi-like geometry (d<0.55 nm; angular deviation<30 deg; offset<0.25 nm), per PET ring",per_pet_ring,aromatic_geometry,0.0032808398950131233,8001
Pro00057_PET_L20_bidirectional_r02,Pro00057,CUT1,PET_L20,20,bidirectional,2,CUT1_F210,F210_any_pi_d0p55_a30_o0p25_per_ring,"F210 any pi-like geometry (d<0.55 nm; angular deviation<30 deg; offset<0.25 nm), per PET ring",per_pet_ring,aromatic_geometry,0.020597425321834773,8001
Pro00057_PET_L20_head_side_r01,Pro00057,CUT1,PET_L20,20,head_side,1,CUT1_F210,F210_any_pi_d0p55_a30_o0p25_per_ring,"F210 any pi-like geometry (d<0.55 nm; angular deviation<30 deg; offset<0.25 nm), per PET ring",per_pet_ring,aromatic_geometry,0.003793275840519935,8001
Pro00057_PET_L20_head_side_r02,Pro00057,CUT1,PET_L20,20,head_side,2,CUT1_F210,F210_any_pi_d0p55_a30_o0p25_per_ring,"F210 any pi-like geometry (d<0.55 nm; angular deviation<30 deg; offset<0.25 nm), per PET ring",per_pet_ring,aromatic_geometry,0.02095363079615048,8001
Pro00057_PET_L20_head_side_r03,Pro00057,CUT1,PET_L20,20,head_side,3,CUT1_F210,F210_any_pi_d0p55_a30_o0p25_per_ring,"F210 any pi-like geometry (d<0.55 nm; angular deviation<30 deg; offset<0.25 nm), per PET ring",per_pet_ring,aromatic_geometry,0.0031683539557555308,8001
Pro00057_PET_L20_tail_side_r02,Pro00057,CUT1,PET_L20,20,tail_side,2,CUT1_F210,F210_any_pi_d0p55_a30_o0p25_per_ring,"F210 any pi-like geometry (d<0.55 nm; angular deviation<30 deg; offset<0.25 nm), per PET ring",per_pet_ring,aromatic_geometry,0.014804399450068742,8001
Pro00057_PET_L10_bidirectional_r02,Pro00057,CUT1,PET_L10,10,bidirectional,2,CUT1_F210,F210_any_pi_d0p55_a40_o0p20_any,"F210 any pi-like geometry (d<0.55 nm; angular deviation<40 deg; offset<0.20 nm), any PET unit",any_pet_unit,aromatic_geometry,0.0771153605799275,8001
Pro00057_PET_L10_bidirectional_r03,Pro00057,CUT1,PET_L10,10,bidirectional,3,CUT1_F210,F210_any_pi_d0p55_a40_o0p20_any,"F210 any pi-like geometry (d<0.55 nm; angular deviation<40 deg; offset<0.20 nm), any PET unit",any_pet_unit,aromatic_geometry,0.28483939507561556,8001
Pro00057_PET_L10_head_side_r02,Pro00057,CUT1,PET_L10,10,head_side,2,CUT1_F210,F210_any_pi_d0p55_a40_o0p20_any,"F210 any pi-like geometry (d<0.55 nm; angular deviation<40 deg; offset<0.20 nm), any PET unit",any_pet_unit,aromatic_geometry,0.14598175228096488,8001
Pro00057_PET_L10_head_side_r03,Pro00057,CUT1,PET_L10,10,head_side,3,CUT1_F210,F210_any_pi_d0p55_a40_o0p20_any,"F210 any pi-like geometry (d<0.55 nm; angular deviation<40 deg; offset<0.20 nm), any PET unit",any_pet_unit,aromatic_geometry,0.0,8001
Pro00057_PET_L10_tail_side_r02,Pro00057,CUT1,PET_L10,10,tail_side,2,CUT1_F210,F210_any_pi_d0p55_a40_o0p20_any,"F210 any pi-like geometry (d<0.55 nm; angular deviation<40 deg; offset<0.20 nm), any PET unit",any_pet_unit,aromatic_geometry,0.016372953380827397,8001
Pro00057_PET_L10_tail_side_r03,Pro00057,CUT1,PET_L10,10,tail_side,3,CUT1_F210,F210_any_pi_d0p55_a40_o0p20_any,"F210 any pi-like geometry (d<0.55 nm; angular deviation<40 deg; offset<0.20 nm), any PET unit",any_pet_unit,aromatic_geometry,0.00012498437695288088,8001
Pro00057_PET_L20_bidirectional_r01,Pro00057,CUT1,PET_L20,20,bidirectional,1,CUT1_F210,F210_any_pi_d0p55_a40_o0p20_any,"F210 any pi-like geometry (d<0.55 nm; angular deviation<40 deg; offset<0.20 nm), any PET unit",any_pet_unit,aromatic_geometry,0.02787151606049244,8001
Pro00057_PET_L20_bidirectional_r02,Pro00057,CUT1,PET_L20,20,bidirectional,2,CUT1_F210,F210_any_pi_d0p55_a40_o0p20_any,"F210 any pi-like geometry (d<0.55 nm; angular deviation<40 deg; offset<0.20 nm), any PET unit",any_pet_unit,aromatic_geometry,0.4834395700537433,8001
Pro00057_PET_L20_head_side_r01,Pro00057,CUT1,PET_L20,20,head_side,1,CUT1_F210,F210_any_pi_d0p55_a40_o0p20_any,"F210 any pi-like geometry (d<0.55 nm; angular deviation<40 deg; offset<0.20 nm), any PET unit",any_pet_unit,aromatic_geometry,0.08161479815023122,8001
Pro00057_PET_L20_head_side_r02,Pro00057,CUT1,PET_L20,20,head_side,2,CUT1_F210,F210_any_pi_d0p55_a40_o0p20_any,"F210 any pi-like geometry (d<0.55 nm; angular deviation<40 deg; offset<0.20 nm), any PET unit",any_pet_unit,aromatic_geometry,0.40969878765154355,8001
Pro00057_PET_L20_head_side_r03,Pro00057,CUT1,PET_L20,20,head_side,3,CUT1_F210,F210_any_pi_d0p55_a40_o0p20_any,"F210 any pi-like geometry (d<0.55 nm; angular deviation<40 deg; offset<0.20 nm), any PET unit",any_pet_unit,aromatic_geometry,0.0477440319960005,8001
Pro00057_PET_L20_tail_side_r02,Pro00057,CUT1,PET_L20,20,tail_side,2,CUT1_F210,F210_any_pi_d0p55_a40_o0p20_any,"F210 any pi-like geometry (d<0.55 nm; angular deviation<40 deg; offset<0.20 nm), any PET unit",any_pet_unit,aromatic_geometry,0.3274590676165479,8001
Pro00057_PET_L10_bidirectional_r02,Pro00057,CUT1,PET_L10,10,bidirectional,2,CUT1_F210,F210_any_pi_d0p55_a40_o0p20_per_ring,"F210 any pi-like geometry (d<0.55 nm; angular deviation<40 deg; offset<0.20 nm), per PET ring",per_pet_ring,aromatic_geometry,0.008261467316585426,8001
Pro00057_PET_L10_bidirectional_r03,Pro00057,CUT1,PET_L10,10,bidirectional,3,CUT1_F210,F210_any_pi_d0p55_a40_o0p20_per_ring,"F210 any pi-like geometry (d<0.55 nm; angular deviation<40 deg; offset<0.20 nm), per PET ring",per_pet_ring,aromatic_geometry,0.0341082364704412,8001
Pro00057_PET_L10_head_side_r02,Pro00057,CUT1,PET_L10,10,head_side,2,CUT1_F210,F210_any_pi_d0p55_a40_o0p20_per_ring,"F210 any pi-like geometry (d<0.55 nm; angular deviation<40 deg; offset<0.20 nm), per PET ring",per_pet_ring,aromatic_geometry,0.01582302212223472,8001
Pro00057_PET_L10_head_side_r03,Pro00057,CUT1,PET_L10,10,head_side,3,CUT1_F210,F210_any_pi_d0p55_a40_o0p20_per_ring,"F210 any pi-like geometry (d<0.55 nm; angular deviation<40 deg; offset<0.20 nm), per PET ring",per_pet_ring,aromatic_geometry,0.0,8001
Pro00057_PET_L10_tail_side_r02,Pro00057,CUT1,PET_L10,10,tail_side,2,CUT1_F210,F210_any_pi_d0p55_a40_o0p20_per_ring,"F210 any pi-like geometry (d<0.55 nm; angular deviation<40 deg; offset<0.20 nm), per PET ring",per_pet_ring,aromatic_geometry,0.0017497812773403325,8001
Pro00057_PET_L10_tail_side_r03,Pro00057,CUT1,PET_L10,10,tail_side,3,CUT1_F210,F210_any_pi_d0p55_a40_o0p20_per_ring,"F210 any pi-like geometry (d<0.55 nm; angular deviation<40 deg; offset<0.20 nm), per PET ring",per_pet_ring,aromatic_geometry,1.2498437695288089e-05,8001
Pro00057_PET_L20_bidirectional_r01,Pro00057,CUT1,PET_L20,20,bidirectional,1,CUT1_F210,F210_any_pi_d0p55_a40_o0p20_per_ring,"F210 any pi-like geometry (d<0.55 nm; angular deviation<40 deg; offset<0.20 nm), per PET ring",per_pet_ring,aromatic_geometry,0.001418572678415198,8001
Pro00057_PET_L20_bidirectional_r02,Pro00057,CUT1,PET_L20,20,bidirectional,2,CUT1_F210,F210_any_pi_d0p55_a40_o0p20_per_ring,"F210 any pi-like geometry (d<0.55 nm; angular deviation<40 deg; offset<0.20 nm), per PET ring",per_pet_ring,aromatic_geometry,0.025659292588426447,8001
Pro00057_PET_L20_head_side_r01,Pro00057,CUT1,PET_L20,20,head_side,1,CUT1_F210,F210_any_pi_d0p55_a40_o0p20_per_ring,"F210 any pi-like geometry (d<0.55 nm; angular deviation<40 deg; offset<0.20 nm), per PET ring",per_pet_ring,aromatic_geometry,0.004080739907511561,8001
Pro00057_PET_L20_head_side_r02,Pro00057,CUT1,PET_L20,20,head_side,2,CUT1_F210,F210_any_pi_d0p55_a40_o0p20_per_ring,"F210 any pi-like geometry (d<0.55 nm; angular deviation<40 deg; offset<0.20 nm), per PET ring",per_pet_ring,aromatic_geometry,0.02122859642544682,8001
Pro00057_PET_L20_head_side_r03,Pro00057,CUT1,PET_L20,20,head_side,3,CUT1_F210,F210_any_pi_d0p55_a40_o0p20_per_ring,"F210 any pi-like geometry (d<0.55 nm; angular deviation<40 deg; offset<0.20 nm), per PET ring",per_pet_ring,aromatic_geometry,0.0024746906636670418,8001
Pro00057_PET_L20_tail_side_r02,Pro00057,CUT1,PET_L20,20,tail_side,2,CUT1_F210,F210_any_pi_d0p55_a40_o0p20_per_ring,"F210 any pi-like geometry (d<0.55 nm; angular deviation<40 deg; offset<0.20 nm), per PET ring",per_pet_ring,aromatic_geometry,0.01670416197975253,8001
Pro00057_PET_L10_bidirectional_r02,Pro00057,CUT1,PET_L10,10,bidirectional,2,CUT1_F210,F210_any_pi_d0p60_a30_o0p20_any,"F210 any pi-like geometry (d<0.60 nm; angular deviation<30 deg; offset<0.20 nm), any PET unit",any_pet_unit,aromatic_geometry,0.06886639170103737,8001
Pro00057_PET_L10_bidirectional_r03,Pro00057,CUT1,PET_L10,10,bidirectional,3,CUT1_F210,F210_any_pi_d0p60_a30_o0p20_any,"F210 any pi-like geometry (d<0.60 nm; angular deviation<30 deg; offset<0.20 nm), any PET unit",any_pet_unit,aromatic_geometry,0.22634670666166729,8001
Pro00057_PET_L10_head_side_r02,Pro00057,CUT1,PET_L10,10,head_side,2,CUT1_F210,F210_any_pi_d0p60_a30_o0p20_any,"F210 any pi-like geometry (d<0.60 nm; angular deviation<30 deg; offset<0.20 nm), any PET unit",any_pet_unit,aromatic_geometry,0.07761529808773904,8001
Pro00057_PET_L10_head_side_r03,Pro00057,CUT1,PET_L10,10,head_side,3,CUT1_F210,F210_any_pi_d0p60_a30_o0p20_any,"F210 any pi-like geometry (d<0.60 nm; angular deviation<30 deg; offset<0.20 nm), any PET unit",any_pet_unit,aromatic_geometry,0.0,8001
Pro00057_PET_L10_tail_side_r02,Pro00057,CUT1,PET_L10,10,tail_side,2,CUT1_F210,F210_any_pi_d0p60_a30_o0p20_any,"F210 any pi-like geometry (d<0.60 nm; angular deviation<30 deg; offset<0.20 nm), any PET unit",any_pet_unit,aromatic_geometry,0.00987376577927759,8001
Pro00057_PET_L10_tail_side_r03,Pro00057,CUT1,PET_L10,10,tail_side,3,CUT1_F210,F210_any_pi_d0p60_a30_o0p20_any,"F210 any pi-like geometry (d<0.60 nm; angular deviation<30 deg; offset<0.20 nm), any PET unit",any_pet_unit,aromatic_geometry,0.00012498437695288088,8001
Pro00057_PET_L20_bidirectional_r01,Pro00057,CUT1,PET_L20,20,bidirectional,1,CUT1_F210,F210_any_pi_d0p60_a30_o0p20_any,"F210 any pi-like geometry (d<0.60 nm; angular deviation<30 deg; offset<0.20 nm), any PET unit",any_pet_unit,aromatic_geometry,0.027246594175728035,8001
Pro00057_PET_L20_bidirectional_r02,Pro00057,CUT1,PET_L20,20,bidirectional,2,CUT1_F210,F210_any_pi_d0p60_a30_o0p20_any,"F210 any pi-like geometry (d<0.60 nm; angular deviation<30 deg; offset<0.20 nm), any PET unit",any_pet_unit,aromatic_geometry,0.2992125984251969,8001
Pro00057_PET_L20_head_side_r01,Pro00057,CUT1,PET_L20,20,head_side,1,CUT1_F210,F210_any_pi_d0p60_a30_o0p20_any,"F210 any pi-like geometry (d<0.60 nm; angular deviation<30 deg; offset<0.20 nm), any PET unit",any_pet_unit,aromatic_geometry,0.049618797650293714,8001
Pro00057_PET_L20_head_side_r02,Pro00057,CUT1,PET_L20,20,head_side,2,CUT1_F210,F210_any_pi_d0p60_a30_o0p20_any,"F210 any pi-like geometry (d<0.60 nm; angular deviation<30 deg; offset<0.20 nm), any PET unit",any_pet_unit,aromatic_geometry,0.30058742657167853,8001
Pro00057_PET_L20_head_side_r03,Pro00057,CUT1,PET_L20,20,head_side,3,CUT1_F210,F210_any_pi_d0p60_a30_o0p20_any,"F210 any pi-like geometry (d<0.60 nm; angular deviation<30 deg; offset<0.20 nm), any PET unit",any_pet_unit,aromatic_geometry,0.03049618797650294,8001
Pro00057_PET_L20_tail_side_r02,Pro00057,CUT1,PET_L20,20,tail_side,2,CUT1_F210,F210_any_pi_d0p60_a30_o0p20_any,"F210 any pi-like geometry (d<0.60 nm; angular deviation<30 deg; offset<0.20 nm), any PET unit",any_pet_unit,aromatic_geometry,0.243469566304212,8001
Pro00057_PET_L10_bidirectional_r02,Pro00057,CUT1,PET_L10,10,bidirectional,2,CUT1_F210,F210_any_pi_d0p60_a30_o0p20_per_ring,"F210 any pi-like geometry (d<0.60 nm; angular deviation<30 deg; offset<0.20 nm), per PET ring",per_pet_ring,aromatic_geometry,0.008011498562679666,8001
Pro00057_PET_L10_bidirectional_r03,Pro00057,CUT1,PET_L10,10,bidirectional,3,CUT1_F210,F210_any_pi_d0p60_a30_o0p20_per_ring,"F210 any pi-like geometry (d<0.60 nm; angular deviation<30 deg; offset<0.20 nm), per PET ring",per_pet_ring,aromatic_geometry,0.02715910511186102,8001
Pro00057_PET_L10_head_side_r02,Pro00057,CUT1,PET_L10,10,head_side,2,CUT1_F210,F210_any_pi_d0p60_a30_o0p20_per_ring,"F210 any pi-like geometry (d<0.60 nm; angular deviation<30 deg; offset<0.20 nm), per PET ring",per_pet_ring,aromatic_geometry,0.008523934508186478,8001
Pro00057_PET_L10_head_side_r03,Pro00057,CUT1,PET_L10,10,head_side,3,CUT1_F210,F210_any_pi_d0p60_a30_o0p20_per_ring,"F210 any pi-like geometry (d<0.60 nm; angular deviation<30 deg; offset<0.20 nm), per PET ring",per_pet_ring,aromatic_geometry,0.0,8001
Pro00057_PET_L10_tail_side_r02,Pro00057,CUT1,PET_L10,10,tail_side,2,CUT1_F210,F210_any_pi_d0p60_a30_o0p20_per_ring,"F210 any pi-like geometry (d<0.60 nm; angular deviation<30 deg; offset<0.20 nm), per PET ring",per_pet_ring,aromatic_geometry,0.0010623672040994876,8001
Pro00057_PET_L10_tail_side_r03,Pro00057,CUT1,PET_L10,10,tail_side,3,CUT1_F210,F210_any_pi_d0p60_a30_o0p20_per_ring,"F210 any pi-like geometry (d<0.60 nm; angular deviation<30 deg; offset<0.20 nm), per PET ring",per_pet_ring,aromatic_geometry,1.2498437695288089e-05,8001
Pro00057_PET_L20_bidirectional_r01,Pro00057,CUT1,PET_L20,20,bidirectional,1,CUT1_F210,F210_any_pi_d0p60_a30_o0p20_per_ring,"F210 any pi-like geometry (d<0.60 nm; angular deviation<30 deg; offset<0.20 nm), per PET ring",per_pet_ring,aromatic_geometry,0.0013998250218722659,8001
Pro00057_PET_L20_bidirectional_r02,Pro00057,CUT1,PET_L20,20,bidirectional,2,CUT1_F210,F210_any_pi_d0p60_a30_o0p20_per_ring,"F210 any pi-like geometry (d<0.60 nm; angular deviation<30 deg; offset<0.20 nm), per PET ring",per_pet_ring,aromatic_geometry,0.015879265091863513,8001
Pro00057_PET_L20_head_side_r01,Pro00057,CUT1,PET_L20,20,head_side,1,CUT1_F210,F210_any_pi_d0p60_a30_o0p20_per_ring,"F210 any pi-like geometry (d<0.60 nm; angular deviation<30 deg; offset<0.20 nm), per PET ring",per_pet_ring,aromatic_geometry,0.002480939882514686,8001
Pro00057_PET_L20_head_side_r02,Pro00057,CUT1,PET_L20,20,head_side,2,CUT1_F210,F210_any_pi_d0p60_a30_o0p20_per_ring,"F210 any pi-like geometry (d<0.60 nm; angular deviation<30 deg; offset<0.20 nm), per PET ring",per_pet_ring,aromatic_geometry,0.01545431821022372,8001
Pro00057_PET_L20_head_side_r03,Pro00057,CUT1,PET_L20,20,head_side,3,CUT1_F210,F210_any_pi_d0p60_a30_o0p20_per_ring,"F210 any pi-like geometry (d<0.60 nm; angular deviation<30 deg; offset<0.20 nm), per PET ring",per_pet_ring,aromatic_geometry,0.0015810523684539435,8001
Pro00057_PET_L20_tail_side_r02,Pro00057,CUT1,PET_L20,20,tail_side,2,CUT1_F210,F210_any_pi_d0p60_a30_o0p20_per_ring,"F210 any pi-like geometry (d<0.60 nm; angular deviation<30 deg; offset<0.20 nm), per PET ring",per_pet_ring,aromatic_geometry,0.01236095488063992,8001
Pro00057_PET_L10_bidirectional_r02,Pro00057,CUT1,PET_L10,10,bidirectional,2,CUT1_F210,F210_aromatic_proximity_d0p55_any,"F210 aromatic-ring proximity (<0.55 nm), any PET unit",any_pet_unit,aromatic_proximity,0.12660917385326834,8001
Pro00057_PET_L10_bidirectional_r03,Pro00057,CUT1,PET_L10,10,bidirectional,3,CUT1_F210,F210_aromatic_proximity_d0p55_any,"F210 aromatic-ring proximity (<0.55 nm), any PET unit",any_pet_unit,aromatic_proximity,0.6700412448443944,8001
Pro00057_PET_L10_head_side_r02,Pro00057,CUT1,PET_L10,10,head_side,2,CUT1_F210,F210_aromatic_proximity_d0p55_any,"F210 aromatic-ring proximity (<0.55 nm), any PET unit",any_pet_unit,aromatic_proximity,0.6629171353580803,8001
Pro00057_PET_L10_head_side_r03,Pro00057,CUT1,PET_L10,10,head_side,3,CUT1_F210,F210_aromatic_proximity_d0p55_any,"F210 aromatic-ring proximity (<0.55 nm), any PET unit",any_pet_unit,aromatic_proximity,0.0006249218847644045,8001
Pro00057_PET_L10_tail_side_r02,Pro00057,CUT1,PET_L10,10,tail_side,2,CUT1_F210,F210_aromatic_proximity_d0p55_any,"F210 aromatic-ring proximity (<0.55 nm), any PET unit",any_pet_unit,aromatic_proximity,0.03574553180852393,8001
Pro00057_PET_L10_tail_side_r03,Pro00057,CUT1,PET_L10,10,tail_side,3,CUT1_F210,F210_aromatic_proximity_d0p55_any,"F210 aromatic-ring proximity (<0.55 nm), any PET unit",any_pet_unit,aromatic_proximity,0.008123984501937258,8001
Pro00057_PET_L20_bidirectional_r01,Pro00057,CUT1,PET_L20,20,bidirectional,1,CUT1_F210,F210_aromatic_proximity_d0p55_any,"F210 aromatic-ring proximity (<0.55 nm), any PET unit",any_pet_unit,aromatic_proximity,0.4604424446944132,8001
Pro00057_PET_L20_bidirectional_r02,Pro00057,CUT1,PET_L20,20,bidirectional,2,CUT1_F210,F210_aromatic_proximity_d0p55_any,"F210 aromatic-ring proximity (<0.55 nm), any PET unit",any_pet_unit,aromatic_proximity,0.8375203099612548,8001
Pro00057_PET_L20_head_side_r01,Pro00057,CUT1,PET_L20,20,head_side,1,CUT1_F210,F210_aromatic_proximity_d0p55_any,"F210 aromatic-ring proximity (<0.55 nm), any PET unit",any_pet_unit,aromatic_proximity,0.40382452193475815,8001
Pro00057_PET_L20_head_side_r02,Pro00057,CUT1,PET_L20,20,head_side,2,CUT1_F210,F210_aromatic_proximity_d0p55_any,"F210 aromatic-ring proximity (<0.55 nm), any PET unit",any_pet_unit,aromatic_proximity,0.7902762154730658,8001
Pro00057_PET_L20_head_side_r03,Pro00057,CUT1,PET_L20,20,head_side,3,CUT1_F210,F210_aromatic_proximity_d0p55_any,"F210 aromatic-ring proximity (<0.55 nm), any PET unit",any_pet_unit,aromatic_proximity,0.4978127734033246,8001
Pro00057_PET_L20_tail_side_r02,Pro00057,CUT1,PET_L20,20,tail_side,2,CUT1_F210,F210_aromatic_proximity_d0p55_any,"F210 aromatic-ring proximity (<0.55 nm), any PET unit",any_pet_unit,aromatic_proximity,0.5885514310711161,8001
Pro00057_PET_L10_bidirectional_r02,Pro00057,CUT1,PET_L10,10,bidirectional,2,CUT1_F210,F210_aromatic_proximity_d0p55_per_ring,"F210 aromatic-ring proximity (<0.55 nm), per PET ring",per_pet_ring,aromatic_proximity,0.0171103612048494,8001
Pro00057_PET_L10_bidirectional_r03,Pro00057,CUT1,PET_L10,10,bidirectional,3,CUT1_F210,F210_aromatic_proximity_d0p55_per_ring,"F210 aromatic-ring proximity (<0.55 nm), per PET ring",per_pet_ring,aromatic_proximity,0.09973753280839896,8001
Pro00057_PET_L10_head_side_r02,Pro00057,CUT1,PET_L10,10,head_side,2,CUT1_F210,F210_aromatic_proximity_d0p55_per_ring,"F210 aromatic-ring proximity (<0.55 nm), per PET ring",per_pet_ring,aromatic_proximity,0.08330208723909512,8001
Pro00057_PET_L10_head_side_r03,Pro00057,CUT1,PET_L10,10,head_side,3,CUT1_F210,F210_aromatic_proximity_d0p55_per_ring,"F210 aromatic-ring proximity (<0.55 nm), per PET ring",per_pet_ring,aromatic_proximity,6.249218847644044e-05,8001
Pro00057_PET_L10_tail_side_r02,Pro00057,CUT1,PET_L10,10,tail_side,2,CUT1_F210,F210_aromatic_proximity_d0p55_per_ring,"F210 aromatic-ring proximity (<0.55 nm), per PET ring",per_pet_ring,aromatic_proximity,0.004849393825771779,8001
Pro00057_PET_L10_tail_side_r03,Pro00057,CUT1,PET_L10,10,tail_side,3,CUT1_F210,F210_aromatic_proximity_d0p55_per_ring,"F210 aromatic-ring proximity (<0.55 nm), per PET ring",per_pet_ring,aromatic_proximity,0.0008248968878890138,8001
Pro00057_PET_L20_bidirectional_r01,Pro00057,CUT1,PET_L20,20,bidirectional,1,CUT1_F210,F210_aromatic_proximity_d0p55_per_ring,"F210 aromatic-ring proximity (<0.55 nm), per PET ring",per_pet_ring,aromatic_proximity,0.02529683789526309,8001
Pro00057_PET_L20_bidirectional_r02,Pro00057,CUT1,PET_L20,20,bidirectional,2,CUT1_F210,F210_aromatic_proximity_d0p55_per_ring,"F210 aromatic-ring proximity (<0.55 nm), per PET ring",per_pet_ring,aromatic_proximity,0.056824146981627306,8001
Pro00057_PET_L20_head_side_r01,Pro00057,CUT1,PET_L20,20,head_side,1,CUT1_F210,F210_aromatic_proximity_d0p55_per_ring,"F210 aromatic-ring proximity (<0.55 nm), per PET ring",per_pet_ring,aromatic_proximity,0.02019122609673791,8001
Pro00057_PET_L20_head_side_r02,Pro00057,CUT1,PET_L20,20,head_side,2,CUT1_F210,F210_aromatic_proximity_d0p55_per_ring,"F210 aromatic-ring proximity (<0.55 nm), per PET ring",per_pet_ring,aromatic_proximity,0.044350706161729786,8001
Pro00057_PET_L20_head_side_r03,Pro00057,CUT1,PET_L20,20,head_side,3,CUT1_F210,F210_aromatic_proximity_d0p55_per_ring,"F210 aromatic-ring proximity (<0.55 nm), per PET ring",per_pet_ring,aromatic_proximity,0.027927759030121235,8001
Pro00057_PET_L20_tail_side_r02,Pro00057,CUT1,PET_L20,20,tail_side,2,CUT1_F210,F210_aromatic_proximity_d0p55_per_ring,"F210 aromatic-ring proximity (<0.55 nm), per PET ring",per_pet_ring,aromatic_proximity,0.0318522684664417,8001
Pro00057_PET_L10_bidirectional_r02,Pro00057,CUT1,PET_L10,10,bidirectional,2,CUT1_F210,F210_parallel_pi_PLIP_any,"F210 parallel-like geometry (PLIP-like), any PET unit",any_pet_unit,aromatic_geometry,0.0028746406699162604,8001
Pro00057_PET_L10_bidirectional_r03,Pro00057,CUT1,PET_L10,10,bidirectional,3,CUT1_F210,F210_parallel_pi_PLIP_any,"F210 parallel-like geometry (PLIP-like), any PET unit",any_pet_unit,aromatic_geometry,0.13835770528683913,8001
Pro00057_PET_L10_head_side_r02,Pro00057,CUT1,PET_L10,10,head_side,2,CUT1_F210,F210_parallel_pi_PLIP_any,"F210 parallel-like geometry (PLIP-like), any PET unit",any_pet_unit,aromatic_geometry,0.026246719160104987,8001
Pro00057_PET_L10_head_side_r03,Pro00057,CUT1,PET_L10,10,head_side,3,CUT1_F210,F210_parallel_pi_PLIP_any,"F210 parallel-like geometry (PLIP-like), any PET unit",any_pet_unit,aromatic_geometry,0.0,8001
Pro00057_PET_L10_tail_side_r02,Pro00057,CUT1,PET_L10,10,tail_side,2,CUT1_F210,F210_parallel_pi_PLIP_any,"F210 parallel-like geometry (PLIP-like), any PET unit",any_pet_unit,aromatic_geometry,0.0054993125859267595,8001
Pro00057_PET_L10_tail_side_r03,Pro00057,CUT1,PET_L10,10,tail_side,3,CUT1_F210,F210_parallel_pi_PLIP_any,"F210 parallel-like geometry (PLIP-like), any PET unit",any_pet_unit,aromatic_geometry,0.00012498437695288088,8001
Pro00057_PET_L20_bidirectional_r01,Pro00057,CUT1,PET_L20,20,bidirectional,1,CUT1_F210,F210_parallel_pi_PLIP_any,"F210 parallel-like geometry (PLIP-like), any PET unit",any_pet_unit,aromatic_geometry,0.011623547056617924,8001
Pro00057_PET_L20_bidirectional_r02,Pro00057,CUT1,PET_L20,20,bidirectional,2,CUT1_F210,F210_parallel_pi_PLIP_any,"F210 parallel-like geometry (PLIP-like), any PET unit",any_pet_unit,aromatic_geometry,0.09836270466191727,8001
Pro00057_PET_L20_head_side_r01,Pro00057,CUT1,PET_L20,20,head_side,1,CUT1_F210,F210_parallel_pi_PLIP_any,"F210 parallel-like geometry (PLIP-like), any PET unit",any_pet_unit,aromatic_geometry,0.005749281339832521,8001
Pro00057_PET_L20_head_side_r02,Pro00057,CUT1,PET_L20,20,head_side,2,CUT1_F210,F210_parallel_pi_PLIP_any,"F210 parallel-like geometry (PLIP-like), any PET unit",any_pet_unit,aromatic_geometry,0.22972128483939508,8001
Pro00057_PET_L20_head_side_r03,Pro00057,CUT1,PET_L20,20,head_side,3,CUT1_F210,F210_parallel_pi_PLIP_any,"F210 parallel-like geometry (PLIP-like), any PET unit",any_pet_unit,aromatic_geometry,0.022747156605424323,8001
Pro00057_PET_L20_tail_side_r02,Pro00057,CUT1,PET_L20,20,tail_side,2,CUT1_F210,F210_parallel_pi_PLIP_any,"F210 parallel-like geometry (PLIP-like), any PET unit",any_pet_unit,aromatic_geometry,0.18847644044494438,8001
Pro00057_PET_L10_bidirectional_r02,Pro00057,CUT1,PET_L10,10,bidirectional,2,CUT1_F210,F210_t_shaped_pi_PLIP_any,"F210 T-shaped-like geometry (PLIP-like), any PET unit",any_pet_unit,aromatic_geometry,0.05611798525184352,8001
Pro00057_PET_L10_bidirectional_r03,Pro00057,CUT1,PET_L10,10,bidirectional,3,CUT1_F210,F210_t_shaped_pi_PLIP_any,"F210 T-shaped-like geometry (PLIP-like), any PET unit",any_pet_unit,aromatic_geometry,0.11298587676540432,8001
Pro00057_PET_L10_head_side_r02,Pro00057,CUT1,PET_L10,10,head_side,2,CUT1_F210,F210_t_shaped_pi_PLIP_any,"F210 T-shaped-like geometry (PLIP-like), any PET unit",any_pet_unit,aromatic_geometry,0.048493938257717785,8001
Pro00057_PET_L10_head_side_r03,Pro00057,CUT1,PET_L10,10,head_side,3,CUT1_F210,F210_t_shaped_pi_PLIP_any,"F210 T-shaped-like geometry (PLIP-like), any PET unit",any_pet_unit,aromatic_geometry,0.0,8001
Pro00057_PET_L10_tail_side_r02,Pro00057,CUT1,PET_L10,10,tail_side,2,CUT1_F210,F210_t_shaped_pi_PLIP_any,"F210 T-shaped-like geometry (PLIP-like), any PET unit",any_pet_unit,aromatic_geometry,0.0044994375703037125,8001
Pro00057_PET_L10_tail_side_r03,Pro00057,CUT1,PET_L10,10,tail_side,3,CUT1_F210,F210_t_shaped_pi_PLIP_any,"F210 T-shaped-like geometry (PLIP-like), any PET unit",any_pet_unit,aromatic_geometry,0.0,8001
Pro00057_PET_L20_bidirectional_r01,Pro00057,CUT1,PET_L20,20,bidirectional,1,CUT1_F210,F210_t_shaped_pi_PLIP_any,"F210 T-shaped-like geometry (PLIP-like), any PET unit",any_pet_unit,aromatic_geometry,0.011748531433570804,8001
Pro00057_PET_L20_bidirectional_r02,Pro00057,CUT1,PET_L20,20,bidirectional,2,CUT1_F210,F210_t_shaped_pi_PLIP_any,"F210 T-shaped-like geometry (PLIP-like), any PET unit",any_pet_unit,aromatic_geometry,0.18397700287464067,8001
Pro00057_PET_L20_head_side_r01,Pro00057,CUT1,PET_L20,20,head_side,1,CUT1_F210,F210_t_shaped_pi_PLIP_any,"F210 T-shaped-like geometry (PLIP-like), any PET unit",any_pet_unit,aromatic_geometry,0.03912010998625172,8001
Pro00057_PET_L20_head_side_r02,Pro00057,CUT1,PET_L20,20,head_side,2,CUT1_F210,F210_t_shaped_pi_PLIP_any,"F210 T-shaped-like geometry (PLIP-like), any PET unit",any_pet_unit,aromatic_geometry,0.0647419072615923,8001
Pro00057_PET_L20_head_side_r03,Pro00057,CUT1,PET_L20,20,head_side,3,CUT1_F210,F210_t_shaped_pi_PLIP_any,"F210 T-shaped-like geometry (PLIP-like), any PET unit",any_pet_unit,aromatic_geometry,0.006874140732408449,8001
Pro00057_PET_L20_tail_side_r02,Pro00057,CUT1,PET_L20,20,tail_side,2,CUT1_F210,F210_t_shaped_pi_PLIP_any,"F210 T-shaped-like geometry (PLIP-like), any PET unit",any_pet_unit,aromatic_geometry,0.05236845394325709,8001
Pro00057_PET_L10_bidirectional_r02,Pro00057,CUT1,PET_L10,10,bidirectional,2,CUT1_T64,T64_any_native_ADH_le_30,"T64 H-bond occupancy, any residue atom; GROMACS A-D-H <=30 deg",frame_occupancy,hbond_decomposition,0.0,8001
Pro00057_PET_L10_bidirectional_r03,Pro00057,CUT1,PET_L10,10,bidirectional,3,CUT1_T64,T64_any_native_ADH_le_30,"T64 H-bond occupancy, any residue atom; GROMACS A-D-H <=30 deg",frame_occupancy,hbond_decomposition,0.0,8001
Pro00057_PET_L10_head_side_r02,Pro00057,CUT1,PET_L10,10,head_side,2,CUT1_T64,T64_any_native_ADH_le_30,"T64 H-bond occupancy, any residue atom; GROMACS A-D-H <=30 deg",frame_occupancy,hbond_decomposition,0.0008748906386701663,8001
Pro00057_PET_L10_head_side_r03,Pro00057,CUT1,PET_L10,10,head_side,3,CUT1_T64,T64_any_native_ADH_le_30,"T64 H-bond occupancy, any residue atom; GROMACS A-D-H <=30 deg",frame_occupancy,hbond_decomposition,0.0,8001
Pro00057_PET_L10_tail_side_r02,Pro00057,CUT1,PET_L10,10,tail_side,2,CUT1_T64,T64_any_native_ADH_le_30,"T64 H-bond occupancy, any residue atom; GROMACS A-D-H <=30 deg",frame_occupancy,hbond_decomposition,0.0,8001
Pro00057_PET_L10_tail_side_r03,Pro00057,CUT1,PET_L10,10,tail_side,3,CUT1_T64,T64_any_native_ADH_le_30,"T64 H-bond occupancy, any residue atom; GROMACS A-D-H <=30 deg",frame_occupancy,hbond_decomposition,0.0,8001
Pro00057_PET_L20_bidirectional_r01,Pro00057,CUT1,PET_L20,20,bidirectional,1,CUT1_T64,T64_any_native_ADH_le_30,"T64 H-bond occupancy, any residue atom; GROMACS A-D-H <=30 deg",frame_occupancy,hbond_decomposition,0.33008373953255843,8001
Pro00057_PET_L20_bidirectional_r02,Pro00057,CUT1,PET_L20,20,bidirectional,2,CUT1_T64,T64_any_native_ADH_le_30,"T64 H-bond occupancy, any residue atom; GROMACS A-D-H <=30 deg",frame_occupancy,hbond_decomposition,0.0,8001
Pro00057_PET_L20_head_side_r01,Pro00057,CUT1,PET_L20,20,head_side,1,CUT1_T64,T64_any_native_ADH_le_30,"T64 H-bond occupancy, any residue atom; GROMACS A-D-H <=30 deg",frame_occupancy,hbond_decomposition,0.13235845519310085,8001
Pro00057_PET_L20_head_side_r02,Pro00057,CUT1,PET_L20,20,head_side,2,CUT1_T64,T64_any_native_ADH_le_30,"T64 H-bond occupancy, any residue atom; GROMACS A-D-H <=30 deg",frame_occupancy,hbond_decomposition,0.006374203224596925,8001
Pro00057_PET_L20_head_side_r03,Pro00057,CUT1,PET_L20,20,head_side,3,CUT1_T64,T64_any_native_ADH_le_30,"T64 H-bond occupancy, any residue atom; GROMACS A-D-H <=30 deg",frame_occupancy,hbond_decomposition,0.0,8001
Pro00057_PET_L20_tail_side_r02,Pro00057,CUT1,PET_L20,20,tail_side,2,CUT1_T64,T64_any_native_ADH_le_30,"T64 H-bond occupancy, any residue atom; GROMACS A-D-H <=30 deg",frame_occupancy,hbond_decomposition,0.008123984501937258,8001
Pro00057_PET_L10_bidirectional_r02,Pro00057,CUT1,PET_L10,10,bidirectional,2,CUT1_T64,T64_any_strict_DHA_ge_160,"T64 H-bond occupancy, any residue atom; D-H-A >=160 deg",frame_occupancy,hbond_decomposition,0.0,8001
Pro00057_PET_L10_bidirectional_r03,Pro00057,CUT1,PET_L10,10,bidirectional,3,CUT1_T64,T64_any_strict_DHA_ge_160,"T64 H-bond occupancy, any residue atom; D-H-A >=160 deg",frame_occupancy,hbond_decomposition,0.0,8001
Pro00057_PET_L10_head_side_r02,Pro00057,CUT1,PET_L10,10,head_side,2,CUT1_T64,T64_any_strict_DHA_ge_160,"T64 H-bond occupancy, any residue atom; D-H-A >=160 deg",frame_occupancy,hbond_decomposition,0.0003749531308586427,8001
Pro00057_PET_L10_head_side_r03,Pro00057,CUT1,PET_L10,10,head_side,3,CUT1_T64,T64_any_strict_DHA_ge_160,"T64 H-bond occupancy, any residue atom; D-H-A >=160 deg",frame_occupancy,hbond_decomposition,0.0,8001
Pro00057_PET_L10_tail_side_r02,Pro00057,CUT1,PET_L10,10,tail_side,2,CUT1_T64,T64_any_strict_DHA_ge_160,"T64 H-bond occupancy, any residue atom; D-H-A >=160 deg",frame_occupancy,hbond_decomposition,0.0,8001
Pro00057_PET_L10_tail_side_r03,Pro00057,CUT1,PET_L10,10,tail_side,3,CUT1_T64,T64_any_strict_DHA_ge_160,"T64 H-bond occupancy, any residue atom; D-H-A >=160 deg",frame_occupancy,hbond_decomposition,0.0,8001
Pro00057_PET_L20_bidirectional_r01,Pro00057,CUT1,PET_L20,20,bidirectional,1,CUT1_T64,T64_any_strict_DHA_ge_160,"T64 H-bond occupancy, any residue atom; D-H-A >=160 deg",frame_occupancy,hbond_decomposition,0.11523559555055618,8001
Pro00057_PET_L20_bidirectional_r02,Pro00057,CUT1,PET_L20,20,bidirectional,2,CUT1_T64,T64_any_strict_DHA_ge_160,"T64 H-bond occupancy, any residue atom; D-H-A >=160 deg",frame_occupancy,hbond_decomposition,0.0,8001
Pro00057_PET_L20_head_side_r01,Pro00057,CUT1,PET_L20,20,head_side,1,CUT1_T64,T64_any_strict_DHA_ge_160,"T64 H-bond occupancy, any residue atom; D-H-A >=160 deg",frame_occupancy,hbond_decomposition,0.05561804774403199,8001
Pro00057_PET_L20_head_side_r02,Pro00057,CUT1,PET_L20,20,head_side,2,CUT1_T64,T64_any_strict_DHA_ge_160,"T64 H-bond occupancy, any residue atom; D-H-A >=160 deg",frame_occupancy,hbond_decomposition,0.0014998125234345708,8001
Pro00057_PET_L20_head_side_r03,Pro00057,CUT1,PET_L20,20,head_side,3,CUT1_T64,T64_any_strict_DHA_ge_160,"T64 H-bond occupancy, any residue atom; D-H-A >=160 deg",frame_occupancy,hbond_decomposition,0.0,8001
Pro00057_PET_L20_tail_side_r02,Pro00057,CUT1,PET_L20,20,tail_side,2,CUT1_T64,T64_any_strict_DHA_ge_160,"T64 H-bond occupancy, any residue atom; D-H-A >=160 deg",frame_occupancy,hbond_decomposition,0.004874390701162355,8001
Pro00057_PET_L10_bidirectional_r02,Pro00057,CUT1,PET_L10,10,bidirectional,2,CUT1_T64,T64_backbone_native_ADH_le_30,"T64 H-bond occupancy, backbone N; GROMACS A-D-H <=30 deg",frame_occupancy,hbond_decomposition,0.0,8001
Pro00057_PET_L10_bidirectional_r03,Pro00057,CUT1,PET_L10,10,bidirectional,3,CUT1_T64,T64_backbone_native_ADH_le_30,"T64 H-bond occupancy, backbone N; GROMACS A-D-H <=30 deg",frame_occupancy,hbond_decomposition,0.0,8001
Pro00057_PET_L10_head_side_r02,Pro00057,CUT1,PET_L10,10,head_side,2,CUT1_T64,T64_backbone_native_ADH_le_30,"T64 H-bond occupancy, backbone N; GROMACS A-D-H <=30 deg",frame_occupancy,hbond_decomposition,0.0007499062617172854,8001
Pro00057_PET_L10_head_side_r03,Pro00057,CUT1,PET_L10,10,head_side,3,CUT1_T64,T64_backbone_native_ADH_le_30,"T64 H-bond occupancy, backbone N; GROMACS A-D-H <=30 deg",frame_occupancy,hbond_decomposition,0.0,8001
Pro00057_PET_L10_tail_side_r02,Pro00057,CUT1,PET_L10,10,tail_side,2,CUT1_T64,T64_backbone_native_ADH_le_30,"T64 H-bond occupancy, backbone N; GROMACS A-D-H <=30 deg",frame_occupancy,hbond_decomposition,0.0,8001
Pro00057_PET_L10_tail_side_r03,Pro00057,CUT1,PET_L10,10,tail_side,3,CUT1_T64,T64_backbone_native_ADH_le_30,"T64 H-bond occupancy, backbone N; GROMACS A-D-H <=30 deg",frame_occupancy,hbond_decomposition,0.0,8001
Pro00057_PET_L20_bidirectional_r01,Pro00057,CUT1,PET_L20,20,bidirectional,1,CUT1_T64,T64_backbone_native_ADH_le_30,"T64 H-bond occupancy, backbone N; GROMACS A-D-H <=30 deg",frame_occupancy,hbond_decomposition,0.2765904261967254,8001
Pro00057_PET_L20_bidirectional_r02,Pro00057,CUT1,PET_L20,20,bidirectional,2,CUT1_T64,T64_backbone_native_ADH_le_30,"T64 H-bond occupancy, backbone N; GROMACS A-D-H <=30 deg",frame_occupancy,hbond_decomposition,0.0,8001
Pro00057_PET_L20_head_side_r01,Pro00057,CUT1,PET_L20,20,head_side,1,CUT1_T64,T64_backbone_native_ADH_le_30,"T64 H-bond occupancy, backbone N; GROMACS A-D-H <=30 deg",frame_occupancy,hbond_decomposition,0.11411073615798026,8001
Pro00057_PET_L20_head_side_r02,Pro00057,CUT1,PET_L20,20,head_side,2,CUT1_T64,T64_backbone_native_ADH_le_30,"T64 H-bond occupancy, backbone N; GROMACS A-D-H <=30 deg",frame_occupancy,hbond_decomposition,0.006374203224596925,8001
Pro00057_PET_L20_head_side_r03,Pro00057,CUT1,PET_L20,20,head_side,3,CUT1_T64,T64_backbone_native_ADH_le_30,"T64 H-bond occupancy, backbone N; GROMACS A-D-H <=30 deg",frame_occupancy,hbond_decomposition,0.0,8001
Pro00057_PET_L20_tail_side_r02,Pro00057,CUT1,PET_L20,20,tail_side,2,CUT1_T64,T64_backbone_native_ADH_le_30,"T64 H-bond occupancy, backbone N; GROMACS A-D-H <=30 deg",frame_occupancy,hbond_decomposition,0.0004999375078115235,8001
Pro00057_PET_L10_bidirectional_r02,Pro00057,CUT1,PET_L10,10,bidirectional,2,CUT1_T64,T64_backbone_only_native_ADH_le_30,"T64 H-bond occupancy, backbone only; GROMACS A-D-H <=30 deg",frame_occupancy,hbond_decomposition,0.0,8001
Pro00057_PET_L10_bidirectional_r03,Pro00057,CUT1,PET_L10,10,bidirectional,3,CUT1_T64,T64_backbone_only_native_ADH_le_30,"T64 H-bond occupancy, backbone only; GROMACS A-D-H <=30 deg",frame_occupancy,hbond_decomposition,0.0,8001
Pro00057_PET_L10_head_side_r02,Pro00057,CUT1,PET_L10,10,head_side,2,CUT1_T64,T64_backbone_only_native_ADH_le_30,"T64 H-bond occupancy, backbone only; GROMACS A-D-H <=30 deg",frame_occupancy,hbond_decomposition,0.0007499062617172854,8001
Pro00057_PET_L10_head_side_r03,Pro00057,CUT1,PET_L10,10,head_side,3,CUT1_T64,T64_backbone_only_native_ADH_le_30,"T64 H-bond occupancy, backbone only; GROMACS A-D-H <=30 deg",frame_occupancy,hbond_decomposition,0.0,8001
Pro00057_PET_L10_tail_side_r02,Pro00057,CUT1,PET_L10,10,tail_side,2,CUT1_T64,T64_backbone_only_native_ADH_le_30,"T64 H-bond occupancy, backbone only; GROMACS A-D-H <=30 deg",frame_occupancy,hbond_decomposition,0.0,8001
Pro00057_PET_L10_tail_side_r03,Pro00057,CUT1,PET_L10,10,tail_side,3,CUT1_T64,T64_backbone_only_native_ADH_le_30,"T64 H-bond occupancy, backbone only; GROMACS A-D-H <=30 deg",frame_occupancy,hbond_decomposition,0.0,8001
Pro00057_PET_L20_bidirectional_r01,Pro00057,CUT1,PET_L20,20,bidirectional,1,CUT1_T64,T64_backbone_only_native_ADH_le_30,"T64 H-bond occupancy, backbone only; GROMACS A-D-H <=30 deg",frame_occupancy,hbond_decomposition,0.24271966004249468,8001
Pro00057_PET_L20_bidirectional_r02,Pro00057,CUT1,PET_L20,20,bidirectional,2,CUT1_T64,T64_backbone_only_native_ADH_le_30,"T64 H-bond occupancy, backbone only; GROMACS A-D-H <=30 deg",frame_occupancy,hbond_decomposition,0.0,8001
Pro00057_PET_L20_head_side_r01,Pro00057,CUT1,PET_L20,20,head_side,1,CUT1_T64,T64_backbone_only_native_ADH_le_30,"T64 H-bond occupancy, backbone only; GROMACS A-D-H <=30 deg",frame_occupancy,hbond_decomposition,0.09986251718535183,8001
Pro00057_PET_L20_head_side_r02,Pro00057,CUT1,PET_L20,20,head_side,2,CUT1_T64,T64_backbone_only_native_ADH_le_30,"T64 H-bond occupancy, backbone only; GROMACS A-D-H <=30 deg",frame_occupancy,hbond_decomposition,0.006374203224596925,8001
Pro00057_PET_L20_head_side_r03,Pro00057,CUT1,PET_L20,20,head_side,3,CUT1_T64,T64_backbone_only_native_ADH_le_30,"T64 H-bond occupancy, backbone only; GROMACS A-D-H <=30 deg",frame_occupancy,hbond_decomposition,0.0,8001
Pro00057_PET_L20_tail_side_r02,Pro00057,CUT1,PET_L20,20,tail_side,2,CUT1_T64,T64_backbone_only_native_ADH_le_30,"T64 H-bond occupancy, backbone only; GROMACS A-D-H <=30 deg",frame_occupancy,hbond_decomposition,0.00024996875390576176,8001
Pro00057_PET_L10_bidirectional_r02,Pro00057,CUT1,PET_L10,10,bidirectional,2,CUT1_T64,T64_backbone_only_strict_DHA_ge_160,"T64 H-bond occupancy, backbone only; D-H-A >=160 deg",frame_occupancy,hbond_decomposition,0.0,8001
Pro00057_PET_L10_bidirectional_r03,Pro00057,CUT1,PET_L10,10,bidirectional,3,CUT1_T64,T64_backbone_only_strict_DHA_ge_160,"T64 H-bond occupancy, backbone only; D-H-A >=160 deg",frame_occupancy,hbond_decomposition,0.0,8001
Pro00057_PET_L10_head_side_r02,Pro00057,CUT1,PET_L10,10,head_side,2,CUT1_T64,T64_backbone_only_strict_DHA_ge_160,"T64 H-bond occupancy, backbone only; D-H-A >=160 deg",frame_occupancy,hbond_decomposition,0.00024996875390576176,8001
Pro00057_PET_L10_head_side_r03,Pro00057,CUT1,PET_L10,10,head_side,3,CUT1_T64,T64_backbone_only_strict_DHA_ge_160,"T64 H-bond occupancy, backbone only; D-H-A >=160 deg",frame_occupancy,hbond_decomposition,0.0,8001
Pro00057_PET_L10_tail_side_r02,Pro00057,CUT1,PET_L10,10,tail_side,2,CUT1_T64,T64_backbone_only_strict_DHA_ge_160,"T64 H-bond occupancy, backbone only; D-H-A >=160 deg",frame_occupancy,hbond_decomposition,0.0,8001
Pro00057_PET_L10_tail_side_r03,Pro00057,CUT1,PET_L10,10,tail_side,3,CUT1_T64,T64_backbone_only_strict_DHA_ge_160,"T64 H-bond occupancy, backbone only; D-H-A >=160 deg",frame_occupancy,hbond_decomposition,0.0,8001
Pro00057_PET_L20_bidirectional_r01,Pro00057,CUT1,PET_L20,20,bidirectional,1,CUT1_T64,T64_backbone_only_strict_DHA_ge_160,"T64 H-bond occupancy, backbone only; D-H-A >=160 deg",frame_occupancy,hbond_decomposition,0.06599175103112111,8001
Pro00057_PET_L20_bidirectional_r02,Pro00057,CUT1,PET_L20,20,bidirectional,2,CUT1_T64,T64_backbone_only_strict_DHA_ge_160,"T64 H-bond occupancy, backbone only; D-H-A >=160 deg",frame_occupancy,hbond_decomposition,0.0,8001
Pro00057_PET_L20_head_side_r01,Pro00057,CUT1,PET_L20,20,head_side,1,CUT1_T64,T64_backbone_only_strict_DHA_ge_160,"T64 H-bond occupancy, backbone only; D-H-A >=160 deg",frame_occupancy,hbond_decomposition,0.03562054743157105,8001
Pro00057_PET_L20_head_side_r02,Pro00057,CUT1,PET_L20,20,head_side,2,CUT1_T64,T64_backbone_only_strict_DHA_ge_160,"T64 H-bond occupancy, backbone only; D-H-A >=160 deg",frame_occupancy,hbond_decomposition,0.0014998125234345708,8001
Pro00057_PET_L20_head_side_r03,Pro00057,CUT1,PET_L20,20,head_side,3,CUT1_T64,T64_backbone_only_strict_DHA_ge_160,"T64 H-bond occupancy, backbone only; D-H-A >=160 deg",frame_occupancy,hbond_decomposition,0.0,8001
Pro00057_PET_L20_tail_side_r02,Pro00057,CUT1,PET_L20,20,tail_side,2,CUT1_T64,T64_backbone_only_strict_DHA_ge_160,"T64 H-bond occupancy, backbone only; D-H-A >=160 deg",frame_occupancy,hbond_decomposition,0.0,8001
Pro00057_PET_L10_bidirectional_r02,Pro00057,CUT1,PET_L10,10,bidirectional,2,CUT1_T64,T64_backbone_strict_DHA_ge_160,"T64 H-bond occupancy, backbone N; D-H-A >=160 deg",frame_occupancy,hbond_decomposition,0.0,8001
Pro00057_PET_L10_bidirectional_r03,Pro00057,CUT1,PET_L10,10,bidirectional,3,CUT1_T64,T64_backbone_strict_DHA_ge_160,"T64 H-bond occupancy, backbone N; D-H-A >=160 deg",frame_occupancy,hbond_decomposition,0.0,8001
Pro00057_PET_L10_head_side_r02,Pro00057,CUT1,PET_L10,10,head_side,2,CUT1_T64,T64_backbone_strict_DHA_ge_160,"T64 H-bond occupancy, backbone N; D-H-A >=160 deg",frame_occupancy,hbond_decomposition,0.00024996875390576176,8001
Pro00057_PET_L10_head_side_r03,Pro00057,CUT1,PET_L10,10,head_side,3,CUT1_T64,T64_backbone_strict_DHA_ge_160,"T64 H-bond occupancy, backbone N; D-H-A >=160 deg",frame_occupancy,hbond_decomposition,0.0,8001
Pro00057_PET_L10_tail_side_r02,Pro00057,CUT1,PET_L10,10,tail_side,2,CUT1_T64,T64_backbone_strict_DHA_ge_160,"T64 H-bond occupancy, backbone N; D-H-A >=160 deg",frame_occupancy,hbond_decomposition,0.0,8001
Pro00057_PET_L10_tail_side_r03,Pro00057,CUT1,PET_L10,10,tail_side,3,CUT1_T64,T64_backbone_strict_DHA_ge_160,"T64 H-bond occupancy, backbone N; D-H-A >=160 deg",frame_occupancy,hbond_decomposition,0.0,8001
Pro00057_PET_L20_bidirectional_r01,Pro00057,CUT1,PET_L20,20,bidirectional,1,CUT1_T64,T64_backbone_strict_DHA_ge_160,"T64 H-bond occupancy, backbone N; D-H-A >=160 deg",frame_occupancy,hbond_decomposition,0.07436570428696412,8001
Pro00057_PET_L20_bidirectional_r02,Pro00057,CUT1,PET_L20,20,bidirectional,2,CUT1_T64,T64_backbone_strict_DHA_ge_160,"T64 H-bond occupancy, backbone N; D-H-A >=160 deg",frame_occupancy,hbond_decomposition,0.0,8001
Pro00057_PET_L20_head_side_r01,Pro00057,CUT1,PET_L20,20,head_side,1,CUT1_T64,T64_backbone_strict_DHA_ge_160,"T64 H-bond occupancy, backbone N; D-H-A >=160 deg",frame_occupancy,hbond_decomposition,0.03899512560929884,8001
Pro00057_PET_L20_head_side_r02,Pro00057,CUT1,PET_L20,20,head_side,2,CUT1_T64,T64_backbone_strict_DHA_ge_160,"T64 H-bond occupancy, backbone N; D-H-A >=160 deg",frame_occupancy,hbond_decomposition,0.0014998125234345708,8001
Pro00057_PET_L20_head_side_r03,Pro00057,CUT1,PET_L20,20,head_side,3,CUT1_T64,T64_backbone_strict_DHA_ge_160,"T64 H-bond occupancy, backbone N; D-H-A >=160 deg",frame_occupancy,hbond_decomposition,0.0,8001
Pro00057_PET_L20_tail_side_r02,Pro00057,CUT1,PET_L20,20,tail_side,2,CUT1_T64,T64_backbone_strict_DHA_ge_160,"T64 H-bond occupancy, backbone N; D-H-A >=160 deg",frame_occupancy,hbond_decomposition,0.0,8001
Pro00057_PET_L10_bidirectional_r02,Pro00057,CUT1,PET_L10,10,bidirectional,2,CUT1_T64,T64_both_native_ADH_le_30,"T64 H-bond occupancy, backbone and side-chain simultaneously; GROMACS A-D-H <=30 deg",frame_occupancy,hbond_decomposition,0.0,8001
Pro00057_PET_L10_bidirectional_r03,Pro00057,CUT1,PET_L10,10,bidirectional,3,CUT1_T64,T64_both_native_ADH_le_30,"T64 H-bond occupancy, backbone and side-chain simultaneously; GROMACS A-D-H <=30 deg",frame_occupancy,hbond_decomposition,0.0,8001
Pro00057_PET_L10_head_side_r02,Pro00057,CUT1,PET_L10,10,head_side,2,CUT1_T64,T64_both_native_ADH_le_30,"T64 H-bond occupancy, backbone and side-chain simultaneously; GROMACS A-D-H <=30 deg",frame_occupancy,hbond_decomposition,0.0,8001
Pro00057_PET_L10_head_side_r03,Pro00057,CUT1,PET_L10,10,head_side,3,CUT1_T64,T64_both_native_ADH_le_30,"T64 H-bond occupancy, backbone and side-chain simultaneously; GROMACS A-D-H <=30 deg",frame_occupancy,hbond_decomposition,0.0,8001
Pro00057_PET_L10_tail_side_r02,Pro00057,CUT1,PET_L10,10,tail_side,2,CUT1_T64,T64_both_native_ADH_le_30,"T64 H-bond occupancy, backbone and side-chain simultaneously; GROMACS A-D-H <=30 deg",frame_occupancy,hbond_decomposition,0.0,8001
Pro00057_PET_L10_tail_side_r03,Pro00057,CUT1,PET_L10,10,tail_side,3,CUT1_T64,T64_both_native_ADH_le_30,"T64 H-bond occupancy, backbone and side-chain simultaneously; GROMACS A-D-H <=30 deg",frame_occupancy,hbond_decomposition,0.0,8001
Pro00057_PET_L20_bidirectional_r01,Pro00057,CUT1,PET_L20,20,bidirectional,1,CUT1_T64,T64_both_native_ADH_le_30,"T64 H-bond occupancy, backbone and side-chain simultaneously; GROMACS A-D-H <=30 deg",frame_occupancy,hbond_decomposition,0.03387076615423072,8001
Pro00057_PET_L20_bidirectional_r02,Pro00057,CUT1,PET_L20,20,bidirectional,2,CUT1_T64,T64_both_native_ADH_le_30,"T64 H-bond occupancy, backbone and side-chain simultaneously; GROMACS A-D-H <=30 deg",frame_occupancy,hbond_decomposition,0.0,8001
Pro00057_PET_L20_head_side_r01,Pro00057,CUT1,PET_L20,20,head_side,1,CUT1_T64,T64_both_native_ADH_le_30,"T64 H-bond occupancy, backbone and side-chain simultaneously; GROMACS A-D-H <=30 deg",frame_occupancy,hbond_decomposition,0.014248218972628422,8001
Pro00057_PET_L20_head_side_r02,Pro00057,CUT1,PET_L20,20,head_side,2,CUT1_T64,T64_both_native_ADH_le_30,"T64 H-bond occupancy, backbone and side-chain simultaneously; GROMACS A-D-H <=30 deg",frame_occupancy,hbond_decomposition,0.0,8001
Pro00057_PET_L20_head_side_r03,Pro00057,CUT1,PET_L20,20,head_side,3,CUT1_T64,T64_both_native_ADH_le_30,"T64 H-bond occupancy, backbone and side-chain simultaneously; GROMACS A-D-H <=30 deg",frame_occupancy,hbond_decomposition,0.0,8001
Pro00057_PET_L20_tail_side_r02,Pro00057,CUT1,PET_L20,20,tail_side,2,CUT1_T64,T64_both_native_ADH_le_30,"T64 H-bond occupancy, backbone and side-chain simultaneously; GROMACS A-D-H <=30 deg",frame_occupancy,hbond_decomposition,0.00024996875390576176,8001
Pro00057_PET_L10_bidirectional_r02,Pro00057,CUT1,PET_L10,10,bidirectional,2,CUT1_T64,T64_both_strict_DHA_ge_160,"T64 H-bond occupancy, backbone and side-chain simultaneously; D-H-A >=160 deg",frame_occupancy,hbond_decomposition,0.0,8001
Pro00057_PET_L10_bidirectional_r03,Pro00057,CUT1,PET_L10,10,bidirectional,3,CUT1_T64,T64_both_strict_DHA_ge_160,"T64 H-bond occupancy, backbone and side-chain simultaneously; D-H-A >=160 deg",frame_occupancy,hbond_decomposition,0.0,8001
Pro00057_PET_L10_head_side_r02,Pro00057,CUT1,PET_L10,10,head_side,2,CUT1_T64,T64_both_strict_DHA_ge_160,"T64 H-bond occupancy, backbone and side-chain simultaneously; D-H-A >=160 deg",frame_occupancy,hbond_decomposition,0.0,8001
Pro00057_PET_L10_head_side_r03,Pro00057,CUT1,PET_L10,10,head_side,3,CUT1_T64,T64_both_strict_DHA_ge_160,"T64 H-bond occupancy, backbone and side-chain simultaneously; D-H-A >=160 deg",frame_occupancy,hbond_decomposition,0.0,8001
Pro00057_PET_L10_tail_side_r02,Pro00057,CUT1,PET_L10,10,tail_side,2,CUT1_T64,T64_both_strict_DHA_ge_160,"T64 H-bond occupancy, backbone and side-chain simultaneously; D-H-A >=160 deg",frame_occupancy,hbond_decomposition,0.0,8001
Pro00057_PET_L10_tail_side_r03,Pro00057,CUT1,PET_L10,10,tail_side,3,CUT1_T64,T64_both_strict_DHA_ge_160,"T64 H-bond occupancy, backbone and side-chain simultaneously; D-H-A >=160 deg",frame_occupancy,hbond_decomposition,0.0,8001
Pro00057_PET_L20_bidirectional_r01,Pro00057,CUT1,PET_L20,20,bidirectional,1,CUT1_T64,T64_both_strict_DHA_ge_160,"T64 H-bond occupancy, backbone and side-chain simultaneously; D-H-A >=160 deg",frame_occupancy,hbond_decomposition,0.00837395325584302,8001
Pro00057_PET_L20_bidirectional_r02,Pro00057,CUT1,PET_L20,20,bidirectional,2,CUT1_T64,T64_both_strict_DHA_ge_160,"T64 H-bond occupancy, backbone and side-chain simultaneously; D-H-A >=160 deg",frame_occupancy,hbond_decomposition,0.0,8001
Pro00057_PET_L20_head_side_r01,Pro00057,CUT1,PET_L20,20,head_side,1,CUT1_T64,T64_both_strict_DHA_ge_160,"T64 H-bond occupancy, backbone and side-chain simultaneously; D-H-A >=160 deg",frame_occupancy,hbond_decomposition,0.003374578177727784,8001
Pro00057_PET_L20_head_side_r02,Pro00057,CUT1,PET_L20,20,head_side,2,CUT1_T64,T64_both_strict_DHA_ge_160,"T64 H-bond occupancy, backbone and side-chain simultaneously; D-H-A >=160 deg",frame_occupancy,hbond_decomposition,0.0,8001
Pro00057_PET_L20_head_side_r03,Pro00057,CUT1,PET_L20,20,head_side,3,CUT1_T64,T64_both_strict_DHA_ge_160,"T64 H-bond occupancy, backbone and side-chain simultaneously; D-H-A >=160 deg",frame_occupancy,hbond_decomposition,0.0,8001
Pro00057_PET_L20_tail_side_r02,Pro00057,CUT1,PET_L20,20,tail_side,2,CUT1_T64,T64_both_strict_DHA_ge_160,"T64 H-bond occupancy, backbone and side-chain simultaneously; D-H-A >=160 deg",frame_occupancy,hbond_decomposition,0.0,8001
Pro00057_PET_L10_bidirectional_r02,Pro00057,CUT1,PET_L10,10,bidirectional,2,CUT1_T64,T64_pair_N_O2_native_ADH_le_30,T64 backbone N...PET O2; GROMACS A-D-H <=30 deg,frame_occupancy,hbond_pair,0.0,8001
Pro00057_PET_L10_bidirectional_r03,Pro00057,CUT1,PET_L10,10,bidirectional,3,CUT1_T64,T64_pair_N_O2_native_ADH_le_30,T64 backbone N...PET O2; GROMACS A-D-H <=30 deg,frame_occupancy,hbond_pair,0.0,8001
Pro00057_PET_L10_head_side_r02,Pro00057,CUT1,PET_L10,10,head_side,2,CUT1_T64,T64_pair_N_O2_native_ADH_le_30,T64 backbone N...PET O2; GROMACS A-D-H <=30 deg,frame_occupancy,hbond_pair,0.0007499062617172854,8001
Pro00057_PET_L10_head_side_r03,Pro00057,CUT1,PET_L10,10,head_side,3,CUT1_T64,T64_pair_N_O2_native_ADH_le_30,T64 backbone N...PET O2; GROMACS A-D-H <=30 deg,frame_occupancy,hbond_pair,0.0,8001
Pro00057_PET_L10_tail_side_r02,Pro00057,CUT1,PET_L10,10,tail_side,2,CUT1_T64,T64_pair_N_O2_native_ADH_le_30,T64 backbone N...PET O2; GROMACS A-D-H <=30 deg,frame_occupancy,hbond_pair,0.0,8001
Pro00057_PET_L10_tail_side_r03,Pro00057,CUT1,PET_L10,10,tail_side,3,CUT1_T64,T64_pair_N_O2_native_ADH_le_30,T64 backbone N...PET O2; GROMACS A-D-H <=30 deg,frame_occupancy,hbond_pair,0.0,8001
Pro00057_PET_L20_bidirectional_r01,Pro00057,CUT1,PET_L20,20,bidirectional,1,CUT1_T64,T64_pair_N_O2_native_ADH_le_30,T64 backbone N...PET O2; GROMACS A-D-H <=30 deg,frame_occupancy,hbond_pair,0.0,8001
Pro00057_PET_L20_bidirectional_r02,Pro00057,CUT1,PET_L20,20,bidirectional,2,CUT1_T64,T64_pair_N_O2_native_ADH_le_30,T64 backbone N...PET O2; GROMACS A-D-H <=30 deg,frame_occupancy,hbond_pair,0.0,8001
Pro00057_PET_L20_head_side_r01,Pro00057,CUT1,PET_L20,20,head_side,1,CUT1_T64,T64_pair_N_O2_native_ADH_le_30,T64 backbone N...PET O2; GROMACS A-D-H <=30 deg,frame_occupancy,hbond_pair,0.0,8001
Pro00057_PET_L20_head_side_r02,Pro00057,CUT1,PET_L20,20,head_side,2,CUT1_T64,T64_pair_N_O2_native_ADH_le_30,T64 backbone N...PET O2; GROMACS A-D-H <=30 deg,frame_occupancy,hbond_pair,0.0,8001
Pro00057_PET_L20_head_side_r03,Pro00057,CUT1,PET_L20,20,head_side,3,CUT1_T64,T64_pair_N_O2_native_ADH_le_30,T64 backbone N...PET O2; GROMACS A-D-H <=30 deg,frame_occupancy,hbond_pair,0.0,8001
Pro00057_PET_L20_tail_side_r02,Pro00057,CUT1,PET_L20,20,tail_side,2,CUT1_T64,T64_pair_N_O2_native_ADH_le_30,T64 backbone N...PET O2; GROMACS A-D-H <=30 deg,frame_occupancy,hbond_pair,0.0004999375078115235,8001
Pro00057_PET_L10_bidirectional_r02,Pro00057,CUT1,PET_L10,10,bidirectional,2,CUT1_T64,T64_pair_N_O2_strict_DHA_ge_160,T64 backbone N...PET O2; D-H-A >=160 deg,frame_occupancy,hbond_pair,0.0,8001
Pro00057_PET_L10_bidirectional_r03,Pro00057,CUT1,PET_L10,10,bidirectional,3,CUT1_T64,T64_pair_N_O2_strict_DHA_ge_160,T64 backbone N...PET O2; D-H-A >=160 deg,frame_occupancy,hbond_pair,0.0,8001
Pro00057_PET_L10_head_side_r02,Pro00057,CUT1,PET_L10,10,head_side,2,CUT1_T64,T64_pair_N_O2_strict_DHA_ge_160,T64 backbone N...PET O2; D-H-A >=160 deg,frame_occupancy,hbond_pair,0.00024996875390576176,8001
Pro00057_PET_L10_head_side_r03,Pro00057,CUT1,PET_L10,10,head_side,3,CUT1_T64,T64_pair_N_O2_strict_DHA_ge_160,T64 backbone N...PET O2; D-H-A >=160 deg,frame_occupancy,hbond_pair,0.0,8001
Pro00057_PET_L10_tail_side_r02,Pro00057,CUT1,PET_L10,10,tail_side,2,CUT1_T64,T64_pair_N_O2_strict_DHA_ge_160,T64 backbone N...PET O2; D-H-A >=160 deg,frame_occupancy,hbond_pair,0.0,8001
Pro00057_PET_L10_tail_side_r03,Pro00057,CUT1,PET_L10,10,tail_side,3,CUT1_T64,T64_pair_N_O2_strict_DHA_ge_160,T64 backbone N...PET O2; D-H-A >=160 deg,frame_occupancy,hbond_pair,0.0,8001
Pro00057_PET_L20_bidirectional_r01,Pro00057,CUT1,PET_L20,20,bidirectional,1,CUT1_T64,T64_pair_N_O2_strict_DHA_ge_160,T64 backbone N...PET O2; D-H-A >=160 deg,frame_occupancy,hbond_pair,0.0,8001
Pro00057_PET_L20_bidirectional_r02,Pro00057,CUT1,PET_L20,20,bidirectional,2,CUT1_T64,T64_pair_N_O2_strict_DHA_ge_160,T64 backbone N...PET O2; D-H-A >=160 deg,frame_occupancy,hbond_pair,0.0,8001
Pro00057_PET_L20_head_side_r01,Pro00057,CUT1,PET_L20,20,head_side,1,CUT1_T64,T64_pair_N_O2_strict_DHA_ge_160,T64 backbone N...PET O2; D-H-A >=160 deg,frame_occupancy,hbond_pair,0.0,8001
Pro00057_PET_L20_head_side_r02,Pro00057,CUT1,PET_L20,20,head_side,2,CUT1_T64,T64_pair_N_O2_strict_DHA_ge_160,T64 backbone N...PET O2; D-H-A >=160 deg,frame_occupancy,hbond_pair,0.0,8001
Pro00057_PET_L20_head_side_r03,Pro00057,CUT1,PET_L20,20,head_side,3,CUT1_T64,T64_pair_N_O2_strict_DHA_ge_160,T64 backbone N...PET O2; D-H-A >=160 deg,frame_occupancy,hbond_pair,0.0,8001
Pro00057_PET_L20_tail_side_r02,Pro00057,CUT1,PET_L20,20,tail_side,2,CUT1_T64,T64_pair_N_O2_strict_DHA_ge_160,T64 backbone N...PET O2; D-H-A >=160 deg,frame_occupancy,hbond_pair,0.0,8001
Pro00057_PET_L10_bidirectional_r02,Pro00057,CUT1,PET_L10,10,bidirectional,2,CUT1_T64,T64_pair_N_O4_native_ADH_le_30,T64 backbone N...PET O4; GROMACS A-D-H <=30 deg,frame_occupancy,hbond_pair,0.0,8001
Pro00057_PET_L10_bidirectional_r03,Pro00057,CUT1,PET_L10,10,bidirectional,3,CUT1_T64,T64_pair_N_O4_native_ADH_le_30,T64 backbone N...PET O4; GROMACS A-D-H <=30 deg,frame_occupancy,hbond_pair,0.0,8001
Pro00057_PET_L10_head_side_r02,Pro00057,CUT1,PET_L10,10,head_side,2,CUT1_T64,T64_pair_N_O4_native_ADH_le_30,T64 backbone N...PET O4; GROMACS A-D-H <=30 deg,frame_occupancy,hbond_pair,0.0,8001
Pro00057_PET_L10_head_side_r03,Pro00057,CUT1,PET_L10,10,head_side,3,CUT1_T64,T64_pair_N_O4_native_ADH_le_30,T64 backbone N...PET O4; GROMACS A-D-H <=30 deg,frame_occupancy,hbond_pair,0.0,8001
Pro00057_PET_L10_tail_side_r02,Pro00057,CUT1,PET_L10,10,tail_side,2,CUT1_T64,T64_pair_N_O4_native_ADH_le_30,T64 backbone N...PET O4; GROMACS A-D-H <=30 deg,frame_occupancy,hbond_pair,0.0,8001
Pro00057_PET_L10_tail_side_r03,Pro00057,CUT1,PET_L10,10,tail_side,3,CUT1_T64,T64_pair_N_O4_native_ADH_le_30,T64 backbone N...PET O4; GROMACS A-D-H <=30 deg,frame_occupancy,hbond_pair,0.0,8001
Pro00057_PET_L20_bidirectional_r01,Pro00057,CUT1,PET_L20,20,bidirectional,1,CUT1_T64,T64_pair_N_O4_native_ADH_le_30,T64 backbone N...PET O4; GROMACS A-D-H <=30 deg,frame_occupancy,hbond_pair,0.2765904261967254,8001
Pro00057_PET_L20_bidirectional_r02,Pro00057,CUT1,PET_L20,20,bidirectional,2,CUT1_T64,T64_pair_N_O4_native_ADH_le_30,T64 backbone N...PET O4; GROMACS A-D-H <=30 deg,frame_occupancy,hbond_pair,0.0,8001
Pro00057_PET_L20_head_side_r01,Pro00057,CUT1,PET_L20,20,head_side,1,CUT1_T64,T64_pair_N_O4_native_ADH_le_30,T64 backbone N...PET O4; GROMACS A-D-H <=30 deg,frame_occupancy,hbond_pair,0.11411073615798026,8001
Pro00057_PET_L20_head_side_r02,Pro00057,CUT1,PET_L20,20,head_side,2,CUT1_T64,T64_pair_N_O4_native_ADH_le_30,T64 backbone N...PET O4; GROMACS A-D-H <=30 deg,frame_occupancy,hbond_pair,0.006374203224596925,8001
Pro00057_PET_L20_head_side_r03,Pro00057,CUT1,PET_L20,20,head_side,3,CUT1_T64,T64_pair_N_O4_native_ADH_le_30,T64 backbone N...PET O4; GROMACS A-D-H <=30 deg,frame_occupancy,hbond_pair,0.0,8001
Pro00057_PET_L20_tail_side_r02,Pro00057,CUT1,PET_L20,20,tail_side,2,CUT1_T64,T64_pair_N_O4_native_ADH_le_30,T64 backbone N...PET O4; GROMACS A-D-H <=30 deg,frame_occupancy,hbond_pair,0.0,8001
Pro00057_PET_L10_bidirectional_r02,Pro00057,CUT1,PET_L10,10,bidirectional,2,CUT1_T64,T64_pair_N_O4_strict_DHA_ge_160,T64 backbone N...PET O4; D-H-A >=160 deg,frame_occupancy,hbond_pair,0.0,8001
Pro00057_PET_L10_bidirectional_r03,Pro00057,CUT1,PET_L10,10,bidirectional,3,CUT1_T64,T64_pair_N_O4_strict_DHA_ge_160,T64 backbone N...PET O4; D-H-A >=160 deg,frame_occupancy,hbond_pair,0.0,8001
Pro00057_PET_L10_head_side_r02,Pro00057,CUT1,PET_L10,10,head_side,2,CUT1_T64,T64_pair_N_O4_strict_DHA_ge_160,T64 backbone N...PET O4; D-H-A >=160 deg,frame_occupancy,hbond_pair,0.0,8001
Pro00057_PET_L10_head_side_r03,Pro00057,CUT1,PET_L10,10,head_side,3,CUT1_T64,T64_pair_N_O4_strict_DHA_ge_160,T64 backbone N...PET O4; D-H-A >=160 deg,frame_occupancy,hbond_pair,0.0,8001
Pro00057_PET_L10_tail_side_r02,Pro00057,CUT1,PET_L10,10,tail_side,2,CUT1_T64,T64_pair_N_O4_strict_DHA_ge_160,T64 backbone N...PET O4; D-H-A >=160 deg,frame_occupancy,hbond_pair,0.0,8001
Pro00057_PET_L10_tail_side_r03,Pro00057,CUT1,PET_L10,10,tail_side,3,CUT1_T64,T64_pair_N_O4_strict_DHA_ge_160,T64 backbone N...PET O4; D-H-A >=160 deg,frame_occupancy,hbond_pair,0.0,8001
Pro00057_PET_L20_bidirectional_r01,Pro00057,CUT1,PET_L20,20,bidirectional,1,CUT1_T64,T64_pair_N_O4_strict_DHA_ge_160,T64 backbone N...PET O4; D-H-A >=160 deg,frame_occupancy,hbond_pair,0.07436570428696412,8001
Pro00057_PET_L20_bidirectional_r02,Pro00057,CUT1,PET_L20,20,bidirectional,2,CUT1_T64,T64_pair_N_O4_strict_DHA_ge_160,T64 backbone N...PET O4; D-H-A >=160 deg,frame_occupancy,hbond_pair,0.0,8001
Pro00057_PET_L20_head_side_r01,Pro00057,CUT1,PET_L20,20,head_side,1,CUT1_T64,T64_pair_N_O4_strict_DHA_ge_160,T64 backbone N...PET O4; D-H-A >=160 deg,frame_occupancy,hbond_pair,0.03899512560929884,8001
Pro00057_PET_L20_head_side_r02,Pro00057,CUT1,PET_L20,20,head_side,2,CUT1_T64,T64_pair_N_O4_strict_DHA_ge_160,T64 backbone N...PET O4; D-H-A >=160 deg,frame_occupancy,hbond_pair,0.0014998125234345708,8001
Pro00057_PET_L20_head_side_r03,Pro00057,CUT1,PET_L20,20,head_side,3,CUT1_T64,T64_pair_N_O4_strict_DHA_ge_160,T64 backbone N...PET O4; D-H-A >=160 deg,frame_occupancy,hbond_pair,0.0,8001
Pro00057_PET_L20_tail_side_r02,Pro00057,CUT1,PET_L20,20,tail_side,2,CUT1_T64,T64_pair_N_O4_strict_DHA_ge_160,T64 backbone N...PET O4; D-H-A >=160 deg,frame_occupancy,hbond_pair,0.0,8001
Pro00057_PET_L10_bidirectional_r02,Pro00057,CUT1,PET_L10,10,bidirectional,2,CUT1_T64,T64_pair_OG1_O1_native_ADH_le_30,T64 side-chain OG1...PET O1; GROMACS A-D-H <=30 deg,frame_occupancy,hbond_pair,0.0,8001
Pro00057_PET_L10_bidirectional_r03,Pro00057,CUT1,PET_L10,10,bidirectional,3,CUT1_T64,T64_pair_OG1_O1_native_ADH_le_30,T64 side-chain OG1...PET O1; GROMACS A-D-H <=30 deg,frame_occupancy,hbond_pair,0.0,8001
Pro00057_PET_L10_head_side_r02,Pro00057,CUT1,PET_L10,10,head_side,2,CUT1_T64,T64_pair_OG1_O1_native_ADH_le_30,T64 side-chain OG1...PET O1; GROMACS A-D-H <=30 deg,frame_occupancy,hbond_pair,0.0,8001
Pro00057_PET_L10_head_side_r03,Pro00057,CUT1,PET_L10,10,head_side,3,CUT1_T64,T64_pair_OG1_O1_native_ADH_le_30,T64 side-chain OG1...PET O1; GROMACS A-D-H <=30 deg,frame_occupancy,hbond_pair,0.0,8001
Pro00057_PET_L10_tail_side_r02,Pro00057,CUT1,PET_L10,10,tail_side,2,CUT1_T64,T64_pair_OG1_O1_native_ADH_le_30,T64 side-chain OG1...PET O1; GROMACS A-D-H <=30 deg,frame_occupancy,hbond_pair,0.0,8001
Pro00057_PET_L10_tail_side_r03,Pro00057,CUT1,PET_L10,10,tail_side,3,CUT1_T64,T64_pair_OG1_O1_native_ADH_le_30,T64 side-chain OG1...PET O1; GROMACS A-D-H <=30 deg,frame_occupancy,hbond_pair,0.0,8001
Pro00057_PET_L20_bidirectional_r01,Pro00057,CUT1,PET_L20,20,bidirectional,1,CUT1_T64,T64_pair_OG1_O1_native_ADH_le_30,T64 side-chain OG1...PET O1; GROMACS A-D-H <=30 deg,frame_occupancy,hbond_pair,0.0,8001
Pro00057_PET_L20_bidirectional_r02,Pro00057,CUT1,PET_L20,20,bidirectional,2,CUT1_T64,T64_pair_OG1_O1_native_ADH_le_30,T64 side-chain OG1...PET O1; GROMACS A-D-H <=30 deg,frame_occupancy,hbond_pair,0.0,8001
Pro00057_PET_L20_head_side_r01,Pro00057,CUT1,PET_L20,20,head_side,1,CUT1_T64,T64_pair_OG1_O1_native_ADH_le_30,T64 side-chain OG1...PET O1; GROMACS A-D-H <=30 deg,frame_occupancy,hbond_pair,0.0,8001
Pro00057_PET_L20_head_side_r02,Pro00057,CUT1,PET_L20,20,head_side,2,CUT1_T64,T64_pair_OG1_O1_native_ADH_le_30,T64 side-chain OG1...PET O1; GROMACS A-D-H <=30 deg,frame_occupancy,hbond_pair,0.0,8001
Pro00057_PET_L20_head_side_r03,Pro00057,CUT1,PET_L20,20,head_side,3,CUT1_T64,T64_pair_OG1_O1_native_ADH_le_30,T64 side-chain OG1...PET O1; GROMACS A-D-H <=30 deg,frame_occupancy,hbond_pair,0.0,8001
Pro00057_PET_L20_tail_side_r02,Pro00057,CUT1,PET_L20,20,tail_side,2,CUT1_T64,T64_pair_OG1_O1_native_ADH_le_30,T64 side-chain OG1...PET O1; GROMACS A-D-H <=30 deg,frame_occupancy,hbond_pair,0.0,8001
Pro00057_PET_L10_bidirectional_r02,Pro00057,CUT1,PET_L10,10,bidirectional,2,CUT1_T64,T64_pair_OG1_O1_strict_DHA_ge_160,T64 side-chain OG1...PET O1; D-H-A >=160 deg,frame_occupancy,hbond_pair,0.0,8001
Pro00057_PET_L10_bidirectional_r03,Pro00057,CUT1,PET_L10,10,bidirectional,3,CUT1_T64,T64_pair_OG1_O1_strict_DHA_ge_160,T64 side-chain OG1...PET O1; D-H-A >=160 deg,frame_occupancy,hbond_pair,0.0,8001
Pro00057_PET_L10_head_side_r02,Pro00057,CUT1,PET_L10,10,head_side,2,CUT1_T64,T64_pair_OG1_O1_strict_DHA_ge_160,T64 side-chain OG1...PET O1; D-H-A >=160 deg,frame_occupancy,hbond_pair,0.0,8001
Pro00057_PET_L10_head_side_r03,Pro00057,CUT1,PET_L10,10,head_side,3,CUT1_T64,T64_pair_OG1_O1_strict_DHA_ge_160,T64 side-chain OG1...PET O1; D-H-A >=160 deg,frame_occupancy,hbond_pair,0.0,8001
Pro00057_PET_L10_tail_side_r02,Pro00057,CUT1,PET_L10,10,tail_side,2,CUT1_T64,T64_pair_OG1_O1_strict_DHA_ge_160,T64 side-chain OG1...PET O1; D-H-A >=160 deg,frame_occupancy,hbond_pair,0.0,8001
Pro00057_PET_L10_tail_side_r03,Pro00057,CUT1,PET_L10,10,tail_side,3,CUT1_T64,T64_pair_OG1_O1_strict_DHA_ge_160,T64 side-chain OG1...PET O1; D-H-A >=160 deg,frame_occupancy,hbond_pair,0.0,8001
Pro00057_PET_L20_bidirectional_r01,Pro00057,CUT1,PET_L20,20,bidirectional,1,CUT1_T64,T64_pair_OG1_O1_strict_DHA_ge_160,T64 side-chain OG1...PET O1; D-H-A >=160 deg,frame_occupancy,hbond_pair,0.0,8001
Pro00057_PET_L20_bidirectional_r02,Pro00057,CUT1,PET_L20,20,bidirectional,2,CUT1_T64,T64_pair_OG1_O1_strict_DHA_ge_160,T64 side-chain OG1...PET O1; D-H-A >=160 deg,frame_occupancy,hbond_pair,0.0,8001
Pro00057_PET_L20_head_side_r01,Pro00057,CUT1,PET_L20,20,head_side,1,CUT1_T64,T64_pair_OG1_O1_strict_DHA_ge_160,T64 side-chain OG1...PET O1; D-H-A >=160 deg,frame_occupancy,hbond_pair,0.0,8001
Pro00057_PET_L20_head_side_r02,Pro00057,CUT1,PET_L20,20,head_side,2,CUT1_T64,T64_pair_OG1_O1_strict_DHA_ge_160,T64 side-chain OG1...PET O1; D-H-A >=160 deg,frame_occupancy,hbond_pair,0.0,8001
Pro00057_PET_L20_head_side_r03,Pro00057,CUT1,PET_L20,20,head_side,3,CUT1_T64,T64_pair_OG1_O1_strict_DHA_ge_160,T64 side-chain OG1...PET O1; D-H-A >=160 deg,frame_occupancy,hbond_pair,0.0,8001
Pro00057_PET_L20_tail_side_r02,Pro00057,CUT1,PET_L20,20,tail_side,2,CUT1_T64,T64_pair_OG1_O1_strict_DHA_ge_160,T64 side-chain OG1...PET O1; D-H-A >=160 deg,frame_occupancy,hbond_pair,0.0,8001
Pro00057_PET_L10_bidirectional_r02,Pro00057,CUT1,PET_L10,10,bidirectional,2,CUT1_T64,T64_pair_OG1_O2_native_ADH_le_30,T64 side-chain OG1...PET O2; GROMACS A-D-H <=30 deg,frame_occupancy,hbond_pair,0.0,8001
Pro00057_PET_L10_bidirectional_r03,Pro00057,CUT1,PET_L10,10,bidirectional,3,CUT1_T64,T64_pair_OG1_O2_native_ADH_le_30,T64 side-chain OG1...PET O2; GROMACS A-D-H <=30 deg,frame_occupancy,hbond_pair,0.0,8001
Pro00057_PET_L10_head_side_r02,Pro00057,CUT1,PET_L10,10,head_side,2,CUT1_T64,T64_pair_OG1_O2_native_ADH_le_30,T64 side-chain OG1...PET O2; GROMACS A-D-H <=30 deg,frame_occupancy,hbond_pair,0.00012498437695288088,8001
Pro00057_PET_L10_head_side_r03,Pro00057,CUT1,PET_L10,10,head_side,3,CUT1_T64,T64_pair_OG1_O2_native_ADH_le_30,T64 side-chain OG1...PET O2; GROMACS A-D-H <=30 deg,frame_occupancy,hbond_pair,0.0,8001
Pro00057_PET_L10_tail_side_r02,Pro00057,CUT1,PET_L10,10,tail_side,2,CUT1_T64,T64_pair_OG1_O2_native_ADH_le_30,T64 side-chain OG1...PET O2; GROMACS A-D-H <=30 deg,frame_occupancy,hbond_pair,0.0,8001
Pro00057_PET_L10_tail_side_r03,Pro00057,CUT1,PET_L10,10,tail_side,3,CUT1_T64,T64_pair_OG1_O2_native_ADH_le_30,T64 side-chain OG1...PET O2; GROMACS A-D-H <=30 deg,frame_occupancy,hbond_pair,0.0,8001
Pro00057_PET_L20_bidirectional_r01,Pro00057,CUT1,PET_L20,20,bidirectional,1,CUT1_T64,T64_pair_OG1_O2_native_ADH_le_30,T64 side-chain OG1...PET O2; GROMACS A-D-H <=30 deg,frame_occupancy,hbond_pair,0.00024996875390576176,8001
Pro00057_PET_L20_bidirectional_r02,Pro00057,CUT1,PET_L20,20,bidirectional,2,CUT1_T64,T64_pair_OG1_O2_native_ADH_le_30,T64 side-chain OG1...PET O2; GROMACS A-D-H <=30 deg,frame_occupancy,hbond_pair,0.0,8001
Pro00057_PET_L20_head_side_r01,Pro00057,CUT1,PET_L20,20,head_side,1,CUT1_T64,T64_pair_OG1_O2_native_ADH_le_30,T64 side-chain OG1...PET O2; GROMACS A-D-H <=30 deg,frame_occupancy,hbond_pair,0.0029996250468691415,8001
Pro00057_PET_L20_head_side_r02,Pro00057,CUT1,PET_L20,20,head_side,2,CUT1_T64,T64_pair_OG1_O2_native_ADH_le_30,T64 side-chain OG1...PET O2; GROMACS A-D-H <=30 deg,frame_occupancy,hbond_pair,0.0,8001
Pro00057_PET_L20_head_side_r03,Pro00057,CUT1,PET_L20,20,head_side,3,CUT1_T64,T64_pair_OG1_O2_native_ADH_le_30,T64 side-chain OG1...PET O2; GROMACS A-D-H <=30 deg,frame_occupancy,hbond_pair,0.0,8001
Pro00057_PET_L20_tail_side_r02,Pro00057,CUT1,PET_L20,20,tail_side,2,CUT1_T64,T64_pair_OG1_O2_native_ADH_le_30,T64 side-chain OG1...PET O2; GROMACS A-D-H <=30 deg,frame_occupancy,hbond_pair,0.0064991876015498065,8001
Pro00057_PET_L10_bidirectional_r02,Pro00057,CUT1,PET_L10,10,bidirectional,2,CUT1_T64,T64_pair_OG1_O2_strict_DHA_ge_160,T64 side-chain OG1...PET O2; D-H-A >=160 deg,frame_occupancy,hbond_pair,0.0,8001
Pro00057_PET_L10_bidirectional_r03,Pro00057,CUT1,PET_L10,10,bidirectional,3,CUT1_T64,T64_pair_OG1_O2_strict_DHA_ge_160,T64 side-chain OG1...PET O2; D-H-A >=160 deg,frame_occupancy,hbond_pair,0.0,8001
Pro00057_PET_L10_head_side_r02,Pro00057,CUT1,PET_L10,10,head_side,2,CUT1_T64,T64_pair_OG1_O2_strict_DHA_ge_160,T64 side-chain OG1...PET O2; D-H-A >=160 deg,frame_occupancy,hbond_pair,0.00012498437695288088,8001
Pro00057_PET_L10_head_side_r03,Pro00057,CUT1,PET_L10,10,head_side,3,CUT1_T64,T64_pair_OG1_O2_strict_DHA_ge_160,T64 side-chain OG1...PET O2; D-H-A >=160 deg,frame_occupancy,hbond_pair,0.0,8001
Pro00057_PET_L10_tail_side_r02,Pro00057,CUT1,PET_L10,10,tail_side,2,CUT1_T64,T64_pair_OG1_O2_strict_DHA_ge_160,T64 side-chain OG1...PET O2; D-H-A >=160 deg,frame_occupancy,hbond_pair,0.0,8001
Pro00057_PET_L10_tail_side_r03,Pro00057,CUT1,PET_L10,10,tail_side,3,CUT1_T64,T64_pair_OG1_O2_strict_DHA_ge_160,T64 side-chain OG1...PET O2; D-H-A >=160 deg,frame_occupancy,hbond_pair,0.0,8001
Pro00057_PET_L20_bidirectional_r01,Pro00057,CUT1,PET_L20,20,bidirectional,1,CUT1_T64,T64_pair_OG1_O2_strict_DHA_ge_160,T64 side-chain OG1...PET O2; D-H-A >=160 deg,frame_occupancy,hbond_pair,0.00012498437695288088,8001
Pro00057_PET_L20_bidirectional_r02,Pro00057,CUT1,PET_L20,20,bidirectional,2,CUT1_T64,T64_pair_OG1_O2_strict_DHA_ge_160,T64 side-chain OG1...PET O2; D-H-A >=160 deg,frame_occupancy,hbond_pair,0.0,8001
Pro00057_PET_L20_head_side_r01,Pro00057,CUT1,PET_L20,20,head_side,1,CUT1_T64,T64_pair_OG1_O2_strict_DHA_ge_160,T64 side-chain OG1...PET O2; D-H-A >=160 deg,frame_occupancy,hbond_pair,0.0018747656542932134,8001
Pro00057_PET_L20_head_side_r02,Pro00057,CUT1,PET_L20,20,head_side,2,CUT1_T64,T64_pair_OG1_O2_strict_DHA_ge_160,T64 side-chain OG1...PET O2; D-H-A >=160 deg,frame_occupancy,hbond_pair,0.0,8001
Pro00057_PET_L20_head_side_r03,Pro00057,CUT1,PET_L20,20,head_side,3,CUT1_T64,T64_pair_OG1_O2_strict_DHA_ge_160,T64 side-chain OG1...PET O2; D-H-A >=160 deg,frame_occupancy,hbond_pair,0.0,8001
Pro00057_PET_L20_tail_side_r02,Pro00057,CUT1,PET_L20,20,tail_side,2,CUT1_T64,T64_pair_OG1_O2_strict_DHA_ge_160,T64 side-chain OG1...PET O2; D-H-A >=160 deg,frame_occupancy,hbond_pair,0.0038745156855393074,8001
Pro00057_PET_L10_bidirectional_r02,Pro00057,CUT1,PET_L10,10,bidirectional,2,CUT1_T64,T64_pair_OG1_O4_native_ADH_le_30,T64 side-chain OG1...PET O4; GROMACS A-D-H <=30 deg,frame_occupancy,hbond_pair,0.0,8001
Pro00057_PET_L10_bidirectional_r03,Pro00057,CUT1,PET_L10,10,bidirectional,3,CUT1_T64,T64_pair_OG1_O4_native_ADH_le_30,T64 side-chain OG1...PET O4; GROMACS A-D-H <=30 deg,frame_occupancy,hbond_pair,0.0,8001
Pro00057_PET_L10_head_side_r02,Pro00057,CUT1,PET_L10,10,head_side,2,CUT1_T64,T64_pair_OG1_O4_native_ADH_le_30,T64 side-chain OG1...PET O4; GROMACS A-D-H <=30 deg,frame_occupancy,hbond_pair,0.0,8001
Pro00057_PET_L10_head_side_r03,Pro00057,CUT1,PET_L10,10,head_side,3,CUT1_T64,T64_pair_OG1_O4_native_ADH_le_30,T64 side-chain OG1...PET O4; GROMACS A-D-H <=30 deg,frame_occupancy,hbond_pair,0.0,8001
Pro00057_PET_L10_tail_side_r02,Pro00057,CUT1,PET_L10,10,tail_side,2,CUT1_T64,T64_pair_OG1_O4_native_ADH_le_30,T64 side-chain OG1...PET O4; GROMACS A-D-H <=30 deg,frame_occupancy,hbond_pair,0.0,8001
Pro00057_PET_L10_tail_side_r03,Pro00057,CUT1,PET_L10,10,tail_side,3,CUT1_T64,T64_pair_OG1_O4_native_ADH_le_30,T64 side-chain OG1...PET O4; GROMACS A-D-H <=30 deg,frame_occupancy,hbond_pair,0.0,8001
Pro00057_PET_L20_bidirectional_r01,Pro00057,CUT1,PET_L20,20,bidirectional,1,CUT1_T64,T64_pair_OG1_O4_native_ADH_le_30,T64 side-chain OG1...PET O4; GROMACS A-D-H <=30 deg,frame_occupancy,hbond_pair,0.08711411073615798,8001
Pro00057_PET_L20_bidirectional_r02,Pro00057,CUT1,PET_L20,20,bidirectional,2,CUT1_T64,T64_pair_OG1_O4_native_ADH_le_30,T64 side-chain OG1...PET O4; GROMACS A-D-H <=30 deg,frame_occupancy,hbond_pair,0.0,8001
Pro00057_PET_L20_head_side_r01,Pro00057,CUT1,PET_L20,20,head_side,1,CUT1_T64,T64_pair_OG1_O4_native_ADH_le_30,T64 side-chain OG1...PET O4; GROMACS A-D-H <=30 deg,frame_occupancy,hbond_pair,0.02949631296087989,8001
Pro00057_PET_L20_head_side_r02,Pro00057,CUT1,PET_L20,20,head_side,2,CUT1_T64,T64_pair_OG1_O4_native_ADH_le_30,T64 side-chain OG1...PET O4; GROMACS A-D-H <=30 deg,frame_occupancy,hbond_pair,0.0,8001
Pro00057_PET_L20_head_side_r03,Pro00057,CUT1,PET_L20,20,head_side,3,CUT1_T64,T64_pair_OG1_O4_native_ADH_le_30,T64 side-chain OG1...PET O4; GROMACS A-D-H <=30 deg,frame_occupancy,hbond_pair,0.0,8001
Pro00057_PET_L20_tail_side_r02,Pro00057,CUT1,PET_L20,20,tail_side,2,CUT1_T64,T64_pair_OG1_O4_native_ADH_le_30,T64 side-chain OG1...PET O4; GROMACS A-D-H <=30 deg,frame_occupancy,hbond_pair,0.0013748281464816899,8001
Pro00057_PET_L10_bidirectional_r02,Pro00057,CUT1,PET_L10,10,bidirectional,2,CUT1_T64,T64_pair_OG1_O4_strict_DHA_ge_160,T64 side-chain OG1...PET O4; D-H-A >=160 deg,frame_occupancy,hbond_pair,0.0,8001
Pro00057_PET_L10_bidirectional_r03,Pro00057,CUT1,PET_L10,10,bidirectional,3,CUT1_T64,T64_pair_OG1_O4_strict_DHA_ge_160,T64 side-chain OG1...PET O4; D-H-A >=160 deg,frame_occupancy,hbond_pair,0.0,8001
Pro00057_PET_L10_head_side_r02,Pro00057,CUT1,PET_L10,10,head_side,2,CUT1_T64,T64_pair_OG1_O4_strict_DHA_ge_160,T64 side-chain OG1...PET O4; D-H-A >=160 deg,frame_occupancy,hbond_pair,0.0,8001
Pro00057_PET_L10_head_side_r03,Pro00057,CUT1,PET_L10,10,head_side,3,CUT1_T64,T64_pair_OG1_O4_strict_DHA_ge_160,T64 side-chain OG1...PET O4; D-H-A >=160 deg,frame_occupancy,hbond_pair,0.0,8001
Pro00057_PET_L10_tail_side_r02,Pro00057,CUT1,PET_L10,10,tail_side,2,CUT1_T64,T64_pair_OG1_O4_strict_DHA_ge_160,T64 side-chain OG1...PET O4; D-H-A >=160 deg,frame_occupancy,hbond_pair,0.0,8001
Pro00057_PET_L10_tail_side_r03,Pro00057,CUT1,PET_L10,10,tail_side,3,CUT1_T64,T64_pair_OG1_O4_strict_DHA_ge_160,T64 side-chain OG1...PET O4; D-H-A >=160 deg,frame_occupancy,hbond_pair,0.0,8001
Pro00057_PET_L20_bidirectional_r01,Pro00057,CUT1,PET_L20,20,bidirectional,1,CUT1_T64,T64_pair_OG1_O4_strict_DHA_ge_160,T64 side-chain OG1...PET O4; D-H-A >=160 deg,frame_occupancy,hbond_pair,0.04911886014248219,8001
Pro00057_PET_L20_bidirectional_r02,Pro00057,CUT1,PET_L20,20,bidirectional,2,CUT1_T64,T64_pair_OG1_O4_strict_DHA_ge_160,T64 side-chain OG1...PET O4; D-H-A >=160 deg,frame_occupancy,hbond_pair,0.0,8001
Pro00057_PET_L20_head_side_r01,Pro00057,CUT1,PET_L20,20,head_side,1,CUT1_T64,T64_pair_OG1_O4_strict_DHA_ge_160,T64 side-chain OG1...PET O4; D-H-A >=160 deg,frame_occupancy,hbond_pair,0.01812273465816773,8001
Pro00057_PET_L20_head_side_r02,Pro00057,CUT1,PET_L20,20,head_side,2,CUT1_T64,T64_pair_OG1_O4_strict_DHA_ge_160,T64 side-chain OG1...PET O4; D-H-A >=160 deg,frame_occupancy,hbond_pair,0.0,8001
Pro00057_PET_L20_head_side_r03,Pro00057,CUT1,PET_L20,20,head_side,3,CUT1_T64,T64_pair_OG1_O4_strict_DHA_ge_160,T64 side-chain OG1...PET O4; D-H-A >=160 deg,frame_occupancy,hbond_pair,0.0,8001
Pro00057_PET_L20_tail_side_r02,Pro00057,CUT1,PET_L20,20,tail_side,2,CUT1_T64,T64_pair_OG1_O4_strict_DHA_ge_160,T64 side-chain OG1...PET O4; D-H-A >=160 deg,frame_occupancy,hbond_pair,0.000999875015623047,8001
Pro00057_PET_L10_bidirectional_r02,Pro00057,CUT1,PET_L10,10,bidirectional,2,CUT1_T64,T64_sidechain_native_ADH_le_30,"T64 H-bond occupancy, side-chain OG1; GROMACS A-D-H <=30 deg",frame_occupancy,hbond_decomposition,0.0,8001
Pro00057_PET_L10_bidirectional_r03,Pro00057,CUT1,PET_L10,10,bidirectional,3,CUT1_T64,T64_sidechain_native_ADH_le_30,"T64 H-bond occupancy, side-chain OG1; GROMACS A-D-H <=30 deg",frame_occupancy,hbond_decomposition,0.0,8001
Pro00057_PET_L10_head_side_r02,Pro00057,CUT1,PET_L10,10,head_side,2,CUT1_T64,T64_sidechain_native_ADH_le_30,"T64 H-bond occupancy, side-chain OG1; GROMACS A-D-H <=30 deg",frame_occupancy,hbond_decomposition,0.00012498437695288088,8001
Pro00057_PET_L10_head_side_r03,Pro00057,CUT1,PET_L10,10,head_side,3,CUT1_T64,T64_sidechain_native_ADH_le_30,"T64 H-bond occupancy, side-chain OG1; GROMACS A-D-H <=30 deg",frame_occupancy,hbond_decomposition,0.0,8001
Pro00057_PET_L10_tail_side_r02,Pro00057,CUT1,PET_L10,10,tail_side,2,CUT1_T64,T64_sidechain_native_ADH_le_30,"T64 H-bond occupancy, side-chain OG1; GROMACS A-D-H <=30 deg",frame_occupancy,hbond_decomposition,0.0,8001
Pro00057_PET_L10_tail_side_r03,Pro00057,CUT1,PET_L10,10,tail_side,3,CUT1_T64,T64_sidechain_native_ADH_le_30,"T64 H-bond occupancy, side-chain OG1; GROMACS A-D-H <=30 deg",frame_occupancy,hbond_decomposition,0.0,8001
Pro00057_PET_L20_bidirectional_r01,Pro00057,CUT1,PET_L20,20,bidirectional,1,CUT1_T64,T64_sidechain_native_ADH_le_30,"T64 H-bond occupancy, side-chain OG1; GROMACS A-D-H <=30 deg",frame_occupancy,hbond_decomposition,0.08736407949006374,8001
Pro00057_PET_L20_bidirectional_r02,Pro00057,CUT1,PET_L20,20,bidirectional,2,CUT1_T64,T64_sidechain_native_ADH_le_30,"T64 H-bond occupancy, side-chain OG1; GROMACS A-D-H <=30 deg",frame_occupancy,hbond_decomposition,0.0,8001
Pro00057_PET_L20_head_side_r01,Pro00057,CUT1,PET_L20,20,head_side,1,CUT1_T64,T64_sidechain_native_ADH_le_30,"T64 H-bond occupancy, side-chain OG1; GROMACS A-D-H <=30 deg",frame_occupancy,hbond_decomposition,0.03249593800774903,8001
Pro00057_PET_L20_head_side_r02,Pro00057,CUT1,PET_L20,20,head_side,2,CUT1_T64,T64_sidechain_native_ADH_le_30,"T64 H-bond occupancy, side-chain OG1; GROMACS A-D-H <=30 deg",frame_occupancy,hbond_decomposition,0.0,8001
Pro00057_PET_L20_head_side_r03,Pro00057,CUT1,PET_L20,20,head_side,3,CUT1_T64,T64_sidechain_native_ADH_le_30,"T64 H-bond occupancy, side-chain OG1; GROMACS A-D-H <=30 deg",frame_occupancy,hbond_decomposition,0.0,8001
Pro00057_PET_L20_tail_side_r02,Pro00057,CUT1,PET_L20,20,tail_side,2,CUT1_T64,T64_sidechain_native_ADH_le_30,"T64 H-bond occupancy, side-chain OG1; GROMACS A-D-H <=30 deg",frame_occupancy,hbond_decomposition,0.007874015748031496,8001
Pro00057_PET_L10_bidirectional_r02,Pro00057,CUT1,PET_L10,10,bidirectional,2,CUT1_T64,T64_sidechain_only_native_ADH_le_30,"T64 H-bond occupancy, side-chain only; GROMACS A-D-H <=30 deg",frame_occupancy,hbond_decomposition,0.0,8001
Pro00057_PET_L10_bidirectional_r03,Pro00057,CUT1,PET_L10,10,bidirectional,3,CUT1_T64,T64_sidechain_only_native_ADH_le_30,"T64 H-bond occupancy, side-chain only; GROMACS A-D-H <=30 deg",frame_occupancy,hbond_decomposition,0.0,8001
Pro00057_PET_L10_head_side_r02,Pro00057,CUT1,PET_L10,10,head_side,2,CUT1_T64,T64_sidechain_only_native_ADH_le_30,"T64 H-bond occupancy, side-chain only; GROMACS A-D-H <=30 deg",frame_occupancy,hbond_decomposition,0.00012498437695288088,8001
Pro00057_PET_L10_head_side_r03,Pro00057,CUT1,PET_L10,10,head_side,3,CUT1_T64,T64_sidechain_only_native_ADH_le_30,"T64 H-bond occupancy, side-chain only; GROMACS A-D-H <=30 deg",frame_occupancy,hbond_decomposition,0.0,8001
Pro00057_PET_L10_tail_side_r02,Pro00057,CUT1,PET_L10,10,tail_side,2,CUT1_T64,T64_sidechain_only_native_ADH_le_30,"T64 H-bond occupancy, side-chain only; GROMACS A-D-H <=30 deg",frame_occupancy,hbond_decomposition,0.0,8001
Pro00057_PET_L10_tail_side_r03,Pro00057,CUT1,PET_L10,10,tail_side,3,CUT1_T64,T64_sidechain_only_native_ADH_le_30,"T64 H-bond occupancy, side-chain only; GROMACS A-D-H <=30 deg",frame_occupancy,hbond_decomposition,0.0,8001
Pro00057_PET_L20_bidirectional_r01,Pro00057,CUT1,PET_L20,20,bidirectional,1,CUT1_T64,T64_sidechain_only_native_ADH_le_30,"T64 H-bond occupancy, side-chain only; GROMACS A-D-H <=30 deg",frame_occupancy,hbond_decomposition,0.05349331333583302,8001
Pro00057_PET_L20_bidirectional_r02,Pro00057,CUT1,PET_L20,20,bidirectional,2,CUT1_T64,T64_sidechain_only_native_ADH_le_30,"T64 H-bond occupancy, side-chain only; GROMACS A-D-H <=30 deg",frame_occupancy,hbond_decomposition,0.0,8001
Pro00057_PET_L20_head_side_r01,Pro00057,CUT1,PET_L20,20,head_side,1,CUT1_T64,T64_sidechain_only_native_ADH_le_30,"T64 H-bond occupancy, side-chain only; GROMACS A-D-H <=30 deg",frame_occupancy,hbond_decomposition,0.01824771903512061,8001
Pro00057_PET_L20_head_side_r02,Pro00057,CUT1,PET_L20,20,head_side,2,CUT1_T64,T64_sidechain_only_native_ADH_le_30,"T64 H-bond occupancy, side-chain only; GROMACS A-D-H <=30 deg",frame_occupancy,hbond_decomposition,0.0,8001
Pro00057_PET_L20_head_side_r03,Pro00057,CUT1,PET_L20,20,head_side,3,CUT1_T64,T64_sidechain_only_native_ADH_le_30,"T64 H-bond occupancy, side-chain only; GROMACS A-D-H <=30 deg",frame_occupancy,hbond_decomposition,0.0,8001
Pro00057_PET_L20_tail_side_r02,Pro00057,CUT1,PET_L20,20,tail_side,2,CUT1_T64,T64_sidechain_only_native_ADH_le_30,"T64 H-bond occupancy, side-chain only; GROMACS A-D-H <=30 deg",frame_occupancy,hbond_decomposition,0.007624046994125735,8001
Pro00057_PET_L10_bidirectional_r02,Pro00057,CUT1,PET_L10,10,bidirectional,2,CUT1_T64,T64_sidechain_only_strict_DHA_ge_160,"T64 H-bond occupancy, side-chain only; D-H-A >=160 deg",frame_occupancy,hbond_decomposition,0.0,8001
Pro00057_PET_L10_bidirectional_r03,Pro00057,CUT1,PET_L10,10,bidirectional,3,CUT1_T64,T64_sidechain_only_strict_DHA_ge_160,"T64 H-bond occupancy, side-chain only; D-H-A >=160 deg",frame_occupancy,hbond_decomposition,0.0,8001
Pro00057_PET_L10_head_side_r02,Pro00057,CUT1,PET_L10,10,head_side,2,CUT1_T64,T64_sidechain_only_strict_DHA_ge_160,"T64 H-bond occupancy, side-chain only; D-H-A >=160 deg",frame_occupancy,hbond_decomposition,0.00012498437695288088,8001
Pro00057_PET_L10_head_side_r03,Pro00057,CUT1,PET_L10,10,head_side,3,CUT1_T64,T64_sidechain_only_strict_DHA_ge_160,"T64 H-bond occupancy, side-chain only; D-H-A >=160 deg",frame_occupancy,hbond_decomposition,0.0,8001
Pro00057_PET_L10_tail_side_r02,Pro00057,CUT1,PET_L10,10,tail_side,2,CUT1_T64,T64_sidechain_only_strict_DHA_ge_160,"T64 H-bond occupancy, side-chain only; D-H-A >=160 deg",frame_occupancy,hbond_decomposition,0.0,8001
Pro00057_PET_L10_tail_side_r03,Pro00057,CUT1,PET_L10,10,tail_side,3,CUT1_T64,T64_sidechain_only_strict_DHA_ge_160,"T64 H-bond occupancy, side-chain only; D-H-A >=160 deg",frame_occupancy,hbond_decomposition,0.0,8001
Pro00057_PET_L20_bidirectional_r01,Pro00057,CUT1,PET_L20,20,bidirectional,1,CUT1_T64,T64_sidechain_only_strict_DHA_ge_160,"T64 H-bond occupancy, side-chain only; D-H-A >=160 deg",frame_occupancy,hbond_decomposition,0.04086989126359205,8001
Pro00057_PET_L20_bidirectional_r02,Pro00057,CUT1,PET_L20,20,bidirectional,2,CUT1_T64,T64_sidechain_only_strict_DHA_ge_160,"T64 H-bond occupancy, side-chain only; D-H-A >=160 deg",frame_occupancy,hbond_decomposition,0.0,8001
Pro00057_PET_L20_head_side_r01,Pro00057,CUT1,PET_L20,20,head_side,1,CUT1_T64,T64_sidechain_only_strict_DHA_ge_160,"T64 H-bond occupancy, side-chain only; D-H-A >=160 deg",frame_occupancy,hbond_decomposition,0.016622922134733157,8001
Pro00057_PET_L20_head_side_r02,Pro00057,CUT1,PET_L20,20,head_side,2,CUT1_T64,T64_sidechain_only_strict_DHA_ge_160,"T64 H-bond occupancy, side-chain only; D-H-A >=160 deg",frame_occupancy,hbond_decomposition,0.0,8001
Pro00057_PET_L20_head_side_r03,Pro00057,CUT1,PET_L20,20,head_side,3,CUT1_T64,T64_sidechain_only_strict_DHA_ge_160,"T64 H-bond occupancy, side-chain only; D-H-A >=160 deg",frame_occupancy,hbond_decomposition,0.0,8001
Pro00057_PET_L20_tail_side_r02,Pro00057,CUT1,PET_L20,20,tail_side,2,CUT1_T64,T64_sidechain_only_strict_DHA_ge_160,"T64 H-bond occupancy, side-chain only; D-H-A >=160 deg",frame_occupancy,hbond_decomposition,0.004874390701162355,8001
Pro00057_PET_L10_bidirectional_r02,Pro00057,CUT1,PET_L10,10,bidirectional,2,CUT1_T64,T64_sidechain_strict_DHA_ge_160,"T64 H-bond occupancy, side-chain OG1; D-H-A >=160 deg",frame_occupancy,hbond_decomposition,0.0,8001
Pro00057_PET_L10_bidirectional_r03,Pro00057,CUT1,PET_L10,10,bidirectional,3,CUT1_T64,T64_sidechain_strict_DHA_ge_160,"T64 H-bond occupancy, side-chain OG1; D-H-A >=160 deg",frame_occupancy,hbond_decomposition,0.0,8001
Pro00057_PET_L10_head_side_r02,Pro00057,CUT1,PET_L10,10,head_side,2,CUT1_T64,T64_sidechain_strict_DHA_ge_160,"T64 H-bond occupancy, side-chain OG1; D-H-A >=160 deg",frame_occupancy,hbond_decomposition,0.00012498437695288088,8001
Pro00057_PET_L10_head_side_r03,Pro00057,CUT1,PET_L10,10,head_side,3,CUT1_T64,T64_sidechain_strict_DHA_ge_160,"T64 H-bond occupancy, side-chain OG1; D-H-A >=160 deg",frame_occupancy,hbond_decomposition,0.0,8001
Pro00057_PET_L10_tail_side_r02,Pro00057,CUT1,PET_L10,10,tail_side,2,CUT1_T64,T64_sidechain_strict_DHA_ge_160,"T64 H-bond occupancy, side-chain OG1; D-H-A >=160 deg",frame_occupancy,hbond_decomposition,0.0,8001
Pro00057_PET_L10_tail_side_r03,Pro00057,CUT1,PET_L10,10,tail_side,3,CUT1_T64,T64_sidechain_strict_DHA_ge_160,"T64 H-bond occupancy, side-chain OG1; D-H-A >=160 deg",frame_occupancy,hbond_decomposition,0.0,8001
Pro00057_PET_L20_bidirectional_r01,Pro00057,CUT1,PET_L20,20,bidirectional,1,CUT1_T64,T64_sidechain_strict_DHA_ge_160,"T64 H-bond occupancy, side-chain OG1; D-H-A >=160 deg",frame_occupancy,hbond_decomposition,0.04924384451943507,8001
Pro00057_PET_L20_bidirectional_r02,Pro00057,CUT1,PET_L20,20,bidirectional,2,CUT1_T64,T64_sidechain_strict_DHA_ge_160,"T64 H-bond occupancy, side-chain OG1; D-H-A >=160 deg",frame_occupancy,hbond_decomposition,0.0,8001
Pro00057_PET_L20_head_side_r01,Pro00057,CUT1,PET_L20,20,head_side,1,CUT1_T64,T64_sidechain_strict_DHA_ge_160,"T64 H-bond occupancy, side-chain OG1; D-H-A >=160 deg",frame_occupancy,hbond_decomposition,0.019997500312460944,8001
Pro00057_PET_L20_head_side_r02,Pro00057,CUT1,PET_L20,20,head_side,2,CUT1_T64,T64_sidechain_strict_DHA_ge_160,"T64 H-bond occupancy, side-chain OG1; D-H-A >=160 deg",frame_occupancy,hbond_decomposition,0.0,8001
Pro00057_PET_L20_head_side_r03,Pro00057,CUT1,PET_L20,20,head_side,3,CUT1_T64,T64_sidechain_strict_DHA_ge_160,"T64 H-bond occupancy, side-chain OG1; D-H-A >=160 deg",frame_occupancy,hbond_decomposition,0.0,8001
Pro00057_PET_L20_tail_side_r02,Pro00057,CUT1,PET_L20,20,tail_side,2,CUT1_T64,T64_sidechain_strict_DHA_ge_160,"T64 H-bond occupancy, side-chain OG1; D-H-A >=160 deg",frame_occupancy,hbond_decomposition,0.004874390701162355,8001
Pro00121_PET_L10_bidirectional_r03,Pro00121,HiC,PET_L10,10,bidirectional,3,HiC_L138,L138_nonpolar_d0p40_any,"L138 nonpolar carbon contact (<0.40 nm), any PET unit",any_pet_unit,nonpolar_contact,0.0,8001
Pro00121_PET_L10_head_side_r02,Pro00121,HiC,PET_L10,10,head_side,2,HiC_L138,L138_nonpolar_d0p40_any,"L138 nonpolar carbon contact (<0.40 nm), any PET unit",any_pet_unit,nonpolar_contact,0.21997250343707037,8001
Pro00121_PET_L10_tail_side_r01,Pro00121,HiC,PET_L10,10,tail_side,1,HiC_L138,L138_nonpolar_d0p40_any,"L138 nonpolar carbon contact (<0.40 nm), any PET unit",any_pet_unit,nonpolar_contact,0.0,8001
Pro00121_PET_L10_tail_side_r02,Pro00121,HiC,PET_L10,10,tail_side,2,HiC_L138,L138_nonpolar_d0p40_any,"L138 nonpolar carbon contact (<0.40 nm), any PET unit",any_pet_unit,nonpolar_contact,0.0,8001
Pro00121_PET_L10_tail_side_r03,Pro00121,HiC,PET_L10,10,tail_side,3,HiC_L138,L138_nonpolar_d0p40_any,"L138 nonpolar carbon contact (<0.40 nm), any PET unit",any_pet_unit,nonpolar_contact,0.03812023497062867,8001
Pro00121_PET_L20_bidirectional_r01,Pro00121,HiC,PET_L20,20,bidirectional,1,HiC_L138,L138_nonpolar_d0p40_any,"L138 nonpolar carbon contact (<0.40 nm), any PET unit",any_pet_unit,nonpolar_contact,0.0007499062617172854,8001
Pro00121_PET_L20_bidirectional_r02,Pro00121,HiC,PET_L20,20,bidirectional,2,HiC_L138,L138_nonpolar_d0p40_any,"L138 nonpolar carbon contact (<0.40 nm), any PET unit",any_pet_unit,nonpolar_contact,0.1144856892888389,8001
Pro00121_PET_L20_bidirectional_r03,Pro00121,HiC,PET_L20,20,bidirectional,3,HiC_L138,L138_nonpolar_d0p40_any,"L138 nonpolar carbon contact (<0.40 nm), any PET unit",any_pet_unit,nonpolar_contact,0.0,8001
Pro00121_PET_L20_head_side_r01,Pro00121,HiC,PET_L20,20,head_side,1,HiC_L138,L138_nonpolar_d0p40_any,"L138 nonpolar carbon contact (<0.40 nm), any PET unit",any_pet_unit,nonpolar_contact,0.14348206474190725,8001
Pro00121_PET_L20_head_side_r02,Pro00121,HiC,PET_L20,20,head_side,2,HiC_L138,L138_nonpolar_d0p40_any,"L138 nonpolar carbon contact (<0.40 nm), any PET unit",any_pet_unit,nonpolar_contact,0.11061117360329958,8001
Pro00121_PET_L20_head_side_r03,Pro00121,HiC,PET_L20,20,head_side,3,HiC_L138,L138_nonpolar_d0p40_any,"L138 nonpolar carbon contact (<0.40 nm), any PET unit",any_pet_unit,nonpolar_contact,0.1386076740407449,8001
Pro00121_PET_L20_tail_side_r01,Pro00121,HiC,PET_L20,20,tail_side,1,HiC_L138,L138_nonpolar_d0p40_any,"L138 nonpolar carbon contact (<0.40 nm), any PET unit",any_pet_unit,nonpolar_contact,0.1738532683414573,8001
Pro00121_PET_L20_tail_side_r02,Pro00121,HiC,PET_L20,20,tail_side,2,HiC_L138,L138_nonpolar_d0p40_any,"L138 nonpolar carbon contact (<0.40 nm), any PET unit",any_pet_unit,nonpolar_contact,0.6612923384576928,8001
Pro00121_PET_L10_bidirectional_r03,Pro00121,HiC,PET_L10,10,bidirectional,3,HiC_L138,L138_nonpolar_d0p40_per_ring,"L138 nonpolar carbon contact (<0.40 nm), per PET ring",per_pet_ring,nonpolar_contact,0.0,8001
Pro00121_PET_L10_head_side_r02,Pro00121,HiC,PET_L10,10,head_side,2,HiC_L138,L138_nonpolar_d0p40_per_ring,"L138 nonpolar carbon contact (<0.40 nm), per PET ring",per_pet_ring,nonpolar_contact,0.027784026996625424,8001
Pro00121_PET_L10_tail_side_r01,Pro00121,HiC,PET_L10,10,tail_side,1,HiC_L138,L138_nonpolar_d0p40_per_ring,"L138 nonpolar carbon contact (<0.40 nm), per PET ring",per_pet_ring,nonpolar_contact,0.0,8001
Pro00121_PET_L10_tail_side_r02,Pro00121,HiC,PET_L10,10,tail_side,2,HiC_L138,L138_nonpolar_d0p40_per_ring,"L138 nonpolar carbon contact (<0.40 nm), per PET ring",per_pet_ring,nonpolar_contact,0.0,8001
Pro00121_PET_L10_tail_side_r03,Pro00121,HiC,PET_L10,10,tail_side,3,HiC_L138,L138_nonpolar_d0p40_per_ring,"L138 nonpolar carbon contact (<0.40 nm), per PET ring",per_pet_ring,nonpolar_contact,0.0038245219347581554,8001
Pro00121_PET_L20_bidirectional_r01,Pro00121,HiC,PET_L20,20,bidirectional,1,HiC_L138,L138_nonpolar_d0p40_per_ring,"L138 nonpolar carbon contact (<0.40 nm), per PET ring",per_pet_ring,nonpolar_contact,3.7495313085864274e-05,8001
Pro00121_PET_L20_bidirectional_r02,Pro00121,HiC,PET_L20,20,bidirectional,2,HiC_L138,L138_nonpolar_d0p40_per_ring,"L138 nonpolar carbon contact (<0.40 nm), per PET ring",per_pet_ring,nonpolar_contact,0.005874265716785402,8001
Pro00121_PET_L20_bidirectional_r03,Pro00121,HiC,PET_L20,20,bidirectional,3,HiC_L138,L138_nonpolar_d0p40_per_ring,"L138 nonpolar carbon contact (<0.40 nm), per PET ring",per_pet_ring,nonpolar_contact,0.0,8001
Pro00121_PET_L20_head_side_r01,Pro00121,HiC,PET_L20,20,head_side,1,HiC_L138,L138_nonpolar_d0p40_per_ring,"L138 nonpolar carbon contact (<0.40 nm), per PET ring",per_pet_ring,nonpolar_contact,0.00811148606424197,8001
Pro00121_PET_L20_head_side_r02,Pro00121,HiC,PET_L20,20,head_side,2,HiC_L138,L138_nonpolar_d0p40_per_ring,"L138 nonpolar carbon contact (<0.40 nm), per PET ring",per_pet_ring,nonpolar_contact,0.006299212598425198,8001
Pro00121_PET_L20_head_side_r03,Pro00121,HiC,PET_L20,20,head_side,3,HiC_L138,L138_nonpolar_d0p40_per_ring,"L138 nonpolar carbon contact (<0.40 nm), per PET ring",per_pet_ring,nonpolar_contact,0.008605174353205848,8001
Pro00121_PET_L20_tail_side_r01,Pro00121,HiC,PET_L20,20,tail_side,1,HiC_L138,L138_nonpolar_d0p40_per_ring,"L138 nonpolar carbon contact (<0.40 nm), per PET ring",per_pet_ring,nonpolar_contact,0.010379952505936757,8001
Pro00121_PET_L20_tail_side_r02,Pro00121,HiC,PET_L20,20,tail_side,2,HiC_L138,L138_nonpolar_d0p40_per_ring,"L138 nonpolar carbon contact (<0.40 nm), per PET ring",per_pet_ring,nonpolar_contact,0.044400699912510944,8001
Pro00121_PET_L10_bidirectional_r03,Pro00121,HiC,PET_L10,10,bidirectional,3,HiC_L138,L138_nonpolar_d0p45_any,"L138 nonpolar carbon contact (<0.45 nm), any PET unit",any_pet_unit,nonpolar_contact,0.0,8001
Pro00121_PET_L10_head_side_r02,Pro00121,HiC,PET_L10,10,head_side,2,HiC_L138,L138_nonpolar_d0p45_any,"L138 nonpolar carbon contact (<0.45 nm), any PET unit",any_pet_unit,nonpolar_contact,0.2839645044369454,8001
Pro00121_PET_L10_tail_side_r01,Pro00121,HiC,PET_L10,10,tail_side,1,HiC_L138,L138_nonpolar_d0p45_any,"L138 nonpolar carbon contact (<0.45 nm), any PET unit",any_pet_unit,nonpolar_contact,0.0,8001
Pro00121_PET_L10_tail_side_r02,Pro00121,HiC,PET_L10,10,tail_side,2,HiC_L138,L138_nonpolar_d0p45_any,"L138 nonpolar carbon contact (<0.45 nm), any PET unit",any_pet_unit,nonpolar_contact,0.0,8001
Pro00121_PET_L10_tail_side_r03,Pro00121,HiC,PET_L10,10,tail_side,3,HiC_L138,L138_nonpolar_d0p45_any,"L138 nonpolar carbon contact (<0.45 nm), any PET unit",any_pet_unit,nonpolar_contact,0.06636670416197975,8001
Pro00121_PET_L20_bidirectional_r01,Pro00121,HiC,PET_L20,20,bidirectional,1,HiC_L138,L138_nonpolar_d0p45_any,"L138 nonpolar carbon contact (<0.45 nm), any PET unit",any_pet_unit,nonpolar_contact,0.0022497187851518562,8001
Pro00121_PET_L20_bidirectional_r02,Pro00121,HiC,PET_L20,20,bidirectional,2,HiC_L138,L138_nonpolar_d0p45_any,"L138 nonpolar carbon contact (<0.45 nm), any PET unit",any_pet_unit,nonpolar_contact,0.1818522684664417,8001
Pro00121_PET_L20_bidirectional_r03,Pro00121,HiC,PET_L20,20,bidirectional,3,HiC_L138,L138_nonpolar_d0p45_any,"L138 nonpolar carbon contact (<0.45 nm), any PET unit",any_pet_unit,nonpolar_contact,0.0,8001
Pro00121_PET_L20_head_side_r01,Pro00121,HiC,PET_L20,20,head_side,1,HiC_L138,L138_nonpolar_d0p45_any,"L138 nonpolar carbon contact (<0.45 nm), any PET unit",any_pet_unit,nonpolar_contact,0.2572178477690289,8001
Pro00121_PET_L20_head_side_r02,Pro00121,HiC,PET_L20,20,head_side,2,HiC_L138,L138_nonpolar_d0p45_any,"L138 nonpolar carbon contact (<0.45 nm), any PET unit",any_pet_unit,nonpolar_contact,0.15073115860517436,8001
Pro00121_PET_L20_head_side_r03,Pro00121,HiC,PET_L20,20,head_side,3,HiC_L138,L138_nonpolar_d0p45_any,"L138 nonpolar carbon contact (<0.45 nm), any PET unit",any_pet_unit,nonpolar_contact,0.2105986751656043,8001
Pro00121_PET_L20_tail_side_r01,Pro00121,HiC,PET_L20,20,tail_side,1,HiC_L138,L138_nonpolar_d0p45_any,"L138 nonpolar carbon contact (<0.45 nm), any PET unit",any_pet_unit,nonpolar_contact,0.2630921134858143,8001
Pro00121_PET_L20_tail_side_r02,Pro00121,HiC,PET_L20,20,tail_side,2,HiC_L138,L138_nonpolar_d0p45_any,"L138 nonpolar carbon contact (<0.45 nm), any PET unit",any_pet_unit,nonpolar_contact,0.8555180602424697,8001
Pro00121_PET_L10_bidirectional_r03,Pro00121,HiC,PET_L10,10,bidirectional,3,HiC_L138,L138_nonpolar_d0p45_per_ring,"L138 nonpolar carbon contact (<0.45 nm), per PET ring",per_pet_ring,nonpolar_contact,0.0,8001
Pro00121_PET_L10_head_side_r02,Pro00121,HiC,PET_L10,10,head_side,2,HiC_L138,L138_nonpolar_d0p45_per_ring,"L138 nonpolar carbon contact (<0.45 nm), per PET ring",per_pet_ring,nonpolar_contact,0.04154480689913761,8001
Pro00121_PET_L10_tail_side_r01,Pro00121,HiC,PET_L10,10,tail_side,1,HiC_L138,L138_nonpolar_d0p45_per_ring,"L138 nonpolar carbon contact (<0.45 nm), per PET ring",per_pet_ring,nonpolar_contact,0.0,8001
Pro00121_PET_L10_tail_side_r02,Pro00121,HiC,PET_L10,10,tail_side,2,HiC_L138,L138_nonpolar_d0p45_per_ring,"L138 nonpolar carbon contact (<0.45 nm), per PET ring",per_pet_ring,nonpolar_contact,0.0,8001
Pro00121_PET_L10_tail_side_r03,Pro00121,HiC,PET_L10,10,tail_side,3,HiC_L138,L138_nonpolar_d0p45_per_ring,"L138 nonpolar carbon contact (<0.45 nm), per PET ring",per_pet_ring,nonpolar_contact,0.006724159480064992,8001
Pro00121_PET_L20_bidirectional_r01,Pro00121,HiC,PET_L20,20,bidirectional,1,HiC_L138,L138_nonpolar_d0p45_per_ring,"L138 nonpolar carbon contact (<0.45 nm), per PET ring",per_pet_ring,nonpolar_contact,0.00011248593925759281,8001
Pro00121_PET_L20_bidirectional_r02,Pro00121,HiC,PET_L20,20,bidirectional,2,HiC_L138,L138_nonpolar_d0p45_per_ring,"L138 nonpolar carbon contact (<0.45 nm), per PET ring",per_pet_ring,nonpolar_contact,0.009986251718535184,8001
Pro00121_PET_L20_bidirectional_r03,Pro00121,HiC,PET_L20,20,bidirectional,3,HiC_L138,L138_nonpolar_d0p45_per_ring,"L138 nonpolar carbon contact (<0.45 nm), per PET ring",per_pet_ring,nonpolar_contact,0.0,8001
Pro00121_PET_L20_head_side_r01,Pro00121,HiC,PET_L20,20,head_side,1,HiC_L138,L138_nonpolar_d0p45_per_ring,"L138 nonpolar carbon contact (<0.45 nm), per PET ring",per_pet_ring,nonpolar_contact,0.01537307836520435,8001
Pro00121_PET_L20_head_side_r02,Pro00121,HiC,PET_L20,20,head_side,2,HiC_L138,L138_nonpolar_d0p45_per_ring,"L138 nonpolar carbon contact (<0.45 nm), per PET ring",per_pet_ring,nonpolar_contact,0.009661292338457693,8001
Pro00121_PET_L20_head_side_r03,Pro00121,HiC,PET_L20,20,head_side,3,HiC_L138,L138_nonpolar_d0p45_per_ring,"L138 nonpolar carbon contact (<0.45 nm), per PET ring",per_pet_ring,nonpolar_contact,0.015229346331708539,8001
Pro00121_PET_L20_tail_side_r01,Pro00121,HiC,PET_L20,20,tail_side,1,HiC_L138,L138_nonpolar_d0p45_per_ring,"L138 nonpolar carbon contact (<0.45 nm), per PET ring",per_pet_ring,nonpolar_contact,0.017772778402699665,8001
Pro00121_PET_L20_tail_side_r02,Pro00121,HiC,PET_L20,20,tail_side,2,HiC_L138,L138_nonpolar_d0p45_per_ring,"L138 nonpolar carbon contact (<0.45 nm), per PET ring",per_pet_ring,nonpolar_contact,0.07205349331333584,8001
Pro00121_PET_L10_bidirectional_r03,Pro00121,HiC,PET_L10,10,bidirectional,3,HiC_L138,L138_nonpolar_d0p50_any,"L138 nonpolar carbon contact (<0.50 nm), any PET unit",any_pet_unit,nonpolar_contact,0.0,8001
Pro00121_PET_L10_head_side_r02,Pro00121,HiC,PET_L10,10,head_side,2,HiC_L138,L138_nonpolar_d0p50_any,"L138 nonpolar carbon contact (<0.50 nm), any PET unit",any_pet_unit,nonpolar_contact,0.3118360204974378,8001
Pro00121_PET_L10_tail_side_r01,Pro00121,HiC,PET_L10,10,tail_side,1,HiC_L138,L138_nonpolar_d0p50_any,"L138 nonpolar carbon contact (<0.50 nm), any PET unit",any_pet_unit,nonpolar_contact,0.0,8001
Pro00121_PET_L10_tail_side_r02,Pro00121,HiC,PET_L10,10,tail_side,2,HiC_L138,L138_nonpolar_d0p50_any,"L138 nonpolar carbon contact (<0.50 nm), any PET unit",any_pet_unit,nonpolar_contact,0.0,8001
Pro00121_PET_L10_tail_side_r03,Pro00121,HiC,PET_L10,10,tail_side,3,HiC_L138,L138_nonpolar_d0p50_any,"L138 nonpolar carbon contact (<0.50 nm), any PET unit",any_pet_unit,nonpolar_contact,0.08948881389826271,8001
Pro00121_PET_L20_bidirectional_r01,Pro00121,HiC,PET_L20,20,bidirectional,1,HiC_L138,L138_nonpolar_d0p50_any,"L138 nonpolar carbon contact (<0.50 nm), any PET unit",any_pet_unit,nonpolar_contact,0.0073740782402199724,8001
Pro00121_PET_L20_bidirectional_r02,Pro00121,HiC,PET_L20,20,bidirectional,2,HiC_L138,L138_nonpolar_d0p50_any,"L138 nonpolar carbon contact (<0.50 nm), any PET unit",any_pet_unit,nonpolar_contact,0.2184726909136358,8001
Pro00121_PET_L20_bidirectional_r03,Pro00121,HiC,PET_L20,20,bidirectional,3,HiC_L138,L138_nonpolar_d0p50_any,"L138 nonpolar carbon contact (<0.50 nm), any PET unit",any_pet_unit,nonpolar_contact,0.0,8001
Pro00121_PET_L20_head_side_r01,Pro00121,HiC,PET_L20,20,head_side,1,HiC_L138,L138_nonpolar_d0p50_any,"L138 nonpolar carbon contact (<0.50 nm), any PET unit",any_pet_unit,nonpolar_contact,0.3950756155480565,8001
Pro00121_PET_L20_head_side_r02,Pro00121,HiC,PET_L20,20,head_side,2,HiC_L138,L138_nonpolar_d0p50_any,"L138 nonpolar carbon contact (<0.50 nm), any PET unit",any_pet_unit,nonpolar_contact,0.17172853393325835,8001
Pro00121_PET_L20_head_side_r03,Pro00121,HiC,PET_L20,20,head_side,3,HiC_L138,L138_nonpolar_d0p50_any,"L138 nonpolar carbon contact (<0.50 nm), any PET unit",any_pet_unit,nonpolar_contact,0.2718410198725159,8001
Pro00121_PET_L20_tail_side_r01,Pro00121,HiC,PET_L20,20,tail_side,1,HiC_L138,L138_nonpolar_d0p50_any,"L138 nonpolar carbon contact (<0.50 nm), any PET unit",any_pet_unit,nonpolar_contact,0.3028371453568304,8001
Pro00121_PET_L20_tail_side_r02,Pro00121,HiC,PET_L20,20,tail_side,2,HiC_L138,L138_nonpolar_d0p50_any,"L138 nonpolar carbon contact (<0.50 nm), any PET unit",any_pet_unit,nonpolar_contact,0.9052618422697163,8001
Pro00121_PET_L10_bidirectional_r03,Pro00121,HiC,PET_L10,10,bidirectional,3,HiC_L138,L138_nonpolar_d0p50_per_ring,"L138 nonpolar carbon contact (<0.50 nm), per PET ring",per_pet_ring,nonpolar_contact,0.0,8001
Pro00121_PET_L10_head_side_r02,Pro00121,HiC,PET_L10,10,head_side,2,HiC_L138,L138_nonpolar_d0p50_per_ring,"L138 nonpolar carbon contact (<0.50 nm), per PET ring",per_pet_ring,nonpolar_contact,0.049868766404199474,8001
Pro00121_PET_L10_tail_side_r01,Pro00121,HiC,PET_L10,10,tail_side,1,HiC_L138,L138_nonpolar_d0p50_per_ring,"L138 nonpolar carbon contact (<0.50 nm), per PET ring",per_pet_ring,nonpolar_contact,0.0,8001
Pro00121_PET_L10_tail_side_r02,Pro00121,HiC,PET_L10,10,tail_side,2,HiC_L138,L138_nonpolar_d0p50_per_ring,"L138 nonpolar carbon contact (<0.50 nm), per PET ring",per_pet_ring,nonpolar_contact,0.0,8001
Pro00121_PET_L10_tail_side_r03,Pro00121,HiC,PET_L10,10,tail_side,3,HiC_L138,L138_nonpolar_d0p50_per_ring,"L138 nonpolar carbon contact (<0.50 nm), per PET ring",per_pet_ring,nonpolar_contact,0.009273840769903762,8001
Pro00121_PET_L20_bidirectional_r01,Pro00121,HiC,PET_L20,20,bidirectional,1,HiC_L138,L138_nonpolar_d0p50_per_ring,"L138 nonpolar carbon contact (<0.50 nm), per PET ring",per_pet_ring,nonpolar_contact,0.0003749531308586427,8001
Pro00121_PET_L20_bidirectional_r02,Pro00121,HiC,PET_L20,20,bidirectional,2,HiC_L138,L138_nonpolar_d0p50_per_ring,"L138 nonpolar carbon contact (<0.50 nm), per PET ring",per_pet_ring,nonpolar_contact,0.012867141607299086,8001
Pro00121_PET_L20_bidirectional_r03,Pro00121,HiC,PET_L20,20,bidirectional,3,HiC_L138,L138_nonpolar_d0p50_per_ring,"L138 nonpolar carbon contact (<0.50 nm), per PET ring",per_pet_ring,nonpolar_contact,0.0,8001
Pro00121_PET_L20_head_side_r01,Pro00121,HiC,PET_L20,20,head_side,1,HiC_L138,L138_nonpolar_d0p50_per_ring,"L138 nonpolar carbon contact (<0.50 nm), per PET ring",per_pet_ring,nonpolar_contact,0.02362204724409449,8001
Pro00121_PET_L20_head_side_r02,Pro00121,HiC,PET_L20,20,head_side,2,HiC_L138,L138_nonpolar_d0p50_per_ring,"L138 nonpolar carbon contact (<0.50 nm), per PET ring",per_pet_ring,nonpolar_contact,0.01155480564929384,8001
Pro00121_PET_L20_head_side_r03,Pro00121,HiC,PET_L20,20,head_side,3,HiC_L138,L138_nonpolar_d0p50_per_ring,"L138 nonpolar carbon contact (<0.50 nm), per PET ring",per_pet_ring,nonpolar_contact,0.021109861267341583,8001
Pro00121_PET_L20_tail_side_r01,Pro00121,HiC,PET_L20,20,tail_side,1,HiC_L138,L138_nonpolar_d0p50_per_ring,"L138 nonpolar carbon contact (<0.50 nm), per PET ring",per_pet_ring,nonpolar_contact,0.021716035495563057,8001
Pro00121_PET_L20_tail_side_r02,Pro00121,HiC,PET_L20,20,tail_side,2,HiC_L138,L138_nonpolar_d0p50_per_ring,"L138 nonpolar carbon contact (<0.50 nm), per PET ring",per_pet_ring,nonpolar_contact,0.08590176227971506,8001
