protein_id,protein_label,residue,mean_contact_fraction,median_contact_fraction,max_contact_fraction,n_cases,n_cases_ge_0_5,n_cases_ge_0_2,n_pet_kinds,n_directions,case_support_fraction_ge_0_5,residue_name,residue_label,secondary_structure,structural_region,landmark_class,annotation_confidence,annotation_evidence_basis,interpretation,nearby_landmark,nearby_landmark_residue,nearby_landmark_role,nearby_landmark_class,nearest_landmark_ca_distance_a,min_catalytic_triad_ca_distance_a,protein_caveat
Pro00057,T. fusca cutinase 1 / CUT1 / 7QJR,61,0.9436428571428571,0.998,1.0,14,14,14,3,4,1.0,TYR,Y61,coil/unassigned,oxyanion donor / active-site pocket,Catalytic/oxyanion,high,local registry,Exact configured landmark residue.,Y61,61,oxyanion donor / active-site pocket,Catalytic/oxyanion,0.0,7.109211700322336,Do not call Pro00057 TfCut2; use Pro00057/CUT1 simulation numbering.
Pro00057,T. fusca cutinase 1 / CUT1 / 7QJR,179,0.8759285714285714,0.9835,1.0,14,13,13,3,4,0.9285714285714286,ILE,I179,coil/unassigned,catalytic Asp/His active-site rim,Cleft/rim patch,medium,local sequence neighborhood,Active-site rim near D177/H209.,D177,177,catalytic Asp,Catalytic/oxyanion,5.759989756935337,5.759989756935337,Do not call Pro00057 TfCut2; use Pro00057/CUT1 simulation numbering.
Pro00057,T. fusca cutinase 1 / CUT1 / 7QJR,132,0.7899285714285714,0.876,1.0,14,12,13,3,4,0.8571428571428571,MET,M132,helix,oxyanion donor / active-site pocket,Catalytic/oxyanion,high,local registry,Exact configured landmark residue.,M132,132,oxyanion donor / active-site pocket,Catalytic/oxyanion,0.0,3.8662558115054932,Do not call Pro00057 TfCut2; use Pro00057/CUT1 simulation numbering.
Pro00057,T. fusca cutinase 1 / CUT1 / 7QJR,178,0.7582142857142857,0.8965000000000001,0.999,14,11,13,3,4,0.7857142857142857,THR,T178,coil/unassigned,catalytic Asp/His active-site rim,Cleft/rim patch,medium,local sequence neighborhood,Active-site rim near D177/H209.,D177,177,catalytic Asp,Catalytic/oxyanion,3.8574626375377887,3.8574626375377887,Do not call Pro00057 TfCut2; use Pro00057/CUT1 simulation numbering.
Pro00057,T. fusca cutinase 1 / CUT1 / 7QJR,156,0.7575714285714286,0.8825000000000001,1.0,14,12,12,3,4,0.8571428571428571,TRP,W156,coil/unassigned,Thermobifida W-loop equivalent,W-loop/flexible or rigid pair,high for local mapping,CE/ChimeraX mapping,Exact configured landmark residue.,W156,156,Thermobifida W-loop equivalent,W-loop/flexible or rigid pair,0.0,4.705289789162832,Do not call Pro00057 TfCut2; use Pro00057/CUT1 simulation numbering.
Pro00057,T. fusca cutinase 1 / CUT1 / 7QJR,62,0.7116428571428571,0.866,1.0,14,10,13,3,4,0.7142857142857143,THR,T62,coil/unassigned,catalytic/oxyanion pocket neighborhood,Catalytic/oxyanion,medium,local sequence neighborhood,Active-site pocket around Y61/S131/M132.,Y61,61,oxyanion donor / active-site pocket,Catalytic/oxyanion,3.879543272087579,10.293860063163866,Do not call Pro00057 TfCut2; use Pro00057/CUT1 simulation numbering.
Pro00057,T. fusca cutinase 1 / CUT1 / 7QJR,91,0.6733571428571429,0.7725,0.978,14,12,12,3,4,0.8571428571428571,LEU,L91,coil/unassigned,near Y61 (oxyanion donor / active-site pocket),Catalytic/oxyanion,medium-low,local CA-distance annotation,Spatially near a named landmark; inspect before strong mechanistic wording.,Y61,61,oxyanion donor / active-site pocket,Catalytic/oxyanion,5.4101095182999765,11.991463880611073,Do not call Pro00057 TfCut2; use Pro00057/CUT1 simulation numbering.
Pro00057,T. fusca cutinase 1 / CUT1 / 7QJR,210,0.6563571428571429,0.887,1.0,14,9,10,3,4,0.6428571428571429,PHE,F210,helix,catalytic Asp/His active-site rim,Cleft/rim patch,medium,local sequence neighborhood,Active-site rim near D177/H209.,H209,209,catalytic His,Catalytic/oxyanion,3.8530349077058728,3.8530349077058728,Do not call Pro00057 TfCut2; use Pro00057/CUT1 simulation numbering.
Pro00057,T. fusca cutinase 1 / CUT1 / 7QJR,93,0.6064999999999999,0.64,0.98,14,11,12,3,4,0.7857142857142857,GLN,Q93,helix,no named landmark assigned,Other/candidate,low,trajectory-derived contact residue,Contact residue without a current conservative mechanism label.,M132,132,oxyanion donor / active-site pocket,Catalytic/oxyanion,6.456570296992049,10.217371775559505,Do not call Pro00057 TfCut2; use Pro00057/CUT1 simulation numbering.
Pro00057,T. fusca cutinase 1 / CUT1 / 7QJR,209,0.48192857142857143,0.4675,0.993,14,7,8,3,4,0.5,HIS,H209,coil/unassigned,catalytic His,Catalytic/oxyanion,high,local registry + 7QJR,Exact configured landmark residue.,H209,209,catalytic His,Catalytic/oxyanion,0.0,0.0,Do not call Pro00057 TfCut2; use Pro00057/CUT1 simulation numbering.
Pro00057,T. fusca cutinase 1 / CUT1 / 7QJR,213,0.39278571428571424,0.3295,0.999,14,5,8,3,4,0.35714285714285715,ASN,N213,helix,catalytic Asp/His active-site rim,Cleft/rim patch,medium,local sequence neighborhood,Active-site rim near D177/H209.,H209,209,catalytic His,Catalytic/oxyanion,8.734350004436507,8.734350004436507,Do not call Pro00057 TfCut2; use Pro00057/CUT1 simulation numbering.
Pro00057,T. fusca cutinase 1 / CUT1 / 7QJR,67,0.37214285714285716,0.167,0.995,14,5,6,3,4,0.35714285714285715,SER,S67,helix,no named landmark assigned,Other/candidate,low,trajectory-derived contact residue,Contact residue without a current conservative mechanism label.,Y61,61,oxyanion donor / active-site pocket,Catalytic/oxyanion,10.88354528634856,11.148669561880467,Do not call Pro00057 TfCut2; use Pro00057/CUT1 simulation numbering.
Pro00057,T. fusca cutinase 1 / CUT1 / 7QJR,63,0.3647142857142857,0.21899999999999997,0.999,14,4,7,3,4,0.2857142857142857,GLY,G63,coil/unassigned,catalytic/oxyanion pocket neighborhood,Catalytic/oxyanion,medium,local sequence neighborhood,Active-site pocket around Y61/S131/M132.,Y61,61,oxyanion donor / active-site pocket,Catalytic/oxyanion,5.324674731849824,9.333740836342095,Do not call Pro00057 TfCut2; use Pro00057/CUT1 simulation numbering.
Pro00057,T. fusca cutinase 1 / CUT1 / 7QJR,90,0.35407142857142854,0.3255,0.968,14,3,9,3,4,0.21428571428571427,THR,T90,coil/unassigned,near Y61 (oxyanion donor / active-site pocket),Catalytic/oxyanion,medium-low,local CA-distance annotation,Spatially near a named landmark; inspect before strong mechanistic wording.,Y61,61,oxyanion donor / active-site pocket,Catalytic/oxyanion,5.783763653539102,12.10497224284302,Do not call Pro00057 TfCut2; use Pro00057/CUT1 simulation numbering.
Pro00057,T. fusca cutinase 1 / CUT1 / 7QJR,64,0.3537857142857143,0.204,0.994,14,6,7,3,4,0.42857142857142855,THR,T64,helix,no named landmark assigned,Other/candidate,low,trajectory-derived contact residue,Contact residue without a current conservative mechanism label.,Y61,61,oxyanion donor / active-site pocket,Catalytic/oxyanion,8.603604070388176,11.975477276501342,Do not call Pro00057 TfCut2; use Pro00057/CUT1 simulation numbering.
Pro00057,T. fusca cutinase 1 / CUT1 / 7QJR,214,0.3390714285714286,0.20299999999999999,0.879,14,6,7,3,4,0.42857142857142855,ILE,I214,helix,no named landmark assigned,Other/candidate,low,trajectory-derived contact residue,Contact residue without a current conservative mechanism label.,H209,209,catalytic His,Catalytic/oxyanion,10.949925753172941,10.949925753172941,Do not call Pro00057 TfCut2; use Pro00057/CUT1 simulation numbering.
Pro00057,T. fusca cutinase 1 / CUT1 / 7QJR,158,0.33599999999999997,0.3225,0.717,14,5,10,3,4,0.35714285714285715,LEU,L158,coil/unassigned,W156-equivalent neighborhood,W-loop/flexible or rigid pair,medium,local sequence neighborhood,Thermobifida W-loop-equivalent region.,W156,156,Thermobifida W-loop equivalent,W-loop/flexible or rigid pair,7.207578580910513,11.640073925882087,Do not call Pro00057 TfCut2; use Pro00057/CUT1 simulation numbering.
Pro00057,T. fusca cutinase 1 / CUT1 / 7QJR,208,0.31,0.2615,0.918,14,4,7,3,4,0.2857142857142857,THR,T208,coil/unassigned,catalytic Asp/His active-site rim,Cleft/rim patch,medium,local sequence neighborhood,Active-site rim near D177/H209.,H209,209,catalytic His,Catalytic/oxyanion,3.846122202946755,3.846122202946755,Do not call Pro00057 TfCut2; use Pro00057/CUT1 simulation numbering.
Pro00057,T. fusca cutinase 1 / CUT1 / 7QJR,181,0.18435714285714286,0.12,0.59,14,1,5,3,4,0.07142857142857142,PRO,P181,coil/unassigned,catalytic Asp/His active-site rim,Cleft/rim patch,medium,local sequence neighborhood,Active-site rim near D177/H209.,D177,177,catalytic Asp,Catalytic/oxyanion,4.875150356655681,4.875150356655681,Do not call Pro00057 TfCut2; use Pro00057/CUT1 simulation numbering.
Pro00057,T. fusca cutinase 1 / CUT1 / 7QJR,66,0.18300000000000002,0.052000000000000005,0.608,14,2,5,3,4,0.14285714285714285,ALA,A66,helix,no named landmark assigned,Other/candidate,low,trajectory-derived contact residue,Contact residue without a current conservative mechanism label.,Y61,61,oxyanion donor / active-site pocket,Catalytic/oxyanion,13.022430994249884,14.403163888535047,Do not call Pro00057 TfCut2; use Pro00057/CUT1 simulation numbering.
Pro00057,T. fusca cutinase 1 / CUT1 / 7QJR,130,0.17064285714285715,0.0385,0.999,14,2,2,3,4,0.14285714285714285,HIS,H130,sheet,catalytic/oxyanion pocket neighborhood,Catalytic/oxyanion,medium,local sequence neighborhood,Active-site pocket around Y61/S131/M132.,S131,131,catalytic Ser,Catalytic/oxyanion,3.84239482614684,3.84239482614684,Do not call Pro00057 TfCut2; use Pro00057/CUT1 simulation numbering.
Pro00057,T. fusca cutinase 1 / CUT1 / 7QJR,60,0.1582142857142857,0.006500000000000001,0.999,14,2,2,3,4,0.14285714285714285,GLY,G60,coil/unassigned,catalytic/oxyanion pocket neighborhood,Catalytic/oxyanion,medium,local sequence neighborhood,Active-site pocket around Y61/S131/M132.,Y61,61,oxyanion donor / active-site pocket,Catalytic/oxyanion,3.8341008072297735,4.702710495023056,Do not call Pro00057 TfCut2; use Pro00057/CUT1 simulation numbering.
Pro00057,T. fusca cutinase 1 / CUT1 / 7QJR,131,0.15721428571428572,0.054000000000000006,0.777,14,2,4,3,4,0.14285714285714285,SER,S131,helix,catalytic Ser,Catalytic/oxyanion,high,local registry + 7QJR,Exact configured landmark residue.,S131,131,catalytic Ser,Catalytic/oxyanion,0.0,0.0,Do not call Pro00057 TfCut2; use Pro00057/CUT1 simulation numbering.
Pro00057,T. fusca cutinase 1 / CUT1 / 7QJR,180,0.15578571428571428,0.0685,0.891,14,1,2,3,4,0.07142857142857142,ALA,A180,coil/unassigned,catalytic Asp/His active-site rim,Cleft/rim patch,medium,local sequence neighborhood,Active-site rim near D177/H209.,W156,156,Thermobifida W-loop equivalent,W-loop/flexible or rigid pair,5.3605224558805835,5.857040378894446,Do not call Pro00057 TfCut2; use Pro00057/CUT1 simulation numbering.
Pro00057,T. fusca cutinase 1 / CUT1 / 7QJR,176,0.14971428571428572,0.028,0.695,14,2,4,3,4,0.14285714285714285,LEU,L176,coil/unassigned,catalytic Asp/His active-site rim,Cleft/rim patch,medium,local sequence neighborhood,Active-site rim near D177/H209.,D177,177,catalytic Asp,Catalytic/oxyanion,3.8604049010434127,3.8604049010434127,Do not call Pro00057 TfCut2; use Pro00057/CUT1 simulation numbering.
Pro00057,T. fusca cutinase 1 / CUT1 / 7QJR,94,0.1402857142857143,0.069,0.647,14,1,4,3,4,0.07142857142857142,PRO,P94,helix,near M132 (oxyanion donor / active-site pocket),Catalytic/oxyanion,medium-low,local CA-distance annotation,Spatially near a named landmark; inspect before strong mechanistic wording.,M132,132,oxyanion donor / active-site pocket,Catalytic/oxyanion,4.783466211859345,8.52087372280566,Do not call Pro00057 TfCut2; use Pro00057/CUT1 simulation numbering.
Pro00057,T. fusca cutinase 1 / CUT1 / 7QJR,185,0.1312142857142857,0.10600000000000001,0.392,14,0,3,3,4,0.0,HIS,H185,helix,rigid H/F-like pair,W-loop/flexible or rigid pair,high for local mapping,CE/ChimeraX mapping,Exact configured landmark residue.,H185,185,rigid H/F-like pair,W-loop/flexible or rigid pair,0.0,9.807868320894197,Do not call Pro00057 TfCut2; use Pro00057/CUT1 simulation numbering.
Pro00057,T. fusca cutinase 1 / CUT1 / 7QJR,177,0.13064285714285714,0.008,0.881,14,1,3,3,4,0.07142857142857142,ASP,D177,coil/unassigned,catalytic Asp,Catalytic/oxyanion,high,local registry + 7QJR,Exact configured landmark residue.,D177,177,catalytic Asp,Catalytic/oxyanion,0.0,0.0,Do not call Pro00057 TfCut2; use Pro00057/CUT1 simulation numbering.
Pro00057,T. fusca cutinase 1 / CUT1 / 7QJR,92,0.12985714285714287,0.0395,0.887,14,1,2,3,4,0.07142857142857142,ASP,D92,coil/unassigned,no named landmark assigned,Other/candidate,low,trajectory-derived contact residue,Contact residue without a current conservative mechanism label.,Y61,61,oxyanion donor / active-site pocket,Catalytic/oxyanion,6.8578861903650745,11.650228667283745,Do not call Pro00057 TfCut2; use Pro00057/CUT1 simulation numbering.
Pro00057,T. fusca cutinase 1 / CUT1 / 7QJR,215,0.10992857142857142,0.017,0.512,14,1,4,3,4,0.07142857142857142,PRO,P215,coil/unassigned,no named landmark assigned,Other/candidate,low,trajectory-derived contact residue,Contact residue without a current conservative mechanism label.,H209,209,catalytic His,Catalytic/oxyanion,13.722566961031745,13.722566961031745,Do not call Pro00057 TfCut2; use Pro00057/CUT1 simulation numbering.
Pro00057,T. fusca cutinase 1 / CUT1 / 7QJR,89,0.10378571428571427,0.025,0.892,14,1,2,3,4,0.07142857142857142,THR,T89,coil/unassigned,no named landmark assigned,Other/candidate,low,trajectory-derived contact residue,Contact residue without a current conservative mechanism label.,Y61,61,oxyanion donor / active-site pocket,Catalytic/oxyanion,9.06960451177448,14.977142083855654,Do not call Pro00057 TfCut2; use Pro00057/CUT1 simulation numbering.
Pro00057,T. fusca cutinase 1 / CUT1 / 7QJR,211,0.07178571428571427,0.0405,0.273,14,0,1,3,4,0.0,ALA,A211,helix,catalytic Asp/His active-site rim,Cleft/rim patch,medium,local sequence neighborhood,Active-site rim near D177/H209.,H209,209,catalytic His,Catalytic/oxyanion,5.7691436106236775,5.7691436106236775,Do not call Pro00057 TfCut2; use Pro00057/CUT1 simulation numbering.
Pro00057,T. fusca cutinase 1 / CUT1 / 7QJR,32,0.07114285714285715,0.0,0.933,14,1,1,3,4,0.07142857142857142,ARG,R32,coil/unassigned,no named landmark assigned,Other/candidate,low,trajectory-derived contact residue,Contact residue without a current conservative mechanism label.,Y61,61,oxyanion donor / active-site pocket,Catalytic/oxyanion,17.944620363774767,21.891432547917006,Do not call Pro00057 TfCut2; use Pro00057/CUT1 simulation numbering.
Pro00057,T. fusca cutinase 1 / CUT1 / 7QJR,88,0.07,0.0,0.917,14,1,1,3,4,0.07142857142857142,ILE,I88,coil/unassigned,no named landmark assigned,Other/candidate,low,trajectory-derived contact residue,Contact residue without a current conservative mechanism label.,Y61,61,oxyanion donor / active-site pocket,Catalytic/oxyanion,11.566827525298368,16.25667690519806,Do not call Pro00057 TfCut2; use Pro00057/CUT1 simulation numbering.
Pro00057,T. fusca cutinase 1 / CUT1 / 7QJR,59,0.06957142857142858,0.0,0.539,14,1,2,3,4,0.07142857142857142,PRO,P59,coil/unassigned,no named landmark assigned,Other/candidate,low,trajectory-derived contact residue,Contact residue without a current conservative mechanism label.,Y61,61,oxyanion donor / active-site pocket,Catalytic/oxyanion,7.0603031096405475,7.092578304114802,Do not call Pro00057 TfCut2; use Pro00057/CUT1 simulation numbering.
Pro00057,T. fusca cutinase 1 / CUT1 / 7QJR,87,0.06828571428571428,0.0,0.881,14,1,1,3,4,0.07142857142857142,THR,T87,coil/unassigned,no named landmark assigned,Other/candidate,low,trajectory-derived contact residue,Contact residue without a current conservative mechanism label.,Y61,61,oxyanion donor / active-site pocket,Catalytic/oxyanion,9.423113179836056,13.170873053826007,Do not call Pro00057 TfCut2; use Pro00057/CUT1 simulation numbering.
Pro00057,T. fusca cutinase 1 / CUT1 / 7QJR,86,0.053142857142857144,0.0,0.728,14,1,1,3,4,0.07142857142857142,ASP,D86,coil/unassigned,no named landmark assigned,Other/candidate,low,trajectory-derived contact residue,Contact residue without a current conservative mechanism label.,Y61,61,oxyanion donor / active-site pocket,Catalytic/oxyanion,10.895971778597813,13.901425610346587,Do not call Pro00057 TfCut2; use Pro00057/CUT1 simulation numbering.
Pro00057,T. fusca cutinase 1 / CUT1 / 7QJR,70,0.048214285714285716,0.002,0.248,14,0,1,3,4,0.0,TRP,W70,helix,no named landmark assigned,Other/candidate,low,trajectory-derived contact residue,Contact residue without a current conservative mechanism label.,S131,131,catalytic Ser,Catalytic/oxyanion,16.19745239227453,16.19745239227453,Do not call Pro00057 TfCut2; use Pro00057/CUT1 simulation numbering.
Pro00057,T. fusca cutinase 1 / CUT1 / 7QJR,184,0.04478571428571428,0.0075,0.473,14,0,1,3,4,0.0,THR,T184,coil/unassigned,H185/F189 rigid-pair neighborhood,W-loop/flexible or rigid pair,medium,local sequence neighborhood,Rigid H/F-like pair region; use homologous context wording.,H185,185,rigid H/F-like pair,W-loop/flexible or rigid pair,3.851878762370384,10.411619566618828,Do not call Pro00057 TfCut2; use Pro00057/CUT1 simulation numbering.
Pro00057,T. fusca cutinase 1 / CUT1 / 7QJR,206,0.04085714285714286,0.0005,0.278,14,0,1,3,4,0.0,GLY,G206,coil/unassigned,no named landmark assigned,Other/candidate,low,trajectory-derived contact residue,Contact residue without a current conservative mechanism label.,D177,177,catalytic Asp,Catalytic/oxyanion,9.384803354359642,9.384803354359642,Do not call Pro00057 TfCut2; use Pro00057/CUT1 simulation numbering.
Pro00057,T. fusca cutinase 1 / CUT1 / 7QJR,65,0.03478571428571429,0.0,0.348,14,0,1,3,4,0.0,GLU,E65,helix,no named landmark assigned,Other/candidate,low,trajectory-derived contact residue,Contact residue without a current conservative mechanism label.,Y61,61,oxyanion donor / active-site pocket,Catalytic/oxyanion,11.449089963835554,12.955681302038887,Do not call Pro00057 TfCut2; use Pro00057/CUT1 simulation numbering.
Pro00057,T. fusca cutinase 1 / CUT1 / 7QJR,183,0.03142857142857143,0.0,0.427,14,0,1,3,4,0.0,LEU,L183,coil/unassigned,near H185 (rigid H/F-like pair),W-loop/flexible or rigid pair,medium-low,local CA-distance annotation,Spatially near a named landmark; inspect before strong mechanistic wording.,H185,185,rigid H/F-like pair,W-loop/flexible or rigid pair,5.904859862858729,9.450066137334701,Do not call Pro00057 TfCut2; use Pro00057/CUT1 simulation numbering.
Pro00057,T. fusca cutinase 1 / CUT1 / 7QJR,207,0.03,0.0005,0.253,14,0,1,3,4,0.0,ALA,A207,coil/unassigned,no named landmark assigned,Other/candidate,low,trajectory-derived contact residue,Contact residue without a current conservative mechanism label.,H209,209,catalytic His,Catalytic/oxyanion,6.976718426309033,6.976718426309033,Do not call Pro00057 TfCut2; use Pro00057/CUT1 simulation numbering.
Pro00057,T. fusca cutinase 1 / CUT1 / 7QJR,69,0.02885714285714286,0.003,0.133,14,0,0,3,4,0.0,ALA,A69,helix,no named landmark assigned,Other/candidate,low,trajectory-derived contact residue,Contact residue without a current conservative mechanism label.,S131,131,catalytic Ser,Catalytic/oxyanion,15.01998914779901,15.01998914779901,Do not call Pro00057 TfCut2; use Pro00057/CUT1 simulation numbering.
Pro00057,T. fusca cutinase 1 / CUT1 / 7QJR,19,0.028642857142857144,0.006500000000000001,0.269,14,0,1,3,4,0.0,ARG,R19,coil/unassigned,no named landmark assigned,Other/candidate,low,trajectory-derived contact residue,Contact residue without a current conservative mechanism label.,H209,209,catalytic His,Catalytic/oxyanion,21.24802374339788,21.24802374339788,Do not call Pro00057 TfCut2; use Pro00057/CUT1 simulation numbering.
Pro00057,T. fusca cutinase 1 / CUT1 / 7QJR,216,0.026357142857142857,0.0,0.293,14,0,1,3,4,0.0,ASN,N216,helix,no named landmark assigned,Other/candidate,low,trajectory-derived contact residue,Contact residue without a current conservative mechanism label.,H209,209,catalytic His,Catalytic/oxyanion,12.760432633731506,12.760432633731506,Do not call Pro00057 TfCut2; use Pro00057/CUT1 simulation numbering.
Pro00057,T. fusca cutinase 1 / CUT1 / 7QJR,160,0.025285714285714283,0.0035,0.191,14,0,0,3,4,0.0,LYS,K160,coil/unassigned,near F189 (rigid H/F-like pair),W-loop/flexible or rigid pair,medium-low,local CA-distance annotation,Spatially near a named landmark; inspect before strong mechanistic wording.,F189,189,rigid H/F-like pair,W-loop/flexible or rigid pair,5.600205889072294,13.993353600906394,Do not call Pro00057 TfCut2; use Pro00057/CUT1 simulation numbering.
Pro00057,T. fusca cutinase 1 / CUT1 / 7QJR,217,0.02314285714285715,0.0005,0.27,14,0,1,3,4,0.0,LYS,K217,helix,no named landmark assigned,Other/candidate,low,trajectory-derived contact residue,Contact residue without a current conservative mechanism label.,H209,209,catalytic His,Catalytic/oxyanion,15.929063908466183,15.929063908466183,Do not call Pro00057 TfCut2; use Pro00057/CUT1 simulation numbering.
Pro00057,T. fusca cutinase 1 / CUT1 / 7QJR,175,0.020714285714285713,0.0,0.213,14,0,1,3,4,0.0,ASP,D175,coil/unassigned,near D177 (catalytic Asp),Catalytic/oxyanion,medium-low,local CA-distance annotation,Spatially near a named landmark; inspect before strong mechanistic wording.,D177,177,catalytic Asp,Catalytic/oxyanion,5.655553819034878,5.655553819034878,Do not call Pro00057 TfCut2; use Pro00057/CUT1 simulation numbering.
Pro00057,T. fusca cutinase 1 / CUT1 / 7QJR,74,0.01978571428571429,0.0,0.251,14,0,1,3,4,0.0,ARG,R74,helix,no named landmark assigned,Other/candidate,low,trajectory-derived contact residue,Contact residue without a current conservative mechanism label.,S131,131,catalytic Ser,Catalytic/oxyanion,19.36043821818091,19.36043821818091,Do not call Pro00057 TfCut2; use Pro00057/CUT1 simulation numbering.
Pro00057,T. fusca cutinase 1 / CUT1 / 7QJR,204,0.016928571428571428,0.0,0.218,14,0,1,3,4,0.0,LEU,L204,sheet,no named landmark assigned,Other/candidate,low,trajectory-derived contact residue,Contact residue without a current conservative mechanism label.,D177,177,catalytic Asp,Catalytic/oxyanion,9.82780794480641,9.82780794480641,Do not call Pro00057 TfCut2; use Pro00057/CUT1 simulation numbering.
Pro00057,T. fusca cutinase 1 / CUT1 / 7QJR,218,0.016499999999999997,0.0,0.208,14,0,1,3,4,0.0,ILE,I218,helix,no named landmark assigned,Other/candidate,low,trajectory-derived contact residue,Contact residue without a current conservative mechanism label.,H209,209,catalytic His,Catalytic/oxyanion,14.713057669974654,14.713057669974654,Do not call Pro00057 TfCut2; use Pro00057/CUT1 simulation numbering.
Pro00057,T. fusca cutinase 1 / CUT1 / 7QJR,219,0.015214285714285713,0.0,0.213,14,0,1,3,4,0.0,ILE,I219,helix,no named landmark assigned,Other/candidate,low,trajectory-derived contact residue,Contact residue without a current conservative mechanism label.,H209,209,catalytic His,Catalytic/oxyanion,12.771732419683712,12.771732419683712,Do not call Pro00057 TfCut2; use Pro00057/CUT1 simulation numbering.
Pro00057,T. fusca cutinase 1 / CUT1 / 7QJR,205,0.012,0.0,0.077,14,0,0,3,4,0.0,ASP,D205,coil/unassigned,no named landmark assigned,Other/candidate,low,trajectory-derived contact residue,Contact residue without a current conservative mechanism label.,D177,177,catalytic Asp,Catalytic/oxyanion,10.397558655761458,10.397558655761458,Do not call Pro00057 TfCut2; use Pro00057/CUT1 simulation numbering.
Pro00057,T. fusca cutinase 1 / CUT1 / 7QJR,68,0.01,0.0,0.096,14,0,0,3,4,0.0,ILE,I68,helix,no named landmark assigned,Other/candidate,low,trajectory-derived contact residue,Contact residue without a current conservative mechanism label.,S131,131,catalytic Ser,Catalytic/oxyanion,11.19232067088859,11.19232067088859,Do not call Pro00057 TfCut2; use Pro00057/CUT1 simulation numbering.
Pro00057,T. fusca cutinase 1 / CUT1 / 7QJR,18,0.009785714285714286,0.0,0.078,14,0,0,3,4,0.0,ALA,A18,helix,no named landmark assigned,Other/candidate,low,trajectory-derived contact residue,Contact residue without a current conservative mechanism label.,H209,209,catalytic His,Catalytic/oxyanion,22.75570201070492,22.75570201070492,Do not call Pro00057 TfCut2; use Pro00057/CUT1 simulation numbering.
Pro00057,T. fusca cutinase 1 / CUT1 / 7QJR,97,0.008499999999999999,0.0015,0.06,14,0,0,3,4,0.0,ARG,R97,helix,no named landmark assigned,Other/candidate,low,trajectory-derived contact residue,Contact residue without a current conservative mechanism label.,M132,132,oxyanion donor / active-site pocket,Catalytic/oxyanion,7.479698255945891,10.632145315034027,Do not call Pro00057 TfCut2; use Pro00057/CUT1 simulation numbering.
Pro00057,T. fusca cutinase 1 / CUT1 / 7QJR,159,0.007642857142857143,0.0,0.102,14,0,0,3,4,0.0,ASN,N159,coil/unassigned,W156-equivalent neighborhood,W-loop/flexible or rigid pair,medium,local sequence neighborhood,Thermobifida W-loop-equivalent region.,F189,189,rigid H/F-like pair,W-loop/flexible or rigid pair,8.641265300868849,13.564666785439293,Do not call Pro00057 TfCut2; use Pro00057/CUT1 simulation numbering.
Pro00057,T. fusca cutinase 1 / CUT1 / 7QJR,95,0.007357142857142858,0.0,0.081,14,0,0,3,4,0.0,ASP,D95,helix,no named landmark assigned,Other/candidate,low,trajectory-derived contact residue,Contact residue without a current conservative mechanism label.,M132,132,oxyanion donor / active-site pocket,Catalytic/oxyanion,8.586307879408936,12.202566164540967,Do not call Pro00057 TfCut2; use Pro00057/CUT1 simulation numbering.
Pro00057,T. fusca cutinase 1 / CUT1 / 7QJR,157,0.007285714285714286,0.001,0.052,14,0,0,3,4,0.0,HIS,H157,coil/unassigned,W156-equivalent neighborhood,W-loop/flexible or rigid pair,medium,local sequence neighborhood,Thermobifida W-loop-equivalent region.,W156,156,Thermobifida W-loop equivalent,W-loop/flexible or rigid pair,3.84874434069087,8.075813333652532,Do not call Pro00057 TfCut2; use Pro00057/CUT1 simulation numbering.
Pro00057,T. fusca cutinase 1 / CUT1 / 7QJR,73,0.006357142857142857,0.0,0.039,14,0,0,3,4,0.0,GLU,E73,helix,no named landmark assigned,Other/candidate,low,trajectory-derived contact residue,Contact residue without a current conservative mechanism label.,S131,131,catalytic Ser,Catalytic/oxyanion,19.238725139675967,19.238725139675967,Do not call Pro00057 TfCut2; use Pro00057/CUT1 simulation numbering.
Pro00057,T. fusca cutinase 1 / CUT1 / 7QJR,250,0.006214285714285714,0.0,0.065,14,0,0,3,4,0.0,PHE,F250,coil/unassigned,no named landmark assigned,Other/candidate,low,trajectory-derived contact residue,Contact residue without a current conservative mechanism label.,D177,177,catalytic Asp,Catalytic/oxyanion,19.40882647147941,19.40882647147941,Do not call Pro00057 TfCut2; use Pro00057/CUT1 simulation numbering.
Pro00057,T. fusca cutinase 1 / CUT1 / 7QJR,96,0.005214285714285714,0.0,0.032,14,0,0,3,4,0.0,SER,S96,helix,no named landmark assigned,Other/candidate,low,trajectory-derived contact residue,Contact residue without a current conservative mechanism label.,M132,132,oxyanion donor / active-site pocket,Catalytic/oxyanion,9.566732200704688,13.247225709558965,Do not call Pro00057 TfCut2; use Pro00057/CUT1 simulation numbering.
Pro00057,T. fusca cutinase 1 / CUT1 / 7QJR,14,0.004785714285714286,0.0,0.067,14,0,0,3,4,0.0,ALA,A14,helix,no named landmark assigned,Other/candidate,low,trajectory-derived contact residue,Contact residue without a current conservative mechanism label.,H209,209,catalytic His,Catalytic/oxyanion,25.769605080404318,25.769605080404318,Do not call Pro00057 TfCut2; use Pro00057/CUT1 simulation numbering.
Pro00057,T. fusca cutinase 1 / CUT1 / 7QJR,12,0.0045,0.0,0.063,14,0,0,3,4,0.0,THR,T12,helix,no named landmark assigned,Other/candidate,low,trajectory-derived contact residue,Contact residue without a current conservative mechanism label.,H209,209,catalytic His,Catalytic/oxyanion,28.10089445195651,28.10089445195651,Do not call Pro00057 TfCut2; use Pro00057/CUT1 simulation numbering.
Pro00057,T. fusca cutinase 1 / CUT1 / 7QJR,33,0.004285714285714286,0.0,0.028,14,0,0,3,4,0.0,LEU,L33,coil/unassigned,no named landmark assigned,Other/candidate,low,trajectory-derived contact residue,Contact residue without a current conservative mechanism label.,Y61,61,oxyanion donor / active-site pocket,Catalytic/oxyanion,21.371549335506774,25.406865174594053,Do not call Pro00057 TfCut2; use Pro00057/CUT1 simulation numbering.
Pro00057,T. fusca cutinase 1 / CUT1 / 7QJR,20,0.004214285714285714,0.0,0.031,14,0,0,3,4,0.0,SER,S20,coil/unassigned,no named landmark assigned,Other/candidate,low,trajectory-derived contact residue,Contact residue without a current conservative mechanism label.,H209,209,catalytic His,Catalytic/oxyanion,23.666757361328568,23.666757361328568,Do not call Pro00057 TfCut2; use Pro00057/CUT1 simulation numbering.
Pro00057,T. fusca cutinase 1 / CUT1 / 7QJR,15,0.004,0.0,0.056,14,0,0,3,4,0.0,LEU,L15,helix,no named landmark assigned,Other/candidate,low,trajectory-derived contact residue,Contact residue without a current conservative mechanism label.,H209,209,catalytic His,Catalytic/oxyanion,26.07933020612301,26.07933020612301,Do not call Pro00057 TfCut2; use Pro00057/CUT1 simulation numbering.
Pro00057,T. fusca cutinase 1 / CUT1 / 7QJR,252,0.003428571428571429,0.0,0.019,14,0,0,3,4,0.0,GLU,E252,coil/unassigned,no named landmark assigned,Other/candidate,low,trajectory-derived contact residue,Contact residue without a current conservative mechanism label.,D177,177,catalytic Asp,Catalytic/oxyanion,15.225495361399577,15.225495361399577,Do not call Pro00057 TfCut2; use Pro00057/CUT1 simulation numbering.
Pro00057,T. fusca cutinase 1 / CUT1 / 7QJR,31,0.0032142857142857142,0.0,0.038,14,0,0,3,4,0.0,SER,S31,coil/unassigned,no named landmark assigned,Other/candidate,low,trajectory-derived contact residue,Contact residue without a current conservative mechanism label.,Y61,61,oxyanion donor / active-site pocket,Catalytic/oxyanion,20.263515613042077,23.515025962137486,Do not call Pro00057 TfCut2; use Pro00057/CUT1 simulation numbering.
Pro00057,T. fusca cutinase 1 / CUT1 / 7QJR,249,0.002928571428571429,0.0,0.029,14,0,0,3,4,0.0,LEU,L249,coil/unassigned,no named landmark assigned,Other/candidate,low,trajectory-derived contact residue,Contact residue without a current conservative mechanism label.,D177,177,catalytic Asp,Catalytic/oxyanion,19.143078279106525,19.143078279106525,Do not call Pro00057 TfCut2; use Pro00057/CUT1 simulation numbering.
Pro00057,T. fusca cutinase 1 / CUT1 / 7QJR,154,0.0027142857142857142,0.0,0.038,14,0,0,3,4,0.0,THR,T154,coil/unassigned,W156-equivalent neighborhood,W-loop/flexible or rigid pair,medium,local sequence neighborhood,Thermobifida W-loop-equivalent region.,S131,131,catalytic Ser,Catalytic/oxyanion,5.224789373745127,5.224789373745127,Do not call Pro00057 TfCut2; use Pro00057/CUT1 simulation numbering.
Pro00057,T. fusca cutinase 1 / CUT1 / 7QJR,251,0.0025714285714285713,0.0,0.03,14,0,0,3,4,0.0,GLY,G251,coil/unassigned,no named landmark assigned,Other/candidate,low,trajectory-derived contact residue,Contact residue without a current conservative mechanism label.,D177,177,catalytic Asp,Catalytic/oxyanion,17.658799364622727,17.658799364622727,Do not call Pro00057 TfCut2; use Pro00057/CUT1 simulation numbering.
Pro00057,T. fusca cutinase 1 / CUT1 / 7QJR,9,0.002428571428571429,0.0,0.034,14,0,0,3,4,0.0,PRO,P9,coil/unassigned,no named landmark assigned,Other/candidate,low,trajectory-derived contact residue,Contact residue without a current conservative mechanism label.,S131,131,catalytic Ser,Catalytic/oxyanion,32.4065441693495,32.4065441693495,Do not call Pro00057 TfCut2; use Pro00057/CUT1 simulation numbering.
Pro00057,T. fusca cutinase 1 / CUT1 / 7QJR,212,0.002428571428571429,0.0,0.027,14,0,0,3,4,0.0,PRO,P212,helix,catalytic Asp/His active-site rim,Cleft/rim patch,medium,local sequence neighborhood,Active-site rim near D177/H209.,H209,209,catalytic His,Catalytic/oxyanion,7.461902036344353,7.461902036344353,Do not call Pro00057 TfCut2; use Pro00057/CUT1 simulation numbering.
Pro00057,T. fusca cutinase 1 / CUT1 / 7QJR,220,0.002357142857142857,0.0,0.033,14,0,0,3,4,0.0,GLY,G220,helix,no named landmark assigned,Other/candidate,low,trajectory-derived contact residue,Contact residue without a current conservative mechanism label.,H209,209,catalytic His,Catalytic/oxyanion,15.939911292099463,15.939911292099463,Do not call Pro00057 TfCut2; use Pro00057/CUT1 simulation numbering.
Pro00057,T. fusca cutinase 1 / CUT1 / 7QJR,17,0.002214285714285714,0.0,0.026,14,0,0,3,4,0.0,GLU,E17,helix,no named landmark assigned,Other/candidate,low,trajectory-derived contact residue,Contact residue without a current conservative mechanism label.,H209,209,catalytic His,Catalytic/oxyanion,20.950661015824778,20.950661015824778,Do not call Pro00057 TfCut2; use Pro00057/CUT1 simulation numbering.
Pro00057,T. fusca cutinase 1 / CUT1 / 7QJR,22,0.002142857142857143,0.0,0.03,14,0,0,3,4,0.0,PRO,P22,coil/unassigned,no named landmark assigned,Other/candidate,low,trajectory-derived contact residue,Contact residue without a current conservative mechanism label.,S131,131,catalytic Ser,Catalytic/oxyanion,28.89872498917556,28.89872498917556,Do not call Pro00057 TfCut2; use Pro00057/CUT1 simulation numbering.
Pro00057,T. fusca cutinase 1 / CUT1 / 7QJR,188,0.002142857142857143,0.0,0.02,14,0,0,3,4,0.0,PRO,P188,helix,H185/F189 rigid-pair neighborhood,W-loop/flexible or rigid pair,medium,local sequence neighborhood,Rigid H/F-like pair region; use homologous context wording.,F189,189,rigid H/F-like pair,W-loop/flexible or rigid pair,3.828901931363613,14.32860809709024,Do not call Pro00057 TfCut2; use Pro00057/CUT1 simulation numbering.
Pro00057,T. fusca cutinase 1 / CUT1 / 7QJR,10,0.0018571428571428571,0.0,0.026,14,0,0,3,4,0.0,ASN,N10,coil/unassigned,no named landmark assigned,Other/candidate,low,trajectory-derived contact residue,Contact residue without a current conservative mechanism label.,S131,131,catalytic Ser,Catalytic/oxyanion,32.193995729017544,32.193995729017544,Do not call Pro00057 TfCut2; use Pro00057/CUT1 simulation numbering.
Pro00057,T. fusca cutinase 1 / CUT1 / 7QJR,161,0.0015,0.0,0.021,14,0,0,3,4,0.0,ASN,N161,coil/unassigned,no named landmark assigned,Other/candidate,low,trajectory-derived contact residue,Contact residue without a current conservative mechanism label.,F189,189,rigid H/F-like pair,W-loop/flexible or rigid pair,6.42330763703561,16.55826965597553,Do not call Pro00057 TfCut2; use Pro00057/CUT1 simulation numbering.
Pro00057,T. fusca cutinase 1 / CUT1 / 7QJR,187,0.0013571428571428571,0.0,0.019,14,0,0,3,4,0.0,ARG,R187,helix,H185/F189 rigid-pair neighborhood,W-loop/flexible or rigid pair,medium,local sequence neighborhood,Rigid H/F-like pair region; use homologous context wording.,F189,189,rigid H/F-like pair,W-loop/flexible or rigid pair,5.373511421779988,12.016569269138342,Do not call Pro00057 TfCut2; use Pro00057/CUT1 simulation numbering.
Pro00057,T. fusca cutinase 1 / CUT1 / 7QJR,44,0.0012857142857142859,0.0,0.012,14,0,0,3,4,0.0,TYR,Y44,sheet,no named landmark assigned,Other/candidate,low,trajectory-derived contact residue,Contact residue without a current conservative mechanism label.,S131,131,catalytic Ser,Catalytic/oxyanion,21.516531876675668,21.516531876675668,Do not call Pro00057 TfCut2; use Pro00057/CUT1 simulation numbering.
Pro00057,T. fusca cutinase 1 / CUT1 / 7QJR,1,0.0010714285714285715,0.0,0.015,14,0,0,3,4,0.0,MET,M1,coil/unassigned,no named landmark assigned,Other/candidate,low,trajectory-derived contact residue,Contact residue without a current conservative mechanism label.,F189,189,rigid H/F-like pair,W-loop/flexible or rigid pair,36.892958948829246,40.02724855645214,Do not call Pro00057 TfCut2; use Pro00057/CUT1 simulation numbering.
Pro00057,T. fusca cutinase 1 / CUT1 / 7QJR,21,0.0009285714285714286,0.0,0.013,14,0,0,3,4,0.0,GLY,G21,coil/unassigned,no named landmark assigned,Other/candidate,low,trajectory-derived contact residue,Contact residue without a current conservative mechanism label.,S131,131,catalytic Ser,Catalytic/oxyanion,25.423428683008122,25.423428683008122,Do not call Pro00057 TfCut2; use Pro00057/CUT1 simulation numbering.
Pro00057,T. fusca cutinase 1 / CUT1 / 7QJR,71,0.0009285714285714286,0.0,0.011,14,0,0,3,4,0.0,LEU,L71,helix,no named landmark assigned,Other/candidate,low,trajectory-derived contact residue,Contact residue without a current conservative mechanism label.,S131,131,catalytic Ser,Catalytic/oxyanion,14.495588363360765,14.495588363360765,Do not call Pro00057 TfCut2; use Pro00057/CUT1 simulation numbering.
Pro00057,T. fusca cutinase 1 / CUT1 / 7QJR,182,0.0007857142857142856,0.0,0.008,14,0,0,3,4,0.0,VAL,V182,coil/unassigned,near H185 (rigid H/F-like pair),W-loop/flexible or rigid pair,medium-low,local CA-distance annotation,Spatially near a named landmark; inspect before strong mechanistic wording.,H185,185,rigid H/F-like pair,W-loop/flexible or rigid pair,5.055059346832637,6.715962552009951,Do not call Pro00057 TfCut2; use Pro00057/CUT1 simulation numbering.
Pro00057,T. fusca cutinase 1 / CUT1 / 7QJR,236,0.0007142857142857143,0.0,0.01,14,0,0,3,4,0.0,ARG,R236,helix,no named landmark assigned,Other/candidate,low,trajectory-derived contact residue,Contact residue without a current conservative mechanism label.,F189,189,rigid H/F-like pair,W-loop/flexible or rigid pair,27.749285936758806,29.70949169878206,Do not call Pro00057 TfCut2; use Pro00057/CUT1 simulation numbering.
Pro00057,T. fusca cutinase 1 / CUT1 / 7QJR,2,0.0006428571428571428,0.0,0.009,14,0,0,3,4,0.0,ALA,A2,coil/unassigned,no named landmark assigned,Other/candidate,low,trajectory-derived contact residue,Contact residue without a current conservative mechanism label.,F189,189,rigid H/F-like pair,W-loop/flexible or rigid pair,35.09293099756702,37.31994299298968,Do not call Pro00057 TfCut2; use Pro00057/CUT1 simulation numbering.
Pro00057,T. fusca cutinase 1 / CUT1 / 7QJR,6,0.0006428571428571428,0.0,0.009,14,0,0,3,4,0.0,GLU,E6,coil/unassigned,no named landmark assigned,Other/candidate,low,trajectory-derived contact residue,Contact residue without a current conservative mechanism label.,F189,189,rigid H/F-like pair,W-loop/flexible or rigid pair,30.5470183324003,30.579985120990493,Do not call Pro00057 TfCut2; use Pro00057/CUT1 simulation numbering.
Pro00057,T. fusca cutinase 1 / CUT1 / 7QJR,248,0.0006428571428571428,0.0,0.009,14,0,0,3,4,0.0,GLY,G248,coil/unassigned,no named landmark assigned,Other/candidate,low,trajectory-derived contact residue,Contact residue without a current conservative mechanism label.,D177,177,catalytic Asp,Catalytic/oxyanion,17.43258377292362,17.43258377292362,Do not call Pro00057 TfCut2; use Pro00057/CUT1 simulation numbering.
Pro00057,T. fusca cutinase 1 / CUT1 / 7QJR,139,0.0005714285714285715,0.0,0.007,14,0,0,3,4,0.0,ARG,R139,helix,no named landmark assigned,Other/candidate,low,trajectory-derived contact residue,Contact residue without a current conservative mechanism label.,M132,132,oxyanion donor / active-site pocket,Catalytic/oxyanion,10.391049128937846,12.664778166237259,Do not call Pro00057 TfCut2; use Pro00057/CUT1 simulation numbering.
Pro00057,T. fusca cutinase 1 / CUT1 / 7QJR,11,0.0005,0.0,0.007,14,0,0,3,4,0.0,PRO,P11,coil/unassigned,no named landmark assigned,Other/candidate,low,trajectory-derived contact residue,Contact residue without a current conservative mechanism label.,H209,209,catalytic His,Catalytic/oxyanion,28.973613254131767,28.973613254131767,Do not call Pro00057 TfCut2; use Pro00057/CUT1 simulation numbering.
Pro00057,T. fusca cutinase 1 / CUT1 / 7QJR,13,0.0005,0.0,0.007,14,0,0,3,4,0.0,ASP,D13,helix,no named landmark assigned,Other/candidate,low,trajectory-derived contact residue,Contact residue without a current conservative mechanism label.,H209,209,catalytic His,Catalytic/oxyanion,24.96637873220704,24.96637873220704,Do not call Pro00057 TfCut2; use Pro00057/CUT1 simulation numbering.
Pro00057,T. fusca cutinase 1 / CUT1 / 7QJR,39,0.0005,0.0,0.005,14,0,0,3,4,0.0,GLY,G39,coil/unassigned,no named landmark assigned,Other/candidate,low,trajectory-derived contact residue,Contact residue without a current conservative mechanism label.,Y61,61,oxyanion donor / active-site pocket,Catalytic/oxyanion,13.52345299840244,17.277132921871033,Do not call Pro00057 TfCut2; use Pro00057/CUT1 simulation numbering.
Pro00057,T. fusca cutinase 1 / CUT1 / 7QJR,191,0.0005,0.0,0.004,14,0,0,3,4,0.0,ASN,N191,helix,near F189 (rigid H/F-like pair),W-loop/flexible or rigid pair,medium-low,local CA-distance annotation,Spatially near a named landmark; inspect before strong mechanistic wording.,F189,189,rigid H/F-like pair,W-loop/flexible or rigid pair,5.507039858217842,17.82923472838921,Do not call Pro00057 TfCut2; use Pro00057/CUT1 simulation numbering.
Pro00057,T. fusca cutinase 1 / CUT1 / 7QJR,24,0.0004285714285714286,0.0,0.006,14,0,0,3,4,0.0,SER,S24,coil/unassigned,no named landmark assigned,Other/candidate,low,trajectory-derived contact residue,Contact residue without a current conservative mechanism label.,S131,131,catalytic Ser,Catalytic/oxyanion,28.840436439138713,28.840436439138713,Do not call Pro00057 TfCut2; use Pro00057/CUT1 simulation numbering.
Pro00057,T. fusca cutinase 1 / CUT1 / 7QJR,192,0.0004285714285714286,0.0,0.006,14,0,0,3,4,0.0,SER,S192,helix,near F189 (rigid H/F-like pair),W-loop/flexible or rigid pair,medium-low,local CA-distance annotation,Spatially near a named landmark; inspect before strong mechanistic wording.,F189,189,rigid H/F-like pair,W-loop/flexible or rigid pair,5.317877866216937,17.906084273229588,Do not call Pro00057 TfCut2; use Pro00057/CUT1 simulation numbering.
Pro00057,T. fusca cutinase 1 / CUT1 / 7QJR,27,0.0004285714285714286,0.0,0.004,14,0,0,3,4,0.0,GLU,E27,sheet,no named landmark assigned,Other/candidate,low,trajectory-derived contact residue,Contact residue without a current conservative mechanism label.,Y61,61,oxyanion donor / active-site pocket,Catalytic/oxyanion,24.64248339757988,24.661894067569097,Do not call Pro00057 TfCut2; use Pro00057/CUT1 simulation numbering.
Pro00057,T. fusca cutinase 1 / CUT1 / 7QJR,29,0.00035714285714285714,0.0,0.002,14,0,0,3,4,0.0,ASN,N29,sheet,no named landmark assigned,Other/candidate,low,trajectory-derived contact residue,Contact residue without a current conservative mechanism label.,Y61,61,oxyanion donor / active-site pocket,Catalytic/oxyanion,21.947673453010914,23.64755803460476,Do not call Pro00057 TfCut2; use Pro00057/CUT1 simulation numbering.
Pro00057,T. fusca cutinase 1 / CUT1 / 7QJR,47,0.00028571428571428574,0.0,0.004,14,0,0,3,4,0.0,ARG,R47,coil/unassigned,no named landmark assigned,Other/candidate,low,trajectory-derived contact residue,Contact residue without a current conservative mechanism label.,S131,131,catalytic Ser,Catalytic/oxyanion,30.40136888365391,30.40136888365391,Do not call Pro00057 TfCut2; use Pro00057/CUT1 simulation numbering.
Pro00057,T. fusca cutinase 1 / CUT1 / 7QJR,42,0.0002142857142857143,0.0,0.003,14,0,0,3,4,0.0,THR,T42,sheet,no named landmark assigned,Other/candidate,low,trajectory-derived contact residue,Contact residue without a current conservative mechanism label.,Y61,61,oxyanion donor / active-site pocket,Catalytic/oxyanion,18.549137446253397,19.355210642098424,Do not call Pro00057 TfCut2; use Pro00057/CUT1 simulation numbering.
Pro00057,T. fusca cutinase 1 / CUT1 / 7QJR,4,0.00014285714285714287,0.0,0.002,14,0,0,3,4,0.0,PRO,P4,coil/unassigned,no named landmark assigned,Other/candidate,low,trajectory-derived contact residue,Contact residue without a current conservative mechanism label.,F189,189,rigid H/F-like pair,W-loop/flexible or rigid pair,33.06770912839291,33.993151957416366,Do not call Pro00057 TfCut2; use Pro00057/CUT1 simulation numbering.
Pro00057,T. fusca cutinase 1 / CUT1 / 7QJR,163,0.00014285714285714287,0.0,0.002,14,0,0,3,4,0.0,SER,S163,coil/unassigned,no named landmark assigned,Other/candidate,low,trajectory-derived contact residue,Contact residue without a current conservative mechanism label.,F189,189,rigid H/F-like pair,W-loop/flexible or rigid pair,8.890502572970776,19.681296781462343,Do not call Pro00057 TfCut2; use Pro00057/CUT1 simulation numbering.
Pro00057,T. fusca cutinase 1 / CUT1 / 7QJR,254,0.00014285714285714287,0.0,0.002,14,0,0,3,4,0.0,GLU,E254,coil/unassigned,no named landmark assigned,Other/candidate,low,trajectory-derived contact residue,Contact residue without a current conservative mechanism label.,D177,177,catalytic Asp,Catalytic/oxyanion,12.719462567262816,12.719462567262816,Do not call Pro00057 TfCut2; use Pro00057/CUT1 simulation numbering.
Pro00057,T. fusca cutinase 1 / CUT1 / 7QJR,3,7.142857142857143e-05,0.0,0.001,14,0,0,3,4,0.0,ASN,N3,coil/unassigned,no named landmark assigned,Other/candidate,low,trajectory-derived contact residue,Contact residue without a current conservative mechanism label.,F189,189,rigid H/F-like pair,W-loop/flexible or rigid pair,31.838390961227926,33.85938948061527,Do not call Pro00057 TfCut2; use Pro00057/CUT1 simulation numbering.
Pro00057,T. fusca cutinase 1 / CUT1 / 7QJR,7,7.142857142857143e-05,0.0,0.001,14,0,0,3,4,0.0,ARG,R7,coil/unassigned,no named landmark assigned,Other/candidate,low,trajectory-derived contact residue,Contact residue without a current conservative mechanism label.,S131,131,catalytic Ser,Catalytic/oxyanion,29.79525864965767,29.79525864965767,Do not call Pro00057 TfCut2; use Pro00057/CUT1 simulation numbering.
Pro00057,T. fusca cutinase 1 / CUT1 / 7QJR,99,7.142857142857143e-05,0.0,0.001,14,0,0,3,4,0.0,GLU,E99,helix,no named landmark assigned,Other/candidate,low,trajectory-derived contact residue,Contact residue without a current conservative mechanism label.,M132,132,oxyanion donor / active-site pocket,Catalytic/oxyanion,12.57587142109842,15.647467974084497,Do not call Pro00057 TfCut2; use Pro00057/CUT1 simulation numbering.
Pro00057,T. fusca cutinase 1 / CUT1 / 7QJR,162,7.142857142857143e-05,0.0,0.001,14,0,0,3,4,0.0,TRP,W162,coil/unassigned,no named landmark assigned,Other/candidate,low,trajectory-derived contact residue,Contact residue without a current conservative mechanism label.,F189,189,rigid H/F-like pair,W-loop/flexible or rigid pair,6.215286960390485,15.930432103367442,Do not call Pro00057 TfCut2; use Pro00057/CUT1 simulation numbering.
Pro00057,T. fusca cutinase 1 / CUT1 / 7QJR,235,7.142857142857143e-05,0.0,0.001,14,0,0,3,4,0.0,THR,T235,helix,no named landmark assigned,Other/candidate,low,trajectory-derived contact residue,Contact residue without a current conservative mechanism label.,F189,189,rigid H/F-like pair,W-loop/flexible or rigid pair,25.99603812122147,29.126919524728326,Do not call Pro00057 TfCut2; use Pro00057/CUT1 simulation numbering.
Pro00057,T. fusca cutinase 1 / CUT1 / 7QJR,239,7.142857142857143e-05,0.0,0.001,14,0,0,3,4,0.0,GLN,Q239,helix,no named landmark assigned,Other/candidate,low,trajectory-derived contact residue,Contact residue without a current conservative mechanism label.,F189,189,rigid H/F-like pair,W-loop/flexible or rigid pair,24.86181292665521,27.7926001122601,Do not call Pro00057 TfCut2; use Pro00057/CUT1 simulation numbering.
Pro00057,T. fusca cutinase 1 / CUT1 / 7QJR,253,7.142857142857143e-05,0.0,0.001,14,0,0,3,4,0.0,VAL,V253,coil/unassigned,no named landmark assigned,Other/candidate,low,trajectory-derived contact residue,Contact residue without a current conservative mechanism label.,D177,177,catalytic Asp,Catalytic/oxyanion,13.982061471757303,13.982061471757303,Do not call Pro00057 TfCut2; use Pro00057/CUT1 simulation numbering.
Pro00057,T. fusca cutinase 1 / CUT1 / 7QJR,5,0.0,0.0,0.0,14,0,0,3,4,0.0,TYR,Y5,coil/unassigned,no named landmark assigned,Other/candidate,low,trajectory-derived contact residue,Contact residue without a current conservative mechanism label.,F189,189,rigid H/F-like pair,W-loop/flexible or rigid pair,29.956469317995406,30.239890294113174,Do not call Pro00057 TfCut2; use Pro00057/CUT1 simulation numbering.
Pro00057,T. fusca cutinase 1 / CUT1 / 7QJR,8,0.0,0.0,0.0,14,0,0,3,4,0.0,GLY,G8,coil/unassigned,no named landmark assigned,Other/candidate,low,trajectory-derived contact residue,Contact residue without a current conservative mechanism label.,S131,131,catalytic Ser,Catalytic/oxyanion,30.464116809781306,30.464116809781306,Do not call Pro00057 TfCut2; use Pro00057/CUT1 simulation numbering.
Pro00057,T. fusca cutinase 1 / CUT1 / 7QJR,16,0.0,0.0,0.0,14,0,0,3,4,0.0,LEU,L16,helix,no named landmark assigned,Other/candidate,low,trajectory-derived contact residue,Contact residue without a current conservative mechanism label.,H209,209,catalytic His,Catalytic/oxyanion,22.672775414580368,22.672775414580368,Do not call Pro00057 TfCut2; use Pro00057/CUT1 simulation numbering.
Pro00057,T. fusca cutinase 1 / CUT1 / 7QJR,23,0.0,0.0,0.0,14,0,0,3,4,0.0,PHE,F23,coil/unassigned,no named landmark assigned,Other/candidate,low,trajectory-derived contact residue,Contact residue without a current conservative mechanism label.,S131,131,catalytic Ser,Catalytic/oxyanion,28.303113927622874,28.303113927622874,Do not call Pro00057 TfCut2; use Pro00057/CUT1 simulation numbering.
Pro00057,T. fusca cutinase 1 / CUT1 / 7QJR,25,0.0,0.0,0.0,14,0,0,3,4,0.0,VAL,V25,sheet,no named landmark assigned,Other/candidate,low,trajectory-derived contact residue,Contact residue without a current conservative mechanism label.,S131,131,catalytic Ser,Catalytic/oxyanion,26.120496224229736,26.120496224229736,Do not call Pro00057 TfCut2; use Pro00057/CUT1 simulation numbering.
Pro00057,T. fusca cutinase 1 / CUT1 / 7QJR,26,0.0,0.0,0.0,14,0,0,3,4,0.0,SER,S26,sheet,no named landmark assigned,Other/candidate,low,trajectory-derived contact residue,Contact residue without a current conservative mechanism label.,S131,131,catalytic Ser,Catalytic/oxyanion,26.781360869082064,26.781360869082064,Do not call Pro00057 TfCut2; use Pro00057/CUT1 simulation numbering.
Pro00057,T. fusca cutinase 1 / CUT1 / 7QJR,28,0.0,0.0,0.0,14,0,0,3,4,0.0,GLU,E28,sheet,no named landmark assigned,Other/candidate,low,trajectory-derived contact residue,Contact residue without a current conservative mechanism label.,Y61,61,oxyanion donor / active-site pocket,Catalytic/oxyanion,24.289483753262438,25.003514752930236,Do not call Pro00057 TfCut2; use Pro00057/CUT1 simulation numbering.
Pro00057,T. fusca cutinase 1 / CUT1 / 7QJR,30,0.0,0.0,0.0,14,0,0,3,4,0.0,VAL,V30,sheet,no named landmark assigned,Other/candidate,low,trajectory-derived contact residue,Contact residue without a current conservative mechanism label.,Y61,61,oxyanion donor / active-site pocket,Catalytic/oxyanion,20.495844383679344,22.596845576318835,Do not call Pro00057 TfCut2; use Pro00057/CUT1 simulation numbering.
Pro00057,T. fusca cutinase 1 / CUT1 / 7QJR,34,0.0,0.0,0.0,14,0,0,3,4,0.0,SER,S34,coil/unassigned,no named landmark assigned,Other/candidate,low,trajectory-derived contact residue,Contact residue without a current conservative mechanism label.,Y61,61,oxyanion donor / active-site pocket,Catalytic/oxyanion,22.528895711951794,25.57505028343053,Do not call Pro00057 TfCut2; use Pro00057/CUT1 simulation numbering.
Pro00057,T. fusca cutinase 1 / CUT1 / 7QJR,35,0.0,0.0,0.0,14,0,0,3,4,0.0,ALA,A35,coil/unassigned,no named landmark assigned,Other/candidate,low,trajectory-derived contact residue,Contact residue without a current conservative mechanism label.,Y61,61,oxyanion donor / active-site pocket,Catalytic/oxyanion,19.42989024673068,22.160230774971637,Do not call Pro00057 TfCut2; use Pro00057/CUT1 simulation numbering.
Pro00057,T. fusca cutinase 1 / CUT1 / 7QJR,36,0.0,0.0,0.0,14,0,0,3,4,0.0,SER,S36,coil/unassigned,no named landmark assigned,Other/candidate,low,trajectory-derived contact residue,Contact residue without a current conservative mechanism label.,Y61,61,oxyanion donor / active-site pocket,Catalytic/oxyanion,20.132291797011092,22.815761175117522,Do not call Pro00057 TfCut2; use Pro00057/CUT1 simulation numbering.
Pro00057,T. fusca cutinase 1 / CUT1 / 7QJR,37,0.0,0.0,0.0,14,0,0,3,4,0.0,GLY,G37,coil/unassigned,no named landmark assigned,Other/candidate,low,trajectory-derived contact residue,Contact residue without a current conservative mechanism label.,M132,132,oxyanion donor / active-site pocket,Catalytic/oxyanion,17.08244730710445,19.9063280390935,Do not call Pro00057 TfCut2; use Pro00057/CUT1 simulation numbering.
Pro00057,T. fusca cutinase 1 / CUT1 / 7QJR,38,0.0,0.0,0.0,14,0,0,3,4,0.0,PHE,F38,coil/unassigned,no named landmark assigned,Other/candidate,low,trajectory-derived contact residue,Contact residue without a current conservative mechanism label.,Y61,61,oxyanion donor / active-site pocket,Catalytic/oxyanion,14.404824781995787,17.20257428410062,Do not call Pro00057 TfCut2; use Pro00057/CUT1 simulation numbering.
Pro00057,T. fusca cutinase 1 / CUT1 / 7QJR,40,0.0,0.0,0.0,14,0,0,3,4,0.0,GLY,G40,coil/unassigned,no named landmark assigned,Other/candidate,low,trajectory-derived contact residue,Contact residue without a current conservative mechanism label.,Y61,61,oxyanion donor / active-site pocket,Catalytic/oxyanion,15.998805767931556,18.845758912816432,Do not call Pro00057 TfCut2; use Pro00057/CUT1 simulation numbering.
Pro00057,T. fusca cutinase 1 / CUT1 / 7QJR,41,0.0,0.0,0.0,14,0,0,3,4,0.0,GLY,G41,sheet,no named landmark assigned,Other/candidate,low,trajectory-derived contact residue,Contact residue without a current conservative mechanism label.,Y61,61,oxyanion donor / active-site pocket,Catalytic/oxyanion,15.903611948233648,17.71327857851279,Do not call Pro00057 TfCut2; use Pro00057/CUT1 simulation numbering.
Pro00057,T. fusca cutinase 1 / CUT1 / 7QJR,43,0.0,0.0,0.0,14,0,0,3,4,0.0,ILE,I43,sheet,no named landmark assigned,Other/candidate,low,trajectory-derived contact residue,Contact residue without a current conservative mechanism label.,S131,131,catalytic Ser,Catalytic/oxyanion,20.7696650671117,20.7696650671117,Do not call Pro00057 TfCut2; use Pro00057/CUT1 simulation numbering.
Pro00057,T. fusca cutinase 1 / CUT1 / 7QJR,45,0.0,0.0,0.0,14,0,0,3,4,0.0,TYR,Y45,sheet,no named landmark assigned,Other/candidate,low,trajectory-derived contact residue,Contact residue without a current conservative mechanism label.,S131,131,catalytic Ser,Catalytic/oxyanion,24.361137145051334,24.361137145051334,Do not call Pro00057 TfCut2; use Pro00057/CUT1 simulation numbering.
Pro00057,T. fusca cutinase 1 / CUT1 / 7QJR,46,0.0,0.0,0.0,14,0,0,3,4,0.0,PRO,P46,sheet,no named landmark assigned,Other/candidate,low,trajectory-derived contact residue,Contact residue without a current conservative mechanism label.,S131,131,catalytic Ser,Catalytic/oxyanion,27.08419836362155,27.08419836362155,Do not call Pro00057 TfCut2; use Pro00057/CUT1 simulation numbering.
Pro00057,T. fusca cutinase 1 / CUT1 / 7QJR,48,0.0,0.0,0.0,14,0,0,3,4,0.0,GLU,E48,coil/unassigned,no named landmark assigned,Other/candidate,low,trajectory-derived contact residue,Contact residue without a current conservative mechanism label.,S131,131,catalytic Ser,Catalytic/oxyanion,32.324762860692424,32.324762860692424,Do not call Pro00057 TfCut2; use Pro00057/CUT1 simulation numbering.
Pro00057,T. fusca cutinase 1 / CUT1 / 7QJR,49,0.0,0.0,0.0,14,0,0,3,4,0.0,ASN,N49,coil/unassigned,no named landmark assigned,Other/candidate,low,trajectory-derived contact residue,Contact residue without a current conservative mechanism label.,S131,131,catalytic Ser,Catalytic/oxyanion,33.42836032473026,33.42836032473026,Do not call Pro00057 TfCut2; use Pro00057/CUT1 simulation numbering.
Pro00057,T. fusca cutinase 1 / CUT1 / 7QJR,50,0.0,0.0,0.0,14,0,0,3,4,0.0,ASN,N50,coil/unassigned,no named landmark assigned,Other/candidate,low,trajectory-derived contact residue,Contact residue without a current conservative mechanism label.,S131,131,catalytic Ser,Catalytic/oxyanion,32.180409242270365,32.180409242270365,Do not call Pro00057 TfCut2; use Pro00057/CUT1 simulation numbering.
Pro00057,T. fusca cutinase 1 / CUT1 / 7QJR,51,0.0,0.0,0.0,14,0,0,3,4,0.0,THR,T51,coil/unassigned,no named landmark assigned,Other/candidate,low,trajectory-derived contact residue,Contact residue without a current conservative mechanism label.,S131,131,catalytic Ser,Catalytic/oxyanion,29.871856420383384,29.871856420383384,Do not call Pro00057 TfCut2; use Pro00057/CUT1 simulation numbering.
Pro00057,T. fusca cutinase 1 / CUT1 / 7QJR,52,0.0,0.0,0.0,14,0,0,3,4,0.0,TYR,Y52,sheet,no named landmark assigned,Other/candidate,low,trajectory-derived contact residue,Contact residue without a current conservative mechanism label.,S131,131,catalytic Ser,Catalytic/oxyanion,26.357541710106428,26.357541710106428,Do not call Pro00057 TfCut2; use Pro00057/CUT1 simulation numbering.
Pro00057,T. fusca cutinase 1 / CUT1 / 7QJR,53,0.0,0.0,0.0,14,0,0,3,4,0.0,GLY,G53,sheet,no named landmark assigned,Other/candidate,low,trajectory-derived contact residue,Contact residue without a current conservative mechanism label.,S131,131,catalytic Ser,Catalytic/oxyanion,23.33000741534387,23.33000741534387,Do not call Pro00057 TfCut2; use Pro00057/CUT1 simulation numbering.
Pro00057,T. fusca cutinase 1 / CUT1 / 7QJR,54,0.0,0.0,0.0,14,0,0,3,4,0.0,ALA,A54,sheet,no named landmark assigned,Other/candidate,low,trajectory-derived contact residue,Contact residue without a current conservative mechanism label.,M132,132,oxyanion donor / active-site pocket,Catalytic/oxyanion,20.745017088448012,20.79617272480684,Do not call Pro00057 TfCut2; use Pro00057/CUT1 simulation numbering.
Pro00057,T. fusca cutinase 1 / CUT1 / 7QJR,55,0.0,0.0,0.0,14,0,0,3,4,0.0,VAL,V55,sheet,no named landmark assigned,Other/candidate,low,trajectory-derived contact residue,Contact residue without a current conservative mechanism label.,S131,131,catalytic Ser,Catalytic/oxyanion,16.970558063894067,16.970558063894067,Do not call Pro00057 TfCut2; use Pro00057/CUT1 simulation numbering.
Pro00057,T. fusca cutinase 1 / CUT1 / 7QJR,56,0.0,0.0,0.0,14,0,0,3,4,0.0,ALA,A56,sheet,no named landmark assigned,Other/candidate,low,trajectory-derived contact residue,Contact residue without a current conservative mechanism label.,M132,132,oxyanion donor / active-site pocket,Catalytic/oxyanion,14.160015748578813,14.551462606899694,Do not call Pro00057 TfCut2; use Pro00057/CUT1 simulation numbering.
Pro00057,T. fusca cutinase 1 / CUT1 / 7QJR,57,0.0,0.0,0.0,14,0,0,3,4,0.0,ILE,I57,sheet,no named landmark assigned,Other/candidate,low,trajectory-derived contact residue,Contact residue without a current conservative mechanism label.,S131,131,catalytic Ser,Catalytic/oxyanion,11.24767447075172,11.24767447075172,Do not call Pro00057 TfCut2; use Pro00057/CUT1 simulation numbering.
Pro00057,T. fusca cutinase 1 / CUT1 / 7QJR,58,0.0,0.0,0.0,14,0,0,3,4,0.0,SER,S58,sheet,no named landmark assigned,Other/candidate,low,trajectory-derived contact residue,Contact residue without a current conservative mechanism label.,M132,132,oxyanion donor / active-site pocket,Catalytic/oxyanion,8.259196752711489,8.814339963945116,Do not call Pro00057 TfCut2; use Pro00057/CUT1 simulation numbering.
Pro00057,T. fusca cutinase 1 / CUT1 / 7QJR,72,0.0,0.0,0.0,14,0,0,3,4,0.0,GLY,G72,helix,no named landmark assigned,Other/candidate,low,trajectory-derived contact residue,Contact residue without a current conservative mechanism label.,S131,131,catalytic Ser,Catalytic/oxyanion,15.784853436126673,15.784853436126673,Do not call Pro00057 TfCut2; use Pro00057/CUT1 simulation numbering.
Pro00057,T. fusca cutinase 1 / CUT1 / 7QJR,75,0.0,0.0,0.0,14,0,0,3,4,0.0,ILE,I75,helix,no named landmark assigned,Other/candidate,low,trajectory-derived contact residue,Contact residue without a current conservative mechanism label.,S131,131,catalytic Ser,Catalytic/oxyanion,18.66318177589234,18.66318177589234,Do not call Pro00057 TfCut2; use Pro00057/CUT1 simulation numbering.
Pro00057,T. fusca cutinase 1 / CUT1 / 7QJR,76,0.0,0.0,0.0,14,0,0,3,4,0.0,ALA,A76,helix,no named landmark assigned,Other/candidate,low,trajectory-derived contact residue,Contact residue without a current conservative mechanism label.,S131,131,catalytic Ser,Catalytic/oxyanion,21.234618291836565,21.234618291836565,Do not call Pro00057 TfCut2; use Pro00057/CUT1 simulation numbering.
Pro00057,T. fusca cutinase 1 / CUT1 / 7QJR,77,0.0,0.0,0.0,14,0,0,3,4,0.0,SER,S77,helix,no named landmark assigned,Other/candidate,low,trajectory-derived contact residue,Contact residue without a current conservative mechanism label.,S131,131,catalytic Ser,Catalytic/oxyanion,23.718582820227684,23.718582820227684,Do not call Pro00057 TfCut2; use Pro00057/CUT1 simulation numbering.
Pro00057,T. fusca cutinase 1 / CUT1 / 7QJR,78,0.0,0.0,0.0,14,0,0,3,4,0.0,HIS,H78,coil/unassigned,no named landmark assigned,Other/candidate,low,trajectory-derived contact residue,Contact residue without a current conservative mechanism label.,S131,131,catalytic Ser,Catalytic/oxyanion,23.83291677491448,23.83291677491448,Do not call Pro00057 TfCut2; use Pro00057/CUT1 simulation numbering.
Pro00057,T. fusca cutinase 1 / CUT1 / 7QJR,79,0.0,0.0,0.0,14,0,0,3,4,0.0,GLY,G79,coil/unassigned,no named landmark assigned,Other/candidate,low,trajectory-derived contact residue,Contact residue without a current conservative mechanism label.,S131,131,catalytic Ser,Catalytic/oxyanion,25.046735935047504,25.046735935047504,Do not call Pro00057 TfCut2; use Pro00057/CUT1 simulation numbering.
Pro00057,T. fusca cutinase 1 / CUT1 / 7QJR,80,0.0,0.0,0.0,14,0,0,3,4,0.0,PHE,F80,sheet,no named landmark assigned,Other/candidate,low,trajectory-derived contact residue,Contact residue without a current conservative mechanism label.,S131,131,catalytic Ser,Catalytic/oxyanion,22.328406772539772,22.328406772539772,Do not call Pro00057 TfCut2; use Pro00057/CUT1 simulation numbering.
Pro00057,T. fusca cutinase 1 / CUT1 / 7QJR,81,0.0,0.0,0.0,14,0,0,3,4,0.0,VAL,V81,sheet,no named landmark assigned,Other/candidate,low,trajectory-derived contact residue,Contact residue without a current conservative mechanism label.,S131,131,catalytic Ser,Catalytic/oxyanion,22.004733786165193,22.004733786165193,Do not call Pro00057 TfCut2; use Pro00057/CUT1 simulation numbering.
Pro00057,T. fusca cutinase 1 / CUT1 / 7QJR,82,0.0,0.0,0.0,14,0,0,3,4,0.0,VAL,V82,sheet,no named landmark assigned,Other/candidate,low,trajectory-derived contact residue,Contact residue without a current conservative mechanism label.,S131,131,catalytic Ser,Catalytic/oxyanion,18.43209071158234,18.43209071158234,Do not call Pro00057 TfCut2; use Pro00057/CUT1 simulation numbering.
Pro00057,T. fusca cutinase 1 / CUT1 / 7QJR,83,0.0,0.0,0.0,14,0,0,3,4,0.0,ILE,I83,sheet,no named landmark assigned,Other/candidate,low,trajectory-derived contact residue,Contact residue without a current conservative mechanism label.,M132,132,oxyanion donor / active-site pocket,Catalytic/oxyanion,16.941858988906734,17.032693092990314,Do not call Pro00057 TfCut2; use Pro00057/CUT1 simulation numbering.
Pro00057,T. fusca cutinase 1 / CUT1 / 7QJR,84,0.0,0.0,0.0,14,0,0,3,4,0.0,THR,T84,sheet,no named landmark assigned,Other/candidate,low,trajectory-derived contact residue,Contact residue without a current conservative mechanism label.,S131,131,catalytic Ser,Catalytic/oxyanion,14.254099585733222,14.254099585733222,Do not call Pro00057 TfCut2; use Pro00057/CUT1 simulation numbering.
Pro00057,T. fusca cutinase 1 / CUT1 / 7QJR,85,0.0,0.0,0.0,14,0,0,3,4,0.0,ILE,I85,sheet,no named landmark assigned,Other/candidate,low,trajectory-derived contact residue,Contact residue without a current conservative mechanism label.,Y61,61,oxyanion donor / active-site pocket,Catalytic/oxyanion,12.7533073749518,13.864656721318417,Do not call Pro00057 TfCut2; use Pro00057/CUT1 simulation numbering.
Pro00057,T. fusca cutinase 1 / CUT1 / 7QJR,98,0.0,0.0,0.0,14,0,0,3,4,0.0,ALA,A98,helix,no named landmark assigned,Other/candidate,low,trajectory-derived contact residue,Contact residue without a current conservative mechanism label.,M132,132,oxyanion donor / active-site pocket,Catalytic/oxyanion,9.459827746846134,12.304707513793247,Do not call Pro00057 TfCut2; use Pro00057/CUT1 simulation numbering.
Pro00057,T. fusca cutinase 1 / CUT1 / 7QJR,100,0.0,0.0,0.0,14,0,0,3,4,0.0,GLN,Q100,helix,no named landmark assigned,Other/candidate,low,trajectory-derived contact residue,Contact residue without a current conservative mechanism label.,M132,132,oxyanion donor / active-site pocket,Catalytic/oxyanion,12.099035581400694,14.776597916976694,Do not call Pro00057 TfCut2; use Pro00057/CUT1 simulation numbering.
Pro00057,T. fusca cutinase 1 / CUT1 / 7QJR,101,0.0,0.0,0.0,14,0,0,3,4,0.0,LEU,L101,helix,no named landmark assigned,Other/candidate,low,trajectory-derived contact residue,Contact residue without a current conservative mechanism label.,M132,132,oxyanion donor / active-site pocket,Catalytic/oxyanion,11.85578677271146,13.799936738985437,Do not call Pro00057 TfCut2; use Pro00057/CUT1 simulation numbering.
Pro00057,T. fusca cutinase 1 / CUT1 / 7QJR,102,0.0,0.0,0.0,14,0,0,3,4,0.0,ASN,N102,helix,no named landmark assigned,Other/candidate,low,trajectory-derived contact residue,Contact residue without a current conservative mechanism label.,M132,132,oxyanion donor / active-site pocket,Catalytic/oxyanion,14.970495148791839,17.165831439228338,Do not call Pro00057 TfCut2; use Pro00057/CUT1 simulation numbering.
Pro00057,T. fusca cutinase 1 / CUT1 / 7QJR,103,0.0,0.0,0.0,14,0,0,3,4,0.0,ALA,A103,helix,no named landmark assigned,Other/candidate,low,trajectory-derived contact residue,Contact residue without a current conservative mechanism label.,M132,132,oxyanion donor / active-site pocket,Catalytic/oxyanion,16.62135244196452,18.95909182951546,Do not call Pro00057 TfCut2; use Pro00057/CUT1 simulation numbering.
Pro00057,T. fusca cutinase 1 / CUT1 / 7QJR,104,0.0,0.0,0.0,14,0,0,3,4,0.0,ALA,A104,helix,no named landmark assigned,Other/candidate,low,trajectory-derived contact residue,Contact residue without a current conservative mechanism label.,M132,132,oxyanion donor / active-site pocket,Catalytic/oxyanion,16.261938014886173,17.916071723455453,Do not call Pro00057 TfCut2; use Pro00057/CUT1 simulation numbering.
Pro00057,T. fusca cutinase 1 / CUT1 / 7QJR,105,0.0,0.0,0.0,14,0,0,3,4,0.0,LEU,L105,helix,no named landmark assigned,Other/candidate,low,trajectory-derived contact residue,Contact residue without a current conservative mechanism label.,M132,132,oxyanion donor / active-site pocket,Catalytic/oxyanion,17.911157137382276,19.289854431799117,Do not call Pro00057 TfCut2; use Pro00057/CUT1 simulation numbering.
Pro00057,T. fusca cutinase 1 / CUT1 / 7QJR,106,0.0,0.0,0.0,14,0,0,3,4,0.0,ASN,N106,helix,no named landmark assigned,Other/candidate,low,trajectory-derived contact residue,Contact residue without a current conservative mechanism label.,M132,132,oxyanion donor / active-site pocket,Catalytic/oxyanion,20.56267183514827,22.380874357361467,Do not call Pro00057 TfCut2; use Pro00057/CUT1 simulation numbering.
Pro00057,T. fusca cutinase 1 / CUT1 / 7QJR,107,0.0,0.0,0.0,14,0,0,3,4,0.0,HIS,H107,helix,no named landmark assigned,Other/candidate,low,trajectory-derived contact residue,Contact residue without a current conservative mechanism label.,M132,132,oxyanion donor / active-site pocket,Catalytic/oxyanion,21.132676640690836,22.772565424211653,Do not call Pro00057 TfCut2; use Pro00057/CUT1 simulation numbering.
Pro00057,T. fusca cutinase 1 / CUT1 / 7QJR,108,0.0,0.0,0.0,14,0,0,3,4,0.0,MET,M108,helix,no named landmark assigned,Other/candidate,low,trajectory-derived contact residue,Contact residue without a current conservative mechanism label.,M132,132,oxyanion donor / active-site pocket,Catalytic/oxyanion,21.892257581163253,22.93254787414604,Do not call Pro00057 TfCut2; use Pro00057/CUT1 simulation numbering.
Pro00057,T. fusca cutinase 1 / CUT1 / 7QJR,109,0.0,0.0,0.0,14,0,0,3,4,0.0,ILE,I109,helix,no named landmark assigned,Other/candidate,low,trajectory-derived contact residue,Contact residue without a current conservative mechanism label.,M132,132,oxyanion donor / active-site pocket,Catalytic/oxyanion,24.27463602198805,25.491070083462564,Do not call Pro00057 TfCut2; use Pro00057/CUT1 simulation numbering.
Pro00057,T. fusca cutinase 1 / CUT1 / 7QJR,110,0.0,0.0,0.0,14,0,0,3,4,0.0,ASN,N110,helix,no named landmark assigned,Other/candidate,low,trajectory-derived contact residue,Contact residue without a current conservative mechanism label.,M132,132,oxyanion donor / active-site pocket,Catalytic/oxyanion,26.040833204795888,27.63845346614025,Do not call Pro00057 TfCut2; use Pro00057/CUT1 simulation numbering.
Pro00057,T. fusca cutinase 1 / CUT1 / 7QJR,111,0.0,0.0,0.0,14,0,0,3,4,0.0,ARG,R111,helix,no named landmark assigned,Other/candidate,low,trajectory-derived contact residue,Contact residue without a current conservative mechanism label.,M132,132,oxyanion donor / active-site pocket,Catalytic/oxyanion,25.75464084393335,27.335264019211518,Do not call Pro00057 TfCut2; use Pro00057/CUT1 simulation numbering.
Pro00057,T. fusca cutinase 1 / CUT1 / 7QJR,112,0.0,0.0,0.0,14,0,0,3,4,0.0,ALA,A112,coil/unassigned,no named landmark assigned,Other/candidate,low,trajectory-derived contact residue,Contact residue without a current conservative mechanism label.,M132,132,oxyanion donor / active-site pocket,Catalytic/oxyanion,25.548773003805877,26.62128625742941,Do not call Pro00057 TfCut2; use Pro00057/CUT1 simulation numbering.
Pro00057,T. fusca cutinase 1 / CUT1 / 7QJR,113,0.0,0.0,0.0,14,0,0,3,4,0.0,SER,S113,helix,no named landmark assigned,Other/candidate,low,trajectory-derived contact residue,Contact residue without a current conservative mechanism label.,M132,132,oxyanion donor / active-site pocket,Catalytic/oxyanion,28.954964306660784,29.769061624444937,Do not call Pro00057 TfCut2; use Pro00057/CUT1 simulation numbering.
Pro00057,T. fusca cutinase 1 / CUT1 / 7QJR,114,0.0,0.0,0.0,14,0,0,3,4,0.0,SER,S114,helix,no named landmark assigned,Other/candidate,low,trajectory-derived contact residue,Contact residue without a current conservative mechanism label.,M132,132,oxyanion donor / active-site pocket,Catalytic/oxyanion,31.51021634327508,32.231592855457826,Do not call Pro00057 TfCut2; use Pro00057/CUT1 simulation numbering.
Pro00057,T. fusca cutinase 1 / CUT1 / 7QJR,115,0.0,0.0,0.0,14,0,0,3,4,0.0,THR,T115,helix,no named landmark assigned,Other/candidate,low,trajectory-derived contact residue,Contact residue without a current conservative mechanism label.,M132,132,oxyanion donor / active-site pocket,Catalytic/oxyanion,30.895415274762044,31.158486307906553,Do not call Pro00057 TfCut2; use Pro00057/CUT1 simulation numbering.
Pro00057,T. fusca cutinase 1 / CUT1 / 7QJR,116,0.0,0.0,0.0,14,0,0,3,4,0.0,VAL,V116,helix,no named landmark assigned,Other/candidate,low,trajectory-derived contact residue,Contact residue without a current conservative mechanism label.,M132,132,oxyanion donor / active-site pocket,Catalytic/oxyanion,27.229501280780006,27.54492813568407,Do not call Pro00057 TfCut2; use Pro00057/CUT1 simulation numbering.
Pro00057,T. fusca cutinase 1 / CUT1 / 7QJR,117,0.0,0.0,0.0,14,0,0,3,4,0.0,ARG,R117,helix,no named landmark assigned,Other/candidate,low,trajectory-derived contact residue,Contact residue without a current conservative mechanism label.,M132,132,oxyanion donor / active-site pocket,Catalytic/oxyanion,28.009735468226044,28.693950947891437,Do not call Pro00057 TfCut2; use Pro00057/CUT1 simulation numbering.
Pro00057,T. fusca cutinase 1 / CUT1 / 7QJR,118,0.0,0.0,0.0,14,0,0,3,4,0.0,SER,S118,helix,no named landmark assigned,Other/candidate,low,trajectory-derived contact residue,Contact residue without a current conservative mechanism label.,M132,132,oxyanion donor / active-site pocket,Catalytic/oxyanion,31.022027577191015,31.423209145470807,Do not call Pro00057 TfCut2; use Pro00057/CUT1 simulation numbering.
Pro00057,T. fusca cutinase 1 / CUT1 / 7QJR,119,0.0,0.0,0.0,14,0,0,3,4,0.0,ARG,R119,coil/unassigned,no named landmark assigned,Other/candidate,low,trajectory-derived contact residue,Contact residue without a current conservative mechanism label.,M132,132,oxyanion donor / active-site pocket,Catalytic/oxyanion,28.909412204332344,28.926689164161186,Do not call Pro00057 TfCut2; use Pro00057/CUT1 simulation numbering.
Pro00057,T. fusca cutinase 1 / CUT1 / 7QJR,120,0.0,0.0,0.0,14,0,0,3,4,0.0,ILE,I120,sheet,no named landmark assigned,Other/candidate,low,trajectory-derived contact residue,Contact residue without a current conservative mechanism label.,M132,132,oxyanion donor / active-site pocket,Catalytic/oxyanion,26.462768524853935,26.746678111496387,Do not call Pro00057 TfCut2; use Pro00057/CUT1 simulation numbering.
Pro00057,T. fusca cutinase 1 / CUT1 / 7QJR,121,0.0,0.0,0.0,14,0,0,3,4,0.0,ASP,D121,sheet,no named landmark assigned,Other/candidate,low,trajectory-derived contact residue,Contact residue without a current conservative mechanism label.,M132,132,oxyanion donor / active-site pocket,Catalytic/oxyanion,27.2974012316191,27.636902829369287,Do not call Pro00057 TfCut2; use Pro00057/CUT1 simulation numbering.
Pro00057,T. fusca cutinase 1 / CUT1 / 7QJR,122,0.0,0.0,0.0,14,0,0,3,4,0.0,SER,S122,sheet,no named landmark assigned,Other/candidate,low,trajectory-derived contact residue,Contact residue without a current conservative mechanism label.,M132,132,oxyanion donor / active-site pocket,Catalytic/oxyanion,25.418760335626125,26.24961033996505,Do not call Pro00057 TfCut2; use Pro00057/CUT1 simulation numbering.
Pro00057,T. fusca cutinase 1 / CUT1 / 7QJR,123,0.0,0.0,0.0,14,0,0,3,4,0.0,SER,S123,sheet,no named landmark assigned,Other/candidate,low,trajectory-derived contact residue,Contact residue without a current conservative mechanism label.,M132,132,oxyanion donor / active-site pocket,Catalytic/oxyanion,25.789726055156148,26.52288272416858,Do not call Pro00057 TfCut2; use Pro00057/CUT1 simulation numbering.
Pro00057,T. fusca cutinase 1 / CUT1 / 7QJR,124,0.0,0.0,0.0,14,0,0,3,4,0.0,ARG,R124,sheet,no named landmark assigned,Other/candidate,low,trajectory-derived contact residue,Contact residue without a current conservative mechanism label.,M132,132,oxyanion donor / active-site pocket,Catalytic/oxyanion,23.674621264130078,23.933007374753387,Do not call Pro00057 TfCut2; use Pro00057/CUT1 simulation numbering.
Pro00057,T. fusca cutinase 1 / CUT1 / 7QJR,125,0.0,0.0,0.0,14,0,0,3,4,0.0,LEU,L125,sheet,no named landmark assigned,Other/candidate,low,trajectory-derived contact residue,Contact residue without a current conservative mechanism label.,M132,132,oxyanion donor / active-site pocket,Catalytic/oxyanion,20.004623915485137,20.44995682147031,Do not call Pro00057 TfCut2; use Pro00057/CUT1 simulation numbering.
Pro00057,T. fusca cutinase 1 / CUT1 / 7QJR,126,0.0,0.0,0.0,14,0,0,3,4,0.0,ALA,A126,sheet,no named landmark assigned,Other/candidate,low,trajectory-derived contact residue,Contact residue without a current conservative mechanism label.,M132,132,oxyanion donor / active-site pocket,Catalytic/oxyanion,16.82345056758571,16.93089356767681,Do not call Pro00057 TfCut2; use Pro00057/CUT1 simulation numbering.
Pro00057,T. fusca cutinase 1 / CUT1 / 7QJR,127,0.0,0.0,0.0,14,0,0,3,4,0.0,VAL,V127,sheet,no named landmark assigned,Other/candidate,low,trajectory-derived contact residue,Contact residue without a current conservative mechanism label.,M132,132,oxyanion donor / active-site pocket,Catalytic/oxyanion,13.052060910063206,13.295610854714425,Do not call Pro00057 TfCut2; use Pro00057/CUT1 simulation numbering.
Pro00057,T. fusca cutinase 1 / CUT1 / 7QJR,128,0.0,0.0,0.0,14,0,0,3,4,0.0,MET,M128,sheet,no named landmark assigned,Other/candidate,low,trajectory-derived contact residue,Contact residue without a current conservative mechanism label.,S131,131,catalytic Ser,Catalytic/oxyanion,10.15544356490646,10.15544356490646,Do not call Pro00057 TfCut2; use Pro00057/CUT1 simulation numbering.
Pro00057,T. fusca cutinase 1 / CUT1 / 7QJR,129,0.0,0.0,0.0,14,0,0,3,4,0.0,GLY,G129,sheet,no named landmark assigned,Other/candidate,low,trajectory-derived contact residue,Contact residue without a current conservative mechanism label.,S131,131,catalytic Ser,Catalytic/oxyanion,6.728809998803652,6.728809998803652,Do not call Pro00057 TfCut2; use Pro00057/CUT1 simulation numbering.
Pro00057,T. fusca cutinase 1 / CUT1 / 7QJR,133,0.0,0.0,0.0,14,0,0,3,4,0.0,GLY,G133,helix,catalytic/oxyanion pocket neighborhood,Catalytic/oxyanion,medium,local sequence neighborhood,Active-site pocket around Y61/S131/M132.,M132,132,oxyanion donor / active-site pocket,Catalytic/oxyanion,3.8753278570980285,5.308657645770727,Do not call Pro00057 TfCut2; use Pro00057/CUT1 simulation numbering.
Pro00057,T. fusca cutinase 1 / CUT1 / 7QJR,134,0.0,0.0,0.0,14,0,0,3,4,0.0,GLY,G134,helix,near S131 (catalytic Ser),Catalytic/oxyanion,medium-low,local CA-distance annotation,Spatially near a named landmark; inspect before strong mechanistic wording.,S131,131,catalytic Ser,Catalytic/oxyanion,5.025052537038793,5.025052537038793,Do not call Pro00057 TfCut2; use Pro00057/CUT1 simulation numbering.
Pro00057,T. fusca cutinase 1 / CUT1 / 7QJR,135,0.0,0.0,0.0,14,0,0,3,4,0.0,GLY,G135,helix,near M132 (oxyanion donor / active-site pocket),Catalytic/oxyanion,medium-low,local CA-distance annotation,Spatially near a named landmark; inspect before strong mechanistic wording.,M132,132,oxyanion donor / active-site pocket,Catalytic/oxyanion,4.886003888659935,6.574266955334259,Do not call Pro00057 TfCut2; use Pro00057/CUT1 simulation numbering.
Pro00057,T. fusca cutinase 1 / CUT1 / 7QJR,136,0.0,0.0,0.0,14,0,0,3,4,0.0,GLY,G136,helix,no named landmark assigned,Other/candidate,low,trajectory-derived contact residue,Contact residue without a current conservative mechanism label.,M132,132,oxyanion donor / active-site pocket,Catalytic/oxyanion,6.2324783192563125,8.745112006143774,Do not call Pro00057 TfCut2; use Pro00057/CUT1 simulation numbering.
Pro00057,T. fusca cutinase 1 / CUT1 / 7QJR,137,0.0,0.0,0.0,14,0,0,3,4,0.0,SER,S137,helix,no named landmark assigned,Other/candidate,low,trajectory-derived contact residue,Contact residue without a current conservative mechanism label.,M132,132,oxyanion donor / active-site pocket,Catalytic/oxyanion,8.647161962170015,9.748798797800681,Do not call Pro00057 TfCut2; use Pro00057/CUT1 simulation numbering.
Pro00057,T. fusca cutinase 1 / CUT1 / 7QJR,138,0.0,0.0,0.0,14,0,0,3,4,0.0,LEU,L138,helix,no named landmark assigned,Other/candidate,low,trajectory-derived contact residue,Contact residue without a current conservative mechanism label.,F189,189,rigid H/F-like pair,W-loop/flexible or rigid pair,8.707107556473618,11.002931654790917,Do not call Pro00057 TfCut2; use Pro00057/CUT1 simulation numbering.
Pro00057,T. fusca cutinase 1 / CUT1 / 7QJR,140,0.0,0.0,0.0,14,0,0,3,4,0.0,LEU,L140,helix,no named landmark assigned,Other/candidate,low,trajectory-derived contact residue,Contact residue without a current conservative mechanism label.,M132,132,oxyanion donor / active-site pocket,Catalytic/oxyanion,12.265077007503866,14.35340677330647,Do not call Pro00057 TfCut2; use Pro00057/CUT1 simulation numbering.
Pro00057,T. fusca cutinase 1 / CUT1 / 7QJR,141,0.0,0.0,0.0,14,0,0,3,4,0.0,ALA,A141,helix,no named landmark assigned,Other/candidate,low,trajectory-derived contact residue,Contact residue without a current conservative mechanism label.,F189,189,rigid H/F-like pair,W-loop/flexible or rigid pair,12.536502741993079,15.42916971194497,Do not call Pro00057 TfCut2; use Pro00057/CUT1 simulation numbering.
Pro00057,T. fusca cutinase 1 / CUT1 / 7QJR,142,0.0,0.0,0.0,14,0,0,3,4,0.0,SER,S142,helix,no named landmark assigned,Other/candidate,low,trajectory-derived contact residue,Contact residue without a current conservative mechanism label.,F189,189,rigid H/F-like pair,W-loop/flexible or rigid pair,12.116948873375671,17.05021844434845,Do not call Pro00057 TfCut2; use Pro00057/CUT1 simulation numbering.
Pro00057,T. fusca cutinase 1 / CUT1 / 7QJR,143,0.0,0.0,0.0,14,0,0,3,4,0.0,GLN,Q143,helix,no named landmark assigned,Other/candidate,low,trajectory-derived contact residue,Contact residue without a current conservative mechanism label.,F189,189,rigid H/F-like pair,W-loop/flexible or rigid pair,15.755012948265069,18.848795240014677,Do not call Pro00057 TfCut2; use Pro00057/CUT1 simulation numbering.
Pro00057,T. fusca cutinase 1 / CUT1 / 7QJR,144,0.0,0.0,0.0,14,0,0,3,4,0.0,ARG,R144,helix,no named landmark assigned,Other/candidate,low,trajectory-derived contact residue,Contact residue without a current conservative mechanism label.,F189,189,rigid H/F-like pair,W-loop/flexible or rigid pair,17.308421678477792,19.893348486365987,Do not call Pro00057 TfCut2; use Pro00057/CUT1 simulation numbering.
Pro00057,T. fusca cutinase 1 / CUT1 / 7QJR,145,0.0,0.0,0.0,14,0,0,3,4,0.0,PRO,P145,coil/unassigned,no named landmark assigned,Other/candidate,low,trajectory-derived contact residue,Contact residue without a current conservative mechanism label.,F189,189,rigid H/F-like pair,W-loop/flexible or rigid pair,16.93235627430512,21.503428796357106,Do not call Pro00057 TfCut2; use Pro00057/CUT1 simulation numbering.
Pro00057,T. fusca cutinase 1 / CUT1 / 7QJR,146,0.0,0.0,0.0,14,0,0,3,4,0.0,ASP,D146,coil/unassigned,no named landmark assigned,Other/candidate,low,trajectory-derived contact residue,Contact residue without a current conservative mechanism label.,F189,189,rigid H/F-like pair,W-loop/flexible or rigid pair,19.96221235234211,23.06181504131884,Do not call Pro00057 TfCut2; use Pro00057/CUT1 simulation numbering.
Pro00057,T. fusca cutinase 1 / CUT1 / 7QJR,147,0.0,0.0,0.0,14,0,0,3,4,0.0,LEU,L147,coil/unassigned,no named landmark assigned,Other/candidate,low,trajectory-derived contact residue,Contact residue without a current conservative mechanism label.,F189,189,rigid H/F-like pair,W-loop/flexible or rigid pair,18.12835180042576,19.94399338146701,Do not call Pro00057 TfCut2; use Pro00057/CUT1 simulation numbering.
Pro00057,T. fusca cutinase 1 / CUT1 / 7QJR,148,0.0,0.0,0.0,14,0,0,3,4,0.0,LYS,K148,coil/unassigned,no named landmark assigned,Other/candidate,low,trajectory-derived contact residue,Contact residue without a current conservative mechanism label.,F189,189,rigid H/F-like pair,W-loop/flexible or rigid pair,18.435700529136394,20.650695412019424,Do not call Pro00057 TfCut2; use Pro00057/CUT1 simulation numbering.
Pro00057,T. fusca cutinase 1 / CUT1 / 7QJR,149,0.0,0.0,0.0,14,0,0,3,4,0.0,ALA,A149,sheet,no named landmark assigned,Other/candidate,low,trajectory-derived contact residue,Contact residue without a current conservative mechanism label.,F189,189,rigid H/F-like pair,W-loop/flexible or rigid pair,15.548033123196001,17.283459404876098,Do not call Pro00057 TfCut2; use Pro00057/CUT1 simulation numbering.
Pro00057,T. fusca cutinase 1 / CUT1 / 7QJR,150,0.0,0.0,0.0,14,0,0,3,4,0.0,ALA,A150,sheet,no named landmark assigned,Other/candidate,low,trajectory-derived contact residue,Contact residue without a current conservative mechanism label.,F189,189,rigid H/F-like pair,W-loop/flexible or rigid pair,12.571270659722508,13.604511788373737,Do not call Pro00057 TfCut2; use Pro00057/CUT1 simulation numbering.
Pro00057,T. fusca cutinase 1 / CUT1 / 7QJR,151,0.0,0.0,0.0,14,0,0,3,4,0.0,ILE,I151,sheet,no named landmark assigned,Other/candidate,low,trajectory-derived contact residue,Contact residue without a current conservative mechanism label.,S131,131,catalytic Ser,Catalytic/oxyanion,11.124886381442284,11.124886381442284,Do not call Pro00057 TfCut2; use Pro00057/CUT1 simulation numbering.
Pro00057,T. fusca cutinase 1 / CUT1 / 7QJR,152,0.0,0.0,0.0,14,0,0,3,4,0.0,PRO,P152,sheet,no named landmark assigned,Other/candidate,low,trajectory-derived contact residue,Contact residue without a current conservative mechanism label.,S131,131,catalytic Ser,Catalytic/oxyanion,7.652093896444293,7.652093896444293,Do not call Pro00057 TfCut2; use Pro00057/CUT1 simulation numbering.
Pro00057,T. fusca cutinase 1 / CUT1 / 7QJR,153,0.0,0.0,0.0,14,0,0,3,4,0.0,LEU,L153,sheet,no named landmark assigned,Other/candidate,low,trajectory-derived contact residue,Contact residue without a current conservative mechanism label.,S131,131,catalytic Ser,Catalytic/oxyanion,6.294856074605677,6.294856074605677,Do not call Pro00057 TfCut2; use Pro00057/CUT1 simulation numbering.
Pro00057,T. fusca cutinase 1 / CUT1 / 7QJR,155,0.0,0.0,0.0,14,0,0,3,4,0.0,PRO,P155,coil/unassigned,W156-equivalent neighborhood,W-loop/flexible or rigid pair,medium,local sequence neighborhood,Thermobifida W-loop-equivalent region.,W156,156,Thermobifida W-loop equivalent,W-loop/flexible or rigid pair,3.817350651957454,4.195891561992516,Do not call Pro00057 TfCut2; use Pro00057/CUT1 simulation numbering.
Pro00057,T. fusca cutinase 1 / CUT1 / 7QJR,164,0.0,0.0,0.0,14,0,0,3,4,0.0,SER,S164,coil/unassigned,no named landmark assigned,Other/candidate,low,trajectory-derived contact residue,Contact residue without a current conservative mechanism label.,F189,189,rigid H/F-like pair,W-loop/flexible or rigid pair,11.440075436814219,20.247418625592744,Do not call Pro00057 TfCut2; use Pro00057/CUT1 simulation numbering.
Pro00057,T. fusca cutinase 1 / CUT1 / 7QJR,165,0.0,0.0,0.0,14,0,0,3,4,0.0,VAL,V165,coil/unassigned,no named landmark assigned,Other/candidate,low,trajectory-derived contact residue,Contact residue without a current conservative mechanism label.,F189,189,rigid H/F-like pair,W-loop/flexible or rigid pair,10.47921647834417,18.233732064500675,Do not call Pro00057 TfCut2; use Pro00057/CUT1 simulation numbering.
Pro00057,T. fusca cutinase 1 / CUT1 / 7QJR,166,0.0,0.0,0.0,14,0,0,3,4,0.0,ARG,R166,coil/unassigned,no named landmark assigned,Other/candidate,low,trajectory-derived contact residue,Contact residue without a current conservative mechanism label.,F189,189,rigid H/F-like pair,W-loop/flexible or rigid pair,13.356930186236657,20.835652017635542,Do not call Pro00057 TfCut2; use Pro00057/CUT1 simulation numbering.
Pro00057,T. fusca cutinase 1 / CUT1 / 7QJR,167,0.0,0.0,0.0,14,0,0,3,4,0.0,VAL,V167,coil/unassigned,no named landmark assigned,Other/candidate,low,trajectory-derived contact residue,Contact residue without a current conservative mechanism label.,F189,189,rigid H/F-like pair,W-loop/flexible or rigid pair,13.532691417452774,18.8984719488111,Do not call Pro00057 TfCut2; use Pro00057/CUT1 simulation numbering.
Pro00057,T. fusca cutinase 1 / CUT1 / 7QJR,168,0.0,0.0,0.0,14,0,0,3,4,0.0,PRO,P168,coil/unassigned,no named landmark assigned,Other/candidate,low,trajectory-derived contact residue,Contact residue without a current conservative mechanism label.,F189,189,rigid H/F-like pair,W-loop/flexible or rigid pair,13.436708711585586,18.78064072389438,Do not call Pro00057 TfCut2; use Pro00057/CUT1 simulation numbering.
Pro00057,T. fusca cutinase 1 / CUT1 / 7QJR,169,0.0,0.0,0.0,14,0,0,3,4,0.0,THR,T169,sheet,no named landmark assigned,Other/candidate,low,trajectory-derived contact residue,Contact residue without a current conservative mechanism label.,F189,189,rigid H/F-like pair,W-loop/flexible or rigid pair,10.34176527484549,15.312726145268844,Do not call Pro00057 TfCut2; use Pro00057/CUT1 simulation numbering.
Pro00057,T. fusca cutinase 1 / CUT1 / 7QJR,170,0.0,0.0,0.0,14,0,0,3,4,0.0,LEU,L170,sheet,no named landmark assigned,Other/candidate,low,trajectory-derived contact residue,Contact residue without a current conservative mechanism label.,F189,189,rigid H/F-like pair,W-loop/flexible or rigid pair,10.628876045942016,14.03105159993363,Do not call Pro00057 TfCut2; use Pro00057/CUT1 simulation numbering.
Pro00057,T. fusca cutinase 1 / CUT1 / 7QJR,171,0.0,0.0,0.0,14,0,0,3,4,0.0,ILE,I171,sheet,no named landmark assigned,Other/candidate,low,trajectory-derived contact residue,Contact residue without a current conservative mechanism label.,F189,189,rigid H/F-like pair,W-loop/flexible or rigid pair,8.150596665275494,11.126379509975381,Do not call Pro00057 TfCut2; use Pro00057/CUT1 simulation numbering.
Pro00057,T. fusca cutinase 1 / CUT1 / 7QJR,172,0.0,0.0,0.0,14,0,0,3,4,0.0,ILE,I172,sheet,no named landmark assigned,Other/candidate,low,trajectory-derived contact residue,Contact residue without a current conservative mechanism label.,S131,131,catalytic Ser,Catalytic/oxyanion,10.365103086800438,10.365103086800438,Do not call Pro00057 TfCut2; use Pro00057/CUT1 simulation numbering.
Pro00057,T. fusca cutinase 1 / CUT1 / 7QJR,173,0.0,0.0,0.0,14,0,0,3,4,0.0,GLY,G173,sheet,no named landmark assigned,Other/candidate,low,trajectory-derived contact residue,Contact residue without a current conservative mechanism label.,D177,177,catalytic Asp,Catalytic/oxyanion,7.847751397693482,7.847751397693482,Do not call Pro00057 TfCut2; use Pro00057/CUT1 simulation numbering.
Pro00057,T. fusca cutinase 1 / CUT1 / 7QJR,174,0.0,0.0,0.0,14,0,0,3,4,0.0,ALA,A174,sheet,near D177 (catalytic Asp),Catalytic/oxyanion,medium-low,local CA-distance annotation,Spatially near a named landmark; inspect before strong mechanistic wording.,D177,177,catalytic Asp,Catalytic/oxyanion,5.367503795993068,5.367503795993068,Do not call Pro00057 TfCut2; use Pro00057/CUT1 simulation numbering.
Pro00057,T. fusca cutinase 1 / CUT1 / 7QJR,186,0.0,0.0,0.0,14,0,0,3,4,0.0,ALA,A186,helix,H185/F189 rigid-pair neighborhood,W-loop/flexible or rigid pair,medium,local sequence neighborhood,Rigid H/F-like pair region; use homologous context wording.,H185,185,rigid H/F-like pair,W-loop/flexible or rigid pair,3.8357915741082693,9.929904027733603,Do not call Pro00057 TfCut2; use Pro00057/CUT1 simulation numbering.
Pro00057,T. fusca cutinase 1 / CUT1 / 7QJR,189,0.0,0.0,0.0,14,0,0,3,4,0.0,PHE,F189,helix,rigid H/F-like pair,W-loop/flexible or rigid pair,high for local mapping,CE/ChimeraX mapping,Exact configured landmark residue.,F189,189,rigid H/F-like pair,W-loop/flexible or rigid pair,0.0,12.75241384993445,Do not call Pro00057 TfCut2; use Pro00057/CUT1 simulation numbering.
Pro00057,T. fusca cutinase 1 / CUT1 / 7QJR,190,0.0,0.0,0.0,14,0,0,3,4,0.0,TYR,Y190,helix,H185/F189 rigid-pair neighborhood,W-loop/flexible or rigid pair,medium,local sequence neighborhood,Rigid H/F-like pair region; use homologous context wording.,F189,189,rigid H/F-like pair,W-loop/flexible or rigid pair,3.8355429863319226,14.754002745018044,Do not call Pro00057 TfCut2; use Pro00057/CUT1 simulation numbering.
Pro00057,T. fusca cutinase 1 / CUT1 / 7QJR,193,0.0,0.0,0.0,14,0,0,3,4,0.0,LEU,L193,helix,no named landmark assigned,Other/candidate,low,trajectory-derived contact residue,Contact residue without a current conservative mechanism label.,F189,189,rigid H/F-like pair,W-loop/flexible or rigid pair,6.531804727638449,17.88561259783964,Do not call Pro00057 TfCut2; use Pro00057/CUT1 simulation numbering.
Pro00057,T. fusca cutinase 1 / CUT1 / 7QJR,194,0.0,0.0,0.0,14,0,0,3,4,0.0,PRO,P194,coil/unassigned,no named landmark assigned,Other/candidate,low,trajectory-derived contact residue,Contact residue without a current conservative mechanism label.,F189,189,rigid H/F-like pair,W-loop/flexible or rigid pair,10.300924521614553,21.64483423359948,Do not call Pro00057 TfCut2; use Pro00057/CUT1 simulation numbering.
Pro00057,T. fusca cutinase 1 / CUT1 / 7QJR,195,0.0,0.0,0.0,14,0,0,3,4,0.0,THR,T195,coil/unassigned,no named landmark assigned,Other/candidate,low,trajectory-derived contact residue,Contact residue without a current conservative mechanism label.,F189,189,rigid H/F-like pair,W-loop/flexible or rigid pair,12.242472340177045,23.6467727607807,Do not call Pro00057 TfCut2; use Pro00057/CUT1 simulation numbering.
Pro00057,T. fusca cutinase 1 / CUT1 / 7QJR,196,0.0,0.0,0.0,14,0,0,3,4,0.0,SER,S196,coil/unassigned,no named landmark assigned,Other/candidate,low,trajectory-derived contact residue,Contact residue without a current conservative mechanism label.,F189,189,rigid H/F-like pair,W-loop/flexible or rigid pair,14.948910796442663,25.46800480995714,Do not call Pro00057 TfCut2; use Pro00057/CUT1 simulation numbering.
Pro00057,T. fusca cutinase 1 / CUT1 / 7QJR,197,0.0,0.0,0.0,14,0,0,3,4,0.0,ILE,I197,coil/unassigned,no named landmark assigned,Other/candidate,low,trajectory-derived contact residue,Contact residue without a current conservative mechanism label.,F189,189,rigid H/F-like pair,W-loop/flexible or rigid pair,13.592879054858098,22.69744809444445,Do not call Pro00057 TfCut2; use Pro00057/CUT1 simulation numbering.
Pro00057,T. fusca cutinase 1 / CUT1 / 7QJR,198,0.0,0.0,0.0,14,0,0,3,4,0.0,SER,S198,coil/unassigned,no named landmark assigned,Other/candidate,low,trajectory-derived contact residue,Contact residue without a current conservative mechanism label.,F189,189,rigid H/F-like pair,W-loop/flexible or rigid pair,14.168840284229333,21.78812428824473,Do not call Pro00057 TfCut2; use Pro00057/CUT1 simulation numbering.
Pro00057,T. fusca cutinase 1 / CUT1 / 7QJR,199,0.0,0.0,0.0,14,0,0,3,4,0.0,LYS,K199,sheet,no named landmark assigned,Other/candidate,low,trajectory-derived contact residue,Contact residue without a current conservative mechanism label.,F189,189,rigid H/F-like pair,W-loop/flexible or rigid pair,11.027830657024072,18.655717890234083,Do not call Pro00057 TfCut2; use Pro00057/CUT1 simulation numbering.
Pro00057,T. fusca cutinase 1 / CUT1 / 7QJR,200,0.0,0.0,0.0,14,0,0,3,4,0.0,ALA,A200,sheet,no named landmark assigned,Other/candidate,low,trajectory-derived contact residue,Contact residue without a current conservative mechanism label.,F189,189,rigid H/F-like pair,W-loop/flexible or rigid pair,11.031048272943055,17.422535894639445,Do not call Pro00057 TfCut2; use Pro00057/CUT1 simulation numbering.
Pro00057,T. fusca cutinase 1 / CUT1 / 7QJR,201,0.0,0.0,0.0,14,0,0,3,4,0.0,TYR,Y201,sheet,no named landmark assigned,Other/candidate,low,trajectory-derived contact residue,Contact residue without a current conservative mechanism label.,F189,189,rigid H/F-like pair,W-loop/flexible or rigid pair,9.564095932183031,14.995727824950679,Do not call Pro00057 TfCut2; use Pro00057/CUT1 simulation numbering.
Pro00057,T. fusca cutinase 1 / CUT1 / 7QJR,202,0.0,0.0,0.0,14,0,0,3,4,0.0,LEU,L202,sheet,no named landmark assigned,Other/candidate,low,trajectory-derived contact residue,Contact residue without a current conservative mechanism label.,F189,189,rigid H/F-like pair,W-loop/flexible or rigid pair,12.33625182135968,13.411040339958715,Do not call Pro00057 TfCut2; use Pro00057/CUT1 simulation numbering.
Pro00057,T. fusca cutinase 1 / CUT1 / 7QJR,203,0.0,0.0,0.0,14,0,0,3,4,0.0,GLU,E203,sheet,no named landmark assigned,Other/candidate,low,trajectory-derived contact residue,Contact residue without a current conservative mechanism label.,D177,177,catalytic Asp,Catalytic/oxyanion,10.245387742784555,10.245387742784555,Do not call Pro00057 TfCut2; use Pro00057/CUT1 simulation numbering.
Pro00057,T. fusca cutinase 1 / CUT1 / 7QJR,221,0.0,0.0,0.0,14,0,0,3,4,0.0,LYS,K221,helix,no named landmark assigned,Other/candidate,low,trajectory-derived contact residue,Contact residue without a current conservative mechanism label.,H209,209,catalytic His,Catalytic/oxyanion,18.455172987539292,18.455172987539292,Do not call Pro00057 TfCut2; use Pro00057/CUT1 simulation numbering.
Pro00057,T. fusca cutinase 1 / CUT1 / 7QJR,222,0.0,0.0,0.0,14,0,0,3,4,0.0,TYR,Y222,helix,no named landmark assigned,Other/candidate,low,trajectory-derived contact residue,Contact residue without a current conservative mechanism label.,H209,209,catalytic His,Catalytic/oxyanion,17.421553030657172,17.421553030657172,Do not call Pro00057 TfCut2; use Pro00057/CUT1 simulation numbering.
Pro00057,T. fusca cutinase 1 / CUT1 / 7QJR,223,0.0,0.0,0.0,14,0,0,3,4,0.0,SER,S223,helix,no named landmark assigned,Other/candidate,low,trajectory-derived contact residue,Contact residue without a current conservative mechanism label.,S131,131,catalytic Ser,Catalytic/oxyanion,15.527842412904635,15.527842412904635,Do not call Pro00057 TfCut2; use Pro00057/CUT1 simulation numbering.
Pro00057,T. fusca cutinase 1 / CUT1 / 7QJR,224,0.0,0.0,0.0,14,0,0,3,4,0.0,VAL,V224,helix,no named landmark assigned,Other/candidate,low,trajectory-derived contact residue,Contact residue without a current conservative mechanism label.,S131,131,catalytic Ser,Catalytic/oxyanion,18.993705746904688,18.993705746904688,Do not call Pro00057 TfCut2; use Pro00057/CUT1 simulation numbering.
Pro00057,T. fusca cutinase 1 / CUT1 / 7QJR,225,0.0,0.0,0.0,14,0,0,3,4,0.0,ALA,A225,helix,no named landmark assigned,Other/candidate,low,trajectory-derived contact residue,Contact residue without a current conservative mechanism label.,S131,131,catalytic Ser,Catalytic/oxyanion,20.89871503226933,20.89871503226933,Do not call Pro00057 TfCut2; use Pro00057/CUT1 simulation numbering.
Pro00057,T. fusca cutinase 1 / CUT1 / 7QJR,226,0.0,0.0,0.0,14,0,0,3,4,0.0,TRP,W226,helix,no named landmark assigned,Other/candidate,low,trajectory-derived contact residue,Contact residue without a current conservative mechanism label.,F189,189,rigid H/F-like pair,W-loop/flexible or rigid pair,17.721679096519043,18.80182727821953,Do not call Pro00057 TfCut2; use Pro00057/CUT1 simulation numbering.
Pro00057,T. fusca cutinase 1 / CUT1 / 7QJR,227,0.0,0.0,0.0,14,0,0,3,4,0.0,LEU,L227,helix,no named landmark assigned,Other/candidate,low,trajectory-derived contact residue,Contact residue without a current conservative mechanism label.,S131,131,catalytic Ser,Catalytic/oxyanion,19.130989780981015,19.130989780981015,Do not call Pro00057 TfCut2; use Pro00057/CUT1 simulation numbering.
Pro00057,T. fusca cutinase 1 / CUT1 / 7QJR,228,0.0,0.0,0.0,14,0,0,3,4,0.0,LYS,K228,helix,no named landmark assigned,Other/candidate,low,trajectory-derived contact residue,Contact residue without a current conservative mechanism label.,F189,189,rigid H/F-like pair,W-loop/flexible or rigid pair,22.698430914933304,22.821271415063624,Do not call Pro00057 TfCut2; use Pro00057/CUT1 simulation numbering.
Pro00057,T. fusca cutinase 1 / CUT1 / 7QJR,229,0.0,0.0,0.0,14,0,0,3,4,0.0,ARG,R229,helix,no named landmark assigned,Other/candidate,low,trajectory-derived contact residue,Contact residue without a current conservative mechanism label.,F189,189,rigid H/F-like pair,W-loop/flexible or rigid pair,21.397987031494345,23.6585416710329,Do not call Pro00057 TfCut2; use Pro00057/CUT1 simulation numbering.
Pro00057,T. fusca cutinase 1 / CUT1 / 7QJR,230,0.0,0.0,0.0,14,0,0,3,4,0.0,PHE,F230,helix,no named landmark assigned,Other/candidate,low,trajectory-derived contact residue,Contact residue without a current conservative mechanism label.,F189,189,rigid H/F-like pair,W-loop/flexible or rigid pair,19.752763882555776,22.37205833176733,Do not call Pro00057 TfCut2; use Pro00057/CUT1 simulation numbering.
Pro00057,T. fusca cutinase 1 / CUT1 / 7QJR,231,0.0,0.0,0.0,14,0,0,3,4,0.0,VAL,V231,helix,no named landmark assigned,Other/candidate,low,trajectory-derived contact residue,Contact residue without a current conservative mechanism label.,F189,189,rigid H/F-like pair,W-loop/flexible or rigid pair,21.621635599556292,22.388304558407274,Do not call Pro00057 TfCut2; use Pro00057/CUT1 simulation numbering.
Pro00057,T. fusca cutinase 1 / CUT1 / 7QJR,232,0.0,0.0,0.0,14,0,0,3,4,0.0,ASP,D232,helix,no named landmark assigned,Other/candidate,low,trajectory-derived contact residue,Contact residue without a current conservative mechanism label.,F189,189,rigid H/F-like pair,W-loop/flexible or rigid pair,24.93590062540353,25.680404260836706,Do not call Pro00057 TfCut2; use Pro00057/CUT1 simulation numbering.
Pro00057,T. fusca cutinase 1 / CUT1 / 7QJR,233,0.0,0.0,0.0,14,0,0,3,4,0.0,ASN,N233,coil/unassigned,no named landmark assigned,Other/candidate,low,trajectory-derived contact residue,Contact residue without a current conservative mechanism label.,F189,189,rigid H/F-like pair,W-loop/flexible or rigid pair,24.421338456358203,27.023467190573456,Do not call Pro00057 TfCut2; use Pro00057/CUT1 simulation numbering.
Pro00057,T. fusca cutinase 1 / CUT1 / 7QJR,234,0.0,0.0,0.0,14,0,0,3,4,0.0,ASP,D234,helix,no named landmark assigned,Other/candidate,low,trajectory-derived contact residue,Contact residue without a current conservative mechanism label.,F189,189,rigid H/F-like pair,W-loop/flexible or rigid pair,25.959314956292665,27.78297359895085,Do not call Pro00057 TfCut2; use Pro00057/CUT1 simulation numbering.
Pro00057,T. fusca cutinase 1 / CUT1 / 7QJR,237,0.0,0.0,0.0,14,0,0,3,4,0.0,TYR,Y237,helix,no named landmark assigned,Other/candidate,low,trajectory-derived contact residue,Contact residue without a current conservative mechanism label.,F189,189,rigid H/F-like pair,W-loop/flexible or rigid pair,24.369580566763965,26.03602968964354,Do not call Pro00057 TfCut2; use Pro00057/CUT1 simulation numbering.
Pro00057,T. fusca cutinase 1 / CUT1 / 7QJR,238,0.0,0.0,0.0,14,0,0,3,4,0.0,THR,T238,helix,no named landmark assigned,Other/candidate,low,trajectory-derived contact residue,Contact residue without a current conservative mechanism label.,F189,189,rigid H/F-like pair,W-loop/flexible or rigid pair,22.960113349023345,26.503369106587183,Do not call Pro00057 TfCut2; use Pro00057/CUT1 simulation numbering.
Pro00057,T. fusca cutinase 1 / CUT1 / 7QJR,240,0.0,0.0,0.0,14,0,0,3,4,0.0,PHE,F240,helix,no named landmark assigned,Other/candidate,low,trajectory-derived contact residue,Contact residue without a current conservative mechanism label.,F189,189,rigid H/F-like pair,W-loop/flexible or rigid pair,22.555447435154107,24.0860649754168,Do not call Pro00057 TfCut2; use Pro00057/CUT1 simulation numbering.
Pro00057,T. fusca cutinase 1 / CUT1 / 7QJR,241,0.0,0.0,0.0,14,0,0,3,4,0.0,LEU,L241,helix,no named landmark assigned,Other/candidate,low,trajectory-derived contact residue,Contact residue without a current conservative mechanism label.,F189,189,rigid H/F-like pair,W-loop/flexible or rigid pair,19.244071112942812,22.83507595783294,Do not call Pro00057 TfCut2; use Pro00057/CUT1 simulation numbering.
Pro00057,T. fusca cutinase 1 / CUT1 / 7QJR,242,0.0,0.0,0.0,14,0,0,3,4,0.0,CYS,C242,helix,no named landmark assigned,Other/candidate,low,trajectory-derived contact residue,Contact residue without a current conservative mechanism label.,F189,189,rigid H/F-like pair,W-loop/flexible or rigid pair,20.693086792453176,25.75801572326564,Do not call Pro00057 TfCut2; use Pro00057/CUT1 simulation numbering.
Pro00057,T. fusca cutinase 1 / CUT1 / 7QJR,243,0.0,0.0,0.0,14,0,0,3,4,0.0,PRO,P243,coil/unassigned,no named landmark assigned,Other/candidate,low,trajectory-derived contact residue,Contact residue without a current conservative mechanism label.,F189,189,rigid H/F-like pair,W-loop/flexible or rigid pair,21.006021184412816,25.148734998007352,Do not call Pro00057 TfCut2; use Pro00057/CUT1 simulation numbering.
Pro00057,T. fusca cutinase 1 / CUT1 / 7QJR,244,0.0,0.0,0.0,14,0,0,3,4,0.0,GLY,G244,coil/unassigned,no named landmark assigned,Other/candidate,low,trajectory-derived contact residue,Contact residue without a current conservative mechanism label.,F189,189,rigid H/F-like pair,W-loop/flexible or rigid pair,19.430474878396566,22.01234331006129,Do not call Pro00057 TfCut2; use Pro00057/CUT1 simulation numbering.
Pro00057,T. fusca cutinase 1 / CUT1 / 7QJR,245,0.0,0.0,0.0,14,0,0,3,4,0.0,PRO,P245,coil/unassigned,no named landmark assigned,Other/candidate,low,trajectory-derived contact residue,Contact residue without a current conservative mechanism label.,D177,177,catalytic Asp,Catalytic/oxyanion,20.30746517909116,20.30746517909116,Do not call Pro00057 TfCut2; use Pro00057/CUT1 simulation numbering.
Pro00057,T. fusca cutinase 1 / CUT1 / 7QJR,246,0.0,0.0,0.0,14,0,0,3,4,0.0,ARG,R246,coil/unassigned,no named landmark assigned,Other/candidate,low,trajectory-derived contact residue,Contact residue without a current conservative mechanism label.,D177,177,catalytic Asp,Catalytic/oxyanion,20.842092625261984,20.842092625261984,Do not call Pro00057 TfCut2; use Pro00057/CUT1 simulation numbering.
Pro00057,T. fusca cutinase 1 / CUT1 / 7QJR,247,0.0,0.0,0.0,14,0,0,3,4,0.0,ASP,D247,coil/unassigned,no named landmark assigned,Other/candidate,low,trajectory-derived contact residue,Contact residue without a current conservative mechanism label.,D177,177,catalytic Asp,Catalytic/oxyanion,17.87135053654312,17.87135053654312,Do not call Pro00057 TfCut2; use Pro00057/CUT1 simulation numbering.
Pro00057,T. fusca cutinase 1 / CUT1 / 7QJR,255,0.0,0.0,0.0,14,0,0,3,4,0.0,GLU,E255,sheet,no named landmark assigned,Other/candidate,low,trajectory-derived contact residue,Contact residue without a current conservative mechanism label.,D177,177,catalytic Asp,Catalytic/oxyanion,14.317197037129858,14.317197037129858,Do not call Pro00057 TfCut2; use Pro00057/CUT1 simulation numbering.
Pro00057,T. fusca cutinase 1 / CUT1 / 7QJR,256,0.0,0.0,0.0,14,0,0,3,4,0.0,TYR,Y256,sheet,no named landmark assigned,Other/candidate,low,trajectory-derived contact residue,Contact residue without a current conservative mechanism label.,F189,189,rigid H/F-like pair,W-loop/flexible or rigid pair,14.521693668439642,16.619956829065476,Do not call Pro00057 TfCut2; use Pro00057/CUT1 simulation numbering.
Pro00057,T. fusca cutinase 1 / CUT1 / 7QJR,257,0.0,0.0,0.0,14,0,0,3,4,0.0,ARG,R257,sheet,no named landmark assigned,Other/candidate,low,trajectory-derived contact residue,Contact residue without a current conservative mechanism label.,F189,189,rigid H/F-like pair,W-loop/flexible or rigid pair,12.780676547037718,18.382977479178937,Do not call Pro00057 TfCut2; use Pro00057/CUT1 simulation numbering.
Pro00057,T. fusca cutinase 1 / CUT1 / 7QJR,258,0.0,0.0,0.0,14,0,0,3,4,0.0,SER,S258,sheet,no named landmark assigned,Other/candidate,low,trajectory-derived contact residue,Contact residue without a current conservative mechanism label.,F189,189,rigid H/F-like pair,W-loop/flexible or rigid pair,13.435063267435698,21.14408822815493,Do not call Pro00057 TfCut2; use Pro00057/CUT1 simulation numbering.
Pro00057,T. fusca cutinase 1 / CUT1 / 7QJR,259,0.0,0.0,0.0,14,0,0,3,4,0.0,THR,T259,coil/unassigned,no named landmark assigned,Other/candidate,low,trajectory-derived contact residue,Contact residue without a current conservative mechanism label.,F189,189,rigid H/F-like pair,W-loop/flexible or rigid pair,14.63809526543669,23.61637580154923,Do not call Pro00057 TfCut2; use Pro00057/CUT1 simulation numbering.
Pro00057,T. fusca cutinase 1 / CUT1 / 7QJR,260,0.0,0.0,0.0,14,0,0,3,4,0.0,CYS,C260,coil/unassigned,no named landmark assigned,Other/candidate,low,trajectory-derived contact residue,Contact residue without a current conservative mechanism label.,F189,189,rigid H/F-like pair,W-loop/flexible or rigid pair,18.028948139034625,25.785216384587507,Do not call Pro00057 TfCut2; use Pro00057/CUT1 simulation numbering.
Pro00057,T. fusca cutinase 1 / CUT1 / 7QJR,261,0.0,0.0,0.0,14,0,0,3,4,0.0,PRO,P261,coil/unassigned,no named landmark assigned,Other/candidate,low,trajectory-derived contact residue,Contact residue without a current conservative mechanism label.,F189,189,rigid H/F-like pair,W-loop/flexible or rigid pair,20.519514638509364,28.099234402381853,Do not call Pro00057 TfCut2; use Pro00057/CUT1 simulation numbering.
Pro00057,T. fusca cutinase 1 / CUT1 / 7QJR,262,0.0,0.0,0.0,14,0,0,3,4,0.0,PHE,F262,coil/unassigned,no named landmark assigned,Other/candidate,low,trajectory-derived contact residue,Contact residue without a current conservative mechanism label.,F189,189,rigid H/F-like pair,W-loop/flexible or rigid pair,19.16153631627694,26.15491290369746,Do not call Pro00057 TfCut2; use Pro00057/CUT1 simulation numbering.
Pro00062,LCC WT,95,0.6499999999999999,0.809,1.0,13,8,11,3,4,0.6153846153846154,TYR,Y95,coil/unassigned,oxyanion/active-site pocket,Catalytic/oxyanion,medium-high,CE mapping; cite primary LCC papers,Exact configured landmark residue.,Y95,95,oxyanion/active-site pocket,Catalytic/oxyanion,0.0,6.967930754535381,"Local mapping supports these LCC landmarks, but final prose needs primary-paper citation check."
Pro00062,LCC WT,212,0.549,0.668,0.999,13,7,10,3,4,0.5384615384615384,VAL,V212,coil/unassigned,LCC catalytic Asp active-site rim,Cleft/rim patch,medium,local sequence neighborhood; citation caveat,D210 active-site rim.,D210,210,catalytic Asp,Catalytic/oxyanion,5.77815870325487,5.77815870325487,"Local mapping supports these LCC landmarks, but final prose needs primary-paper citation check."
Pro00062,LCC WT,127,0.5293846153846153,0.674,1.0,13,8,10,3,4,0.6153846153846154,TYR,Y127,helix,no named landmark assigned,Other/candidate,low,trajectory-derived contact residue,Contact residue without a current conservative mechanism label.,M166,166,oxyanion/active-site pocket,Catalytic/oxyanion,6.288894497445477,10.060509778336284,"Local mapping supports these LCC landmarks, but final prose needs primary-paper citation check."
Pro00062,LCC WT,190,0.5123846153846153,0.464,0.987,13,6,9,3,4,0.46153846153846156,TRP,W190,coil/unassigned,W-loop Trp,W-loop/flexible or rigid pair,high for local mapping,memo + CE/ChimeraX mapping,Exact configured landmark residue.,W190,190,W-loop Trp,W-loop/flexible or rigid pair,0.0,4.712972522729153,"Local mapping supports these LCC landmarks, but final prose needs primary-paper citation check."
Pro00062,LCC WT,166,0.5118461538461538,0.406,0.997,13,6,9,3,4,0.46153846153846156,MET,M166,helix,oxyanion/active-site pocket,Catalytic/oxyanion,medium-high,CE mapping; cite primary LCC papers,Exact configured landmark residue.,M166,166,oxyanion/active-site pocket,Catalytic/oxyanion,0.0,3.8667284621498834,"Local mapping supports these LCC landmarks, but final prose needs primary-paper citation check."
Pro00062,LCC WT,125,0.4782307692307693,0.383,0.998,13,6,10,3,4,0.46153846153846156,PHE,F125,coil/unassigned,near Y95 (oxyanion/active-site pocket),Catalytic/oxyanion,medium-low,local CA-distance annotation,Spatially near a named landmark; inspect before strong mechanistic wording.,Y95,95,oxyanion/active-site pocket,Catalytic/oxyanion,5.598473363337545,11.952964276697225,"Local mapping supports these LCC landmarks, but final prose needs primary-paper citation check."
Pro00062,LCC WT,211,0.3953076923076923,0.39,0.744,13,4,10,3,4,0.3076923076923077,THR,T211,coil/unassigned,LCC catalytic Asp active-site rim,Cleft/rim patch,medium,local sequence neighborhood; citation caveat,D210 active-site rim.,D210,210,catalytic Asp,Catalytic/oxyanion,3.8592534252106323,3.8592534252106323,"Local mapping supports these LCC landmarks, but final prose needs primary-paper citation check."
Pro00062,LCC WT,243,0.37953846153846155,0.285,0.935,13,3,9,3,4,0.23076923076923078,PHE,F243,helix,distal/subsite position,Subsite/hotspot/stability,medium,memo; cite primary LCC papers,Exact configured landmark residue.,F243,243,distal/subsite position,Subsite/hotspot/stability,0.0,3.847971673492413,"Local mapping supports these LCC landmarks, but final prose needs primary-paper citation check."
Pro00062,LCC WT,96,0.37476923076923074,0.255,0.885,13,4,9,3,4,0.3076923076923077,THR,T96,coil/unassigned,LCC catalytic/oxyanion pocket neighborhood,Catalytic/oxyanion,medium-high,local mapping; citation caveat,Y95/S165/M166 region.,Y95,95,oxyanion/active-site pocket,Catalytic/oxyanion,3.881531398816709,10.234808889275852,"Local mapping supports these LCC landmarks, but final prose needs primary-paper citation check."
Pro00062,LCC WT,124,0.3156153846153846,0.248,0.789,13,2,8,3,4,0.15384615384615385,ARG,R124,coil/unassigned,near Y95 (oxyanion/active-site pocket),Catalytic/oxyanion,medium-low,local CA-distance annotation,Spatially near a named landmark; inspect before strong mechanistic wording.,Y95,95,oxyanion/active-site pocket,Catalytic/oxyanion,5.725239383641526,11.995853325212007,"Local mapping supports these LCC landmarks, but final prose needs primary-paper citation check."
Pro00062,LCC WT,242,0.29015384615384615,0.229,0.877,13,1,7,3,4,0.07692307692307693,HIS,H242,coil/unassigned,catalytic His,Catalytic/oxyanion,medium-high,corrected registry candidate + CE mapping,Exact configured landmark residue.,H242,242,catalytic His,Catalytic/oxyanion,0.0,0.0,"Local mapping supports these LCC landmarks, but final prose needs primary-paper citation check."
Pro00062,LCC WT,246,0.24907692307692308,0.227,0.917,13,1,7,3,4,0.07692307692307693,ASN,N246,helix,near F243 (distal/subsite position),Subsite/hotspot/stability,medium-low,local CA-distance annotation,Spatially near a named landmark; inspect before strong mechanistic wording.,F243,243,distal/subsite position,Subsite/hotspot/stability,5.324814832461313,8.72357650278829,"Local mapping supports these LCC landmarks, but final prose needs primary-paper citation check."
Pro00062,LCC WT,97,0.24192307692307694,0.214,0.822,13,1,7,3,4,0.07692307692307693,ALA,A97,coil/unassigned,near Y95 (oxyanion/active-site pocket),Catalytic/oxyanion,medium-low,local CA-distance annotation,Spatially near a named landmark; inspect before strong mechanistic wording.,Y95,95,oxyanion/active-site pocket,Catalytic/oxyanion,5.4429530587724155,9.630279798635137,"Local mapping supports these LCC landmarks, but final prose needs primary-paper citation check."
Pro00062,LCC WT,192,0.24138461538461536,0.166,0.829,13,3,6,3,4,0.23076923076923078,THR,T192,coil/unassigned,LCC W190 W-loop neighborhood,W-loop/flexible or rigid pair,medium-high,local sequence neighborhood,W190 region.,W190,190,W-loop Trp,W-loop/flexible or rigid pair,7.191806031867099,11.629815991665561,"Local mapping supports these LCC landmarks, but final prose needs primary-paper citation check."
Pro00062,LCC WT,101,0.21630769230769228,0.164,0.923,13,1,5,3,4,0.07692307692307693,SER,S101,helix,no named landmark assigned,Other/candidate,low,trajectory-derived contact residue,Contact residue without a current conservative mechanism label.,H164,164,distal/subsite position,Subsite/hotspot/stability,8.950646121928852,11.282704197132885,"Local mapping supports these LCC landmarks, but final prose needs primary-paper citation check."
Pro00062,LCC WT,247,0.17392307692307693,0.081,0.892,13,1,4,3,4,0.07692307692307693,SER,S247,helix,no named landmark assigned,Other/candidate,low,trajectory-derived contact residue,Contact residue without a current conservative mechanism label.,F243,243,distal/subsite position,Subsite/hotspot/stability,7.585223332242762,11.067985408374915,"Local mapping supports these LCC landmarks, but final prose needs primary-paper citation check."
Pro00062,LCC WT,98,0.17053846153846156,0.13,0.599,13,1,3,3,4,0.07692307692307693,ASP,D98,helix,no named landmark assigned,Other/candidate,low,trajectory-derived contact residue,Contact residue without a current conservative mechanism label.,Y95,95,oxyanion/active-site pocket,Catalytic/oxyanion,8.671211968346753,12.138605109319606,"Local mapping supports these LCC landmarks, but final prose needs primary-paper citation check."
Pro00062,LCC WT,100,0.15953846153846152,0.121,0.943,13,1,3,3,4,0.07692307692307693,SER,S100,helix,no named landmark assigned,Other/candidate,low,trajectory-derived contact residue,Contact residue without a current conservative mechanism label.,H164,164,distal/subsite position,Subsite/hotspot/stability,11.83592058101101,14.374141713507628,"Local mapping supports these LCC landmarks, but final prose needs primary-paper citation check."
Pro00062,LCC WT,126,0.13838461538461538,0.089,0.59,13,1,2,3,4,0.07692307692307693,ASP,D126,coil/unassigned,no named landmark assigned,Other/candidate,low,trajectory-derived contact residue,Contact residue without a current conservative mechanism label.,Y95,95,oxyanion/active-site pocket,Catalytic/oxyanion,6.990110013440418,11.565910469997595,"Local mapping supports these LCC landmarks, but final prose needs primary-paper citation check."
Pro00062,LCC WT,123,0.12438461538461539,0.09,0.472,13,0,3,3,4,0.0,SER,S123,coil/unassigned,no named landmark assigned,Other/candidate,low,trajectory-derived contact residue,Contact residue without a current conservative mechanism label.,Y95,95,oxyanion/active-site pocket,Catalytic/oxyanion,8.984853588122625,14.738620457831189,"Local mapping supports these LCC landmarks, but final prose needs primary-paper citation check."
Pro00062,LCC WT,129,0.12092307692307692,0.044,0.826,13,1,1,3,4,0.07692307692307693,ASP,D129,helix,no named landmark assigned,Other/candidate,low,trajectory-derived contact residue,Contact residue without a current conservative mechanism label.,M166,166,oxyanion/active-site pocket,Catalytic/oxyanion,8.665901799582084,12.260110072915333,"Local mapping supports these LCC landmarks, but final prose needs primary-paper citation check."
Pro00062,LCC WT,165,0.11415384615384615,0.044,0.397,13,0,3,3,4,0.0,SER,S165,helix,catalytic Ser,Catalytic/oxyanion,medium-high,corrected registry candidate + CE mapping,Exact configured landmark residue.,S165,165,catalytic Ser,Catalytic/oxyanion,0.0,0.0,"Local mapping supports these LCC landmarks, but final prose needs primary-paper citation check."
Pro00062,LCC WT,94,0.10353846153846155,0.059,0.369,13,0,4,3,4,0.0,GLY,G94,coil/unassigned,LCC catalytic/oxyanion pocket neighborhood,Catalytic/oxyanion,medium-high,local mapping; citation caveat,Y95/S165/M166 region.,Y95,95,oxyanion/active-site pocket,Catalytic/oxyanion,3.822249206946088,4.655407823166517,"Local mapping supports these LCC landmarks, but final prose needs primary-paper citation check."
Pro00062,LCC WT,128,0.10307692307692308,0.074,0.365,13,0,3,3,4,0.0,PRO,P128,helix,near M166 (oxyanion/active-site pocket),Catalytic/oxyanion,medium-low,local CA-distance annotation,Spatially near a named landmark; inspect before strong mechanistic wording.,M166,166,oxyanion/active-site pocket,Catalytic/oxyanion,4.8415432457017245,8.55064991681919,"Local mapping supports these LCC landmarks, but final prose needs primary-paper citation check."
Pro00062,LCC WT,103,0.10292307692307692,0.026,0.904,13,1,1,3,4,0.07692307692307693,ALA,A103,helix,no named landmark assigned,Other/candidate,low,trajectory-derived contact residue,Contact residue without a current conservative mechanism label.,H164,164,distal/subsite position,Subsite/hotspot/stability,11.845683981940425,15.20520710151624,"Local mapping supports these LCC landmarks, but final prose needs primary-paper citation check."
Pro00062,LCC WT,107,0.10284615384615384,0.025,0.844,13,1,2,3,4,0.07692307692307693,ARG,R107,helix,no named landmark assigned,Other/candidate,low,trajectory-derived contact residue,Contact residue without a current conservative mechanism label.,H164,164,distal/subsite position,Subsite/hotspot/stability,15.541944312086567,19.309759061158687,"Local mapping supports these LCC landmarks, but final prose needs primary-paper citation check."
Pro00062,LCC WT,214,0.1013076923076923,0.106,0.254,13,0,2,3,4,0.0,PRO,P214,coil/unassigned,near D210 (catalytic Asp),Catalytic/oxyanion,medium-low,local CA-distance annotation,Spatially near a named landmark; inspect before strong mechanistic wording.,D210,210,catalytic Asp,Catalytic/oxyanion,4.906457479689393,4.906457479689393,"Local mapping supports these LCC landmarks, but final prose needs primary-paper citation check."
Pro00062,LCC WT,164,0.09738461538461539,0.075,0.413,13,0,2,3,4,0.0,HIS,H164,sheet,distal/subsite position,Subsite/hotspot/stability,medium,memo; cite primary LCC papers,Exact configured landmark residue.,H164,164,distal/subsite position,Subsite/hotspot/stability,0.0,3.847338560615637,"Local mapping supports these LCC landmarks, but final prose needs primary-paper citation check."
Pro00062,LCC WT,130,0.09730769230769232,0.041,0.678,13,1,1,3,4,0.07692307692307693,SER,S130,helix,no named landmark assigned,Other/candidate,low,trajectory-derived contact residue,Contact residue without a current conservative mechanism label.,M166,166,oxyanion/active-site pocket,Catalytic/oxyanion,9.519320669039361,13.1888221232982,"Local mapping supports these LCC landmarks, but final prose needs primary-paper citation check."
Pro00062,LCC WT,60,0.09653846153846155,0.0,0.872,13,1,2,3,4,0.07692307692307693,THR,T60,sheet,no named landmark assigned,Other/candidate,low,trajectory-derived contact residue,Contact residue without a current conservative mechanism label.,H164,164,distal/subsite position,Subsite/hotspot/stability,20.66793298808567,24.174941613166308,"Local mapping supports these LCC landmarks, but final prose needs primary-paper citation check."
Pro00062,LCC WT,122,0.0856923076923077,0.034,0.597,13,1,1,3,4,0.07692307692307693,ASN,N122,coil/unassigned,no named landmark assigned,Other/candidate,low,trajectory-derived contact residue,Contact residue without a current conservative mechanism label.,Y95,95,oxyanion/active-site pocket,Catalytic/oxyanion,11.534064764860652,16.12406552331018,"Local mapping supports these LCC landmarks, but final prose needs primary-paper citation check."
Pro00062,LCC WT,62,0.08415384615384616,0.002,0.799,13,1,1,3,4,0.07692307692307693,THR,T62,sheet,no named landmark assigned,Other/candidate,low,trajectory-derived contact residue,Contact residue without a current conservative mechanism label.,H164,164,distal/subsite position,Subsite/hotspot/stability,20.109461852570792,23.00819945149989,"Local mapping supports these LCC landmarks, but final prose needs primary-paper citation check."
Pro00062,LCC WT,241,0.08223076923076923,0.103,0.18,13,0,0,3,4,0.0,SER,S241,coil/unassigned,LCC catalytic-His/distal-subsite neighborhood,Subsite/hotspot/stability,medium,local sequence neighborhood; citation caveat,H242/F243 side of the active-site cleft.,H242,242,catalytic His,Catalytic/oxyanion,3.852048156500644,3.852048156500644,"Local mapping supports these LCC landmarks, but final prose needs primary-paper citation check."
Pro00062,LCC WT,65,0.07846153846153846,0.029,0.344,13,0,1,3,4,0.0,ARG,R65,helix,no named landmark assigned,Other/candidate,low,trajectory-derived contact residue,Contact residue without a current conservative mechanism label.,Y95,95,oxyanion/active-site pocket,Catalytic/oxyanion,17.745339078191773,21.618350815915633,"Local mapping supports these LCC landmarks, but final prose needs primary-paper citation check."
Pro00062,LCC WT,77,0.07830769230769231,0.0,0.873,13,1,1,3,4,0.07692307692307693,TYR,Y77,sheet,no named landmark assigned,Other/candidate,low,trajectory-derived contact residue,Contact residue without a current conservative mechanism label.,H164,164,distal/subsite position,Subsite/hotspot/stability,17.486609991647896,21.17756348119396,"Local mapping supports these LCC landmarks, but final prose needs primary-paper citation check."
Pro00062,LCC WT,213,0.07761538461538461,0.041,0.421,13,0,2,3,4,0.0,ALA,A213,coil/unassigned,near W190 (W-loop Trp),W-loop/flexible or rigid pair,medium-low,local CA-distance annotation,Spatially near a named landmark; inspect before strong mechanistic wording.,W190,190,W-loop Trp,W-loop/flexible or rigid pair,5.439822515487062,5.845577473611995,"Local mapping supports these LCC landmarks, but final prose needs primary-paper citation check."
Pro00062,LCC WT,69,0.07553846153846154,0.001,0.469,13,0,2,3,4,0.0,SER,S69,coil/unassigned,no named landmark assigned,Other/candidate,low,trajectory-derived contact residue,Contact residue without a current conservative mechanism label.,Y95,95,oxyanion/active-site pocket,Catalytic/oxyanion,20.07439792372364,22.981545879248422,"Local mapping supports these LCC landmarks, but final prose needs primary-paper citation check."
Pro00062,LCC WT,133,0.07492307692307693,0.001,0.809,13,1,1,3,4,0.07692307692307693,SER,S133,helix,no named landmark assigned,Other/candidate,low,trajectory-derived contact residue,Contact residue without a current conservative mechanism label.,M166,166,oxyanion/active-site pocket,Catalytic/oxyanion,12.600654467129873,15.65735629025539,"Local mapping supports these LCC landmarks, but final prose needs primary-paper citation check."
Pro00062,LCC WT,120,0.07492307692307693,0.0,0.61,13,1,1,3,4,0.07692307692307693,ASN,N120,coil/unassigned,no named landmark assigned,Other/candidate,low,trajectory-derived contact residue,Contact residue without a current conservative mechanism label.,Y95,95,oxyanion/active-site pocket,Catalytic/oxyanion,10.824862585732902,13.758688055188983,"Local mapping supports these LCC landmarks, but final prose needs primary-paper citation check."
Pro00062,LCC WT,75,0.07492307692307691,0.0,0.828,13,1,1,3,4,0.07692307692307693,VAL,V75,sheet,no named landmark assigned,Other/candidate,low,trajectory-derived contact residue,Contact residue without a current conservative mechanism label.,H164,164,distal/subsite position,Subsite/hotspot/stability,15.812986308727393,18.944532984478663,"Local mapping supports these LCC landmarks, but final prose needs primary-paper citation check."
Pro00062,LCC WT,104,0.07238461538461538,0.015,0.557,13,1,1,3,4,0.07692307692307693,TRP,W104,helix,no named landmark assigned,Other/candidate,low,trajectory-derived contact residue,Contact residue without a current conservative mechanism label.,H164,164,distal/subsite position,Subsite/hotspot/stability,12.803166834810831,16.116246895601964,"Local mapping supports these LCC landmarks, but final prose needs primary-paper citation check."
Pro00062,LCC WT,218,0.06984615384615385,0.072,0.171,13,0,0,3,4,0.0,HIS,H218,helix,rigid H/F pair,W-loop/flexible or rigid pair,high for local mapping,memo + CE/ChimeraX mapping,Exact configured landmark residue.,H218,218,rigid H/F pair,W-loop/flexible or rigid pair,0.0,9.672931768600458,"Local mapping supports these LCC landmarks, but final prose needs primary-paper citation check."
Pro00062,LCC WT,66,0.06638461538461539,0.008,0.52,13,1,1,3,4,0.07692307692307693,LEU,L66,helix,no named landmark assigned,Other/candidate,low,trajectory-derived contact residue,Contact residue without a current conservative mechanism label.,Y95,95,oxyanion/active-site pocket,Catalytic/oxyanion,21.081027038548193,25.164037871534052,"Local mapping supports these LCC landmarks, but final prose needs primary-paper citation check."
Pro00062,LCC WT,99,0.0663076923076923,0.0,0.729,13,1,1,3,4,0.07692307692307693,ALA,A99,helix,no named landmark assigned,Other/candidate,low,trajectory-derived contact residue,Contact residue without a current conservative mechanism label.,H164,164,distal/subsite position,Subsite/hotspot/stability,10.226657420682479,12.739815775748093,"Local mapping supports these LCC landmarks, but final prose needs primary-paper citation check."
Pro00062,LCC WT,70,0.06323076923076923,0.0,0.62,13,1,1,3,4,0.07692307692307693,GLY,G70,coil/unassigned,no named landmark assigned,Other/candidate,low,trajectory-derived contact residue,Contact residue without a current conservative mechanism label.,M166,166,oxyanion/active-site pocket,Catalytic/oxyanion,17.003151796064166,19.805023655628386,"Local mapping supports these LCC landmarks, but final prose needs primary-paper citation check."
Pro00062,LCC WT,248,0.06207692307692307,0.019,0.265,13,0,2,3,4,0.0,ASN,N248,coil/unassigned,no named landmark assigned,Other/candidate,low,trajectory-derived contact residue,Contact residue without a current conservative mechanism label.,F243,243,distal/subsite position,Subsite/hotspot/stability,10.61595977761785,13.593208524847988,"Local mapping supports these LCC landmarks, but final prose needs primary-paper citation check."
Pro00062,LCC WT,136,0.056846153846153845,0.0,0.739,13,1,1,3,4,0.07692307692307693,SER,S136,helix,no named landmark assigned,Other/candidate,low,trajectory-derived contact residue,Contact residue without a current conservative mechanism label.,M166,166,oxyanion/active-site pocket,Catalytic/oxyanion,15.107502606321141,17.31878604290728,"Local mapping supports these LCC landmarks, but final prose needs primary-paper citation check."
Pro00062,LCC WT,177,0.05615384615384615,0.0,0.723,13,1,1,3,4,0.07692307692307693,GLN,Q177,helix,no named landmark assigned,Other/candidate,low,trajectory-derived contact residue,Contact residue without a current conservative mechanism label.,F222,222,rigid H/F pair,W-loop/flexible or rigid pair,15.766385413277199,18.695504941027938,"Local mapping supports these LCC landmarks, but final prose needs primary-paper citation check."
Pro00062,LCC WT,61,0.05538461538461538,0.0,0.289,13,0,2,3,4,0.0,TYR,Y61,sheet,no named landmark assigned,Other/candidate,low,trajectory-derived contact residue,Contact residue without a current conservative mechanism label.,H164,164,distal/subsite position,Subsite/hotspot/stability,21.24044340403467,24.501311434288574,"Local mapping supports these LCC landmarks, but final prose needs primary-paper citation check."
Pro00062,LCC WT,217,0.05046153846153846,0.026,0.154,13,0,0,3,4,0.0,GLN,Q217,coil/unassigned,LCC H218/F222 rigid-pair neighborhood,W-loop/flexible or rigid pair,medium-high,local sequence neighborhood,Rigid H/F pair region.,H218,218,rigid H/F pair,W-loop/flexible or rigid pair,3.8496701157371915,10.299161227983568,"Local mapping supports these LCC landmarks, but final prose needs primary-paper citation check."
Pro00062,LCC WT,12,0.04946153846153846,0.0,0.339,13,0,2,3,4,0.0,ALA,A12,coil/unassigned,no named landmark assigned,Other/candidate,low,trajectory-derived contact residue,Contact residue without a current conservative mechanism label.,H164,164,distal/subsite position,Subsite/hotspot/stability,80.33051390349748,83.77128344486552,"Local mapping supports these LCC landmarks, but final prose needs primary-paper citation check."
Pro00062,LCC WT,173,0.04907692307692308,0.001,0.609,13,1,1,3,4,0.07692307692307693,ARG,R173,helix,no named landmark assigned,Other/candidate,low,trajectory-derived contact residue,Contact residue without a current conservative mechanism label.,M166,166,oxyanion/active-site pocket,Catalytic/oxyanion,10.506703526796594,12.731887762621849,"Local mapping supports these LCC landmarks, but final prose needs primary-paper citation check."
Pro00062,LCC WT,140,0.04807692307692308,0.0,0.573,13,1,1,3,4,0.07692307692307693,ASN,N140,helix,no named landmark assigned,Other/candidate,low,trajectory-derived contact residue,Contact residue without a current conservative mechanism label.,H164,164,distal/subsite position,Subsite/hotspot/stability,20.310174149918065,22.470408140485567,"Local mapping supports these LCC landmarks, but final prose needs primary-paper citation check."
Pro00062,LCC WT,8,0.047692307692307694,0.0,0.312,13,0,2,3,4,0.0,VAL,V8,coil/unassigned,no named landmark assigned,Other/candidate,low,trajectory-derived contact residue,Contact residue without a current conservative mechanism label.,H164,164,distal/subsite position,Subsite/hotspot/stability,86.40419543633283,89.89028101524659,"Local mapping supports these LCC landmarks, but final prose needs primary-paper citation check."
Pro00062,LCC WT,67,0.04723076923076923,0.0,0.536,13,1,1,3,4,0.07692307692307693,SER,S67,helix,no named landmark assigned,Other/candidate,low,trajectory-derived contact residue,Contact residue without a current conservative mechanism label.,Y95,95,oxyanion/active-site pocket,Catalytic/oxyanion,22.83875368753733,26.011210448573898,"Local mapping supports these LCC landmarks, but final prose needs primary-paper citation check."
Pro00062,LCC WT,134,0.04346153846153847,0.0,0.476,13,0,1,3,4,0.0,GLN,Q134,helix,no named landmark assigned,Other/candidate,low,trajectory-derived contact residue,Contact residue without a current conservative mechanism label.,M166,166,oxyanion/active-site pocket,Catalytic/oxyanion,12.144937299138272,14.806409794409989,"Local mapping supports these LCC landmarks, but final prose needs primary-paper citation check."
Pro00062,LCC WT,132,0.04238461538461539,0.0,0.55,13,1,1,3,4,0.07692307692307693,ALA,A132,helix,no named landmark assigned,Other/candidate,low,trajectory-derived contact residue,Contact residue without a current conservative mechanism label.,M166,166,oxyanion/active-site pocket,Catalytic/oxyanion,9.494579980178164,12.307460014154017,"Local mapping supports these LCC landmarks, but final prose needs primary-paper citation check."
Pro00062,LCC WT,15,0.04223076923076923,0.0,0.36,13,0,1,3,4,0.0,ALA,A15,coil/unassigned,no named landmark assigned,Other/candidate,low,trajectory-derived contact residue,Contact residue without a current conservative mechanism label.,H164,164,distal/subsite position,Subsite/hotspot/stability,75.3391440421246,78.81515602344514,"Local mapping supports these LCC landmarks, but final prose needs primary-paper citation check."
Pro00062,LCC WT,174,0.04215384615384616,0.0,0.548,13,1,1,3,4,0.07692307692307693,ILE,I174,helix,no named landmark assigned,Other/candidate,low,trajectory-derived contact residue,Contact residue without a current conservative mechanism label.,M166,166,oxyanion/active-site pocket,Catalytic/oxyanion,12.294083170371023,14.330535509882386,"Local mapping supports these LCC landmarks, but final prose needs primary-paper citation check."
Pro00062,LCC WT,64,0.04153846153846154,0.001,0.374,13,0,1,3,4,0.0,SER,S64,helix,no named landmark assigned,Other/candidate,low,trajectory-derived contact residue,Contact residue without a current conservative mechanism label.,Y95,95,oxyanion/active-site pocket,Catalytic/oxyanion,20.224620787545067,23.451784175196565,"Local mapping supports these LCC landmarks, but final prose needs primary-paper citation check."
Pro00062,LCC WT,137,0.04023076923076923,0.0,0.522,13,1,1,3,4,0.07692307692307693,ALA,A137,helix,no named landmark assigned,Other/candidate,low,trajectory-derived contact residue,Contact residue without a current conservative mechanism label.,M166,166,oxyanion/active-site pocket,Catalytic/oxyanion,16.769334482918513,19.101652546311275,"Local mapping supports these LCC landmarks, but final prose needs primary-paper citation check."
Pro00062,LCC WT,68,0.04,0.0,0.425,13,0,1,3,4,0.0,VAL,V68,helix,no named landmark assigned,Other/candidate,low,trajectory-derived contact residue,Contact residue without a current conservative mechanism label.,Y95,95,oxyanion/active-site pocket,Catalytic/oxyanion,20.764254501426244,23.537851516228066,"Local mapping supports these LCC landmarks, but final prose needs primary-paper citation check."
Pro00062,LCC WT,178,0.03992307692307692,0.0,0.519,13,1,1,3,4,0.07692307692307693,ASN,N178,helix,no named landmark assigned,Other/candidate,low,trajectory-derived contact residue,Contact residue without a current conservative mechanism label.,F222,222,rigid H/F pair,W-loop/flexible or rigid pair,17.389770355010445,19.88678277147915,"Local mapping supports these LCC landmarks, but final prose needs primary-paper citation check."
Pro00062,LCC WT,191,0.03907692307692308,0.014,0.133,13,0,0,3,4,0.0,HIS,H191,coil/unassigned,LCC W190 W-loop neighborhood,W-loop/flexible or rigid pair,medium-high,local sequence neighborhood,W190 region.,W190,190,W-loop Trp,W-loop/flexible or rigid pair,3.8417377578382417,8.073066889355,"Local mapping supports these LCC landmarks, but final prose needs primary-paper citation check."
Pro00062,LCC WT,11,0.039,0.0,0.347,13,0,1,3,4,0.0,ALA,A11,coil/unassigned,no named landmark assigned,Other/candidate,low,trajectory-derived contact residue,Contact residue without a current conservative mechanism label.,H164,164,distal/subsite position,Subsite/hotspot/stability,81.39972197741218,84.89955193050196,"Local mapping supports these LCC landmarks, but final prose needs primary-paper citation check."
Pro00062,LCC WT,9,0.03215384615384615,0.0,0.307,13,0,1,3,4,0.0,ARG,R9,coil/unassigned,no named landmark assigned,Other/candidate,low,trajectory-derived contact residue,Contact residue without a current conservative mechanism label.,H164,164,distal/subsite position,Subsite/hotspot/stability,85.2904431750709,88.7112650851063,"Local mapping supports these LCC landmarks, but final prose needs primary-paper citation check."
Pro00062,LCC WT,23,0.03130769230769231,0.0,0.275,13,0,1,3,4,0.0,TRP,W23,coil/unassigned,no named landmark assigned,Other/candidate,low,trajectory-derived contact residue,Contact residue without a current conservative mechanism label.,H164,164,distal/subsite position,Subsite/hotspot/stability,63.21004940672014,66.57456819236607,"Local mapping supports these LCC landmarks, but final prose needs primary-paper citation check."
Pro00062,LCC WT,20,0.03130769230769231,0.0,0.274,13,0,1,3,4,0.0,LEU,L20,coil/unassigned,no named landmark assigned,Other/candidate,low,trajectory-derived contact residue,Contact residue without a current conservative mechanism label.,H164,164,distal/subsite position,Subsite/hotspot/stability,68.25029550119179,71.60047822465992,"Local mapping supports these LCC landmarks, but final prose needs primary-paper citation check."
Pro00062,LCC WT,121,0.03107692307692308,0.001,0.157,13,0,0,3,4,0.0,THR,T121,coil/unassigned,no named landmark assigned,Other/candidate,low,trajectory-derived contact residue,Contact residue without a current conservative mechanism label.,Y95,95,oxyanion/active-site pocket,Catalytic/oxyanion,9.37385625023128,13.011928450464213,"Local mapping supports these LCC landmarks, but final prose needs primary-paper citation check."
Pro00062,LCC WT,210,0.03053846153846154,0.018,0.098,13,0,0,3,4,0.0,ASP,D210,coil/unassigned,catalytic Asp,Catalytic/oxyanion,medium-high,corrected registry candidate + CE mapping,Exact configured landmark residue.,D210,210,catalytic Asp,Catalytic/oxyanion,0.0,0.0,"Local mapping supports these LCC landmarks, but final prose needs primary-paper citation check."
Pro00062,LCC WT,7,0.02776923076923077,0.0,0.201,13,0,1,3,4,0.0,ARG,R7,coil/unassigned,no named landmark assigned,Other/candidate,low,trajectory-derived contact residue,Contact residue without a current conservative mechanism label.,H164,164,distal/subsite position,Subsite/hotspot/stability,87.76431715680354,91.27127040860121,"Local mapping supports these LCC landmarks, but final prose needs primary-paper citation check."
Pro00062,LCC WT,5,0.02746153846153846,0.0,0.285,13,0,1,3,4,0.0,LEU,L5,coil/unassigned,no named landmark assigned,Other/candidate,low,trajectory-derived contact residue,Contact residue without a current conservative mechanism label.,H164,164,distal/subsite position,Subsite/hotspot/stability,91.59935429903422,95.053072470068,"Local mapping supports these LCC landmarks, but final prose needs primary-paper citation check."
Pro00062,LCC WT,244,0.027384615384615382,0.006,0.139,13,0,0,3,4,0.0,ALA,A244,helix,LCC catalytic-His/distal-subsite neighborhood,Subsite/hotspot/stability,medium,local sequence neighborhood; citation caveat,H242/F243 side of the active-site cleft.,F243,243,distal/subsite position,Subsite/hotspot/stability,3.8589203153213725,5.714358406680491,"Local mapping supports these LCC landmarks, but final prose needs primary-paper citation check."
Pro00062,LCC WT,59,0.026,0.0,0.236,13,0,1,3,4,0.0,ALA,A59,sheet,no named landmark assigned,Other/candidate,low,trajectory-derived contact residue,Contact residue without a current conservative mechanism label.,H164,164,distal/subsite position,Subsite/hotspot/stability,22.836296021903376,26.517420802182098,"Local mapping supports these LCC landmarks, but final prose needs primary-paper citation check."
Pro00062,LCC WT,4,0.02546153846153846,0.0,0.244,13,0,1,3,4,0.0,VAL,V4,coil/unassigned,no named landmark assigned,Other/candidate,low,trajectory-derived contact residue,Contact residue without a current conservative mechanism label.,H164,164,distal/subsite position,Subsite/hotspot/stability,92.88234239617346,96.39781468996068,"Local mapping supports these LCC landmarks, but final prose needs primary-paper citation check."
Pro00062,LCC WT,74,0.02307692307692308,0.0,0.279,13,0,1,3,4,0.0,GLY,G74,sheet,no named landmark assigned,Other/candidate,low,trajectory-derived contact residue,Contact residue without a current conservative mechanism label.,H164,164,distal/subsite position,Subsite/hotspot/stability,14.892603701166562,17.49018504762028,"Local mapping supports these LCC landmarks, but final prose needs primary-paper citation check."
Pro00062,LCC WT,80,0.022923076923076928,0.0,0.252,13,0,1,3,4,0.0,THR,T80,coil/unassigned,no named landmark assigned,Other/candidate,low,trajectory-derived contact residue,Contact residue without a current conservative mechanism label.,H164,164,distal/subsite position,Subsite/hotspot/stability,26.51774381428405,30.32878729853866,"Local mapping supports these LCC landmarks, but final prose needs primary-paper citation check."
Pro00062,LCC WT,145,0.02253846153846154,0.0,0.289,13,0,1,3,4,0.0,SER,S145,helix,no named landmark assigned,Other/candidate,low,trajectory-derived contact residue,Contact residue without a current conservative mechanism label.,H164,164,distal/subsite position,Subsite/hotspot/stability,24.888632043565593,27.467500086465822,"Local mapping supports these LCC landmarks, but final prose needs primary-paper citation check."
Pro00062,LCC WT,18,0.022461538461538463,0.0,0.233,13,0,1,3,4,0.0,LEU,L18,coil/unassigned,no named landmark assigned,Other/candidate,low,trajectory-derived contact residue,Contact residue without a current conservative mechanism label.,H164,164,distal/subsite position,Subsite/hotspot/stability,70.48184068254744,73.95092328024039,"Local mapping supports these LCC landmarks, but final prose needs primary-paper citation check."
Pro00062,LCC WT,46,0.022230769230769228,0.0,0.289,13,0,1,3,4,0.0,THR,T46,coil/unassigned,no named landmark assigned,Other/candidate,low,trajectory-derived contact residue,Contact residue without a current conservative mechanism label.,H164,164,distal/subsite position,Subsite/hotspot/stability,25.61025927240878,27.20002667278104,"Local mapping supports these LCC landmarks, but final prose needs primary-paper citation check."
Pro00062,LCC WT,44,0.022076923076923074,0.0,0.287,13,0,1,3,4,0.0,ASN,N44,coil/unassigned,no named landmark assigned,Other/candidate,low,trajectory-derived contact residue,Contact residue without a current conservative mechanism label.,H164,164,distal/subsite position,Subsite/hotspot/stability,28.509298851427403,31.760615437991753,"Local mapping supports these LCC landmarks, but final prose needs primary-paper citation check."
Pro00062,LCC WT,19,0.021461538461538462,0.0,0.169,13,0,0,3,4,0.0,ALA,A19,coil/unassigned,no named landmark assigned,Other/candidate,low,trajectory-derived contact residue,Contact residue without a current conservative mechanism label.,H164,164,distal/subsite position,Subsite/hotspot/stability,69.5719551687316,73.00119901755039,"Local mapping supports these LCC landmarks, but final prose needs primary-paper citation check."
Pro00062,LCC WT,209,0.02076923076923077,0.002,0.128,13,0,0,3,4,0.0,ALA,A209,coil/unassigned,LCC catalytic Asp active-site rim,Cleft/rim patch,medium,local sequence neighborhood; citation caveat,D210 active-site rim.,D210,210,catalytic Asp,Catalytic/oxyanion,3.866284392022915,3.866284392022915,"Local mapping supports these LCC landmarks, but final prose needs primary-paper citation check."
Pro00062,LCC WT,48,0.020230769230769233,0.0,0.253,13,0,1,3,4,0.0,SER,S48,helix,no named landmark assigned,Other/candidate,low,trajectory-derived contact residue,Contact residue without a current conservative mechanism label.,F243,243,distal/subsite position,Subsite/hotspot/stability,22.720668740158157,24.25661983871619,"Local mapping supports these LCC landmarks, but final prose needs primary-paper citation check."
Pro00062,LCC WT,71,0.020153846153846154,0.0,0.196,13,0,0,3,4,0.0,PHE,F71,coil/unassigned,no named landmark assigned,Other/candidate,low,trajectory-derived contact residue,Contact residue without a current conservative mechanism label.,Y95,95,oxyanion/active-site pocket,Catalytic/oxyanion,14.51326820533542,17.18451340597109,"Local mapping supports these LCC landmarks, but final prose needs primary-paper citation check."
Pro00062,LCC WT,16,0.019615384615384614,0.0,0.135,13,0,0,3,4,0.0,ALA,A16,coil/unassigned,no named landmark assigned,Other/candidate,low,trajectory-derived contact residue,Contact residue without a current conservative mechanism label.,H164,164,distal/subsite position,Subsite/hotspot/stability,74.33794180632121,77.72984926011371,"Local mapping supports these LCC landmarks, but final prose needs primary-paper citation check."
Pro00062,LCC WT,58,0.019,0.0,0.141,13,0,0,3,4,0.0,VAL,V58,sheet,no named landmark assigned,Other/candidate,low,trajectory-derived contact residue,Contact residue without a current conservative mechanism label.,H164,164,distal/subsite position,Subsite/hotspot/stability,22.009739071601917,25.805468218964755,"Local mapping supports these LCC landmarks, but final prose needs primary-paper citation check."
Pro00062,LCC WT,208,0.018923076923076924,0.0,0.101,13,0,0,3,4,0.0,GLU,E208,coil/unassigned,LCC catalytic Asp active-site rim,Cleft/rim patch,medium,local sequence neighborhood; citation caveat,D210 active-site rim.,D210,210,catalytic Asp,Catalytic/oxyanion,5.676540319596083,5.676540319596083,"Local mapping supports these LCC landmarks, but final prose needs primary-paper citation check."
Pro00062,LCC WT,63,0.018769230769230767,0.0,0.18,13,0,0,3,4,0.0,VAL,V63,sheet,no named landmark assigned,Other/candidate,low,trajectory-derived contact residue,Contact residue without a current conservative mechanism label.,H164,164,distal/subsite position,Subsite/hotspot/stability,19.75272206557871,22.363744655133228,"Local mapping supports these LCC landmarks, but final prose needs primary-paper citation check."
Pro00062,LCC WT,144,0.01853846153846154,0.0,0.24,13,0,1,3,4,0.0,THR,T144,helix,no named landmark assigned,Other/candidate,low,trajectory-derived contact residue,Contact residue without a current conservative mechanism label.,H164,164,distal/subsite position,Subsite/hotspot/stability,25.18087706971304,27.710199385785735,"Local mapping supports these LCC landmarks, but final prose needs primary-paper citation check."
Pro00062,LCC WT,57,0.01823076923076923,0.0,0.143,13,0,0,3,4,0.0,SER,S57,coil/unassigned,no named landmark assigned,Other/candidate,low,trajectory-derived contact residue,Contact residue without a current conservative mechanism label.,H164,164,distal/subsite position,Subsite/hotspot/stability,24.807226547923488,28.62664732377859,"Local mapping supports these LCC landmarks, but final prose needs primary-paper citation check."
Pro00062,LCC WT,141,0.018000000000000002,0.0,0.232,13,0,1,3,4,0.0,TYR,Y141,helix,no named landmark assigned,Other/candidate,low,trajectory-derived contact residue,Contact residue without a current conservative mechanism label.,H164,164,distal/subsite position,Subsite/hotspot/stability,20.514084064369047,22.90703108218086,"Local mapping supports these LCC landmarks, but final prose needs primary-paper citation check."
Pro00062,LCC WT,148,0.017846153846153845,0.0,0.158,13,0,0,3,4,0.0,SER,S148,helix,no named landmark assigned,Other/candidate,low,trajectory-derived contact residue,Contact residue without a current conservative mechanism label.,H164,164,distal/subsite position,Subsite/hotspot/stability,28.547971328975375,31.7963111225186,"Local mapping supports these LCC landmarks, but final prose needs primary-paper citation check."
Pro00062,LCC WT,147,0.017384615384615384,0.0,0.2,13,0,1,3,4,0.0,PRO,P147,helix,no named landmark assigned,Other/candidate,low,trajectory-derived contact residue,Contact residue without a current conservative mechanism label.,H164,164,distal/subsite position,Subsite/hotspot/stability,25.86248104880891,28.9809256580945,"Local mapping supports these LCC landmarks, but final prose needs primary-paper citation check."
Pro00062,LCC WT,47,0.01730769230769231,0.0,0.223,13,0,1,3,4,0.0,ARG,R47,helix,no named landmark assigned,Other/candidate,low,trajectory-derived contact residue,Contact residue without a current conservative mechanism label.,F243,243,distal/subsite position,Subsite/hotspot/stability,22.807285436894936,23.82052314706795,"Local mapping supports these LCC landmarks, but final prose needs primary-paper citation check."
Pro00062,LCC WT,194,0.016846153846153848,0.005,0.104,13,0,0,3,4,0.0,LYS,K194,coil/unassigned,near F222 (rigid H/F pair),W-loop/flexible or rigid pair,medium-low,local CA-distance annotation,Spatially near a named landmark; inspect before strong mechanistic wording.,F222,222,rigid H/F pair,W-loop/flexible or rigid pair,5.403881012753705,13.789198308821295,"Local mapping supports these LCC landmarks, but final prose needs primary-paper citation check."
Pro00062,LCC WT,216,0.01676923076923077,0.0,0.087,13,0,0,3,4,0.0,SER,S216,coil/unassigned,LCC H218/F222 rigid-pair neighborhood,W-loop/flexible or rigid pair,medium-high,local sequence neighborhood,Rigid H/F pair region.,H218,218,rigid H/F pair,W-loop/flexible or rigid pair,5.914408423502726,9.459440839711405,"Local mapping supports these LCC landmarks, but final prose needs primary-paper citation check."
Pro00062,LCC WT,280,0.01646153846153846,0.0,0.213,13,0,1,3,4,0.0,PRO,P280,coil/unassigned,no named landmark assigned,Other/candidate,low,trajectory-derived contact residue,Contact residue without a current conservative mechanism label.,D210,210,catalytic Asp,Catalytic/oxyanion,18.40287787276762,18.40287787276762,"Local mapping supports these LCC landmarks, but final prose needs primary-paper citation check."
Pro00062,LCC WT,45,0.016384615384615383,0.0,0.213,13,0,1,3,4,0.0,PRO,P45,coil/unassigned,no named landmark assigned,Other/candidate,low,trajectory-derived contact residue,Contact residue without a current conservative mechanism label.,H164,164,distal/subsite position,Subsite/hotspot/stability,25.33563263469061,28.165027569665185,"Local mapping supports these LCC landmarks, but final prose needs primary-paper citation check."
Pro00062,LCC WT,131,0.016307692307692308,0.0,0.171,13,0,0,3,4,0.0,ARG,R131,helix,no named landmark assigned,Other/candidate,low,trajectory-derived contact residue,Contact residue without a current conservative mechanism label.,M166,166,oxyanion/active-site pocket,Catalytic/oxyanion,7.490098730991468,10.609807255553703,"Local mapping supports these LCC landmarks, but final prose needs primary-paper citation check."
Pro00062,LCC WT,14,0.01607692307692308,0.0,0.195,13,0,0,3,4,0.0,MET,M14,coil/unassigned,no named landmark assigned,Other/candidate,low,trajectory-derived contact residue,Contact residue without a current conservative mechanism label.,H164,164,distal/subsite position,Subsite/hotspot/stability,76.7850321481993,80.24582243332048,"Local mapping supports these LCC landmarks, but final prose needs primary-paper citation check."
Pro00062,LCC WT,239,0.016,0.001,0.073,13,0,0,3,4,0.0,ASN,N239,coil/unassigned,no named landmark assigned,Other/candidate,low,trajectory-derived contact residue,Contact residue without a current conservative mechanism label.,D210,210,catalytic Asp,Catalytic/oxyanion,8.492199832787735,8.492199832787735,"Local mapping supports these LCC landmarks, but final prose needs primary-paper citation check."
Pro00062,LCC WT,78,0.015692307692307693,0.0,0.171,13,0,0,3,4,0.0,TYR,Y78,sheet,no named landmark assigned,Other/candidate,low,trajectory-derived contact residue,Contact residue without a current conservative mechanism label.,H164,164,distal/subsite position,Subsite/hotspot/stability,20.34498358318335,24.093476565244792,"Local mapping supports these LCC landmarks, but final prose needs primary-paper citation check."
Pro00062,LCC WT,281,0.01553846153846154,0.0,0.202,13,0,1,3,4,0.0,ALA,A281,coil/unassigned,no named landmark assigned,Other/candidate,low,trajectory-derived contact residue,Contact residue without a current conservative mechanism label.,D210,210,catalytic Asp,Catalytic/oxyanion,15.475603671585803,15.475603671585803,"Local mapping supports these LCC landmarks, but final prose needs primary-paper citation check."
Pro00062,LCC WT,149,0.015000000000000001,0.0,0.173,13,0,0,3,4,0.0,ALA,A149,helix,no named landmark assigned,Other/candidate,low,trajectory-derived contact residue,Contact residue without a current conservative mechanism label.,H164,164,distal/subsite position,Subsite/hotspot/stability,27.425940822513272,30.89979893138465,"Local mapping supports these LCC landmarks, but final prose needs primary-paper citation check."
Pro00062,LCC WT,53,0.014846153846153846,0.0,0.078,13,0,0,3,4,0.0,ASP,D53,coil/unassigned,no named landmark assigned,Other/candidate,low,trajectory-derived contact residue,Contact residue without a current conservative mechanism label.,H164,164,distal/subsite position,Subsite/hotspot/stability,20.146788280021212,23.110509492436552,"Local mapping supports these LCC landmarks, but final prose needs primary-paper citation check."
Pro00062,LCC WT,151,0.014769230769230767,0.0,0.173,13,0,0,3,4,0.0,ARG,R151,helix,no named landmark assigned,Other/candidate,low,trajectory-derived contact residue,Contact residue without a current conservative mechanism label.,H164,164,distal/subsite position,Subsite/hotspot/stability,25.538208590267253,28.821265933334715,"Local mapping supports these LCC landmarks, but final prose needs primary-paper citation check."
Pro00062,LCC WT,72,0.014538461538461538,0.0,0.11,13,0,0,3,4,0.0,GLY,G72,coil/unassigned,no named landmark assigned,Other/candidate,low,trajectory-derived contact residue,Contact residue without a current conservative mechanism label.,Y95,95,oxyanion/active-site pocket,Catalytic/oxyanion,13.63859996480577,17.29985462366664,"Local mapping supports these LCC landmarks, but final prose needs primary-paper citation check."
Pro00062,LCC WT,146,0.013384615384615385,0.0,0.171,13,0,0,3,4,0.0,SER,S146,coil/unassigned,no named landmark assigned,Other/candidate,low,trajectory-derived contact residue,Contact residue without a current conservative mechanism label.,H164,164,distal/subsite position,Subsite/hotspot/stability,23.272050038619287,26.204224945607532,"Local mapping supports these LCC landmarks, but final prose needs primary-paper citation check."
Pro00062,LCC WT,49,0.012923076923076924,0.0,0.168,13,0,0,3,4,0.0,ALA,A49,helix,no named landmark assigned,Other/candidate,low,trajectory-derived contact residue,Contact residue without a current conservative mechanism label.,F243,243,distal/subsite position,Subsite/hotspot/stability,23.171524960606284,24.996014022239628,"Local mapping supports these LCC landmarks, but final prose needs primary-paper citation check."
Pro00062,LCC WT,193,0.012615384615384613,0.01,0.071,13,0,0,3,4,0.0,ASP,D193,coil/unassigned,no named landmark assigned,Other/candidate,low,trajectory-derived contact residue,Contact residue without a current conservative mechanism label.,F222,222,rigid H/F pair,W-loop/flexible or rigid pair,8.642431717983083,13.429002122272527,"Local mapping supports these LCC landmarks, but final prose needs primary-paper citation check."
Pro00062,LCC WT,143,0.012384615384615385,0.0,0.132,13,0,0,3,4,0.0,ARG,R143,helix,no named landmark assigned,Other/candidate,low,trajectory-derived contact residue,Contact residue without a current conservative mechanism label.,H164,164,distal/subsite position,Subsite/hotspot/stability,22.763905859935374,25.491981288240428,"Local mapping supports these LCC landmarks, but final prose needs primary-paper citation check."
Pro00062,LCC WT,249,0.012307692307692308,0.0,0.068,13,0,0,3,4,0.0,ASN,N249,helix,no named landmark assigned,Other/candidate,low,trajectory-derived contact residue,Contact residue without a current conservative mechanism label.,F243,243,distal/subsite position,Subsite/hotspot/stability,10.342500664732876,12.41182508739146,"Local mapping supports these LCC landmarks, but final prose needs primary-paper citation check."
Pro00062,LCC WT,279,0.011923076923076923,0.0,0.155,13,0,0,3,4,0.0,ASP,D279,coil/unassigned,no named landmark assigned,Other/candidate,low,trajectory-derived contact residue,Contact residue without a current conservative mechanism label.,D210,210,catalytic Asp,Catalytic/oxyanion,19.41004791338754,19.41004791338754,"Local mapping supports these LCC landmarks, but final prose needs primary-paper citation check."
Pro00062,LCC WT,13,0.011615384615384614,0.0,0.12,13,0,0,3,4,0.0,LEU,L13,coil/unassigned,no named landmark assigned,Other/candidate,low,trajectory-derived contact residue,Contact residue without a current conservative mechanism label.,H164,164,distal/subsite position,Subsite/hotspot/stability,78.93929669689236,82.33654095843472,"Local mapping supports these LCC landmarks, but final prose needs primary-paper citation check."
Pro00062,LCC WT,240,0.011538461538461537,0.0,0.053,13,0,0,3,4,0.0,ALA,A240,coil/unassigned,LCC catalytic-His/distal-subsite neighborhood,Subsite/hotspot/stability,medium,local sequence neighborhood; citation caveat,H242/F243 side of the active-site cleft.,D210,210,catalytic Asp,Catalytic/oxyanion,6.826898563769642,6.826898563769642,"Local mapping supports these LCC landmarks, but final prose needs primary-paper citation check."
Pro00062,LCC WT,24,0.01053846153846154,0.0,0.137,13,0,0,3,4,0.0,ALA,A24,coil/unassigned,no named landmark assigned,Other/candidate,low,trajectory-derived contact residue,Contact residue without a current conservative mechanism label.,H164,164,distal/subsite position,Subsite/hotspot/stability,61.4114948034975,64.74834594026322,"Local mapping supports these LCC landmarks, but final prose needs primary-paper citation check."
Pro00062,LCC WT,93,0.010384615384615384,0.001,0.059,13,0,0,3,4,0.0,PRO,P93,coil/unassigned,near H164 (distal/subsite position),Subsite/hotspot/stability,medium-low,local CA-distance annotation,Spatially near a named landmark; inspect before strong mechanistic wording.,H164,164,distal/subsite position,Subsite/hotspot/stability,5.044837856661005,7.085297806020577,"Local mapping supports these LCC landmarks, but final prose needs primary-paper citation check."
Pro00062,LCC WT,21,0.010153846153846154,0.0,0.132,13,0,0,3,4,0.0,ALA,A21,coil/unassigned,no named landmark assigned,Other/candidate,low,trajectory-derived contact residue,Contact residue without a current conservative mechanism label.,H164,164,distal/subsite position,Subsite/hotspot/stability,66.12944243678454,69.53497733515127,"Local mapping supports these LCC landmarks, but final prose needs primary-paper citation check."
Pro00062,LCC WT,10,0.009384615384615384,0.0,0.069,13,0,0,3,4,0.0,THR,T10,coil/unassigned,no named landmark assigned,Other/candidate,low,trajectory-derived contact residue,Contact residue without a current conservative mechanism label.,H164,164,distal/subsite position,Subsite/hotspot/stability,83.30644921613212,86.75688296037382,"Local mapping supports these LCC landmarks, but final prose needs primary-paper citation check."
Pro00062,LCC WT,55,0.008846153846153846,0.0,0.089,13,0,0,3,4,0.0,PRO,P55,coil/unassigned,no named landmark assigned,Other/candidate,low,trajectory-derived contact residue,Contact residue without a current conservative mechanism label.,H164,164,distal/subsite position,Subsite/hotspot/stability,25.399644997519157,29.139110041317323,"Local mapping supports these LCC landmarks, but final prose needs primary-paper citation check."
Pro00062,LCC WT,43,0.008461538461538461,0.0,0.11,13,0,0,3,4,0.0,PRO,P43,coil/unassigned,no named landmark assigned,Other/candidate,low,trajectory-derived contact residue,Contact residue without a current conservative mechanism label.,H164,164,distal/subsite position,Subsite/hotspot/stability,28.451946541493427,31.936281467948017,"Local mapping supports these LCC landmarks, but final prose needs primary-paper citation check."
Pro00062,LCC WT,81,0.008153846153846154,0.0,0.085,13,0,0,3,4,0.0,GLY,G81,coil/unassigned,no named landmark assigned,Other/candidate,low,trajectory-derived contact residue,Contact residue without a current conservative mechanism label.,H164,164,distal/subsite position,Subsite/hotspot/stability,29.966743750364337,33.800750598174595,"Local mapping supports these LCC landmarks, but final prose needs primary-paper citation check."
Pro00062,LCC WT,250,0.007769230769230769,0.0,0.045,13,0,0,3,4,0.0,ALA,A250,helix,no named landmark assigned,Other/candidate,low,trajectory-derived contact residue,Contact residue without a current conservative mechanism label.,F243,243,distal/subsite position,Subsite/hotspot/stability,13.875633679223446,15.440767597499809,"Local mapping supports these LCC landmarks, but final prose needs primary-paper citation check."
Pro00062,LCC WT,179,0.007307692307692308,0.0,0.095,13,0,0,3,4,0.0,PRO,P179,coil/unassigned,no named landmark assigned,Other/candidate,low,trajectory-derived contact residue,Contact residue without a current conservative mechanism label.,F222,222,rigid H/F pair,W-loop/flexible or rigid pair,17.13015662508665,21.54851470519488,"Local mapping supports these LCC landmarks, but final prose needs primary-paper citation check."
Pro00062,LCC WT,22,0.007076923076923077,0.0,0.066,13,0,0,3,4,0.0,ALA,A22,coil/unassigned,no named landmark assigned,Other/candidate,low,trajectory-derived contact residue,Contact residue without a current conservative mechanism label.,H164,164,distal/subsite position,Subsite/hotspot/stability,64.56737387411695,68.02332206677355,"Local mapping supports these LCC landmarks, but final prose needs primary-paper citation check."
Pro00062,LCC WT,52,0.006846153846153847,0.0,0.068,13,0,0,3,4,0.0,ALA,A52,helix,no named landmark assigned,Other/candidate,low,trajectory-derived contact residue,Contact residue without a current conservative mechanism label.,F243,243,distal/subsite position,Subsite/hotspot/stability,19.24924034864753,21.69055107644801,"Local mapping supports these LCC landmarks, but final prose needs primary-paper citation check."
Pro00062,LCC WT,6,0.006615384615384616,0.0,0.083,13,0,0,3,4,0.0,TRP,W6,coil/unassigned,no named landmark assigned,Other/candidate,low,trajectory-derived contact residue,Contact residue without a current conservative mechanism label.,H164,164,distal/subsite position,Subsite/hotspot/stability,89.8962932884332,93.34445908033321,"Local mapping supports these LCC landmarks, but final prose needs primary-paper citation check."
Pro00062,LCC WT,269,0.006384615384615385,0.0,0.083,13,0,0,3,4,0.0,ARG,R269,helix,no named landmark assigned,Other/candidate,low,trajectory-derived contact residue,Contact residue without a current conservative mechanism label.,H164,164,distal/subsite position,Subsite/hotspot/stability,26.50271769083314,29.342977166606666,"Local mapping supports these LCC landmarks, but final prose needs primary-paper citation check."
Pro00062,LCC WT,108,0.006153846153846153,0.0,0.036,13,0,0,3,4,0.0,ARG,R108,helix,no named landmark assigned,Other/candidate,low,trajectory-derived contact residue,Contact residue without a current conservative mechanism label.,H164,164,distal/subsite position,Subsite/hotspot/stability,15.389489985051487,19.11910944578748,"Local mapping supports these LCC landmarks, but final prose needs primary-paper citation check."
Pro00062,LCC WT,1,0.005615384615384615,0.0,0.052,13,0,0,3,4,0.0,MET,M1,coil/unassigned,no named landmark assigned,Other/candidate,low,trajectory-derived contact residue,Contact residue without a current conservative mechanism label.,H164,164,distal/subsite position,Subsite/hotspot/stability,99.33831752652146,102.81902428539188,"Local mapping supports these LCC landmarks, but final prose needs primary-paper citation check."
Pro00062,LCC WT,54,0.005384615384615385,0.0,0.065,13,0,0,3,4,0.0,GLY,G54,coil/unassigned,no named landmark assigned,Other/candidate,low,trajectory-derived contact residue,Contact residue without a current conservative mechanism label.,H164,164,distal/subsite position,Subsite/hotspot/stability,21.992908607094243,25.668029550395957,"Local mapping supports these LCC landmarks, but final prose needs primary-paper citation check."
Pro00062,LCC WT,238,0.0052307692307692315,0.0,0.057,13,0,0,3,4,0.0,ASP,D238,coil/unassigned,no named landmark assigned,Other/candidate,low,trajectory-derived contact residue,Contact residue without a current conservative mechanism label.,D210,210,catalytic Asp,Catalytic/oxyanion,10.462355231973344,10.462355231973344,"Local mapping supports these LCC landmarks, but final prose needs primary-paper citation check."
Pro00062,LCC WT,56,0.004153846153846154,0.0,0.031,13,0,0,3,4,0.0,PHE,F56,coil/unassigned,no named landmark assigned,Other/candidate,low,trajectory-derived contact residue,Contact residue without a current conservative mechanism label.,H164,164,distal/subsite position,Subsite/hotspot/stability,24.524444499315372,28.35384823970108,"Local mapping supports these LCC landmarks, but final prose needs primary-paper citation check."
Pro00062,LCC WT,153,0.003461538461538461,0.0,0.045,13,0,0,3,4,0.0,ARG,R153,coil/unassigned,no named landmark assigned,Other/candidate,low,trajectory-derived contact residue,Contact residue without a current conservative mechanism label.,H164,164,distal/subsite position,Subsite/hotspot/stability,25.264993132791467,28.83916475905639,"Local mapping supports these LCC landmarks, but final prose needs primary-paper citation check."
Pro00062,LCC WT,176,0.003461538461538461,0.0,0.045,13,0,0,3,4,0.0,GLU,E176,helix,no named landmark assigned,Other/candidate,low,trajectory-derived contact residue,Contact residue without a current conservative mechanism label.,F222,222,rigid H/F pair,W-loop/flexible or rigid pair,12.330419376485132,17.285355477976147,"Local mapping supports these LCC landmarks, but final prose needs primary-paper citation check."
Pro00062,LCC WT,17,0.0031538461538461538,0.0,0.029,13,0,0,3,4,0.0,LEU,L17,coil/unassigned,no named landmark assigned,Other/candidate,low,trajectory-derived contact residue,Contact residue without a current conservative mechanism label.,H164,164,distal/subsite position,Subsite/hotspot/stability,72.50616935820013,75.89938812006326,"Local mapping supports these LCC landmarks, but final prose needs primary-paper citation check."
Pro00062,LCC WT,51,0.0027692307692307695,0.0,0.017,13,0,0,3,4,0.0,THR,T51,helix,no named landmark assigned,Other/candidate,low,trajectory-derived contact residue,Contact residue without a current conservative mechanism label.,F243,243,distal/subsite position,Subsite/hotspot/stability,17.808120170304335,19.722587304915145,"Local mapping supports these LCC landmarks, but final prose needs primary-paper citation check."
Pro00062,LCC WT,73,0.002769230769230769,0.0,0.026,13,0,0,3,4,0.0,GLY,G73,coil/unassigned,no named landmark assigned,Other/candidate,low,trajectory-derived contact residue,Contact residue without a current conservative mechanism label.,Y95,95,oxyanion/active-site pocket,Catalytic/oxyanion,16.12129690812746,18.870677385827992,"Local mapping supports these LCC landmarks, but final prose needs primary-paper citation check."
Pro00062,LCC WT,273,0.002076923076923077,0.0,0.027,13,0,0,3,4,0.0,PHE,F273,helix,no named landmark assigned,Other/candidate,low,trajectory-derived contact residue,Contact residue without a current conservative mechanism label.,H164,164,distal/subsite position,Subsite/hotspot/stability,21.85002164758653,23.39009040170644,"Local mapping supports these LCC landmarks, but final prose needs primary-paper citation check."
Pro00062,LCC WT,3,0.0018461538461538461,0.0,0.021,13,0,0,3,4,0.0,GLY,G3,coil/unassigned,no named landmark assigned,Other/candidate,low,trajectory-derived contact residue,Contact residue without a current conservative mechanism label.,H164,164,distal/subsite position,Subsite/hotspot/stability,94.85784897940708,98.35579854284138,"Local mapping supports these LCC landmarks, but final prose needs primary-paper citation check."
Pro00062,LCC WT,215,0.0017692307692307695,0.0,0.02,13,0,0,3,4,0.0,VAL,V215,coil/unassigned,near H218 (rigid H/F pair),W-loop/flexible or rigid pair,medium-low,local CA-distance annotation,Spatially near a named landmark; inspect before strong mechanistic wording.,H218,218,rigid H/F pair,W-loop/flexible or rigid pair,5.100385181532863,6.6195242276163615,"Local mapping supports these LCC landmarks, but final prose needs primary-paper citation check."
Pro00062,LCC WT,2,0.0016153846153846155,0.0,0.012,13,0,0,3,4,0.0,ASP,D2,coil/unassigned,no named landmark assigned,Other/candidate,low,trajectory-derived contact residue,Contact residue without a current conservative mechanism label.,H164,164,distal/subsite position,Subsite/hotspot/stability,96.96532366263726,100.41724380304412,"Local mapping supports these LCC landmarks, but final prose needs primary-paper citation check."
Pro00062,LCC WT,25,0.0015384615384615385,0.0,0.02,13,0,0,3,4,0.0,LEU,L25,coil/unassigned,no named landmark assigned,Other/candidate,low,trajectory-derived contact residue,Contact residue without a current conservative mechanism label.,H164,164,distal/subsite position,Subsite/hotspot/stability,59.10984868023264,62.53968446514581,"Local mapping supports these LCC landmarks, but final prose needs primary-paper citation check."
Pro00062,LCC WT,180,0.0014615384615384616,0.0,0.019,13,0,0,3,4,0.0,SER,S180,coil/unassigned,no named landmark assigned,Other/candidate,low,trajectory-derived contact residue,Contact residue without a current conservative mechanism label.,F222,222,rigid H/F pair,W-loop/flexible or rigid pair,20.083056764347404,23.045602812684248,"Local mapping supports these LCC landmarks, but final prose needs primary-paper citation check."
Pro00062,LCC WT,42,0.0013076923076923079,0.0,0.017,13,0,0,3,4,0.0,GLY,G42,coil/unassigned,no named landmark assigned,Other/candidate,low,trajectory-derived contact residue,Contact residue without a current conservative mechanism label.,H164,164,distal/subsite position,Subsite/hotspot/stability,26.651809413246223,30.2617636465557,"Local mapping supports these LCC landmarks, but final prose needs primary-paper citation check."
Pro00062,LCC WT,152,0.0013076923076923079,0.0,0.017,13,0,0,3,4,0.0,ALA,A152,helix,no named landmark assigned,Other/candidate,low,trajectory-derived contact residue,Contact residue without a current conservative mechanism label.,H164,164,distal/subsite position,Subsite/hotspot/stability,28.03952800957962,31.49449826557013,"Local mapping supports these LCC landmarks, but final prose needs primary-paper citation check."
Pro00062,LCC WT,278,0.0013076923076923079,0.0,0.017,13,0,0,3,4,0.0,ASN,N278,coil/unassigned,no named landmark assigned,Other/candidate,low,trajectory-derived contact residue,Contact residue without a current conservative mechanism label.,D210,210,catalytic Asp,Catalytic/oxyanion,21.752037398827724,21.752037398827724,"Local mapping supports these LCC landmarks, but final prose needs primary-paper citation check."
Pro00062,LCC WT,118,0.001153846153846154,0.0,0.014,13,0,0,3,4,0.0,VAL,V118,sheet,no named landmark assigned,Other/candidate,low,trajectory-derived contact residue,Contact residue without a current conservative mechanism label.,H164,164,distal/subsite position,Subsite/hotspot/stability,10.860313531385732,14.136390628445438,"Local mapping supports these LCC landmarks, but final prose needs primary-paper citation check."
Pro00062,LCC WT,272,0.0011538461538461537,0.0,0.015,13,0,0,3,4,0.0,GLN,Q272,helix,no named landmark assigned,Other/candidate,low,trajectory-derived contact residue,Contact residue without a current conservative mechanism label.,F222,222,rigid H/F pair,W-loop/flexible or rigid pair,24.574076137263024,27.20702344983736,"Local mapping supports these LCC landmarks, but final prose needs primary-paper citation check."
Pro00062,LCC WT,245,0.0011538461538461537,0.0,0.01,13,0,0,3,4,0.0,PRO,P245,helix,near F243 (distal/subsite position),Subsite/hotspot/stability,medium-low,local CA-distance annotation,Spatially near a named landmark; inspect before strong mechanistic wording.,F243,243,distal/subsite position,Subsite/hotspot/stability,5.44388592826852,7.442260409311139,"Local mapping supports these LCC landmarks, but final prose needs primary-paper citation check."
Pro00062,LCC WT,195,0.0010769230769230769,0.0,0.014,13,0,0,3,4,0.0,THR,T195,coil/unassigned,no named landmark assigned,Other/candidate,low,trajectory-derived contact residue,Contact residue without a current conservative mechanism label.,F222,222,rigid H/F pair,W-loop/flexible or rigid pair,6.0832137065863465,16.028396956651655,"Local mapping supports these LCC landmarks, but final prose needs primary-paper citation check."
Pro00062,LCC WT,251,0.0010769230769230769,0.0,0.014,13,0,0,3,4,0.0,ALA,A251,helix,no named landmark assigned,Other/candidate,low,trajectory-derived contact residue,Contact residue without a current conservative mechanism label.,F243,243,distal/subsite position,Subsite/hotspot/stability,13.736287744510888,14.359424048338429,"Local mapping supports these LCC landmarks, but final prose needs primary-paper citation check."
Pro00062,LCC WT,102,0.0010769230769230769,0.0,0.004,13,0,0,3,4,0.0,LEU,L102,helix,no named landmark assigned,Other/candidate,low,trajectory-derived contact residue,Contact residue without a current conservative mechanism label.,H164,164,distal/subsite position,Subsite/hotspot/stability,8.046730019082286,11.375035560383976,"Local mapping supports these LCC landmarks, but final prose needs primary-paper citation check."
Pro00062,LCC WT,139,0.001,0.0,0.013,13,0,0,3,4,0.0,LEU,L139,helix,no named landmark assigned,Other/candidate,low,trajectory-derived contact residue,Contact residue without a current conservative mechanism label.,H164,164,distal/subsite position,Subsite/hotspot/stability,16.93730852290292,19.377697644457147,"Local mapping supports these LCC landmarks, but final prose needs primary-paper citation check."
Pro00062,LCC WT,32,0.0008461538461538461,0.0,0.011,13,0,0,3,4,0.0,VAL,V32,coil/unassigned,no named landmark assigned,Other/candidate,low,trajectory-derived contact residue,Contact residue without a current conservative mechanism label.,H164,164,distal/subsite position,Subsite/hotspot/stability,41.58453482966955,44.96056897994063,"Local mapping supports these LCC landmarks, but final prose needs primary-paper citation check."
Pro00062,LCC WT,33,0.0007692307692307692,0.0,0.01,13,0,0,3,4,0.0,GLU,E33,coil/unassigned,no named landmark assigned,Other/candidate,low,trajectory-derived contact residue,Contact residue without a current conservative mechanism label.,H164,164,distal/subsite position,Subsite/hotspot/stability,39.84669227175576,43.068645915561355,"Local mapping supports these LCC landmarks, but final prose needs primary-paper citation check."
Pro00062,LCC WT,82,0.0007692307692307692,0.0,0.006,13,0,0,3,4,0.0,THR,T82,coil/unassigned,no named landmark assigned,Other/candidate,low,trajectory-derived contact residue,Contact residue without a current conservative mechanism label.,H164,164,distal/subsite position,Subsite/hotspot/stability,29.897818465567013,33.70077039178778,"Local mapping supports these LCC landmarks, but final prose needs primary-paper citation check."
Pro00062,LCC WT,225,0.0006153846153846154,0.0,0.008,13,0,0,3,4,0.0,ASN,N225,helix,near F222 (rigid H/F pair),W-loop/flexible or rigid pair,medium-low,local CA-distance annotation,Spatially near a named landmark; inspect before strong mechanistic wording.,F222,222,rigid H/F pair,W-loop/flexible or rigid pair,5.3233610623364624,17.895452243517067,"Local mapping supports these LCC landmarks, but final prose needs primary-paper citation check."
Pro00062,LCC WT,237,0.0005384615384615384,0.0,0.007,13,0,0,3,4,0.0,LEU,L237,sheet,no named landmark assigned,Other/candidate,low,trajectory-derived contact residue,Contact residue without a current conservative mechanism label.,D210,210,catalytic Asp,Catalytic/oxyanion,9.744105397623736,9.744105397623736,"Local mapping supports these LCC landmarks, but final prose needs primary-paper citation check."
Pro00062,LCC WT,27,0.00046153846153846153,0.0,0.006,13,0,0,3,4,0.0,TRP,W27,coil/unassigned,no named landmark assigned,Other/candidate,low,trajectory-derived contact residue,Contact residue without a current conservative mechanism label.,H164,164,distal/subsite position,Subsite/hotspot/stability,53.95909763885975,57.384511865136574,"Local mapping supports these LCC landmarks, but final prose needs primary-paper citation check."
Pro00062,LCC WT,197,0.00046153846153846153,0.0,0.006,13,0,0,3,4,0.0,ASN,N197,coil/unassigned,no named landmark assigned,Other/candidate,low,trajectory-derived contact residue,Contact residue without a current conservative mechanism label.,F222,222,rigid H/F pair,W-loop/flexible or rigid pair,10.202365804067211,19.143724768184484,"Local mapping supports these LCC landmarks, but final prose needs primary-paper citation check."
Pro00062,LCC WT,26,0.0003846153846153846,0.0,0.005,13,0,0,3,4,0.0,VAL,V26,coil/unassigned,no named landmark assigned,Other/candidate,low,trajectory-derived contact residue,Contact residue without a current conservative mechanism label.,H164,164,distal/subsite position,Subsite/hotspot/stability,57.03847603153506,60.430858557528374,"Local mapping supports these LCC landmarks, but final prose needs primary-paper citation check."
Pro00062,LCC WT,35,0.0003076923076923077,0.0,0.004,13,0,0,3,4,0.0,GLN,Q35,coil/unassigned,no named landmark assigned,Other/candidate,low,trajectory-derived contact residue,Contact residue without a current conservative mechanism label.,H164,164,distal/subsite position,Subsite/hotspot/stability,34.52709782185581,37.77944131402687,"Local mapping supports these LCC landmarks, but final prose needs primary-paper citation check."
Pro00062,LCC WT,282,0.0003076923076923077,0.0,0.004,13,0,0,3,4,0.0,LEU,L282,sheet,no named landmark assigned,Other/candidate,low,trajectory-derived contact residue,Contact residue without a current conservative mechanism label.,D210,210,catalytic Asp,Catalytic/oxyanion,13.801808758275127,13.801808758275127,"Local mapping supports these LCC landmarks, but final prose needs primary-paper citation check."
Pro00062,LCC WT,28,0.00023076923076923076,0.0,0.003,13,0,0,3,4,0.0,ALA,A28,coil/unassigned,no named landmark assigned,Other/candidate,low,trajectory-derived contact residue,Contact residue without a current conservative mechanism label.,H164,164,distal/subsite position,Subsite/hotspot/stability,51.411977106506995,54.748394332619476,"Local mapping supports these LCC landmarks, but final prose needs primary-paper citation check."
Pro00062,LCC WT,41,0.00023076923076923076,0.0,0.003,13,0,0,3,4,0.0,ARG,R41,coil/unassigned,no named landmark assigned,Other/candidate,low,trajectory-derived contact residue,Contact residue without a current conservative mechanism label.,H164,164,distal/subsite position,Subsite/hotspot/stability,26.098655463452516,29.649914991446437,"Local mapping supports these LCC landmarks, but final prose needs primary-paper citation check."
Pro00062,LCC WT,181,0.00023076923076923076,0.0,0.003,13,0,0,3,4,0.0,LEU,L181,coil/unassigned,no named landmark assigned,Other/candidate,low,trajectory-derived contact residue,Contact residue without a current conservative mechanism label.,H164,164,distal/subsite position,Subsite/hotspot/stability,17.892412525984305,19.86002406846477,"Local mapping supports these LCC landmarks, but final prose needs primary-paper citation check."
Pro00062,LCC WT,29,0.00015384615384615385,0.0,0.002,13,0,0,3,4,0.0,SER,S29,coil/unassigned,no named landmark assigned,Other/candidate,low,trajectory-derived contact residue,Contact residue without a current conservative mechanism label.,H164,164,distal/subsite position,Subsite/hotspot/stability,48.9108020993318,52.331163411489335,"Local mapping supports these LCC landmarks, but final prose needs primary-paper citation check."
Pro00062,LCC WT,30,0.00015384615384615385,0.0,0.002,13,0,0,3,4,0.0,PRO,P30,coil/unassigned,no named landmark assigned,Other/candidate,low,trajectory-derived contact residue,Contact residue without a current conservative mechanism label.,H164,164,distal/subsite position,Subsite/hotspot/stability,45.78909141924526,49.14879161281587,"Local mapping supports these LCC landmarks, but final prose needs primary-paper citation check."
Pro00062,LCC WT,31,0.00015384615384615385,0.0,0.002,13,0,0,3,4,0.0,SER,S31,coil/unassigned,no named landmark assigned,Other/candidate,low,trajectory-derived contact residue,Contact residue without a current conservative mechanism label.,H164,164,distal/subsite position,Subsite/hotspot/stability,44.67335793288881,47.961271553202174,"Local mapping supports these LCC landmarks, but final prose needs primary-paper citation check."
Pro00062,LCC WT,111,0.00015384615384615385,0.0,0.002,13,0,0,3,4,0.0,SER,S111,helix,no named landmark assigned,Other/candidate,low,trajectory-derived contact residue,Contact residue without a current conservative mechanism label.,H164,164,distal/subsite position,Subsite/hotspot/stability,19.958103867852778,23.77780044495285,"Local mapping supports these LCC landmarks, but final prose needs primary-paper citation check."
Pro00062,LCC WT,112,0.00015384615384615385,0.0,0.002,13,0,0,3,4,0.0,HIS,H112,helix,no named landmark assigned,Other/candidate,low,trajectory-derived contact residue,Contact residue without a current conservative mechanism label.,H164,164,distal/subsite position,Subsite/hotspot/stability,19.889866113174314,23.617381438254327,"Local mapping supports these LCC landmarks, but final prose needs primary-paper citation check."
Pro00062,LCC WT,150,0.00015384615384615385,0.0,0.002,13,0,0,3,4,0.0,VAL,V150,helix,no named landmark assigned,Other/candidate,low,trajectory-derived contact residue,Contact residue without a current conservative mechanism label.,H164,164,distal/subsite position,Subsite/hotspot/stability,23.90121130821616,27.345504529995416,"Local mapping supports these LCC landmarks, but final prose needs primary-paper citation check."
Pro00062,LCC WT,268,0.00015384615384615385,0.0,0.002,13,0,0,3,4,0.0,THR,T268,helix,no named landmark assigned,Other/candidate,low,trajectory-derived contact residue,Contact residue without a current conservative mechanism label.,F222,222,rigid H/F pair,W-loop/flexible or rigid pair,25.594825160567126,28.671538378677905,"Local mapping supports these LCC landmarks, but final prose needs primary-paper citation check."
Pro00062,LCC WT,276,0.00015384615384615385,0.0,0.002,13,0,0,3,4,0.0,ASN,N276,coil/unassigned,no named landmark assigned,Other/candidate,low,trajectory-derived contact residue,Contact residue without a current conservative mechanism label.,F222,222,rigid H/F pair,W-loop/flexible or rigid pair,22.054095923433362,25.819191428083105,"Local mapping supports these LCC landmarks, but final prose needs primary-paper citation check."
Pro00062,LCC WT,79,7.692307692307693e-05,0.0,0.001,13,0,0,3,4,0.0,PRO,P79,sheet,no named landmark assigned,Other/candidate,low,trajectory-derived contact residue,Contact residue without a current conservative mechanism label.,H164,164,distal/subsite position,Subsite/hotspot/stability,23.064094822906014,26.882925324450834,"Local mapping supports these LCC landmarks, but final prose needs primary-paper citation check."
Pro00062,LCC WT,83,7.692307692307693e-05,0.0,0.001,13,0,0,3,4,0.0,SER,S83,coil/unassigned,no named landmark assigned,Other/candidate,low,trajectory-derived contact residue,Contact residue without a current conservative mechanism label.,H164,164,distal/subsite position,Subsite/hotspot/stability,31.252537848949167,34.966986859036055,"Local mapping supports these LCC landmarks, but final prose needs primary-paper citation check."
Pro00062,LCC WT,84,7.692307692307693e-05,0.0,0.001,13,0,0,3,4,0.0,LEU,L84,coil/unassigned,no named landmark assigned,Other/candidate,low,trajectory-derived contact residue,Contact residue without a current conservative mechanism label.,H164,164,distal/subsite position,Subsite/hotspot/stability,28.84654540841936,32.50399738493713,"Local mapping supports these LCC landmarks, but final prose needs primary-paper citation check."
Pro00062,LCC WT,252,7.692307692307693e-05,0.0,0.001,13,0,0,3,4,0.0,ILE,I252,helix,no named landmark assigned,Other/candidate,low,trajectory-derived contact residue,Contact residue without a current conservative mechanism label.,H164,164,distal/subsite position,Subsite/hotspot/stability,11.484653978244188,12.568485429836008,"Local mapping supports these LCC landmarks, but final prose needs primary-paper citation check."
Pro00062,LCC WT,270,7.692307692307693e-05,0.0,0.001,13,0,0,3,4,0.0,TYR,Y270,helix,no named landmark assigned,Other/candidate,low,trajectory-derived contact residue,Contact residue without a current conservative mechanism label.,H164,164,distal/subsite position,Subsite/hotspot/stability,22.916218667136164,25.667440074927608,"Local mapping supports these LCC landmarks, but final prose needs primary-paper citation check."
Pro00062,LCC WT,275,7.692307692307693e-05,0.0,0.001,13,0,0,3,4,0.0,CYS,C275,coil/unassigned,no named landmark assigned,Other/candidate,low,trajectory-derived contact residue,Contact residue without a current conservative mechanism label.,F222,222,rigid H/F pair,W-loop/flexible or rigid pair,20.44312762274892,25.374161306336806,"Local mapping supports these LCC landmarks, but final prose needs primary-paper citation check."
Pro00062,LCC WT,34,0.0,0.0,0.0,13,0,0,3,4,0.0,ALA,A34,coil/unassigned,no named landmark assigned,Other/candidate,low,trajectory-derived contact residue,Contact residue without a current conservative mechanism label.,H164,164,distal/subsite position,Subsite/hotspot/stability,38.31778131625055,41.57146941112378,"Local mapping supports these LCC landmarks, but final prose needs primary-paper citation check."
Pro00062,LCC WT,36,0.0,0.0,0.0,13,0,0,3,4,0.0,SER,S36,coil/unassigned,no named landmark assigned,Other/candidate,low,trajectory-derived contact residue,Contact residue without a current conservative mechanism label.,H164,164,distal/subsite position,Subsite/hotspot/stability,34.252732328969024,37.28152971646953,"Local mapping supports these LCC landmarks, but final prose needs primary-paper citation check."
Pro00062,LCC WT,37,0.0,0.0,0.0,13,0,0,3,4,0.0,ASN,N37,coil/unassigned,no named landmark assigned,Other/candidate,low,trajectory-derived contact residue,Contact residue without a current conservative mechanism label.,H164,164,distal/subsite position,Subsite/hotspot/stability,30.619023073899662,33.678908147385066,"Local mapping supports these LCC landmarks, but final prose needs primary-paper citation check."
Pro00062,LCC WT,38,0.0,0.0,0.0,13,0,0,3,4,0.0,PRO,P38,coil/unassigned,no named landmark assigned,Other/candidate,low,trajectory-derived contact residue,Contact residue without a current conservative mechanism label.,H164,164,distal/subsite position,Subsite/hotspot/stability,30.622816934436322,33.84261539834059,"Local mapping supports these LCC landmarks, but final prose needs primary-paper citation check."
Pro00062,LCC WT,39,0.0,0.0,0.0,13,0,0,3,4,0.0,TYR,Y39,coil/unassigned,no named landmark assigned,Other/candidate,low,trajectory-derived contact residue,Contact residue without a current conservative mechanism label.,H164,164,distal/subsite position,Subsite/hotspot/stability,26.783096180240253,30.04723150308527,"Local mapping supports these LCC landmarks, but final prose needs primary-paper citation check."
Pro00062,LCC WT,40,0.0,0.0,0.0,13,0,0,3,4,0.0,GLN,Q40,coil/unassigned,no named landmark assigned,Other/candidate,low,trajectory-derived contact residue,Contact residue without a current conservative mechanism label.,H164,164,distal/subsite position,Subsite/hotspot/stability,26.842942405779585,30.174420342402605,"Local mapping supports these LCC landmarks, but final prose needs primary-paper citation check."
Pro00062,LCC WT,50,0.0,0.0,0.0,13,0,0,3,4,0.0,LEU,L50,helix,no named landmark assigned,Other/candidate,low,trajectory-derived contact residue,Contact residue without a current conservative mechanism label.,H164,164,distal/subsite position,Subsite/hotspot/stability,19.80551781701251,21.847318439570564,"Local mapping supports these LCC landmarks, but final prose needs primary-paper citation check."
Pro00062,LCC WT,76,0.0,0.0,0.0,13,0,0,3,4,0.0,ILE,I76,sheet,no named landmark assigned,Other/candidate,low,trajectory-derived contact residue,Contact residue without a current conservative mechanism label.,H164,164,distal/subsite position,Subsite/hotspot/stability,17.056833996964382,20.47192462862249,"Local mapping supports these LCC landmarks, but final prose needs primary-paper citation check."
Pro00062,LCC WT,85,0.0,0.0,0.0,13,0,0,3,4,0.0,THR,T85,coil/unassigned,no named landmark assigned,Other/candidate,low,trajectory-derived contact residue,Contact residue without a current conservative mechanism label.,H164,164,distal/subsite position,Subsite/hotspot/stability,26.2503940732325,29.790075041865872,"Local mapping supports these LCC landmarks, but final prose needs primary-paper citation check."
Pro00062,LCC WT,86,0.0,0.0,0.0,13,0,0,3,4,0.0,PHE,F86,sheet,no named landmark assigned,Other/candidate,low,trajectory-derived contact residue,Contact residue without a current conservative mechanism label.,H164,164,distal/subsite position,Subsite/hotspot/stability,22.664018774259784,26.19673538821202,"Local mapping supports these LCC landmarks, but final prose needs primary-paper citation check."
Pro00062,LCC WT,87,0.0,0.0,0.0,13,0,0,3,4,0.0,GLY,G87,sheet,no named landmark assigned,Other/candidate,low,trajectory-derived contact residue,Contact residue without a current conservative mechanism label.,H164,164,distal/subsite position,Subsite/hotspot/stability,19.98102514887562,23.318401874914155,"Local mapping supports these LCC landmarks, but final prose needs primary-paper citation check."
Pro00062,LCC WT,88,0.0,0.0,0.0,13,0,0,3,4,0.0,GLY,G88,sheet,no named landmark assigned,Other/candidate,low,trajectory-derived contact residue,Contact residue without a current conservative mechanism label.,H164,164,distal/subsite position,Subsite/hotspot/stability,17.51401179056358,20.804003965583163,"Local mapping supports these LCC landmarks, but final prose needs primary-paper citation check."
Pro00062,LCC WT,89,0.0,0.0,0.0,13,0,0,3,4,0.0,ILE,I89,sheet,no named landmark assigned,Other/candidate,low,trajectory-derived contact residue,Contact residue without a current conservative mechanism label.,H164,164,distal/subsite position,Subsite/hotspot/stability,13.668907856884543,16.987341581306946,"Local mapping supports these LCC landmarks, but final prose needs primary-paper citation check."
Pro00062,LCC WT,90,0.0,0.0,0.0,13,0,0,3,4,0.0,ALA,A90,sheet,no named landmark assigned,Other/candidate,low,trajectory-derived contact residue,Contact residue without a current conservative mechanism label.,H164,164,distal/subsite position,Subsite/hotspot/stability,11.684649802197754,14.726993617164368,"Local mapping supports these LCC landmarks, but final prose needs primary-paper citation check."
Pro00062,LCC WT,91,0.0,0.0,0.0,13,0,0,3,4,0.0,MET,M91,sheet,no named landmark assigned,Other/candidate,low,trajectory-derived contact residue,Contact residue without a current conservative mechanism label.,H164,164,distal/subsite position,Subsite/hotspot/stability,8.109983847086257,11.375482143628023,"Local mapping supports these LCC landmarks, but final prose needs primary-paper citation check."
Pro00062,LCC WT,92,0.0,0.0,0.0,13,0,0,3,4,0.0,SER,S92,sheet,no named landmark assigned,Other/candidate,low,trajectory-derived contact residue,Contact residue without a current conservative mechanism label.,H164,164,distal/subsite position,Subsite/hotspot/stability,6.336225611513529,8.793103490804599,"Local mapping supports these LCC landmarks, but final prose needs primary-paper citation check."
Pro00062,LCC WT,105,0.0,0.0,0.0,13,0,0,3,4,0.0,LEU,L105,helix,no named landmark assigned,Other/candidate,low,trajectory-derived contact residue,Contact residue without a current conservative mechanism label.,H164,164,distal/subsite position,Subsite/hotspot/stability,10.84836250316148,14.548987696743716,"Local mapping supports these LCC landmarks, but final prose needs primary-paper citation check."
Pro00062,LCC WT,106,0.0,0.0,0.0,13,0,0,3,4,0.0,GLY,G106,helix,no named landmark assigned,Other/candidate,low,trajectory-derived contact residue,Contact residue without a current conservative mechanism label.,H164,164,distal/subsite position,Subsite/hotspot/stability,12.119233721650888,15.92406556128177,"Local mapping supports these LCC landmarks, but final prose needs primary-paper citation check."
Pro00062,LCC WT,109,0.0,0.0,0.0,13,0,0,3,4,0.0,LEU,L109,helix,no named landmark assigned,Other/candidate,low,trajectory-derived contact residue,Contact residue without a current conservative mechanism label.,H164,164,distal/subsite position,Subsite/hotspot/stability,14.909195417593802,18.699026552203193,"Local mapping supports these LCC landmarks, but final prose needs primary-paper citation check."
Pro00062,LCC WT,110,0.0,0.0,0.0,13,0,0,3,4,0.0,ALA,A110,helix,no named landmark assigned,Other/candidate,low,trajectory-derived contact residue,Contact residue without a current conservative mechanism label.,H164,164,distal/subsite position,Subsite/hotspot/stability,17.468763236130943,21.310391385425092,"Local mapping supports these LCC landmarks, but final prose needs primary-paper citation check."
Pro00062,LCC WT,113,0.0,0.0,0.0,13,0,0,3,4,0.0,GLY,G113,coil/unassigned,no named landmark assigned,Other/candidate,low,trajectory-derived contact residue,Contact residue without a current conservative mechanism label.,H164,164,distal/subsite position,Subsite/hotspot/stability,21.034664390001566,24.783050054422276,"Local mapping supports these LCC landmarks, but final prose needs primary-paper citation check."
Pro00062,LCC WT,114,0.0,0.0,0.0,13,0,0,3,4,0.0,PHE,F114,coil/unassigned,no named landmark assigned,Other/candidate,low,trajectory-derived contact residue,Contact residue without a current conservative mechanism label.,H164,164,distal/subsite position,Subsite/hotspot/stability,18.41584801197056,22.115923629819306,"Local mapping supports these LCC landmarks, but final prose needs primary-paper citation check."
Pro00062,LCC WT,115,0.0,0.0,0.0,13,0,0,3,4,0.0,VAL,V115,sheet,no named landmark assigned,Other/candidate,low,trajectory-derived contact residue,Contact residue without a current conservative mechanism label.,H164,164,distal/subsite position,Subsite/hotspot/stability,18.226070064608002,21.86288251809445,"Local mapping supports these LCC landmarks, but final prose needs primary-paper citation check."
Pro00062,LCC WT,116,0.0,0.0,0.0,13,0,0,3,4,0.0,VAL,V116,sheet,no named landmark assigned,Other/candidate,low,trajectory-derived contact residue,Contact residue without a current conservative mechanism label.,H164,164,distal/subsite position,Subsite/hotspot/stability,14.63936918039845,18.284787775634694,"Local mapping supports these LCC landmarks, but final prose needs primary-paper citation check."
Pro00062,LCC WT,117,0.0,0.0,0.0,13,0,0,3,4,0.0,LEU,L117,sheet,no named landmark assigned,Other/candidate,low,trajectory-derived contact residue,Contact residue without a current conservative mechanism label.,H164,164,distal/subsite position,Subsite/hotspot/stability,13.78630581410408,17.122959031662724,"Local mapping supports these LCC landmarks, but final prose needs primary-paper citation check."
Pro00062,LCC WT,119,0.0,0.0,0.0,13,0,0,3,4,0.0,ILE,I119,sheet,no named landmark assigned,Other/candidate,low,trajectory-derived contact residue,Contact residue without a current conservative mechanism label.,H164,164,distal/subsite position,Subsite/hotspot/stability,11.368134983364687,13.883766239749214,"Local mapping supports these LCC landmarks, but final prose needs primary-paper citation check."
Pro00062,LCC WT,135,0.0,0.0,0.0,13,0,0,3,4,0.0,LEU,L135,helix,no named landmark assigned,Other/candidate,low,trajectory-derived contact residue,Contact residue without a current conservative mechanism label.,M166,166,oxyanion/active-site pocket,Catalytic/oxyanion,12.02699983370749,13.955950773773889,"Local mapping supports these LCC landmarks, but final prose needs primary-paper citation check."
Pro00062,LCC WT,138,0.0,0.0,0.0,13,0,0,3,4,0.0,ALA,A138,helix,no named landmark assigned,Other/candidate,low,trajectory-derived contact residue,Contact residue without a current conservative mechanism label.,H164,164,distal/subsite position,Subsite/hotspot/stability,15.73204595721739,17.96959337325138,"Local mapping supports these LCC landmarks, but final prose needs primary-paper citation check."
Pro00062,LCC WT,142,0.0,0.0,0.0,13,0,0,3,4,0.0,LEU,L142,helix,no named landmark assigned,Other/candidate,low,trajectory-derived contact residue,Contact residue without a current conservative mechanism label.,H164,164,distal/subsite position,Subsite/hotspot/stability,19.900581725165722,22.763340901546062,"Local mapping supports these LCC landmarks, but final prose needs primary-paper citation check."
Pro00062,LCC WT,154,0.0,0.0,0.0,13,0,0,3,4,0.0,LEU,L154,sheet,no named landmark assigned,Other/candidate,low,trajectory-derived contact residue,Contact residue without a current conservative mechanism label.,H164,164,distal/subsite position,Subsite/hotspot/stability,23.348572911422234,26.727016649824574,"Local mapping supports these LCC landmarks, but final prose needs primary-paper citation check."
Pro00062,LCC WT,155,0.0,0.0,0.0,13,0,0,3,4,0.0,ASP,D155,sheet,no named landmark assigned,Other/candidate,low,trajectory-derived contact residue,Contact residue without a current conservative mechanism label.,H164,164,distal/subsite position,Subsite/hotspot/stability,24.335256522173747,27.540534453782847,"Local mapping supports these LCC landmarks, but final prose needs primary-paper citation check."
Pro00062,LCC WT,156,0.0,0.0,0.0,13,0,0,3,4,0.0,ALA,A156,sheet,no named landmark assigned,Other/candidate,low,trajectory-derived contact residue,Contact residue without a current conservative mechanism label.,H164,164,distal/subsite position,Subsite/hotspot/stability,23.097690642139963,26.005243951941694,"Local mapping supports these LCC landmarks, but final prose needs primary-paper citation check."
Pro00062,LCC WT,157,0.0,0.0,0.0,13,0,0,3,4,0.0,ASN,N157,sheet,no named landmark assigned,Other/candidate,low,trajectory-derived contact residue,Contact residue without a current conservative mechanism label.,H164,164,distal/subsite position,Subsite/hotspot/stability,23.935848700223683,26.633825504422003,"Local mapping supports these LCC landmarks, but final prose needs primary-paper citation check."
Pro00062,LCC WT,158,0.0,0.0,0.0,13,0,0,3,4,0.0,ARG,R158,sheet,no named landmark assigned,Other/candidate,low,trajectory-derived contact residue,Contact residue without a current conservative mechanism label.,H164,164,distal/subsite position,Subsite/hotspot/stability,21.10968327569128,23.971675661079683,"Local mapping supports these LCC landmarks, but final prose needs primary-paper citation check."
Pro00062,LCC WT,159,0.0,0.0,0.0,13,0,0,3,4,0.0,LEU,L159,sheet,no named landmark assigned,Other/candidate,low,trajectory-derived contact residue,Contact residue without a current conservative mechanism label.,H164,164,distal/subsite position,Subsite/hotspot/stability,17.80212984448771,20.569088482477778,"Local mapping supports these LCC landmarks, but final prose needs primary-paper citation check."
Pro00062,LCC WT,160,0.0,0.0,0.0,13,0,0,3,4,0.0,ALA,A160,sheet,no named landmark assigned,Other/candidate,low,trajectory-derived contact residue,Contact residue without a current conservative mechanism label.,H164,164,distal/subsite position,Subsite/hotspot/stability,14.378640860665516,17.104964513263397,"Local mapping supports these LCC landmarks, but final prose needs primary-paper citation check."
Pro00062,LCC WT,161,0.0,0.0,0.0,13,0,0,3,4,0.0,VAL,V161,sheet,no named landmark assigned,Other/candidate,low,trajectory-derived contact residue,Contact residue without a current conservative mechanism label.,H164,164,distal/subsite position,Subsite/hotspot/stability,10.773489035591023,13.405674544759021,"Local mapping supports these LCC landmarks, but final prose needs primary-paper citation check."
Pro00062,LCC WT,162,0.0,0.0,0.0,13,0,0,3,4,0.0,ALA,A162,sheet,no named landmark assigned,Other/candidate,low,trajectory-derived contact residue,Contact residue without a current conservative mechanism label.,H164,164,distal/subsite position,Subsite/hotspot/stability,7.297633383501805,10.265333750054111,"Local mapping supports these LCC landmarks, but final prose needs primary-paper citation check."
Pro00062,LCC WT,163,0.0,0.0,0.0,13,0,0,3,4,0.0,GLY,G163,sheet,near H164 (distal/subsite position),Subsite/hotspot/stability,medium-low,local CA-distance annotation,Spatially near a named landmark; inspect before strong mechanistic wording.,H164,164,distal/subsite position,Subsite/hotspot/stability,3.799356524465689,6.798419816398514,"Local mapping supports these LCC landmarks, but final prose needs primary-paper citation check."
Pro00062,LCC WT,167,0.0,0.0,0.0,13,0,0,3,4,0.0,GLY,G167,helix,near M166 (oxyanion/active-site pocket),Catalytic/oxyanion,medium-low,local CA-distance annotation,Spatially near a named landmark; inspect before strong mechanistic wording.,M166,166,oxyanion/active-site pocket,Catalytic/oxyanion,3.868883301419158,5.253310289712574,"Local mapping supports these LCC landmarks, but final prose needs primary-paper citation check."
Pro00062,LCC WT,168,0.0,0.0,0.0,13,0,0,3,4,0.0,GLY,G168,helix,near H164 (distal/subsite position),Subsite/hotspot/stability,medium-low,local CA-distance annotation,Spatially near a named landmark; inspect before strong mechanistic wording.,H164,164,distal/subsite position,Subsite/hotspot/stability,4.61442000689144,4.947431859055767,"Local mapping supports these LCC landmarks, but final prose needs primary-paper citation check."
Pro00062,LCC WT,169,0.0,0.0,0.0,13,0,0,3,4,0.0,GLY,G169,helix,near M166 (oxyanion/active-site pocket),Catalytic/oxyanion,medium-low,local CA-distance annotation,Spatially near a named landmark; inspect before strong mechanistic wording.,M166,166,oxyanion/active-site pocket,Catalytic/oxyanion,4.866976987823139,6.547025431445949,"Local mapping supports these LCC landmarks, but final prose needs primary-paper citation check."
Pro00062,LCC WT,170,0.0,0.0,0.0,13,0,0,3,4,0.0,GLY,G170,helix,no named landmark assigned,Other/candidate,low,trajectory-derived contact residue,Contact residue without a current conservative mechanism label.,M166,166,oxyanion/active-site pocket,Catalytic/oxyanion,6.236783866705659,8.714960355618379,"Local mapping supports these LCC landmarks, but final prose needs primary-paper citation check."
Pro00062,LCC WT,171,0.0,0.0,0.0,13,0,0,3,4,0.0,THR,T171,helix,no named landmark assigned,Other/candidate,low,trajectory-derived contact residue,Contact residue without a current conservative mechanism label.,M166,166,oxyanion/active-site pocket,Catalytic/oxyanion,8.55760235112616,9.571122452460841,"Local mapping supports these LCC landmarks, but final prose needs primary-paper citation check."
Pro00062,LCC WT,172,0.0,0.0,0.0,13,0,0,3,4,0.0,LEU,L172,helix,no named landmark assigned,Other/candidate,low,trajectory-derived contact residue,Contact residue without a current conservative mechanism label.,F222,222,rigid H/F pair,W-loop/flexible or rigid pair,8.4626849758218,10.940228928134914,"Local mapping supports these LCC landmarks, but final prose needs primary-paper citation check."
Pro00062,LCC WT,175,0.0,0.0,0.0,13,0,0,3,4,0.0,ALA,A175,helix,no named landmark assigned,Other/candidate,low,trajectory-derived contact residue,Contact residue without a current conservative mechanism label.,F222,222,rigid H/F pair,W-loop/flexible or rigid pair,12.43002405468308,15.42222312119754,"Local mapping supports these LCC landmarks, but final prose needs primary-paper citation check."
Pro00062,LCC WT,182,0.0,0.0,0.0,13,0,0,3,4,0.0,LYS,K182,coil/unassigned,no named landmark assigned,Other/candidate,low,trajectory-derived contact residue,Contact residue without a current conservative mechanism label.,H164,164,distal/subsite position,Subsite/hotspot/stability,18.350493535597348,20.647782665458294,"Local mapping supports these LCC landmarks, but final prose needs primary-paper citation check."
Pro00062,LCC WT,183,0.0,0.0,0.0,13,0,0,3,4,0.0,ALA,A183,coil/unassigned,no named landmark assigned,Other/candidate,low,trajectory-derived contact residue,Contact residue without a current conservative mechanism label.,H164,164,distal/subsite position,Subsite/hotspot/stability,15.042672202770357,17.30815833646087,"Local mapping supports these LCC landmarks, but final prose needs primary-paper citation check."
Pro00062,LCC WT,184,0.0,0.0,0.0,13,0,0,3,4,0.0,ALA,A184,sheet,no named landmark assigned,Other/candidate,low,trajectory-derived contact residue,Contact residue without a current conservative mechanism label.,H164,164,distal/subsite position,Subsite/hotspot/stability,11.648225658871826,13.613653918033908,"Local mapping supports these LCC landmarks, but final prose needs primary-paper citation check."
Pro00062,LCC WT,185,0.0,0.0,0.0,13,0,0,3,4,0.0,VAL,V185,sheet,no named landmark assigned,Other/candidate,low,trajectory-derived contact residue,Contact residue without a current conservative mechanism label.,H164,164,distal/subsite position,Subsite/hotspot/stability,8.904075583686383,11.153723234866463,"Local mapping supports these LCC landmarks, but final prose needs primary-paper citation check."
Pro00062,LCC WT,186,0.0,0.0,0.0,13,0,0,3,4,0.0,PRO,P186,sheet,no named landmark assigned,Other/candidate,low,trajectory-derived contact residue,Contact residue without a current conservative mechanism label.,H164,164,distal/subsite position,Subsite/hotspot/stability,6.3616151251077735,7.668623931319099,"Local mapping supports these LCC landmarks, but final prose needs primary-paper citation check."
Pro00062,LCC WT,187,0.0,0.0,0.0,13,0,0,3,4,0.0,LEU,L187,sheet,near H164 (distal/subsite position),Subsite/hotspot/stability,medium-low,local CA-distance annotation,Spatially near a named landmark; inspect before strong mechanistic wording.,H164,164,distal/subsite position,Subsite/hotspot/stability,4.65194873144578,6.342388587905979,"Local mapping supports these LCC landmarks, but final prose needs primary-paper citation check."
Pro00062,LCC WT,188,0.0,0.0,0.0,13,0,0,3,4,0.0,THR,T188,coil/unassigned,LCC W190 W-loop neighborhood,W-loop/flexible or rigid pair,medium-high,local sequence neighborhood,W190 region.,S165,165,catalytic Ser,Catalytic/oxyanion,5.257124213864457,5.257124213864457,"Local mapping supports these LCC landmarks, but final prose needs primary-paper citation check."
Pro00062,LCC WT,189,0.0,0.0,0.0,13,0,0,3,4,0.0,PRO,P189,coil/unassigned,LCC W190 W-loop neighborhood,W-loop/flexible or rigid pair,medium-high,local sequence neighborhood,W190 region.,W190,190,W-loop Trp,W-loop/flexible or rigid pair,3.8138459591336407,4.127306748958696,"Local mapping supports these LCC landmarks, but final prose needs primary-paper citation check."
Pro00062,LCC WT,196,0.0,0.0,0.0,13,0,0,3,4,0.0,PHE,F196,coil/unassigned,no named landmark assigned,Other/candidate,low,trajectory-derived contact residue,Contact residue without a current conservative mechanism label.,F222,222,rigid H/F pair,W-loop/flexible or rigid pair,7.2177761117951,15.666050874422693,"Local mapping supports these LCC landmarks, but final prose needs primary-paper citation check."
Pro00062,LCC WT,198,0.0,0.0,0.0,13,0,0,3,4,0.0,THR,T198,coil/unassigned,no named landmark assigned,Other/candidate,low,trajectory-derived contact residue,Contact residue without a current conservative mechanism label.,F222,222,rigid H/F pair,W-loop/flexible or rigid pair,11.187220119404106,18.716835309421302,"Local mapping supports these LCC landmarks, but final prose needs primary-paper citation check."
Pro00062,LCC WT,199,0.0,0.0,0.0,13,0,0,3,4,0.0,SER,S199,coil/unassigned,no named landmark assigned,Other/candidate,low,trajectory-derived contact residue,Contact residue without a current conservative mechanism label.,F222,222,rigid H/F pair,W-loop/flexible or rigid pair,13.732498680138296,21.258833317000256,"Local mapping supports these LCC landmarks, but final prose needs primary-paper citation check."
Pro00062,LCC WT,200,0.0,0.0,0.0,13,0,0,3,4,0.0,VAL,V200,coil/unassigned,no named landmark assigned,Other/candidate,low,trajectory-derived contact residue,Contact residue without a current conservative mechanism label.,F222,222,rigid H/F pair,W-loop/flexible or rigid pair,13.631724359009024,19.03888276659111,"Local mapping supports these LCC landmarks, but final prose needs primary-paper citation check."
Pro00062,LCC WT,201,0.0,0.0,0.0,13,0,0,3,4,0.0,PRO,P201,coil/unassigned,no named landmark assigned,Other/candidate,low,trajectory-derived contact residue,Contact residue without a current conservative mechanism label.,F222,222,rigid H/F pair,W-loop/flexible or rigid pair,13.159245685068733,18.620263719936943,"Local mapping supports these LCC landmarks, but final prose needs primary-paper citation check."
Pro00062,LCC WT,202,0.0,0.0,0.0,13,0,0,3,4,0.0,VAL,V202,sheet,no named landmark assigned,Other/candidate,low,trajectory-derived contact residue,Contact residue without a current conservative mechanism label.,F222,222,rigid H/F pair,W-loop/flexible or rigid pair,10.062307936055227,15.14400538166835,"Local mapping supports these LCC landmarks, but final prose needs primary-paper citation check."
Pro00062,LCC WT,203,0.0,0.0,0.0,13,0,0,3,4,0.0,LEU,L203,sheet,no named landmark assigned,Other/candidate,low,trajectory-derived contact residue,Contact residue without a current conservative mechanism label.,F222,222,rigid H/F pair,W-loop/flexible or rigid pair,10.545628952319536,14.017912612083157,"Local mapping supports these LCC landmarks, but final prose needs primary-paper citation check."
Pro00062,LCC WT,204,0.0,0.0,0.0,13,0,0,3,4,0.0,ILE,I204,sheet,no named landmark assigned,Other/candidate,low,trajectory-derived contact residue,Contact residue without a current conservative mechanism label.,F222,222,rigid H/F pair,W-loop/flexible or rigid pair,8.261836176056748,11.056369250346155,"Local mapping supports these LCC landmarks, but final prose needs primary-paper citation check."
Pro00062,LCC WT,205,0.0,0.0,0.0,13,0,0,3,4,0.0,VAL,V205,sheet,no named landmark assigned,Other/candidate,low,trajectory-derived contact residue,Contact residue without a current conservative mechanism label.,H164,164,distal/subsite position,Subsite/hotspot/stability,9.433556593353323,10.261786978884329,"Local mapping supports these LCC landmarks, but final prose needs primary-paper citation check."
Pro00062,LCC WT,206,0.0,0.0,0.0,13,0,0,3,4,0.0,GLY,G206,sheet,no named landmark assigned,Other/candidate,low,trajectory-derived contact residue,Contact residue without a current conservative mechanism label.,D210,210,catalytic Asp,Catalytic/oxyanion,7.850628064046851,7.850628064046851,"Local mapping supports these LCC landmarks, but final prose needs primary-paper citation check."
Pro00062,LCC WT,207,0.0,0.0,0.0,13,0,0,3,4,0.0,ALA,A207,sheet,near D210 (catalytic Asp),Catalytic/oxyanion,medium-low,local CA-distance annotation,Spatially near a named landmark; inspect before strong mechanistic wording.,D210,210,catalytic Asp,Catalytic/oxyanion,5.327087853602567,5.327087853602567,"Local mapping supports these LCC landmarks, but final prose needs primary-paper citation check."
Pro00062,LCC WT,219,0.0,0.0,0.0,13,0,0,3,4,0.0,ALA,A219,helix,LCC H218/F222 rigid-pair neighborhood,W-loop/flexible or rigid pair,medium-high,local sequence neighborhood,Rigid H/F pair region.,H218,218,rigid H/F pair,W-loop/flexible or rigid pair,3.832970779956456,9.779672489403723,"Local mapping supports these LCC landmarks, but final prose needs primary-paper citation check."
Pro00062,LCC WT,220,0.0,0.0,0.0,13,0,0,3,4,0.0,ILE,I220,helix,LCC H218/F222 rigid-pair neighborhood,W-loop/flexible or rigid pair,medium-high,local sequence neighborhood,Rigid H/F pair region.,F222,222,rigid H/F pair,W-loop/flexible or rigid pair,5.435833054831614,11.979919281864966,"Local mapping supports these LCC landmarks, but final prose needs primary-paper citation check."
Pro00062,LCC WT,221,0.0,0.0,0.0,13,0,0,3,4,0.0,PRO,P221,helix,LCC H218/F222 rigid-pair neighborhood,W-loop/flexible or rigid pair,medium-high,local sequence neighborhood,Rigid H/F pair region.,F222,222,rigid H/F pair,W-loop/flexible or rigid pair,3.8498333730175913,14.40105343369019,"Local mapping supports these LCC landmarks, but final prose needs primary-paper citation check."
Pro00062,LCC WT,222,0.0,0.0,0.0,13,0,0,3,4,0.0,PHE,F222,helix,rigid H/F pair,W-loop/flexible or rigid pair,high for local mapping,memo + CE/ChimeraX mapping,Exact configured landmark residue.,F222,222,rigid H/F pair,W-loop/flexible or rigid pair,0.0,12.691025884458671,"Local mapping supports these LCC landmarks, but final prose needs primary-paper citation check."
Pro00062,LCC WT,223,0.0,0.0,0.0,13,0,0,3,4,0.0,TYR,Y223,helix,LCC H218/F222 rigid-pair neighborhood,W-loop/flexible or rigid pair,medium-high,local sequence neighborhood,Rigid H/F pair region.,F222,222,rigid H/F pair,W-loop/flexible or rigid pair,3.8454588802898417,14.716545722417337,"Local mapping supports these LCC landmarks, but final prose needs primary-paper citation check."
Pro00062,LCC WT,224,0.0,0.0,0.0,13,0,0,3,4,0.0,GLN,Q224,helix,near F222 (rigid H/F pair),W-loop/flexible or rigid pair,medium-low,local CA-distance annotation,Spatially near a named landmark; inspect before strong mechanistic wording.,F222,222,rigid H/F pair,W-loop/flexible or rigid pair,5.545715914108834,17.78689885842948,"Local mapping supports these LCC landmarks, but final prose needs primary-paper citation check."
Pro00062,LCC WT,226,0.0,0.0,0.0,13,0,0,3,4,0.0,LEU,L226,helix,no named landmark assigned,Other/candidate,low,trajectory-derived contact residue,Contact residue without a current conservative mechanism label.,F222,222,rigid H/F pair,W-loop/flexible or rigid pair,6.277444145510177,17.67847603726068,"Local mapping supports these LCC landmarks, but final prose needs primary-paper citation check."
Pro00062,LCC WT,227,0.0,0.0,0.0,13,0,0,3,4,0.0,PRO,P227,coil/unassigned,no named landmark assigned,Other/candidate,low,trajectory-derived contact residue,Contact residue without a current conservative mechanism label.,F222,222,rigid H/F pair,W-loop/flexible or rigid pair,10.107890680057833,21.35005255262853,"Local mapping supports these LCC landmarks, but final prose needs primary-paper citation check."
Pro00062,LCC WT,228,0.0,0.0,0.0,13,0,0,3,4,0.0,SER,S228,coil/unassigned,no named landmark assigned,Other/candidate,low,trajectory-derived contact residue,Contact residue without a current conservative mechanism label.,F222,222,rigid H/F pair,W-loop/flexible or rigid pair,12.111507131649637,23.584131465881885,"Local mapping supports these LCC landmarks, but final prose needs primary-paper citation check."
Pro00062,LCC WT,229,0.0,0.0,0.0,13,0,0,3,4,0.0,THR,T229,coil/unassigned,no named landmark assigned,Other/candidate,low,trajectory-derived contact residue,Contact residue without a current conservative mechanism label.,F222,222,rigid H/F pair,W-loop/flexible or rigid pair,14.618098576764353,25.012712647771732,"Local mapping supports these LCC landmarks, but final prose needs primary-paper citation check."
Pro00062,LCC WT,230,0.0,0.0,0.0,13,0,0,3,4,0.0,THR,T230,coil/unassigned,no named landmark assigned,Other/candidate,low,trajectory-derived contact residue,Contact residue without a current conservative mechanism label.,F222,222,rigid H/F pair,W-loop/flexible or rigid pair,12.58676789330764,21.74417131095136,"Local mapping supports these LCC landmarks, but final prose needs primary-paper citation check."
Pro00062,LCC WT,231,0.0,0.0,0.0,13,0,0,3,4,0.0,PRO,P231,coil/unassigned,no named landmark assigned,Other/candidate,low,trajectory-derived contact residue,Contact residue without a current conservative mechanism label.,F222,222,rigid H/F pair,W-loop/flexible or rigid pair,13.428055592676104,21.370417614075773,"Local mapping supports these LCC landmarks, but final prose needs primary-paper citation check."
Pro00062,LCC WT,232,0.0,0.0,0.0,13,0,0,3,4,0.0,LYS,K232,sheet,no named landmark assigned,Other/candidate,low,trajectory-derived contact residue,Contact residue without a current conservative mechanism label.,F222,222,rigid H/F pair,W-loop/flexible or rigid pair,10.442946040270437,18.415243305479294,"Local mapping supports these LCC landmarks, but final prose needs primary-paper citation check."
Pro00062,LCC WT,233,0.0,0.0,0.0,13,0,0,3,4,0.0,VAL,V233,sheet,no named landmark assigned,Other/candidate,low,trajectory-derived contact residue,Contact residue without a current conservative mechanism label.,F222,222,rigid H/F pair,W-loop/flexible or rigid pair,10.797548703293726,17.223984904777407,"Local mapping supports these LCC landmarks, but final prose needs primary-paper citation check."
Pro00062,LCC WT,234,0.0,0.0,0.0,13,0,0,3,4,0.0,TYR,Y234,sheet,no named landmark assigned,Other/candidate,low,trajectory-derived contact residue,Contact residue without a current conservative mechanism label.,F222,222,rigid H/F pair,W-loop/flexible or rigid pair,9.421849765306174,14.837275895527455,"Local mapping supports these LCC landmarks, but final prose needs primary-paper citation check."
Pro00062,LCC WT,235,0.0,0.0,0.0,13,0,0,3,4,0.0,VAL,V235,sheet,no named landmark assigned,Other/candidate,low,trajectory-derived contact residue,Contact residue without a current conservative mechanism label.,F222,222,rigid H/F pair,W-loop/flexible or rigid pair,12.362824070575462,13.381852711788454,"Local mapping supports these LCC landmarks, but final prose needs primary-paper citation check."
Pro00062,LCC WT,236,0.0,0.0,0.0,13,0,0,3,4,0.0,GLU,E236,sheet,no named landmark assigned,Other/candidate,low,trajectory-derived contact residue,Contact residue without a current conservative mechanism label.,D210,210,catalytic Asp,Catalytic/oxyanion,10.181323047620088,10.181323047620088,"Local mapping supports these LCC landmarks, but final prose needs primary-paper citation check."
Pro00062,LCC WT,253,0.0,0.0,0.0,13,0,0,3,4,0.0,SER,S253,helix,no named landmark assigned,Other/candidate,low,trajectory-derived contact residue,Contact residue without a current conservative mechanism label.,H164,164,distal/subsite position,Subsite/hotspot/stability,13.698671103431895,15.875789145740125,"Local mapping supports these LCC landmarks, but final prose needs primary-paper citation check."
Pro00062,LCC WT,254,0.0,0.0,0.0,13,0,0,3,4,0.0,VAL,V254,helix,no named landmark assigned,Other/candidate,low,trajectory-derived contact residue,Contact residue without a current conservative mechanism label.,H164,164,distal/subsite position,Subsite/hotspot/stability,16.410426594089504,18.176262046966645,"Local mapping supports these LCC landmarks, but final prose needs primary-paper citation check."
Pro00062,LCC WT,255,0.0,0.0,0.0,13,0,0,3,4,0.0,TYR,Y255,helix,no named landmark assigned,Other/candidate,low,trajectory-derived contact residue,Contact residue without a current conservative mechanism label.,H164,164,distal/subsite position,Subsite/hotspot/stability,14.589012749326118,16.975347831487873,"Local mapping supports these LCC landmarks, but final prose needs primary-paper citation check."
Pro00062,LCC WT,256,0.0,0.0,0.0,13,0,0,3,4,0.0,THR,T256,helix,no named landmark assigned,Other/candidate,low,trajectory-derived contact residue,Contact residue without a current conservative mechanism label.,H164,164,distal/subsite position,Subsite/hotspot/stability,12.280828229398862,15.293426757924465,"Local mapping supports these LCC landmarks, but final prose needs primary-paper citation check."
Pro00062,LCC WT,257,0.0,0.0,0.0,13,0,0,3,4,0.0,ILE,I257,helix,no named landmark assigned,Other/candidate,low,trajectory-derived contact residue,Contact residue without a current conservative mechanism label.,H164,164,distal/subsite position,Subsite/hotspot/stability,15.501193824992963,18.785882092678,"Local mapping supports these LCC landmarks, but final prose needs primary-paper citation check."
Pro00062,LCC WT,258,0.0,0.0,0.0,13,0,0,3,4,0.0,SER,S258,helix,no named landmark assigned,Other/candidate,low,trajectory-derived contact residue,Contact residue without a current conservative mechanism label.,H164,164,distal/subsite position,Subsite/hotspot/stability,17.743679156251673,20.629553267097183,"Local mapping supports these LCC landmarks, but final prose needs primary-paper citation check."
Pro00062,LCC WT,259,0.0,0.0,0.0,13,0,0,3,4,0.0,TRP,W259,helix,no named landmark assigned,Other/candidate,low,trajectory-derived contact residue,Contact residue without a current conservative mechanism label.,H164,164,distal/subsite position,Subsite/hotspot/stability,15.979254895019356,18.61845946903234,"Local mapping supports these LCC landmarks, but final prose needs primary-paper citation check."
Pro00062,LCC WT,260,0.0,0.0,0.0,13,0,0,3,4,0.0,MET,M260,helix,no named landmark assigned,Other/candidate,low,trajectory-derived contact residue,Contact residue without a current conservative mechanism label.,H164,164,distal/subsite position,Subsite/hotspot/stability,15.887513870961687,18.958211756386728,"Local mapping supports these LCC landmarks, but final prose needs primary-paper citation check."
Pro00062,LCC WT,261,0.0,0.0,0.0,13,0,0,3,4,0.0,LYS,K261,helix,no named landmark assigned,Other/candidate,low,trajectory-derived contact residue,Contact residue without a current conservative mechanism label.,H164,164,distal/subsite position,Subsite/hotspot/stability,19.490550069200204,22.620220069663336,"Local mapping supports these LCC landmarks, but final prose needs primary-paper citation check."
Pro00062,LCC WT,262,0.0,0.0,0.0,13,0,0,3,4,0.0,LEU,L262,helix,no named landmark assigned,Other/candidate,low,trajectory-derived contact residue,Contact residue without a current conservative mechanism label.,H164,164,distal/subsite position,Subsite/hotspot/stability,20.82863540897483,23.538122291295878,"Local mapping supports these LCC landmarks, but final prose needs primary-paper citation check."
Pro00062,LCC WT,263,0.0,0.0,0.0,13,0,0,3,4,0.0,TRP,W263,helix,no named landmark assigned,Other/candidate,low,trajectory-derived contact residue,Contact residue without a current conservative mechanism label.,H164,164,distal/subsite position,Subsite/hotspot/stability,19.824279179834004,22.390166703265077,"Local mapping supports these LCC landmarks, but final prose needs primary-paper citation check."
Pro00062,LCC WT,264,0.0,0.0,0.0,13,0,0,3,4,0.0,VAL,V264,helix,no named landmark assigned,Other/candidate,low,trajectory-derived contact residue,Contact residue without a current conservative mechanism label.,H164,164,distal/subsite position,Subsite/hotspot/stability,19.540883935994298,22.47397239030074,"Local mapping supports these LCC landmarks, but final prose needs primary-paper citation check."
Pro00062,LCC WT,265,0.0,0.0,0.0,13,0,0,3,4,0.0,ASP,D265,helix,no named landmark assigned,Other/candidate,low,trajectory-derived contact residue,Contact residue without a current conservative mechanism label.,H164,164,distal/subsite position,Subsite/hotspot/stability,22.575140796903128,25.677475732633845,"Local mapping supports these LCC landmarks, but final prose needs primary-paper citation check."
Pro00062,LCC WT,266,0.0,0.0,0.0,13,0,0,3,4,0.0,ASN,N266,coil/unassigned,no named landmark assigned,Other/candidate,low,trajectory-derived contact residue,Contact residue without a current conservative mechanism label.,H164,164,distal/subsite position,Subsite/hotspot/stability,24.366119120615004,27.148785810787192,"Local mapping supports these LCC landmarks, but final prose needs primary-paper citation check."
Pro00062,LCC WT,267,0.0,0.0,0.0,13,0,0,3,4,0.0,ASP,D267,helix,no named landmark assigned,Other/candidate,low,trajectory-derived contact residue,Contact residue without a current conservative mechanism label.,H164,164,distal/subsite position,Subsite/hotspot/stability,24.604072203600765,27.563001922867546,"Local mapping supports these LCC landmarks, but final prose needs primary-paper citation check."
Pro00062,LCC WT,271,0.0,0.0,0.0,13,0,0,3,4,0.0,ARG,R271,helix,no named landmark assigned,Other/candidate,low,trajectory-derived contact residue,Contact residue without a current conservative mechanism label.,F222,222,rigid H/F pair,W-loop/flexible or rigid pair,22.690051806904275,26.246668683853954,"Local mapping supports these LCC landmarks, but final prose needs primary-paper citation check."
Pro00062,LCC WT,274,0.0,0.0,0.0,13,0,0,3,4,0.0,LEU,L274,helix,no named landmark assigned,Other/candidate,low,trajectory-derived contact residue,Contact residue without a current conservative mechanism label.,F222,222,rigid H/F pair,W-loop/flexible or rigid pair,18.875476709211878,22.584624614989732,"Local mapping supports these LCC landmarks, but final prose needs primary-paper citation check."
Pro00062,LCC WT,277,0.0,0.0,0.0,13,0,0,3,4,0.0,VAL,V277,coil/unassigned,no named landmark assigned,Other/candidate,low,trajectory-derived contact residue,Contact residue without a current conservative mechanism label.,F222,222,rigid H/F pair,W-loop/flexible or rigid pair,20.40794181195154,22.41228105302983,"Local mapping supports these LCC landmarks, but final prose needs primary-paper citation check."
Pro00062,LCC WT,283,0.0,0.0,0.0,13,0,0,3,4,0.0,SER,S283,sheet,no named landmark assigned,Other/candidate,low,trajectory-derived contact residue,Contact residue without a current conservative mechanism label.,D210,210,catalytic Asp,Catalytic/oxyanion,12.600729542371743,12.600729542371743,"Local mapping supports these LCC landmarks, but final prose needs primary-paper citation check."
Pro00062,LCC WT,284,0.0,0.0,0.0,13,0,0,3,4,0.0,ASP,D284,sheet,no named landmark assigned,Other/candidate,low,trajectory-derived contact residue,Contact residue without a current conservative mechanism label.,D210,210,catalytic Asp,Catalytic/oxyanion,13.704895110871881,13.704895110871881,"Local mapping supports these LCC landmarks, but final prose needs primary-paper citation check."
Pro00062,LCC WT,285,0.0,0.0,0.0,13,0,0,3,4,0.0,PHE,F285,sheet,no named landmark assigned,Other/candidate,low,trajectory-derived contact residue,Contact residue without a current conservative mechanism label.,F222,222,rigid H/F pair,W-loop/flexible or rigid pair,14.063712667713316,16.153803050675094,"Local mapping supports these LCC landmarks, but final prose needs primary-paper citation check."
Pro00062,LCC WT,286,0.0,0.0,0.0,13,0,0,3,4,0.0,ARG,R286,sheet,no named landmark assigned,Other/candidate,low,trajectory-derived contact residue,Contact residue without a current conservative mechanism label.,F222,222,rigid H/F pair,W-loop/flexible or rigid pair,12.121853199903057,17.911636608640762,"Local mapping supports these LCC landmarks, but final prose needs primary-paper citation check."
Pro00062,LCC WT,287,0.0,0.0,0.0,13,0,0,3,4,0.0,THR,T287,sheet,no named landmark assigned,Other/candidate,low,trajectory-derived contact residue,Contact residue without a current conservative mechanism label.,F222,222,rigid H/F pair,W-loop/flexible or rigid pair,12.783537929696928,20.841121778829468,"Local mapping supports these LCC landmarks, but final prose needs primary-paper citation check."
Pro00062,LCC WT,288,0.0,0.0,0.0,13,0,0,3,4,0.0,ASN,N288,coil/unassigned,no named landmark assigned,Other/candidate,low,trajectory-derived contact residue,Contact residue without a current conservative mechanism label.,F222,222,rigid H/F pair,W-loop/flexible or rigid pair,13.780356200040695,23.44444349947339,"Local mapping supports these LCC landmarks, but final prose needs primary-paper citation check."
Pro00062,LCC WT,289,0.0,0.0,0.0,13,0,0,3,4,0.0,ASN,N289,helix,no named landmark assigned,Other/candidate,low,trajectory-derived contact residue,Contact residue without a current conservative mechanism label.,F222,222,rigid H/F pair,W-loop/flexible or rigid pair,16.99972688015899,25.364752196700046,"Local mapping supports these LCC landmarks, but final prose needs primary-paper citation check."
Pro00062,LCC WT,290,0.0,0.0,0.0,13,0,0,3,4,0.0,ARG,R290,helix,no named landmark assigned,Other/candidate,low,trajectory-derived contact residue,Contact residue without a current conservative mechanism label.,F222,222,rigid H/F pair,W-loop/flexible or rigid pair,17.686306369618276,26.160634147512557,"Local mapping supports these LCC landmarks, but final prose needs primary-paper citation check."
Pro00062,LCC WT,291,0.0,0.0,0.0,13,0,0,3,4,0.0,HIS,H291,helix,no named landmark assigned,Other/candidate,low,trajectory-derived contact residue,Contact residue without a current conservative mechanism label.,F222,222,rigid H/F pair,W-loop/flexible or rigid pair,19.09890295278763,25.810887160266304,"Local mapping supports these LCC landmarks, but final prose needs primary-paper citation check."
Pro00062,LCC WT,292,0.0,0.0,0.0,13,0,0,3,4,0.0,CYS,C292,helix,no named landmark assigned,Other/candidate,low,trajectory-derived contact residue,Contact residue without a current conservative mechanism label.,F222,222,rigid H/F pair,W-loop/flexible or rigid pair,21.17680209568952,28.083827463506466,"Local mapping supports these LCC landmarks, but final prose needs primary-paper citation check."
Pro00062,LCC WT,293,0.0,0.0,0.0,13,0,0,3,4,0.0,GLN,Q293,helix,no named landmark assigned,Other/candidate,low,trajectory-derived contact residue,Contact residue without a current conservative mechanism label.,F222,222,rigid H/F pair,W-loop/flexible or rigid pair,23.80059045486057,31.44408656647542,"Local mapping supports these LCC landmarks, but final prose needs primary-paper citation check."
Pro00075,FoCut5a,191,0.8198333333333334,0.976,1.0,12,10,11,2,3,0.8333333333333334,LEU,L191,helix,FoCut5a binding loop / catalytic-His loop,Flap/binding loop,high for +1 offset,memo FoCut5a section,Simulation binding loop 173-193; raw 5AJH 172-192.,H190,190,catalytic His; raw 5AJH H189,Catalytic/oxyanion,3.8548289196798358,3.8548289196798358,FoCut5a simulation numbering is +1 relative to raw 5AJH for the documented triad/loop regions.
Pro00075,FoCut5a,45,0.78475,0.961,1.0,12,10,11,2,3,0.8333333333333334,THR,T45,coil/unassigned,FoCut5a N-terminal cleft patch outside memo landmarks,Other/candidate,low,trajectory-derived; no named memo landmark,Useful contact patch but not yet a literature-backed mechanism label.,S122,122,catalytic Ser; raw 5AJH S121,Catalytic/oxyanion,10.502883889675255,10.502883889675255,FoCut5a simulation numbering is +1 relative to raw 5AJH for the documented triad/loop regions.
Pro00075,FoCut5a,83,0.7589166666666666,0.8785000000000001,1.0,12,9,11,2,3,0.75,LEU,L83,helix,FoCut5a flap helix,Flap/binding loop,high for +1 offset,memo FoCut5a section,Simulation flap 75-94; raw 5AJH 74-93.,S122,122,catalytic Ser; raw 5AJH S121,Catalytic/oxyanion,10.24883568996986,10.24883568996986,FoCut5a simulation numbering is +1 relative to raw 5AJH for the documented triad/loop regions.
Pro00075,FoCut5a,186,0.7406666666666667,0.8575,1.0,12,10,10,2,3,0.8333333333333334,VAL,V186,helix,FoCut5a binding loop / catalytic-His loop,Flap/binding loop,high for +1 offset,memo FoCut5a section,Simulation binding loop 173-193; raw 5AJH 172-192.,H190,190,catalytic His; raw 5AJH H189,Catalytic/oxyanion,6.013039497625139,6.013039497625139,FoCut5a simulation numbering is +1 relative to raw 5AJH for the documented triad/loop regions.
Pro00075,FoCut5a,44,0.719,0.8514999999999999,1.0,12,8,11,2,3,0.6666666666666666,SER,S44,coil/unassigned,FoCut5a N-terminal cleft patch outside memo landmarks,Other/candidate,low,trajectory-derived; no named memo landmark,Useful contact patch but not yet a literature-backed mechanism label.,S122,122,catalytic Ser; raw 5AJH S121,Catalytic/oxyanion,6.987182980286118,6.987182980286118,FoCut5a simulation numbering is +1 relative to raw 5AJH for the documented triad/loop regions.
Pro00075,FoCut5a,184,0.654,0.907,0.999,12,8,9,2,3,0.6666666666666666,LEU,L184,sheet,FoCut5a binding loop / catalytic-His loop,Flap/binding loop,high for +1 offset,memo FoCut5a section,Simulation binding loop 173-193; raw 5AJH 172-192.,S122,122,catalytic Ser; raw 5AJH S121,Catalytic/oxyanion,9.58786675960821,9.58786675960821,FoCut5a simulation numbering is +1 relative to raw 5AJH for the documented triad/loop regions.
Pro00075,FoCut5a,52,0.6413333333333333,0.7845,1.0,12,8,9,2,3,0.6666666666666666,THR,T52,helix,FoCut5a N-terminal cleft patch outside memo landmarks,Other/candidate,low,trajectory-derived; no named memo landmark,Useful contact patch but not yet a literature-backed mechanism label.,binding loop 173-193,193,binding loop end; raw 172-192,Flap/binding loop,9.502790642753316,11.441823062781559,FoCut5a simulation numbering is +1 relative to raw 5AJH for the documented triad/loop regions.
Pro00075,FoCut5a,185,0.6301666666666667,0.7755000000000001,0.998,12,7,9,2,3,0.5833333333333334,ILE,I185,sheet,FoCut5a binding loop / catalytic-His loop,Flap/binding loop,high for +1 offset,memo FoCut5a section,Simulation binding loop 173-193; raw 5AJH 172-192.,D177,177,catalytic Asp; raw 5AJH D176,Catalytic/oxyanion,8.584207709509364,8.584207709509364,FoCut5a simulation numbering is +1 relative to raw 5AJH for the documented triad/loop regions.
Pro00075,FoCut5a,46,0.6288333333333334,0.7164999999999999,1.0,12,8,9,2,3,0.6666666666666666,GLU,E46,coil/unassigned,FoCut5a N-terminal cleft patch outside memo landmarks,Other/candidate,low,trajectory-derived; no named memo landmark,Useful contact patch but not yet a literature-backed mechanism label.,S122,122,catalytic Ser; raw 5AJH S121,Catalytic/oxyanion,10.380070568160892,10.380070568160892,FoCut5a simulation numbering is +1 relative to raw 5AJH for the documented triad/loop regions.
Pro00075,FoCut5a,47,0.6065,0.694,1.0,12,8,9,2,3,0.6666666666666666,SER,S47,coil/unassigned,FoCut5a N-terminal cleft patch outside memo landmarks,Other/candidate,low,trajectory-derived; no named memo landmark,Useful contact patch but not yet a literature-backed mechanism label.,flap 75-94,75,flap helix start; raw 74-93,Flap/binding loop,11.646675104938746,13.861821669607497,FoCut5a simulation numbering is +1 relative to raw 5AJH for the documented triad/loop regions.
Pro00075,FoCut5a,121,0.5246666666666667,0.4755,0.997,12,5,8,2,3,0.4166666666666667,TYR,Y121,helix,FoCut5a catalytic-Ser neighborhood,Catalytic/oxyanion,high for +1 offset,memo + local numbering audit,Simulation numbering; raw 5AJH is one residue lower.,S122,122,catalytic Ser; raw 5AJH S121,Catalytic/oxyanion,3.8447478460882185,3.8447478460882185,FoCut5a simulation numbering is +1 relative to raw 5AJH for the documented triad/loop regions.
Pro00075,FoCut5a,194,0.5240833333333333,0.6000000000000001,0.96,12,7,9,2,3,0.5833333333333334,GLN,Q194,helix,near binding loop 173-193 (binding loop end; raw 172-192),Flap/binding loop,medium-low,local CA-distance annotation,Spatially near a named landmark; inspect before strong mechanistic wording.,binding loop 173-193,193,binding loop end; raw 172-192,Flap/binding loop,3.8640504655089587,10.530019183268378,FoCut5a simulation numbering is +1 relative to raw 5AJH for the documented triad/loop regions.
Pro00075,FoCut5a,190,0.4895833333333333,0.45699999999999996,1.0,12,5,8,2,3,0.4166666666666667,HIS,H190,helix,catalytic His; raw 5AJH H189,Catalytic/oxyanion,high for +1 offset,memo + local offset audit,Exact configured landmark residue.,H190,190,catalytic His; raw 5AJH H189,Catalytic/oxyanion,0.0,0.0,FoCut5a simulation numbering is +1 relative to raw 5AJH for the documented triad/loop regions.
Pro00075,FoCut5a,20,0.45008333333333334,0.5045,0.915,12,6,8,2,3,0.5,ILE,I20,coil/unassigned,no named landmark assigned,Other/candidate,low,trajectory-derived contact residue,Contact residue without a current conservative mechanism label.,flap 75-94,75,flap helix start; raw 74-93,Flap/binding loop,11.283904067298693,16.18004035841691,FoCut5a simulation numbering is +1 relative to raw 5AJH for the documented triad/loop regions.
Pro00075,FoCut5a,56,0.4478333333333333,0.495,0.941,12,6,8,2,3,0.5,ARG,R56,helix,no named landmark assigned,Other/candidate,low,trajectory-derived contact residue,Contact residue without a current conservative mechanism label.,binding loop 173-193,193,binding loop end; raw 172-192,Flap/binding loop,10.214025357321177,15.61544994548668,FoCut5a simulation numbering is +1 relative to raw 5AJH for the documented triad/loop regions.
Pro00075,FoCut5a,188,0.44516666666666665,0.4915,0.964,12,6,9,2,3,0.5,ALA,A188,helix,FoCut5a binding loop / catalytic-His loop,Flap/binding loop,high for +1 offset,memo FoCut5a section,Simulation binding loop 173-193; raw 5AJH 172-192.,H190,190,catalytic His; raw 5AJH H189,Catalytic/oxyanion,5.419038106527761,5.419038106527761,FoCut5a simulation numbering is +1 relative to raw 5AJH for the documented triad/loop regions.
Pro00075,FoCut5a,51,0.43025,0.3785,1.0,12,6,7,2,3,0.5,GLY,G51,coil/unassigned,FoCut5a N-terminal cleft patch outside memo landmarks,Other/candidate,low,trajectory-derived; no named memo landmark,Useful contact patch but not yet a literature-backed mechanism label.,flap 75-94,75,flap helix start; raw 74-93,Flap/binding loop,10.101159042406964,10.830542507187717,FoCut5a simulation numbering is +1 relative to raw 5AJH for the documented triad/loop regions.
Pro00075,FoCut5a,86,0.42850000000000005,0.41900000000000004,0.904,12,5,8,2,3,0.4166666666666667,ASN,N86,helix,FoCut5a flap helix,Flap/binding loop,high for +1 offset,memo FoCut5a section,Simulation flap 75-94; raw 5AJH 74-93.,S122,122,catalytic Ser; raw 5AJH S121,Catalytic/oxyanion,8.78301576908524,8.78301576908524,FoCut5a simulation numbering is +1 relative to raw 5AJH for the documented triad/loop regions.
Pro00075,FoCut5a,82,0.42733333333333334,0.392,0.981,12,4,7,2,3,0.3333333333333333,THR,T82,helix,FoCut5a flap helix,Flap/binding loop,high for +1 offset,memo FoCut5a section,Simulation flap 75-94; raw 5AJH 74-93.,S122,122,catalytic Ser; raw 5AJH S121,Catalytic/oxyanion,11.530912409692478,11.530912409692478,FoCut5a simulation numbering is +1 relative to raw 5AJH for the documented triad/loop regions.
Pro00075,FoCut5a,187,0.4265833333333333,0.4185,0.956,12,3,10,2,3,0.25,ALA,A187,helix,FoCut5a binding loop / catalytic-His loop,Flap/binding loop,high for +1 offset,memo FoCut5a section,Simulation binding loop 173-193; raw 5AJH 172-192.,H190,190,catalytic His; raw 5AJH H189,Catalytic/oxyanion,5.637144844688666,5.637144844688666,FoCut5a simulation numbering is +1 relative to raw 5AJH for the documented triad/loop regions.
Pro00075,FoCut5a,183,0.41608333333333336,0.4155,0.859,12,5,7,2,3,0.4166666666666667,SER,S183,coil/unassigned,FoCut5a binding loop / catalytic-His loop,Flap/binding loop,high for +1 offset,memo FoCut5a section,Simulation binding loop 173-193; raw 5AJH 172-192.,D177,177,catalytic Asp; raw 5AJH D176,Catalytic/oxyanion,8.88458575286434,8.88458575286434,FoCut5a simulation numbering is +1 relative to raw 5AJH for the documented triad/loop regions.
Pro00075,FoCut5a,16,0.4008333333333333,0.505,0.962,12,6,7,2,3,0.5,LEU,L16,coil/unassigned,no named landmark assigned,Other/candidate,low,trajectory-derived contact residue,Contact residue without a current conservative mechanism label.,binding loop 173-193,193,binding loop end; raw 172-192,Flap/binding loop,16.109847174942413,22.023609286399903,FoCut5a simulation numbering is +1 relative to raw 5AJH for the documented triad/loop regions.
Pro00075,FoCut5a,81,0.38008333333333333,0.27,0.998,12,5,6,2,3,0.4166666666666667,ALA,A81,helix,FoCut5a flap helix,Flap/binding loop,high for +1 offset,memo FoCut5a section,Simulation flap 75-94; raw 5AJH 74-93.,flap 75-94,75,flap helix start; raw 74-93,Flap/binding loop,9.518447247319282,9.896844800238103,FoCut5a simulation numbering is +1 relative to raw 5AJH for the documented triad/loop regions.
Pro00075,FoCut5a,17,0.3334166666666667,0.3865,0.913,12,4,7,2,3,0.3333333333333333,GLY,G17,coil/unassigned,no named landmark assigned,Other/candidate,low,trajectory-derived contact residue,Contact residue without a current conservative mechanism label.,binding loop 173-193,193,binding loop end; raw 172-192,Flap/binding loop,14.890674397084908,19.806853586574523,FoCut5a simulation numbering is +1 relative to raw 5AJH for the documented triad/loop regions.
Pro00075,FoCut5a,179,0.31525,0.0335,0.999,12,4,4,2,3,0.3333333333333333,VAL,V179,helix,FoCut5a binding loop / catalytic-His loop,Flap/binding loop,high for +1 offset,memo FoCut5a section,Simulation binding loop 173-193; raw 5AJH 172-192.,D177,177,catalytic Asp; raw 5AJH D176,Catalytic/oxyanion,5.425231515797275,5.425231515797275,FoCut5a simulation numbering is +1 relative to raw 5AJH for the documented triad/loop regions.
Pro00075,FoCut5a,48,0.30324999999999996,0.07150000000000001,1.0,12,3,4,2,3,0.25,GLY,G48,coil/unassigned,FoCut5a N-terminal cleft patch outside memo landmarks,Other/candidate,low,trajectory-derived; no named memo landmark,Useful contact patch but not yet a literature-backed mechanism label.,flap 75-94,75,flap helix start; raw 74-93,Flap/binding loop,9.28748372811495,15.225866839034156,FoCut5a simulation numbering is +1 relative to raw 5AJH for the documented triad/loop regions.
Pro00075,FoCut5a,123,0.28350000000000003,0.1275,0.849,12,4,5,2,3,0.3333333333333333,GLN,Q123,helix,FoCut5a catalytic-Ser neighborhood,Catalytic/oxyanion,high for +1 offset,memo + local numbering audit,Simulation numbering; raw 5AJH is one residue lower.,S122,122,catalytic Ser; raw 5AJH S121,Catalytic/oxyanion,3.8419083799591056,3.8419083799591056,FoCut5a simulation numbering is +1 relative to raw 5AJH for the documented triad/loop regions.
Pro00075,FoCut5a,14,0.28275,0.279,0.681,12,3,7,2,3,0.25,ARG,R14,coil/unassigned,no named landmark assigned,Other/candidate,low,trajectory-derived contact residue,Contact residue without a current conservative mechanism label.,binding loop 173-193,193,binding loop end; raw 172-192,Flap/binding loop,19.782059043486854,24.5770832687689,FoCut5a simulation numbering is +1 relative to raw 5AJH for the documented triad/loop regions.
Pro00075,FoCut5a,42,0.2821666666666667,0.011,1.0,12,3,4,2,3,0.25,ARG,R42,coil/unassigned,FoCut5a N-terminal cleft patch outside memo landmarks,Other/candidate,low,trajectory-derived; no named memo landmark,Useful contact patch but not yet a literature-backed mechanism label.,flap 75-94,75,flap helix start; raw 74-93,Flap/binding loop,7.423017445756139,7.558208054823576,FoCut5a simulation numbering is +1 relative to raw 5AJH for the documented triad/loop regions.
Pro00075,FoCut5a,43,0.28099999999999997,0.0235,1.0,12,3,4,2,3,0.25,GLY,G43,coil/unassigned,FoCut5a N-terminal cleft patch outside memo landmarks,Other/candidate,low,trajectory-derived; no named memo landmark,Useful contact patch but not yet a literature-backed mechanism label.,S122,122,catalytic Ser; raw 5AJH S121,Catalytic/oxyanion,4.906145737745669,4.906145737745669,FoCut5a simulation numbering is +1 relative to raw 5AJH for the documented triad/loop regions.
Pro00075,FoCut5a,53,0.2786666666666667,0.0785,0.951,12,4,4,2,3,0.3333333333333333,LEU,L53,helix,no named landmark assigned,Other/candidate,low,trajectory-derived contact residue,Contact residue without a current conservative mechanism label.,binding loop 173-193,193,binding loop end; raw 172-192,Flap/binding loop,7.405008642803868,10.567699655081041,FoCut5a simulation numbering is +1 relative to raw 5AJH for the documented triad/loop regions.
Pro00075,FoCut5a,18,0.2764166666666667,0.34950000000000003,0.599,12,2,7,2,3,0.16666666666666666,GLY,G18,coil/unassigned,no named landmark assigned,Other/candidate,low,trajectory-derived contact residue,Contact residue without a current conservative mechanism label.,flap 75-94,75,flap helix start; raw 74-93,Flap/binding loop,16.034477914793484,19.856326271493426,FoCut5a simulation numbering is +1 relative to raw 5AJH for the documented triad/loop regions.
Pro00075,FoCut5a,13,0.27308333333333334,0.16999999999999998,0.966,12,2,5,2,3,0.16666666666666666,ALA,A13,coil/unassigned,no named landmark assigned,Other/candidate,low,trajectory-derived contact residue,Contact residue without a current conservative mechanism label.,binding loop 173-193,193,binding loop end; raw 172-192,Flap/binding loop,18.67299627804815,23.830993978430694,FoCut5a simulation numbering is +1 relative to raw 5AJH for the documented triad/loop regions.
Pro00075,FoCut5a,80,0.2705,0.038,0.985,12,3,3,2,3,0.25,ARG,R80,coil/unassigned,FoCut5a flap helix,Flap/binding loop,high for +1 offset,memo FoCut5a section,Simulation flap 75-94; raw 5AJH 74-93.,flap 75-94,75,flap helix start; raw 74-93,Flap/binding loop,9.063381819166619,13.560638369929345,FoCut5a simulation numbering is +1 relative to raw 5AJH for the documented triad/loop regions.
Pro00075,FoCut5a,49,0.25116666666666665,0.0,1.0,12,3,3,2,3,0.25,ASN,N49,coil/unassigned,FoCut5a N-terminal cleft patch outside memo landmarks,Other/candidate,low,trajectory-derived; no named memo landmark,Useful contact patch but not yet a literature-backed mechanism label.,flap 75-94,75,flap helix start; raw 74-93,Flap/binding loop,5.55333818527199,13.642455570754116,FoCut5a simulation numbering is +1 relative to raw 5AJH for the documented triad/loop regions.
Pro00075,FoCut5a,50,0.2504166666666667,0.0,1.0,12,3,3,2,3,0.25,LEU,L50,coil/unassigned,FoCut5a N-terminal cleft patch outside memo landmarks,Other/candidate,low,trajectory-derived; no named memo landmark,Useful contact patch but not yet a literature-backed mechanism label.,flap 75-94,75,flap helix start; raw 74-93,Flap/binding loop,7.289164355397675,12.190872897376956,FoCut5a simulation numbering is +1 relative to raw 5AJH for the documented triad/loop regions.
Pro00075,FoCut5a,55,0.2474166666666667,0.127,0.805,12,3,6,2,3,0.25,PRO,P55,helix,no named landmark assigned,Other/candidate,low,trajectory-derived contact residue,Contact residue without a current conservative mechanism label.,binding loop 173-193,193,binding loop end; raw 172-192,Flap/binding loop,12.46438085104912,15.409525463167254,FoCut5a simulation numbering is +1 relative to raw 5AJH for the documented triad/loop regions.
Pro00075,FoCut5a,122,0.237,0.049,0.996,12,2,4,2,3,0.16666666666666666,SER,S122,helix,catalytic Ser; raw 5AJH S121,Catalytic/oxyanion,high for +1 offset,memo + local offset audit,Exact configured landmark residue.,S122,122,catalytic Ser; raw 5AJH S121,Catalytic/oxyanion,0.0,0.0,FoCut5a simulation numbering is +1 relative to raw 5AJH for the documented triad/loop regions.
Pro00075,FoCut5a,2,0.21275,0.07250000000000001,0.954,12,1,5,2,3,0.08333333333333333,LEU,L2,coil/unassigned,no named landmark assigned,Other/candidate,low,trajectory-derived contact residue,Contact residue without a current conservative mechanism label.,binding loop 173-193,193,binding loop end; raw 172-192,Flap/binding loop,38.43629900237535,42.565544786834344,FoCut5a simulation numbering is +1 relative to raw 5AJH for the documented triad/loop regions.
Pro00075,FoCut5a,10,0.21191666666666667,0.1095,0.968,12,1,5,2,3,0.08333333333333333,ALA,A10,coil/unassigned,no named landmark assigned,Other/candidate,low,trajectory-derived contact residue,Contact residue without a current conservative mechanism label.,binding loop 173-193,193,binding loop end; raw 172-192,Flap/binding loop,23.318359161827832,27.94730902967225,FoCut5a simulation numbering is +1 relative to raw 5AJH for the documented triad/loop regions.
Pro00075,FoCut5a,192,0.20908333333333332,0.16,0.788,12,2,5,2,3,0.16666666666666666,ALA,A192,helix,FoCut5a binding loop / catalytic-His loop,Flap/binding loop,high for +1 offset,memo FoCut5a section,Simulation binding loop 173-193; raw 5AJH 172-192.,binding loop 173-193,193,binding loop end; raw 172-192,Flap/binding loop,3.883204089408643,5.674786868244481,FoCut5a simulation numbering is +1 relative to raw 5AJH for the documented triad/loop regions.
Pro00075,FoCut5a,9,0.2081666666666667,0.1265,0.953,12,1,5,2,3,0.08333333333333333,ALA,A9,coil/unassigned,no named landmark assigned,Other/candidate,low,trajectory-derived contact residue,Contact residue without a current conservative mechanism label.,binding loop 173-193,193,binding loop end; raw 172-192,Flap/binding loop,23.760594689527448,28.950407216479704,FoCut5a simulation numbering is +1 relative to raw 5AJH for the documented triad/loop regions.
Pro00075,FoCut5a,15,0.18883333333333333,0.098,0.581,12,1,5,2,3,0.08333333333333333,GLN,Q15,coil/unassigned,no named landmark assigned,Other/candidate,low,trajectory-derived contact residue,Contact residue without a current conservative mechanism label.,binding loop 173-193,193,binding loop end; raw 172-192,Flap/binding loop,19.591933186901187,24.96744049757604,FoCut5a simulation numbering is +1 relative to raw 5AJH for the documented triad/loop regions.
Pro00075,FoCut5a,87,0.18308333333333335,0.077,0.949,12,1,4,2,3,0.08333333333333333,ALA,A87,helix,FoCut5a flap helix,Flap/binding loop,high for +1 offset,memo FoCut5a section,Simulation flap 75-94; raw 5AJH 74-93.,S122,122,catalytic Ser; raw 5AJH S121,Catalytic/oxyanion,12.259835806404586,12.259835806404586,FoCut5a simulation numbering is +1 relative to raw 5AJH for the documented triad/loop regions.
Pro00075,FoCut5a,84,0.17858333333333334,0.11499999999999999,0.928,12,1,4,2,3,0.08333333333333333,GLY,G84,helix,FoCut5a flap helix,Flap/binding loop,high for +1 offset,memo FoCut5a section,Simulation flap 75-94; raw 5AJH 74-93.,S122,122,catalytic Ser; raw 5AJH S121,Catalytic/oxyanion,12.622223972026482,12.622223972026482,FoCut5a simulation numbering is +1 relative to raw 5AJH for the documented triad/loop regions.
Pro00075,FoCut5a,178,0.1738333333333333,0.013000000000000001,0.92,12,2,3,2,3,0.16666666666666666,LEU,L178,helix,FoCut5a binding loop / catalytic-His loop,Flap/binding loop,high for +1 offset,memo FoCut5a section,Simulation binding loop 173-193; raw 5AJH 172-192.,D177,177,catalytic Asp; raw 5AJH D176,Catalytic/oxyanion,3.834246470950974,3.834246470950974,FoCut5a simulation numbering is +1 relative to raw 5AJH for the documented triad/loop regions.
Pro00075,FoCut5a,1,0.16933333333333334,0.083,0.663,12,1,4,2,3,0.08333333333333333,MET,M1,coil/unassigned,no named landmark assigned,Other/candidate,low,trajectory-derived contact residue,Contact residue without a current conservative mechanism label.,binding loop 173-193,193,binding loop end; raw 172-192,Flap/binding loop,41.745900505319085,46.02469827168887,FoCut5a simulation numbering is +1 relative to raw 5AJH for the documented triad/loop regions.
Pro00075,FoCut5a,6,0.16433333333333333,0.0885,0.929,12,1,4,2,3,0.08333333333333333,GLN,Q6,coil/unassigned,no named landmark assigned,Other/candidate,low,trajectory-derived contact residue,Contact residue without a current conservative mechanism label.,binding loop 173-193,193,binding loop end; raw 172-192,Flap/binding loop,28.554632846527724,33.03521374230838,FoCut5a simulation numbering is +1 relative to raw 5AJH for the documented triad/loop regions.
Pro00075,FoCut5a,182,0.16291666666666668,0.018000000000000002,0.839,12,2,3,2,3,0.16666666666666666,GLY,G182,coil/unassigned,FoCut5a binding loop / catalytic-His loop,Flap/binding loop,high for +1 offset,memo FoCut5a section,Simulation binding loop 173-193; raw 5AJH 172-192.,D177,177,catalytic Asp; raw 5AJH D176,Catalytic/oxyanion,9.516102773719922,9.516102773719922,FoCut5a simulation numbering is +1 relative to raw 5AJH for the documented triad/loop regions.
Pro00075,FoCut5a,152,0.15025,0.026500000000000003,0.772,12,1,4,2,3,0.08333333333333333,THR,T152,coil/unassigned,near S122 (catalytic Ser; raw 5AJH S121),Catalytic/oxyanion,medium-low,local CA-distance annotation,Spatially near a named landmark; inspect before strong mechanistic wording.,S122,122,catalytic Ser; raw 5AJH S121,Catalytic/oxyanion,5.665897369349359,5.665897369349359,FoCut5a simulation numbering is +1 relative to raw 5AJH for the documented triad/loop regions.
Pro00075,FoCut5a,12,0.14991666666666667,0.1005,0.467,12,0,3,2,3,0.0,GLU,E12,coil/unassigned,no named landmark assigned,Other/candidate,low,trajectory-derived contact residue,Contact residue without a current conservative mechanism label.,binding loop 173-193,193,binding loop end; raw 172-192,Flap/binding loop,21.310957862095265,26.999734906106024,FoCut5a simulation numbering is +1 relative to raw 5AJH for the documented triad/loop regions.
Pro00075,FoCut5a,3,0.13475,0.0545,0.49,12,0,4,2,3,0.0,PRO,P3,coil/unassigned,no named landmark assigned,Other/candidate,low,trajectory-derived contact residue,Contact residue without a current conservative mechanism label.,binding loop 173-193,193,binding loop end; raw 172-192,Flap/binding loop,35.409589336788414,39.85471185443448,FoCut5a simulation numbering is +1 relative to raw 5AJH for the documented triad/loop regions.
Pro00075,FoCut5a,19,0.1295,0.054,0.53,12,1,3,2,3,0.08333333333333333,SER,S19,coil/unassigned,no named landmark assigned,Other/candidate,low,trajectory-derived contact residue,Contact residue without a current conservative mechanism label.,flap 75-94,75,flap helix start; raw 74-93,Flap/binding loop,13.743285596974255,19.503225015366045,FoCut5a simulation numbering is +1 relative to raw 5AJH for the documented triad/loop regions.
Pro00075,FoCut5a,21,0.12675,0.0025,0.782,12,1,2,2,3,0.08333333333333333,THR,T21,coil/unassigned,no named landmark assigned,Other/candidate,low,trajectory-derived contact residue,Contact residue without a current conservative mechanism label.,flap 75-94,75,flap helix start; raw 74-93,Flap/binding loop,9.324805735241888,17.634648196093963,FoCut5a simulation numbering is +1 relative to raw 5AJH for the documented triad/loop regions.
Pro00075,FoCut5a,181,0.102,0.0,0.649,12,2,2,2,3,0.16666666666666666,THR,T181,helix,FoCut5a binding loop / catalytic-His loop,Flap/binding loop,high for +1 offset,memo FoCut5a section,Simulation binding loop 173-193; raw 5AJH 172-192.,D177,177,catalytic Asp; raw 5AJH D176,Catalytic/oxyanion,7.000773171586121,7.000773171586121,FoCut5a simulation numbering is +1 relative to raw 5AJH for the documented triad/loop regions.
Pro00075,FoCut5a,77,0.10058333333333332,0.0,0.688,12,1,2,2,3,0.08333333333333333,GLY,G77,coil/unassigned,FoCut5a flap helix,Flap/binding loop,high for +1 offset,memo FoCut5a section,Simulation flap 75-94; raw 5AJH 74-93.,flap 75-94,75,flap helix start; raw 74-93,Flap/binding loop,6.991778457588599,18.12572837157172,FoCut5a simulation numbering is +1 relative to raw 5AJH for the documented triad/loop regions.
Pro00075,FoCut5a,189,0.09725,0.0175,0.597,12,1,2,2,3,0.08333333333333333,PRO,P189,helix,FoCut5a binding loop / catalytic-His loop,Flap/binding loop,high for +1 offset,memo FoCut5a section,Simulation binding loop 173-193; raw 5AJH 172-192.,H190,190,catalytic His; raw 5AJH H189,Catalytic/oxyanion,3.8542950068722033,3.8542950068722033,FoCut5a simulation numbering is +1 relative to raw 5AJH for the documented triad/loop regions.
Pro00075,FoCut5a,79,0.09458333333333334,0.0,0.676,12,1,2,2,3,0.08333333333333333,TYR,Y79,coil/unassigned,FoCut5a flap helix,Flap/binding loop,high for +1 offset,memo FoCut5a section,Simulation flap 75-94; raw 5AJH 74-93.,flap 75-94,75,flap helix start; raw 74-93,Flap/binding loop,6.368919610106569,13.352084706142332,FoCut5a simulation numbering is +1 relative to raw 5AJH for the documented triad/loop regions.
Pro00075,FoCut5a,40,0.09066666666666667,0.0,0.7,12,1,2,2,3,0.08333333333333333,TYR,Y40,sheet,FoCut5a N-terminal cleft patch outside memo landmarks,Other/candidate,low,trajectory-derived; no named memo landmark,Useful contact patch but not yet a literature-backed mechanism label.,flap 75-94,75,flap helix start; raw 74-93,Flap/binding loop,6.002886055890117,11.628282418310967,FoCut5a simulation numbering is +1 relative to raw 5AJH for the documented triad/loop regions.
Pro00075,FoCut5a,4,0.09058333333333334,0.038,0.342,12,0,2,2,3,0.0,ALA,A4,coil/unassigned,no named landmark assigned,Other/candidate,low,trajectory-derived contact residue,Contact residue without a current conservative mechanism label.,binding loop 173-193,193,binding loop end; raw 172-192,Flap/binding loop,34.00904385600983,38.87527530449142,FoCut5a simulation numbering is +1 relative to raw 5AJH for the documented triad/loop regions.
Pro00075,FoCut5a,54,0.08708333333333333,0.0005,0.655,12,1,2,2,3,0.08333333333333333,GLY,G54,helix,no named landmark assigned,Other/candidate,low,trajectory-derived contact residue,Contact residue without a current conservative mechanism label.,flap 75-94,75,flap helix start; raw 74-93,Flap/binding loop,10.470593631690612,11.898680346996468,FoCut5a simulation numbering is +1 relative to raw 5AJH for the documented triad/loop regions.
Pro00075,FoCut5a,11,0.08641666666666666,0.0435,0.349,12,0,2,2,3,0.0,LEU,L11,coil/unassigned,no named landmark assigned,Other/candidate,low,trajectory-derived contact residue,Contact residue without a current conservative mechanism label.,binding loop 173-193,193,binding loop end; raw 172-192,Flap/binding loop,23.819690237280582,28.945149317286308,FoCut5a simulation numbering is +1 relative to raw 5AJH for the documented triad/loop regions.
Pro00075,FoCut5a,8,0.08424999999999999,0.043000000000000003,0.269,12,0,3,2,3,0.0,ALA,A8,coil/unassigned,no named landmark assigned,Other/candidate,low,trajectory-derived contact residue,Contact residue without a current conservative mechanism label.,binding loop 173-193,193,binding loop end; raw 172-192,Flap/binding loop,26.844417278085963,32.20087677377745,FoCut5a simulation numbering is +1 relative to raw 5AJH for the documented triad/loop regions.
Pro00075,FoCut5a,193,0.08225,0.011,0.547,12,1,2,2,3,0.08333333333333333,TYR,Y193,helix,binding loop end; raw 172-192,Flap/binding loop,high for +1 offset,memo FoCut5a section,Exact configured landmark residue.,binding loop 173-193,193,binding loop end; raw 172-192,Flap/binding loop,0.0,7.2858969248816585,FoCut5a simulation numbering is +1 relative to raw 5AJH for the documented triad/loop regions.
Pro00075,FoCut5a,7,0.08141666666666668,0.07350000000000001,0.197,12,0,0,2,3,0.0,ASP,D7,coil/unassigned,no named landmark assigned,Other/candidate,low,trajectory-derived contact residue,Contact residue without a current conservative mechanism label.,binding loop 173-193,193,binding loop end; raw 172-192,Flap/binding loop,28.318975599410372,33.038489508450596,FoCut5a simulation numbering is +1 relative to raw 5AJH for the documented triad/loop regions.
Pro00075,FoCut5a,76,0.08125,0.0,0.707,12,1,2,2,3,0.08333333333333333,GLY,G76,coil/unassigned,FoCut5a flap helix,Flap/binding loop,high for +1 offset,memo FoCut5a section,Simulation flap 75-94; raw 5AJH 74-93.,flap 75-94,75,flap helix start; raw 74-93,Flap/binding loop,3.8363864508154024,15.675641486076415,FoCut5a simulation numbering is +1 relative to raw 5AJH for the documented triad/loop regions.
Pro00075,FoCut5a,5,0.07883333333333334,0.025500000000000002,0.261,12,0,3,2,3,0.0,GLY,G5,coil/unassigned,no named landmark assigned,Other/candidate,low,trajectory-derived contact residue,Contact residue without a current conservative mechanism label.,binding loop 173-193,193,binding loop end; raw 172-192,Flap/binding loop,30.714302694347467,35.651950100941185,FoCut5a simulation numbering is +1 relative to raw 5AJH for the documented triad/loop regions.
Pro00075,FoCut5a,153,0.06858333333333333,0.0,0.388,12,0,2,2,3,0.0,LYS,K153,coil/unassigned,no named landmark assigned,Other/candidate,low,trajectory-derived contact residue,Contact residue without a current conservative mechanism label.,S122,122,catalytic Ser; raw 5AJH S121,Catalytic/oxyanion,8.947254383329,8.947254383329,FoCut5a simulation numbering is +1 relative to raw 5AJH for the documented triad/loop regions.
Pro00075,FoCut5a,23,0.05858333333333334,0.0,0.518,12,1,1,2,3,0.08333333333333333,ASN,N23,coil/unassigned,no named landmark assigned,Other/candidate,low,trajectory-derived contact residue,Contact residue without a current conservative mechanism label.,flap 75-94,75,flap helix start; raw 74-93,Flap/binding loop,8.608027009715988,20.826307257889,FoCut5a simulation numbering is +1 relative to raw 5AJH for the documented triad/loop regions.
Pro00075,FoCut5a,75,0.05441666666666667,0.0,0.63,12,1,1,2,3,0.08333333333333333,VAL,V75,coil/unassigned,flap helix start; raw 74-93,Flap/binding loop,high for +1 offset,memo FoCut5a section,Exact configured landmark residue.,flap 75-94,75,flap helix start; raw 74-93,Flap/binding loop,0.0,13.63493531337791,FoCut5a simulation numbering is +1 relative to raw 5AJH for the documented triad/loop regions.
Pro00075,FoCut5a,156,0.0525,0.0,0.309,12,0,2,2,3,0.0,GLN,Q156,coil/unassigned,no named landmark assigned,Other/candidate,low,trajectory-derived contact residue,Contact residue without a current conservative mechanism label.,binding loop 173-193,173,binding loop start; raw 172-192,Flap/binding loop,13.63717496404589,13.998096084825251,FoCut5a simulation numbering is +1 relative to raw 5AJH for the documented triad/loop regions.
Pro00075,FoCut5a,88,0.04808333333333333,0.0,0.388,12,0,1,2,3,0.0,LEU,L88,coil/unassigned,FoCut5a flap helix,Flap/binding loop,high for +1 offset,memo FoCut5a section,Simulation flap 75-94; raw 5AJH 74-93.,flap 75-94,94,flap helix end; raw 74-93,Flap/binding loop,9.141956300486237,13.423382770374984,FoCut5a simulation numbering is +1 relative to raw 5AJH for the documented triad/loop regions.
Pro00075,FoCut5a,89,0.044083333333333335,0.0,0.369,12,0,1,2,3,0.0,PRO,P89,coil/unassigned,FoCut5a flap helix,Flap/binding loop,high for +1 offset,memo FoCut5a section,Simulation flap 75-94; raw 5AJH 74-93.,flap 75-94,94,flap helix end; raw 74-93,Flap/binding loop,9.777210798586681,14.478012605326741,FoCut5a simulation numbering is +1 relative to raw 5AJH for the documented triad/loop regions.
Pro00075,FoCut5a,74,0.04041666666666666,0.0,0.481,12,0,1,2,3,0.0,GLY,G74,coil/unassigned,near flap 75-94 (flap helix start; raw 74-93),Flap/binding loop,medium-low,local CA-distance annotation,Spatially near a named landmark; inspect before strong mechanistic wording.,flap 75-94,75,flap helix start; raw 74-93,Flap/binding loop,3.8395646888677364,14.432832639506357,FoCut5a simulation numbering is +1 relative to raw 5AJH for the documented triad/loop regions.
Pro00075,FoCut5a,73,0.03875,0.0,0.457,12,0,1,2,3,0.0,GLN,Q73,sheet,no named landmark assigned,Other/candidate,low,trajectory-derived contact residue,Contact residue without a current conservative mechanism label.,flap 75-94,75,flap helix start; raw 74-93,Flap/binding loop,6.490980973627946,17.449362423882427,FoCut5a simulation numbering is +1 relative to raw 5AJH for the documented triad/loop regions.
Pro00075,FoCut5a,91,0.036416666666666674,0.0,0.405,12,0,1,2,3,0.0,GLY,G91,coil/unassigned,FoCut5a flap helix,Flap/binding loop,high for +1 offset,memo FoCut5a section,Simulation flap 75-94; raw 5AJH 74-93.,S122,122,catalytic Ser; raw 5AJH S121,Catalytic/oxyanion,9.033545151268132,9.033545151268132,FoCut5a simulation numbering is +1 relative to raw 5AJH for the documented triad/loop regions.
Pro00075,FoCut5a,103,0.034166666666666665,0.0,0.409,12,0,1,2,3,0.0,HIS,H103,helix,no named landmark assigned,Other/candidate,low,trajectory-derived contact residue,Contact residue without a current conservative mechanism label.,flap 75-94,75,flap helix start; raw 74-93,Flap/binding loop,7.708157756558957,19.355110255433836,FoCut5a simulation numbering is +1 relative to raw 5AJH for the documented triad/loop regions.
Pro00075,FoCut5a,155,0.03383333333333333,0.0,0.284,12,0,1,2,3,0.0,LEU,L155,coil/unassigned,no named landmark assigned,Other/candidate,low,trajectory-derived contact residue,Contact residue without a current conservative mechanism label.,binding loop 173-193,173,binding loop start; raw 172-192,Flap/binding loop,10.450342530271438,11.387865866789967,FoCut5a simulation numbering is +1 relative to raw 5AJH for the documented triad/loop regions.
Pro00075,FoCut5a,22,0.031083333333333338,0.0,0.321,12,0,1,2,3,0.0,ARG,R22,coil/unassigned,no named landmark assigned,Other/candidate,low,trajectory-derived contact residue,Contact residue without a current conservative mechanism label.,flap 75-94,75,flap helix start; raw 74-93,Flap/binding loop,8.833585681930073,18.906945945868678,FoCut5a simulation numbering is +1 relative to raw 5AJH for the documented triad/loop regions.
Pro00075,FoCut5a,78,0.02875,0.0,0.164,12,0,0,2,3,0.0,ALA,A78,coil/unassigned,FoCut5a flap helix,Flap/binding loop,high for +1 offset,memo FoCut5a section,Simulation flap 75-94; raw 5AJH 74-93.,flap 75-94,75,flap helix start; raw 74-93,Flap/binding loop,8.46575294938377,17.121447310318132,FoCut5a simulation numbering is +1 relative to raw 5AJH for the documented triad/loop regions.
Pro00075,FoCut5a,99,0.023583333333333335,0.0,0.262,12,0,1,2,3,0.0,GLU,E99,helix,no named landmark assigned,Other/candidate,low,trajectory-derived contact residue,Contact residue without a current conservative mechanism label.,flap 75-94,75,flap helix start; raw 74-93,Flap/binding loop,7.013640210333005,17.16085306737401,FoCut5a simulation numbering is +1 relative to raw 5AJH for the documented triad/loop regions.
Pro00075,FoCut5a,90,0.022833333333333334,0.0,0.271,12,0,1,2,3,0.0,ARG,R90,coil/unassigned,FoCut5a flap helix,Flap/binding loop,high for +1 offset,memo FoCut5a section,Simulation flap 75-94; raw 5AJH 74-93.,flap 75-94,94,flap helix end; raw 74-93,Flap/binding loop,8.286254220092454,12.154180062842578,FoCut5a simulation numbering is +1 relative to raw 5AJH for the documented triad/loop regions.
Pro00075,FoCut5a,177,0.021500000000000002,0.0,0.151,12,0,0,2,3,0.0,ASP,D177,helix,catalytic Asp; raw 5AJH D176,Catalytic/oxyanion,high for +1 offset,memo + local offset audit,Exact configured landmark residue.,D177,177,catalytic Asp; raw 5AJH D176,Catalytic/oxyanion,0.0,0.0,FoCut5a simulation numbering is +1 relative to raw 5AJH for the documented triad/loop regions.
Pro00075,FoCut5a,195,0.01875,0.001,0.113,12,0,0,2,3,0.0,SER,S195,helix,near binding loop 173-193 (binding loop end; raw 172-192),Flap/binding loop,medium-low,local CA-distance annotation,Spatially near a named landmark; inspect before strong mechanistic wording.,binding loop 173-193,193,binding loop end; raw 172-192,Flap/binding loop,5.629402188509896,12.56915689296621,FoCut5a simulation numbering is +1 relative to raw 5AJH for the documented triad/loop regions.
Pro00075,FoCut5a,85,0.015666666666666666,0.006,0.092,12,0,0,2,3,0.0,ASP,D85,helix,FoCut5a flap helix,Flap/binding loop,high for +1 offset,memo FoCut5a section,Simulation flap 75-94; raw 5AJH 74-93.,flap 75-94,94,flap helix end; raw 74-93,Flap/binding loop,9.626977563077624,11.310282976123982,FoCut5a simulation numbering is +1 relative to raw 5AJH for the documented triad/loop regions.
Pro00075,FoCut5a,176,0.014249999999999999,0.001,0.08,12,0,0,2,3,0.0,GLY,G176,helix,FoCut5a binding loop / catalytic-His loop,Flap/binding loop,high for +1 offset,memo FoCut5a section,Simulation binding loop 173-193; raw 5AJH 172-192.,D177,177,catalytic Asp; raw 5AJH D176,Catalytic/oxyanion,3.845093756984347,3.845093756984347,FoCut5a simulation numbering is +1 relative to raw 5AJH for the documented triad/loop regions.
Pro00075,FoCut5a,27,0.012083333333333335,0.0,0.101,12,0,0,2,3,0.0,ASN,N27,coil/unassigned,no named landmark assigned,Other/candidate,low,trajectory-derived contact residue,Contact residue without a current conservative mechanism label.,flap 75-94,75,flap helix start; raw 74-93,Flap/binding loop,13.362738865966064,26.41039789552592,FoCut5a simulation numbering is +1 relative to raw 5AJH for the documented triad/loop regions.
Pro00075,FoCut5a,26,0.011666666666666667,0.0,0.081,12,0,0,2,3,0.0,ALA,A26,coil/unassigned,no named landmark assigned,Other/candidate,low,trajectory-derived contact residue,Contact residue without a current conservative mechanism label.,flap 75-94,75,flap helix start; raw 74-93,Flap/binding loop,10.216669418161676,23.57976460866393,FoCut5a simulation numbering is +1 relative to raw 5AJH for the documented triad/loop regions.
Pro00075,FoCut5a,67,0.007833333333333333,0.0,0.065,12,0,0,2,3,0.0,LYS,K67,coil/unassigned,no named landmark assigned,Other/candidate,low,trajectory-derived contact residue,Contact residue without a current conservative mechanism label.,flap 75-94,75,flap helix start; raw 74-93,Flap/binding loop,18.927681157500515,26.700832402754788,FoCut5a simulation numbering is +1 relative to raw 5AJH for the documented triad/loop regions.
Pro00075,FoCut5a,59,0.005750000000000001,0.0,0.044,12,0,0,2,3,0.0,SER,S59,helix,no named landmark assigned,Other/candidate,low,trajectory-derived contact residue,Contact residue without a current conservative mechanism label.,binding loop 173-193,193,binding loop end; raw 172-192,Flap/binding loop,15.307825319097418,20.118080947247428,FoCut5a simulation numbering is +1 relative to raw 5AJH for the documented triad/loop regions.
Pro00075,FoCut5a,95,0.004833333333333334,0.0,0.056,12,0,0,2,3,0.0,ALA,A95,helix,near flap 75-94 (flap helix end; raw 74-93),Flap/binding loop,medium-low,local CA-distance annotation,Spatially near a named landmark; inspect before strong mechanistic wording.,flap 75-94,94,flap helix end; raw 74-93,Flap/binding loop,3.8417774532109483,17.220579142409814,FoCut5a simulation numbering is +1 relative to raw 5AJH for the documented triad/loop regions.
Pro00075,FoCut5a,93,0.0036666666666666666,0.0,0.043,12,0,0,2,3,0.0,SER,S93,helix,FoCut5a flap helix,Flap/binding loop,high for +1 offset,memo FoCut5a section,Simulation flap 75-94; raw 5AJH 74-93.,flap 75-94,94,flap helix end; raw 74-93,Flap/binding loop,3.84273717550394,13.690233708742886,FoCut5a simulation numbering is +1 relative to raw 5AJH for the documented triad/loop regions.
Pro00075,FoCut5a,94,0.0030833333333333333,0.0,0.036,12,0,0,2,3,0.0,SER,S94,helix,flap helix end; raw 74-93,Flap/binding loop,high for +1 offset,memo FoCut5a section,Exact configured landmark residue.,flap 75-94,94,flap helix end; raw 74-93,Flap/binding loop,0.0,16.409564954623264,FoCut5a simulation numbering is +1 relative to raw 5AJH for the documented triad/loop regions.
Pro00075,FoCut5a,175,0.002916666666666667,0.0,0.017,12,0,0,2,3,0.0,THR,T175,coil/unassigned,FoCut5a binding loop / catalytic-His loop,Flap/binding loop,high for +1 offset,memo FoCut5a section,Simulation binding loop 173-193; raw 5AJH 172-192.,D177,177,catalytic Asp; raw 5AJH D176,Catalytic/oxyanion,5.662077180682015,5.662077180682015,FoCut5a simulation numbering is +1 relative to raw 5AJH for the documented triad/loop regions.
Pro00075,FoCut5a,124,0.0026666666666666666,0.0,0.032,12,0,0,2,3,0.0,GLY,G124,helix,near S122 (catalytic Ser; raw 5AJH S121),Catalytic/oxyanion,medium-low,local CA-distance annotation,Spatially near a named landmark; inspect before strong mechanistic wording.,S122,122,catalytic Ser; raw 5AJH S121,Catalytic/oxyanion,5.310807659857396,5.310807659857396,FoCut5a simulation numbering is +1 relative to raw 5AJH for the documented triad/loop regions.
Pro00075,FoCut5a,198,0.0026666666666666666,0.0,0.016,12,0,0,2,3,0.0,SER,S198,helix,no named landmark assigned,Other/candidate,low,trajectory-derived contact residue,Contact residue without a current conservative mechanism label.,binding loop 173-193,193,binding loop end; raw 172-192,Flap/binding loop,8.671571483877647,15.910565231945721,FoCut5a simulation numbering is +1 relative to raw 5AJH for the documented triad/loop regions.
Pro00075,FoCut5a,180,0.0025833333333333337,0.0,0.029,12,0,0,2,3,0.0,CYS,C180,helix,FoCut5a binding loop / catalytic-His loop,Flap/binding loop,high for +1 offset,memo FoCut5a section,Simulation binding loop 173-193; raw 5AJH 172-192.,D177,177,catalytic Asp; raw 5AJH D176,Catalytic/oxyanion,5.658457210229658,5.658457210229658,FoCut5a simulation numbering is +1 relative to raw 5AJH for the documented triad/loop regions.
Pro00075,FoCut5a,174,0.0025,0.0,0.01,12,0,0,2,3,0.0,ASN,N174,coil/unassigned,FoCut5a binding loop / catalytic-His loop,Flap/binding loop,high for +1 offset,memo FoCut5a section,Simulation binding loop 173-193; raw 5AJH 172-192.,binding loop 173-193,173,binding loop start; raw 172-192,Flap/binding loop,3.8121968731952967,5.386788560914566,FoCut5a simulation numbering is +1 relative to raw 5AJH for the documented triad/loop regions.
Pro00075,FoCut5a,158,0.002166666666666667,0.0,0.025,12,0,0,2,3,0.0,ARG,R158,coil/unassigned,no named landmark assigned,Other/candidate,low,trajectory-derived contact residue,Contact residue without a current conservative mechanism label.,binding loop 173-193,173,binding loop start; raw 172-192,Flap/binding loop,11.89382768498014,14.905294998757993,FoCut5a simulation numbering is +1 relative to raw 5AJH for the documented triad/loop regions.
Pro00075,FoCut5a,196,0.0020833333333333333,0.0,0.022,12,0,0,2,3,0.0,ALA,A196,helix,near binding loop 173-193 (binding loop end; raw 172-192),Flap/binding loop,medium-low,local CA-distance annotation,Spatially near a named landmark; inspect before strong mechanistic wording.,binding loop 173-193,193,binding loop end; raw 172-192,Flap/binding loop,5.41606610003977,12.222263701949815,FoCut5a simulation numbering is +1 relative to raw 5AJH for the documented triad/loop regions.
Pro00075,FoCut5a,68,0.002,0.0,0.021,12,0,0,2,3,0.0,ASN,N68,coil/unassigned,no named landmark assigned,Other/candidate,low,trajectory-derived contact residue,Contact residue without a current conservative mechanism label.,flap 75-94,75,flap helix start; raw 74-93,Flap/binding loop,19.86934251554389,28.774719338335867,FoCut5a simulation numbering is +1 relative to raw 5AJH for the documented triad/loop regions.
Pro00075,FoCut5a,62,0.0018333333333333333,0.0,0.022,12,0,0,2,3,0.0,GLU,E62,helix,no named landmark assigned,Other/candidate,low,trajectory-derived contact residue,Contact residue without a current conservative mechanism label.,flap 75-94,75,flap helix start; raw 74-93,Flap/binding loop,18.293705884811857,23.414839098315408,FoCut5a simulation numbering is +1 relative to raw 5AJH for the documented triad/loop regions.
Pro00075,FoCut5a,24,0.00125,0.0,0.014,12,0,0,2,3,0.0,ASP,D24,coil/unassigned,no named landmark assigned,Other/candidate,low,trajectory-derived contact residue,Contact residue without a current conservative mechanism label.,flap 75-94,75,flap helix start; raw 74-93,Flap/binding loop,11.229757744492977,22.91735512662838,FoCut5a simulation numbering is +1 relative to raw 5AJH for the documented triad/loop regions.
Pro00075,FoCut5a,41,0.0011666666666666668,0.0,0.014,12,0,0,2,3,0.0,ALA,A41,coil/unassigned,FoCut5a N-terminal cleft patch outside memo landmarks,Other/candidate,low,trajectory-derived; no named memo landmark,Useful contact patch but not yet a literature-backed mechanism label.,flap 75-94,75,flap helix start; raw 74-93,Flap/binding loop,5.134300439202988,8.928346207445138,FoCut5a simulation numbering is +1 relative to raw 5AJH for the documented triad/loop regions.
Pro00075,FoCut5a,28,0.0010833333333333333,0.0,0.011,12,0,0,2,3,0.0,GLY,G28,helix,no named landmark assigned,Other/candidate,low,trajectory-derived contact residue,Contact residue without a current conservative mechanism label.,flap 75-94,75,flap helix start; raw 74-93,Flap/binding loop,15.032206557920896,27.589297218305507,FoCut5a simulation numbering is +1 relative to raw 5AJH for the documented triad/loop regions.
Pro00075,FoCut5a,92,0.001,0.0,0.012,12,0,0,2,3,0.0,THR,T92,helix,FoCut5a flap helix,Flap/binding loop,high for +1 offset,memo FoCut5a section,Simulation flap 75-94; raw 5AJH 74-93.,flap 75-94,94,flap helix end; raw 74-93,Flap/binding loop,6.825055384390664,10.058746094817186,FoCut5a simulation numbering is +1 relative to raw 5AJH for the documented triad/loop regions.
Pro00075,FoCut5a,60,0.001,0.0,0.011,12,0,0,2,3,0.0,LYS,K60,helix,no named landmark assigned,Other/candidate,low,trajectory-derived contact residue,Contact residue without a current conservative mechanism label.,binding loop 173-193,193,binding loop end; raw 172-192,Flap/binding loop,14.990646850619889,20.575861099842214,FoCut5a simulation numbering is +1 relative to raw 5AJH for the documented triad/loop regions.
Pro00075,FoCut5a,63,0.0009166666666666666,0.0,0.011,12,0,0,2,3,0.0,ALA,A63,helix,no named landmark assigned,Other/candidate,low,trajectory-derived contact residue,Contact residue without a current conservative mechanism label.,binding loop 173-193,193,binding loop end; raw 172-192,Flap/binding loop,19.83821778789617,25.2396352984745,FoCut5a simulation numbering is +1 relative to raw 5AJH for the documented triad/loop regions.
Pro00075,FoCut5a,29,0.0009166666666666666,0.0,0.008,12,0,0,2,3,0.0,ASN,N29,helix,no named landmark assigned,Other/candidate,low,trajectory-derived contact residue,Contact residue without a current conservative mechanism label.,flap 75-94,75,flap helix start; raw 74-93,Flap/binding loop,17.87573713165418,30.522507416658943,FoCut5a simulation numbering is +1 relative to raw 5AJH for the documented triad/loop regions.
Pro00075,FoCut5a,71,0.0005833333333333334,0.0,0.007,12,0,0,2,3,0.0,TRP,W71,sheet,no named landmark assigned,Other/candidate,low,trajectory-derived contact residue,Contact residue without a current conservative mechanism label.,flap 75-94,75,flap helix start; raw 74-93,Flap/binding loop,12.939700073803873,22.419400192690258,FoCut5a simulation numbering is +1 relative to raw 5AJH for the documented triad/loop regions.
Pro00075,FoCut5a,96,0.0005,0.0,0.006,12,0,0,2,3,0.0,ALA,A96,helix,near flap 75-94 (flap helix end; raw 74-93),Flap/binding loop,medium-low,local CA-distance annotation,Spatially near a named landmark; inspect before strong mechanistic wording.,flap 75-94,94,flap helix end; raw 74-93,Flap/binding loop,5.451154923500156,13.909664481934852,FoCut5a simulation numbering is +1 relative to raw 5AJH for the documented triad/loop regions.
Pro00075,FoCut5a,34,0.00016666666666666666,0.0,0.002,12,0,0,2,3,0.0,PRO,P34,coil/unassigned,no named landmark assigned,Other/candidate,low,trajectory-derived contact residue,Contact residue without a current conservative mechanism label.,flap 75-94,75,flap helix start; raw 74-93,Flap/binding loop,18.420283629738172,27.692888581727978,FoCut5a simulation numbering is +1 relative to raw 5AJH for the documented triad/loop regions.
Pro00075,FoCut5a,72,0.00016666666666666666,0.0,0.002,12,0,0,2,3,0.0,ILE,I72,sheet,no named landmark assigned,Other/candidate,low,trajectory-derived contact residue,Contact residue without a current conservative mechanism label.,flap 75-94,75,flap helix start; raw 74-93,Flap/binding loop,10.055186224033845,19.020075210156243,FoCut5a simulation numbering is +1 relative to raw 5AJH for the documented triad/loop regions.
Pro00075,FoCut5a,126,0.00016666666666666666,0.0,0.001,12,0,0,2,3,0.0,ALA,A126,helix,no named landmark assigned,Other/candidate,low,trajectory-derived contact residue,Contact residue without a current conservative mechanism label.,S122,122,catalytic Ser; raw 5AJH S121,Catalytic/oxyanion,6.811990384608598,6.811990384608598,FoCut5a simulation numbering is +1 relative to raw 5AJH for the documented triad/loop regions.
Pro00075,FoCut5a,32,8.333333333333333e-05,0.0,0.001,12,0,0,2,3,0.0,SER,S32,helix,no named landmark assigned,Other/candidate,low,trajectory-derived contact residue,Contact residue without a current conservative mechanism label.,flap 75-94,75,flap helix start; raw 74-93,Flap/binding loop,20.761818417470085,32.045468650029136,FoCut5a simulation numbering is +1 relative to raw 5AJH for the documented triad/loop regions.
Pro00075,FoCut5a,58,8.333333333333333e-05,0.0,0.001,12,0,0,2,3,0.0,ALA,A58,helix,no named landmark assigned,Other/candidate,low,trajectory-derived contact residue,Contact residue without a current conservative mechanism label.,flap 75-94,75,flap helix start; raw 74-93,Flap/binding loop,13.63028781794427,17.46517320269112,FoCut5a simulation numbering is +1 relative to raw 5AJH for the documented triad/loop regions.
Pro00075,FoCut5a,70,8.333333333333333e-05,0.0,0.001,12,0,0,2,3,0.0,VAL,V70,sheet,no named landmark assigned,Other/candidate,low,trajectory-derived contact residue,Contact residue without a current conservative mechanism label.,flap 75-94,75,flap helix start; raw 74-93,Flap/binding loop,16.0999668943759,23.916086239182196,FoCut5a simulation numbering is +1 relative to raw 5AJH for the documented triad/loop regions.
Pro00075,FoCut5a,154,8.333333333333333e-05,0.0,0.001,12,0,0,2,3,0.0,ASN,N154,coil/unassigned,no named landmark assigned,Other/candidate,low,trajectory-derived contact residue,Contact residue without a current conservative mechanism label.,binding loop 173-193,173,binding loop start; raw 172-192,Flap/binding loop,8.295488171289259,9.978824830610066,FoCut5a simulation numbering is +1 relative to raw 5AJH for the documented triad/loop regions.
Pro00075,FoCut5a,25,0.0,0.0,0.0,12,0,0,2,3,0.0,LEU,L25,coil/unassigned,no named landmark assigned,Other/candidate,low,trajectory-derived contact residue,Contact residue without a current conservative mechanism label.,flap 75-94,75,flap helix start; raw 74-93,Flap/binding loop,10.536316054485077,22.864798293446633,FoCut5a simulation numbering is +1 relative to raw 5AJH for the documented triad/loop regions.
Pro00075,FoCut5a,30,0.0,0.0,0.0,12,0,0,2,3,0.0,SER,S30,helix,no named landmark assigned,Other/candidate,low,trajectory-derived contact residue,Contact residue without a current conservative mechanism label.,flap 75-94,75,flap helix start; raw 74-93,Flap/binding loop,19.8729871181964,31.90397871739511,FoCut5a simulation numbering is +1 relative to raw 5AJH for the documented triad/loop regions.
Pro00075,FoCut5a,31,0.0,0.0,0.0,12,0,0,2,3,0.0,GLY,G31,helix,no named landmark assigned,Other/candidate,low,trajectory-derived contact residue,Contact residue without a current conservative mechanism label.,flap 75-94,75,flap helix start; raw 74-93,Flap/binding loop,22.708483062503316,34.585128393574024,FoCut5a simulation numbering is +1 relative to raw 5AJH for the documented triad/loop regions.
Pro00075,FoCut5a,33,0.0,0.0,0.0,12,0,0,2,3,0.0,CYS,C33,coil/unassigned,no named landmark assigned,Other/candidate,low,trajectory-derived contact residue,Contact residue without a current conservative mechanism label.,flap 75-94,75,flap helix start; raw 74-93,Flap/binding loop,18.98558616424576,29.611653533701897,FoCut5a simulation numbering is +1 relative to raw 5AJH for the documented triad/loop regions.
Pro00075,FoCut5a,35,0.0,0.0,0.0,12,0,0,2,3,0.0,GLY,G35,sheet,no named landmark assigned,Other/candidate,low,trajectory-derived contact residue,Contact residue without a current conservative mechanism label.,flap 75-94,75,flap helix start; raw 74-93,Flap/binding loop,19.790877646026715,27.602371148145952,FoCut5a simulation numbering is +1 relative to raw 5AJH for the documented triad/loop regions.
Pro00075,FoCut5a,36,0.0,0.0,0.0,12,0,0,2,3,0.0,VAL,V36,sheet,no named landmark assigned,Other/candidate,low,trajectory-derived contact residue,Contact residue without a current conservative mechanism label.,flap 75-94,75,flap helix start; raw 74-93,Flap/binding loop,16.506739623559827,23.739206010311296,FoCut5a simulation numbering is +1 relative to raw 5AJH for the documented triad/loop regions.
Pro00075,FoCut5a,37,0.0,0.0,0.0,12,0,0,2,3,0.0,ILE,I37,sheet,no named landmark assigned,Other/candidate,low,trajectory-derived contact residue,Contact residue without a current conservative mechanism label.,flap 75-94,75,flap helix start; raw 74-93,Flap/binding loop,12.764365123264064,21.1457306802106,FoCut5a simulation numbering is +1 relative to raw 5AJH for the documented triad/loop regions.
Pro00075,FoCut5a,38,0.0,0.0,0.0,12,0,0,2,3,0.0,PHE,F38,sheet,no named landmark assigned,Other/candidate,low,trajectory-derived contact residue,Contact residue without a current conservative mechanism label.,flap 75-94,75,flap helix start; raw 74-93,Flap/binding loop,10.442969405298475,17.475606112521536,FoCut5a simulation numbering is +1 relative to raw 5AJH for the documented triad/loop regions.
Pro00075,FoCut5a,39,0.0,0.0,0.0,12,0,0,2,3,0.0,ILE,I39,sheet,no named landmark assigned,Other/candidate,low,trajectory-derived contact residue,Contact residue without a current conservative mechanism label.,flap 75-94,75,flap helix start; raw 74-93,Flap/binding loop,6.95216326045354,15.118434145109076,FoCut5a simulation numbering is +1 relative to raw 5AJH for the documented triad/loop regions.
Pro00075,FoCut5a,57,0.0,0.0,0.0,12,0,0,2,3,0.0,VAL,V57,helix,no named landmark assigned,Other/candidate,low,trajectory-derived contact residue,Contact residue without a current conservative mechanism label.,binding loop 173-193,193,binding loop end; raw 172-192,Flap/binding loop,11.004467501883042,15.200877935172034,FoCut5a simulation numbering is +1 relative to raw 5AJH for the documented triad/loop regions.
Pro00075,FoCut5a,61,0.0,0.0,0.0,12,0,0,2,3,0.0,LEU,L61,helix,no named landmark assigned,Other/candidate,low,trajectory-derived contact residue,Contact residue without a current conservative mechanism label.,binding loop 173-193,193,binding loop end; raw 172-192,Flap/binding loop,17.07252055204503,20.93811517305223,FoCut5a simulation numbering is +1 relative to raw 5AJH for the documented triad/loop regions.
Pro00075,FoCut5a,64,0.0,0.0,0.0,12,0,0,2,3,0.0,LYS,K64,helix,no named landmark assigned,Other/candidate,low,trajectory-derived contact residue,Contact residue without a current conservative mechanism label.,binding loop 173-193,193,binding loop end; raw 172-192,Flap/binding loop,20.860608164672477,25.796668118189217,FoCut5a simulation numbering is +1 relative to raw 5AJH for the documented triad/loop regions.
Pro00075,FoCut5a,65,0.0,0.0,0.0,12,0,0,2,3,0.0,TYR,Y65,helix,no named landmark assigned,Other/candidate,low,trajectory-derived contact residue,Contact residue without a current conservative mechanism label.,flap 75-94,75,flap helix start; raw 74-93,Flap/binding loop,21.197457064468843,26.68252471187837,FoCut5a simulation numbering is +1 relative to raw 5AJH for the documented triad/loop regions.
Pro00075,FoCut5a,66,0.0,0.0,0.0,12,0,0,2,3,0.0,GLY,G66,coil/unassigned,no named landmark assigned,Other/candidate,low,trajectory-derived contact residue,Contact residue without a current conservative mechanism label.,flap 75-94,75,flap helix start; raw 74-93,Flap/binding loop,21.44522308114327,27.829533628862702,FoCut5a simulation numbering is +1 relative to raw 5AJH for the documented triad/loop regions.
Pro00075,FoCut5a,69,0.0,0.0,0.0,12,0,0,2,3,0.0,GLY,G69,sheet,no named landmark assigned,Other/candidate,low,trajectory-derived contact residue,Contact residue without a current conservative mechanism label.,flap 75-94,75,flap helix start; raw 74-93,Flap/binding loop,19.81699969722965,27.628332740141957,FoCut5a simulation numbering is +1 relative to raw 5AJH for the documented triad/loop regions.
Pro00075,FoCut5a,97,0.0,0.0,0.0,12,0,0,2,3,0.0,ILE,I97,helix,near flap 75-94 (flap helix end; raw 74-93),Flap/binding loop,medium-low,local CA-distance annotation,Spatially near a named landmark; inspect before strong mechanistic wording.,flap 75-94,94,flap helix end; raw 74-93,Flap/binding loop,4.970438713031275,14.501235843885857,FoCut5a simulation numbering is +1 relative to raw 5AJH for the documented triad/loop regions.
Pro00075,FoCut5a,98,0.0,0.0,0.0,12,0,0,2,3,0.0,ARG,R98,helix,no named landmark assigned,Other/candidate,low,trajectory-derived contact residue,Contact residue without a current conservative mechanism label.,flap 75-94,94,flap helix end; raw 74-93,Flap/binding loop,6.238212804962651,18.079980447998278,FoCut5a simulation numbering is +1 relative to raw 5AJH for the documented triad/loop regions.
Pro00075,FoCut5a,100,0.0,0.0,0.0,12,0,0,2,3,0.0,MET,M100,helix,near flap 75-94 (flap helix start; raw 74-93),Flap/binding loop,medium-low,local CA-distance annotation,Spatially near a named landmark; inspect before strong mechanistic wording.,flap 75-94,75,flap helix start; raw 74-93,Flap/binding loop,5.959807463333023,15.3092298303997,FoCut5a simulation numbering is +1 relative to raw 5AJH for the documented triad/loop regions.
Pro00075,FoCut5a,101,0.0,0.0,0.0,12,0,0,2,3,0.0,LEU,L101,helix,no named landmark assigned,Other/candidate,low,trajectory-derived contact residue,Contact residue without a current conservative mechanism label.,flap 75-94,75,flap helix start; raw 74-93,Flap/binding loop,9.703936984543954,18.171653584635603,FoCut5a simulation numbering is +1 relative to raw 5AJH for the documented triad/loop regions.
Pro00075,FoCut5a,102,0.0,0.0,0.0,12,0,0,2,3,0.0,GLY,G102,helix,no named landmark assigned,Other/candidate,low,trajectory-derived contact residue,Contact residue without a current conservative mechanism label.,flap 75-94,75,flap helix start; raw 74-93,Flap/binding loop,9.543986326478052,20.519455109724525,FoCut5a simulation numbering is +1 relative to raw 5AJH for the documented triad/loop regions.
Pro00075,FoCut5a,104,0.0,0.0,0.0,12,0,0,2,3,0.0,PHE,F104,helix,no named landmark assigned,Other/candidate,low,trajectory-derived contact residue,Contact residue without a current conservative mechanism label.,flap 75-94,75,flap helix start; raw 74-93,Flap/binding loop,10.44345397844985,19.945151741714074,FoCut5a simulation numbering is +1 relative to raw 5AJH for the documented triad/loop regions.
Pro00075,FoCut5a,105,0.0,0.0,0.0,12,0,0,2,3,0.0,SER,S105,helix,no named landmark assigned,Other/candidate,low,trajectory-derived contact residue,Contact residue without a current conservative mechanism label.,flap 75-94,75,flap helix start; raw 74-93,Flap/binding loop,12.989760813810237,23.315108299126557,FoCut5a simulation numbering is +1 relative to raw 5AJH for the documented triad/loop regions.
Pro00075,FoCut5a,106,0.0,0.0,0.0,12,0,0,2,3,0.0,ASP,D106,helix,no named landmark assigned,Other/candidate,low,trajectory-derived contact residue,Contact residue without a current conservative mechanism label.,flap 75-94,75,flap helix start; raw 74-93,Flap/binding loop,12.367671122729615,24.25521020317078,FoCut5a simulation numbering is +1 relative to raw 5AJH for the documented triad/loop regions.
Pro00075,FoCut5a,107,0.0,0.0,0.0,12,0,0,2,3,0.0,ALA,A107,helix,no named landmark assigned,Other/candidate,low,trajectory-derived contact residue,Contact residue without a current conservative mechanism label.,flap 75-94,75,flap helix start; raw 74-93,Flap/binding loop,12.716695089526997,23.601950788017504,FoCut5a simulation numbering is +1 relative to raw 5AJH for the documented triad/loop regions.
Pro00075,FoCut5a,108,0.0,0.0,0.0,12,0,0,2,3,0.0,ASN,N108,helix,no named landmark assigned,Other/candidate,low,trajectory-derived contact residue,Contact residue without a current conservative mechanism label.,flap 75-94,75,flap helix start; raw 74-93,Flap/binding loop,15.83266638946201,25.769038903304097,FoCut5a simulation numbering is +1 relative to raw 5AJH for the documented triad/loop regions.
Pro00075,FoCut5a,109,0.0,0.0,0.0,12,0,0,2,3,0.0,GLN,Q109,helix,no named landmark assigned,Other/candidate,low,trajectory-derived contact residue,Contact residue without a current conservative mechanism label.,flap 75-94,75,flap helix start; raw 74-93,Flap/binding loop,17.265532369434776,28.437114287494083,FoCut5a simulation numbering is +1 relative to raw 5AJH for the documented triad/loop regions.
Pro00075,FoCut5a,110,0.0,0.0,0.0,12,0,0,2,3,0.0,LYS,K110,helix,no named landmark assigned,Other/candidate,low,trajectory-derived contact residue,Contact residue without a current conservative mechanism label.,flap 75-94,75,flap helix start; raw 74-93,Flap/binding loop,17.006640938174712,28.78753266606918,FoCut5a simulation numbering is +1 relative to raw 5AJH for the documented triad/loop regions.
Pro00075,FoCut5a,111,0.0,0.0,0.0,12,0,0,2,3,0.0,CYS,C111,coil/unassigned,no named landmark assigned,Other/candidate,low,trajectory-derived contact residue,Contact residue without a current conservative mechanism label.,flap 75-94,75,flap helix start; raw 74-93,Flap/binding loop,17.87079813550587,28.45466972220904,FoCut5a simulation numbering is +1 relative to raw 5AJH for the documented triad/loop regions.
Pro00075,FoCut5a,112,0.0,0.0,0.0,12,0,0,2,3,0.0,PRO,P112,coil/unassigned,no named landmark assigned,Other/candidate,low,trajectory-derived contact residue,Contact residue without a current conservative mechanism label.,flap 75-94,75,flap helix start; raw 74-93,Flap/binding loop,19.69077959350518,29.265772909663603,FoCut5a simulation numbering is +1 relative to raw 5AJH for the documented triad/loop regions.
Pro00075,FoCut5a,113,0.0,0.0,0.0,12,0,0,2,3,0.0,ASP,D113,coil/unassigned,no named landmark assigned,Other/candidate,low,trajectory-derived contact residue,Contact residue without a current conservative mechanism label.,flap 75-94,75,flap helix start; raw 74-93,Flap/binding loop,21.323832512004028,29.915660748176695,FoCut5a simulation numbering is +1 relative to raw 5AJH for the documented triad/loop regions.
Pro00075,FoCut5a,114,0.0,0.0,0.0,12,0,0,2,3,0.0,ALA,A114,sheet,no named landmark assigned,Other/candidate,low,trajectory-derived contact residue,Contact residue without a current conservative mechanism label.,flap 75-94,75,flap helix start; raw 74-93,Flap/binding loop,18.283696070543286,26.62819687849705,FoCut5a simulation numbering is +1 relative to raw 5AJH for the documented triad/loop regions.
Pro00075,FoCut5a,115,0.0,0.0,0.0,12,0,0,2,3,0.0,VAL,V115,sheet,no named landmark assigned,Other/candidate,low,trajectory-derived contact residue,Contact residue without a current conservative mechanism label.,flap 75-94,75,flap helix start; raw 74-93,Flap/binding loop,17.67906287109133,24.177597833531767,FoCut5a simulation numbering is +1 relative to raw 5AJH for the documented triad/loop regions.
Pro00075,FoCut5a,116,0.0,0.0,0.0,12,0,0,2,3,0.0,LEU,L116,sheet,no named landmark assigned,Other/candidate,low,trajectory-derived contact residue,Contact residue without a current conservative mechanism label.,flap 75-94,75,flap helix start; raw 74-93,Flap/binding loop,14.270826465205161,20.666724196156487,FoCut5a simulation numbering is +1 relative to raw 5AJH for the documented triad/loop regions.
Pro00075,FoCut5a,117,0.0,0.0,0.0,12,0,0,2,3,0.0,ILE,I117,sheet,no named landmark assigned,Other/candidate,low,trajectory-derived contact residue,Contact residue without a current conservative mechanism label.,flap 75-94,75,flap helix start; raw 74-93,Flap/binding loop,13.21372002881853,17.52282870999999,FoCut5a simulation numbering is +1 relative to raw 5AJH for the documented triad/loop regions.
Pro00075,FoCut5a,118,0.0,0.0,0.0,12,0,0,2,3,0.0,ALA,A118,sheet,no named landmark assigned,Other/candidate,low,trajectory-derived contact residue,Contact residue without a current conservative mechanism label.,flap 75-94,75,flap helix start; raw 74-93,Flap/binding loop,10.612192704620474,13.921044536959144,FoCut5a simulation numbering is +1 relative to raw 5AJH for the documented triad/loop regions.
Pro00075,FoCut5a,119,0.0,0.0,0.0,12,0,0,2,3,0.0,GLY,G119,sheet,FoCut5a catalytic-Ser neighborhood,Catalytic/oxyanion,high for +1 offset,memo + local numbering audit,Simulation numbering; raw 5AJH is one residue lower.,flap 75-94,75,flap helix start; raw 74-93,Flap/binding loop,10.200683359461756,10.412869057085082,FoCut5a simulation numbering is +1 relative to raw 5AJH for the documented triad/loop regions.
Pro00075,FoCut5a,120,0.0,0.0,0.0,12,0,0,2,3,0.0,GLY,G120,sheet,FoCut5a catalytic-Ser neighborhood,Catalytic/oxyanion,high for +1 offset,memo + local numbering audit,Simulation numbering; raw 5AJH is one residue lower.,S122,122,catalytic Ser; raw 5AJH S121,Catalytic/oxyanion,6.889539679833479,6.889539679833479,FoCut5a simulation numbering is +1 relative to raw 5AJH for the documented triad/loop regions.
Pro00075,FoCut5a,125,0.0,0.0,0.0,12,0,0,2,3,0.0,ALA,A125,helix,near S122 (catalytic Ser; raw 5AJH S121),Catalytic/oxyanion,medium-low,local CA-distance annotation,Spatially near a named landmark; inspect before strong mechanistic wording.,S122,122,catalytic Ser; raw 5AJH S121,Catalytic/oxyanion,5.159789336784981,5.159789336784981,FoCut5a simulation numbering is +1 relative to raw 5AJH for the documented triad/loop regions.
Pro00075,FoCut5a,127,0.0,0.0,0.0,12,0,0,2,3,0.0,LEU,L127,helix,no named landmark assigned,Other/candidate,low,trajectory-derived contact residue,Contact residue without a current conservative mechanism label.,S122,122,catalytic Ser; raw 5AJH S121,Catalytic/oxyanion,8.850155422364061,8.850155422364061,FoCut5a simulation numbering is +1 relative to raw 5AJH for the documented triad/loop regions.
Pro00075,FoCut5a,128,0.0,0.0,0.0,12,0,0,2,3,0.0,ALA,A128,helix,no named landmark assigned,Other/candidate,low,trajectory-derived contact residue,Contact residue without a current conservative mechanism label.,flap 75-94,75,flap helix start; raw 74-93,Flap/binding loop,9.423427720314939,9.931252136563646,FoCut5a simulation numbering is +1 relative to raw 5AJH for the documented triad/loop regions.
Pro00075,FoCut5a,129,0.0,0.0,0.0,12,0,0,2,3,0.0,ALA,A129,helix,no named landmark assigned,Other/candidate,low,trajectory-derived contact residue,Contact residue without a current conservative mechanism label.,S122,122,catalytic Ser; raw 5AJH S121,Catalytic/oxyanion,10.913925645706039,10.913925645706039,FoCut5a simulation numbering is +1 relative to raw 5AJH for the documented triad/loop regions.
Pro00075,FoCut5a,130,0.0,0.0,0.0,12,0,0,2,3,0.0,ALA,A130,helix,no named landmark assigned,Other/candidate,low,trajectory-derived contact residue,Contact residue without a current conservative mechanism label.,flap 75-94,94,flap helix end; raw 74-93,Flap/binding loop,9.371659724936666,12.591129893698975,FoCut5a simulation numbering is +1 relative to raw 5AJH for the documented triad/loop regions.
Pro00075,FoCut5a,131,0.0,0.0,0.0,12,0,0,2,3,0.0,SER,S131,helix,no named landmark assigned,Other/candidate,low,trajectory-derived contact residue,Contact residue without a current conservative mechanism label.,flap 75-94,94,flap helix end; raw 74-93,Flap/binding loop,9.671515599946058,14.451043007340333,FoCut5a simulation numbering is +1 relative to raw 5AJH for the documented triad/loop regions.
Pro00075,FoCut5a,132,0.0,0.0,0.0,12,0,0,2,3,0.0,VAL,V132,helix,no named landmark assigned,Other/candidate,low,trajectory-derived contact residue,Contact residue without a current conservative mechanism label.,flap 75-94,75,flap helix start; raw 74-93,Flap/binding loop,13.368574119927674,15.61950693844079,FoCut5a simulation numbering is +1 relative to raw 5AJH for the documented triad/loop regions.
Pro00075,FoCut5a,133,0.0,0.0,0.0,12,0,0,2,3,0.0,THR,T133,helix,no named landmark assigned,Other/candidate,low,trajectory-derived contact residue,Contact residue without a current conservative mechanism label.,flap 75-94,94,flap helix end; raw 74-93,Flap/binding loop,12.936912460088768,16.84323050961424,FoCut5a simulation numbering is +1 relative to raw 5AJH for the documented triad/loop regions.
Pro00075,FoCut5a,134,0.0,0.0,0.0,12,0,0,2,3,0.0,ASP,D134,helix,no named landmark assigned,Other/candidate,low,trajectory-derived contact residue,Contact residue without a current conservative mechanism label.,flap 75-94,94,flap helix end; raw 74-93,Flap/binding loop,10.898210632943373,18.659475046206417,FoCut5a simulation numbering is +1 relative to raw 5AJH for the documented triad/loop regions.
Pro00075,FoCut5a,135,0.0,0.0,0.0,12,0,0,2,3,0.0,VAL,V135,helix,no named landmark assigned,Other/candidate,low,trajectory-derived contact residue,Contact residue without a current conservative mechanism label.,flap 75-94,94,flap helix end; raw 74-93,Flap/binding loop,12.978042533448564,20.157965323911043,FoCut5a simulation numbering is +1 relative to raw 5AJH for the documented triad/loop regions.
Pro00075,FoCut5a,136,0.0,0.0,0.0,12,0,0,2,3,0.0,ASP,D136,helix,no named landmark assigned,Other/candidate,low,trajectory-derived contact residue,Contact residue without a current conservative mechanism label.,flap 75-94,94,flap helix end; raw 74-93,Flap/binding loop,16.017806279263088,23.925509482558564,FoCut5a simulation numbering is +1 relative to raw 5AJH for the documented triad/loop regions.
Pro00075,FoCut5a,137,0.0,0.0,0.0,12,0,0,2,3,0.0,ALA,A137,helix,no named landmark assigned,Other/candidate,low,trajectory-derived contact residue,Contact residue without a current conservative mechanism label.,flap 75-94,94,flap helix end; raw 74-93,Flap/binding loop,18.925649315149006,24.992603425813808,FoCut5a simulation numbering is +1 relative to raw 5AJH for the documented triad/loop regions.
Pro00075,FoCut5a,138,0.0,0.0,0.0,12,0,0,2,3,0.0,GLY,G138,helix,no named landmark assigned,Other/candidate,low,trajectory-derived contact residue,Contact residue without a current conservative mechanism label.,flap 75-94,75,flap helix start; raw 74-93,Flap/binding loop,20.899729089153286,26.777432755960753,FoCut5a simulation numbering is +1 relative to raw 5AJH for the documented triad/loop regions.
Pro00075,FoCut5a,139,0.0,0.0,0.0,12,0,0,2,3,0.0,ILE,I139,helix,no named landmark assigned,Other/candidate,low,trajectory-derived contact residue,Contact residue without a current conservative mechanism label.,flap 75-94,75,flap helix start; raw 74-93,Flap/binding loop,17.168051054211134,23.77120695295045,FoCut5a simulation numbering is +1 relative to raw 5AJH for the documented triad/loop regions.
Pro00075,FoCut5a,140,0.0,0.0,0.0,12,0,0,2,3,0.0,ARG,R140,helix,no named landmark assigned,Other/candidate,low,trajectory-derived contact residue,Contact residue without a current conservative mechanism label.,flap 75-94,75,flap helix start; raw 74-93,Flap/binding loop,17.295040502988133,21.55493152389958,FoCut5a simulation numbering is +1 relative to raw 5AJH for the documented triad/loop regions.
Pro00075,FoCut5a,141,0.0,0.0,0.0,12,0,0,2,3,0.0,GLU,E141,helix,no named landmark assigned,Other/candidate,low,trajectory-derived contact residue,Contact residue without a current conservative mechanism label.,flap 75-94,75,flap helix start; raw 74-93,Flap/binding loop,20.293395625178157,24.254419824023824,FoCut5a simulation numbering is +1 relative to raw 5AJH for the documented triad/loop regions.
Pro00075,FoCut5a,142,0.0,0.0,0.0,12,0,0,2,3,0.0,LYS,K142,sheet,no named landmark assigned,Other/candidate,low,trajectory-derived contact residue,Contact residue without a current conservative mechanism label.,flap 75-94,75,flap helix start; raw 74-93,Flap/binding loop,18.43168741596927,23.847947920104154,FoCut5a simulation numbering is +1 relative to raw 5AJH for the documented triad/loop regions.
Pro00075,FoCut5a,143,0.0,0.0,0.0,12,0,0,2,3,0.0,ILE,I143,sheet,no named landmark assigned,Other/candidate,low,trajectory-derived contact residue,Contact residue without a current conservative mechanism label.,flap 75-94,75,flap helix start; raw 74-93,Flap/binding loop,16.05829785500319,20.155525173013974,FoCut5a simulation numbering is +1 relative to raw 5AJH for the documented triad/loop regions.
Pro00075,FoCut5a,144,0.0,0.0,0.0,12,0,0,2,3,0.0,ALA,A144,sheet,no named landmark assigned,Other/candidate,low,trajectory-derived contact residue,Contact residue without a current conservative mechanism label.,flap 75-94,75,flap helix start; raw 74-93,Flap/binding loop,18.435501539149943,21.0193626925271,FoCut5a simulation numbering is +1 relative to raw 5AJH for the documented triad/loop regions.
Pro00075,FoCut5a,145,0.0,0.0,0.0,12,0,0,2,3,0.0,GLY,G145,sheet,no named landmark assigned,Other/candidate,low,trajectory-derived contact residue,Contact residue without a current conservative mechanism label.,flap 75-94,75,flap helix start; raw 74-93,Flap/binding loop,16.956819070804524,17.63117205406379,FoCut5a simulation numbering is +1 relative to raw 5AJH for the documented triad/loop regions.
Pro00075,FoCut5a,146,0.0,0.0,0.0,12,0,0,2,3,0.0,ALA,A146,sheet,no named landmark assigned,Other/candidate,low,trajectory-derived contact residue,Contact residue without a current conservative mechanism label.,S122,122,catalytic Ser; raw 5AJH S121,Catalytic/oxyanion,13.862276508568138,13.862276508568138,FoCut5a simulation numbering is +1 relative to raw 5AJH for the documented triad/loop regions.
Pro00075,FoCut5a,147,0.0,0.0,0.0,12,0,0,2,3,0.0,VAL,V147,sheet,no named landmark assigned,Other/candidate,low,trajectory-derived contact residue,Contact residue without a current conservative mechanism label.,binding loop 173-193,173,binding loop start; raw 172-192,Flap/binding loop,10.883717471525985,11.352707650600362,FoCut5a simulation numbering is +1 relative to raw 5AJH for the documented triad/loop regions.
Pro00075,FoCut5a,148,0.0,0.0,0.0,12,0,0,2,3,0.0,LEU,L148,sheet,no named landmark assigned,Other/candidate,low,trajectory-derived contact residue,Contact residue without a current conservative mechanism label.,S122,122,catalytic Ser; raw 5AJH S121,Catalytic/oxyanion,7.887646417024536,7.887646417024536,FoCut5a simulation numbering is +1 relative to raw 5AJH for the documented triad/loop regions.
Pro00075,FoCut5a,149,0.0,0.0,0.0,12,0,0,2,3,0.0,PHE,F149,coil/unassigned,no named landmark assigned,Other/candidate,low,trajectory-derived contact residue,Contact residue without a current conservative mechanism label.,S122,122,catalytic Ser; raw 5AJH S121,Catalytic/oxyanion,6.12259658968317,6.12259658968317,FoCut5a simulation numbering is +1 relative to raw 5AJH for the documented triad/loop regions.
Pro00075,FoCut5a,150,0.0,0.0,0.0,12,0,0,2,3,0.0,GLY,G150,coil/unassigned,near S122 (catalytic Ser; raw 5AJH S121),Catalytic/oxyanion,medium-low,local CA-distance annotation,Spatially near a named landmark; inspect before strong mechanistic wording.,S122,122,catalytic Ser; raw 5AJH S121,Catalytic/oxyanion,4.751533331462592,4.751533331462592,FoCut5a simulation numbering is +1 relative to raw 5AJH for the documented triad/loop regions.
Pro00075,FoCut5a,151,0.0,0.0,0.0,12,0,0,2,3,0.0,TYR,Y151,coil/unassigned,near S122 (catalytic Ser; raw 5AJH S121),Catalytic/oxyanion,medium-low,local CA-distance annotation,Spatially near a named landmark; inspect before strong mechanistic wording.,S122,122,catalytic Ser; raw 5AJH S121,Catalytic/oxyanion,5.173946366169638,5.173946366169638,FoCut5a simulation numbering is +1 relative to raw 5AJH for the documented triad/loop regions.
Pro00075,FoCut5a,157,0.0,0.0,0.0,12,0,0,2,3,0.0,ASN,N157,coil/unassigned,no named landmark assigned,Other/candidate,low,trajectory-derived contact residue,Contact residue without a current conservative mechanism label.,binding loop 173-193,173,binding loop start; raw 172-192,Flap/binding loop,13.23668345923555,14.131366175993033,FoCut5a simulation numbering is +1 relative to raw 5AJH for the documented triad/loop regions.
Pro00075,FoCut5a,159,0.0,0.0,0.0,12,0,0,2,3,0.0,GLY,G159,coil/unassigned,no named landmark assigned,Other/candidate,low,trajectory-derived contact residue,Contact residue without a current conservative mechanism label.,binding loop 173-193,173,binding loop start; raw 172-192,Flap/binding loop,9.055030038602855,13.308112187684623,FoCut5a simulation numbering is +1 relative to raw 5AJH for the documented triad/loop regions.
Pro00075,FoCut5a,160,0.0,0.0,0.0,12,0,0,2,3,0.0,LYS,K160,coil/unassigned,no named landmark assigned,Other/candidate,low,trajectory-derived contact residue,Contact residue without a current conservative mechanism label.,binding loop 173-193,173,binding loop start; raw 172-192,Flap/binding loop,12.048636354376375,14.414967603154716,FoCut5a simulation numbering is +1 relative to raw 5AJH for the documented triad/loop regions.
Pro00075,FoCut5a,161,0.0,0.0,0.0,12,0,0,2,3,0.0,ILE,I161,coil/unassigned,no named landmark assigned,Other/candidate,low,trajectory-derived contact residue,Contact residue without a current conservative mechanism label.,S122,122,catalytic Ser; raw 5AJH S121,Catalytic/oxyanion,14.130974276390146,14.130974276390146,FoCut5a simulation numbering is +1 relative to raw 5AJH for the documented triad/loop regions.
Pro00075,FoCut5a,162,0.0,0.0,0.0,12,0,0,2,3,0.0,PRO,P162,coil/unassigned,no named landmark assigned,Other/candidate,low,trajectory-derived contact residue,Contact residue without a current conservative mechanism label.,flap 75-94,94,flap helix end; raw 74-93,Flap/binding loop,16.498516569679833,17.040734109773556,FoCut5a simulation numbering is +1 relative to raw 5AJH for the documented triad/loop regions.
Pro00075,FoCut5a,163,0.0,0.0,0.0,12,0,0,2,3,0.0,SER,S163,coil/unassigned,no named landmark assigned,Other/candidate,low,trajectory-derived contact residue,Contact residue without a current conservative mechanism label.,flap 75-94,94,flap helix end; raw 74-93,Flap/binding loop,18.04779446359028,20.151844655018554,FoCut5a simulation numbering is +1 relative to raw 5AJH for the documented triad/loop regions.
Pro00075,FoCut5a,164,0.0,0.0,0.0,12,0,0,2,3,0.0,TYR,Y164,helix,no named landmark assigned,Other/candidate,low,trajectory-derived contact residue,Contact residue without a current conservative mechanism label.,binding loop 173-193,173,binding loop start; raw 172-192,Flap/binding loop,18.762898230284147,19.071483660166557,FoCut5a simulation numbering is +1 relative to raw 5AJH for the documented triad/loop regions.
Pro00075,FoCut5a,165,0.0,0.0,0.0,12,0,0,2,3,0.0,PRO,P165,helix,no named landmark assigned,Other/candidate,low,trajectory-derived contact residue,Contact residue without a current conservative mechanism label.,binding loop 173-193,173,binding loop start; raw 172-192,Flap/binding loop,18.618589715657848,20.72763985599904,FoCut5a simulation numbering is +1 relative to raw 5AJH for the documented triad/loop regions.
Pro00075,FoCut5a,166,0.0,0.0,0.0,12,0,0,2,3,0.0,GLU,E166,helix,no named landmark assigned,Other/candidate,low,trajectory-derived contact residue,Contact residue without a current conservative mechanism label.,binding loop 173-193,173,binding loop start; raw 172-192,Flap/binding loop,15.589375677043643,19.242038171669858,FoCut5a simulation numbering is +1 relative to raw 5AJH for the documented triad/loop regions.
Pro00075,FoCut5a,167,0.0,0.0,0.0,12,0,0,2,3,0.0,ASP,D167,coil/unassigned,no named landmark assigned,Other/candidate,low,trajectory-derived contact residue,Contact residue without a current conservative mechanism label.,binding loop 173-193,173,binding loop start; raw 172-192,Flap/binding loop,16.58019888300499,20.811542614616535,FoCut5a simulation numbering is +1 relative to raw 5AJH for the documented triad/loop regions.
Pro00075,FoCut5a,168,0.0,0.0,0.0,12,0,0,2,3,0.0,ARG,R168,sheet,no named landmark assigned,Other/candidate,low,trajectory-derived contact residue,Contact residue without a current conservative mechanism label.,binding loop 173-193,173,binding loop start; raw 172-192,Flap/binding loop,16.40848847395762,18.87565005503122,FoCut5a simulation numbering is +1 relative to raw 5AJH for the documented triad/loop regions.
Pro00075,FoCut5a,169,0.0,0.0,0.0,12,0,0,2,3,0.0,THR,T169,sheet,no named landmark assigned,Other/candidate,low,trajectory-derived contact residue,Contact residue without a current conservative mechanism label.,binding loop 173-193,173,binding loop start; raw 172-192,Flap/binding loop,12.803301995969633,15.40817098165775,FoCut5a simulation numbering is +1 relative to raw 5AJH for the documented triad/loop regions.
Pro00075,FoCut5a,170,0.0,0.0,0.0,12,0,0,2,3,0.0,LYS,K170,sheet,no named landmark assigned,Other/candidate,low,trajectory-derived contact residue,Contact residue without a current conservative mechanism label.,binding loop 173-193,173,binding loop start; raw 172-192,Flap/binding loop,9.805972924702576,13.904821106364512,FoCut5a simulation numbering is +1 relative to raw 5AJH for the documented triad/loop regions.
Pro00075,FoCut5a,171,0.0,0.0,0.0,12,0,0,2,3,0.0,VAL,V171,sheet,no named landmark assigned,Other/candidate,low,trajectory-derived contact residue,Contact residue without a current conservative mechanism label.,binding loop 173-193,173,binding loop start; raw 172-192,Flap/binding loop,6.2938314244981175,11.051181520543404,FoCut5a simulation numbering is +1 relative to raw 5AJH for the documented triad/loop regions.
Pro00075,FoCut5a,172,0.0,0.0,0.0,12,0,0,2,3,0.0,PHE,F172,coil/unassigned,near binding loop 173-193 (binding loop start; raw 172-192),Flap/binding loop,medium-low,local CA-distance annotation,Spatially near a named landmark; inspect before strong mechanistic wording.,binding loop 173-193,173,binding loop start; raw 172-192,Flap/binding loop,3.818470374377677,9.948974721045381,FoCut5a simulation numbering is +1 relative to raw 5AJH for the documented triad/loop regions.
Pro00075,FoCut5a,173,0.0,0.0,0.0,12,0,0,2,3,0.0,CYS,C173,coil/unassigned,binding loop start; raw 172-192,Flap/binding loop,high for +1 offset,memo FoCut5a section,Exact configured landmark residue.,binding loop 173-193,173,binding loop start; raw 172-192,Flap/binding loop,0.0,6.402130739058678,FoCut5a simulation numbering is +1 relative to raw 5AJH for the documented triad/loop regions.
Pro00075,FoCut5a,197,0.0,0.0,0.0,12,0,0,2,3,0.0,ALA,A197,helix,no named landmark assigned,Other/candidate,low,trajectory-derived contact residue,Contact residue without a current conservative mechanism label.,binding loop 173-193,193,binding loop end; raw 172-192,Flap/binding loop,6.072912069180649,12.937692414028092,FoCut5a simulation numbering is +1 relative to raw 5AJH for the documented triad/loop regions.
Pro00075,FoCut5a,199,0.0,0.0,0.0,12,0,0,2,3,0.0,GLY,G199,helix,no named landmark assigned,Other/candidate,low,trajectory-derived contact residue,Contact residue without a current conservative mechanism label.,binding loop 173-193,193,binding loop end; raw 172-192,Flap/binding loop,10.159360117645205,17.270878090010363,FoCut5a simulation numbering is +1 relative to raw 5AJH for the documented triad/loop regions.
Pro00075,FoCut5a,200,0.0,0.0,0.0,12,0,0,2,3,0.0,ALA,A200,helix,no named landmark assigned,Other/candidate,low,trajectory-derived contact residue,Contact residue without a current conservative mechanism label.,binding loop 173-193,193,binding loop end; raw 172-192,Flap/binding loop,10.496036871124264,16.86599626467408,FoCut5a simulation numbering is +1 relative to raw 5AJH for the documented triad/loop regions.
Pro00075,FoCut5a,201,0.0,0.0,0.0,12,0,0,2,3,0.0,ALA,A201,helix,no named landmark assigned,Other/candidate,low,trajectory-derived contact residue,Contact residue without a current conservative mechanism label.,binding loop 173-193,193,binding loop end; raw 172-192,Flap/binding loop,9.753588929209597,14.757571209382661,FoCut5a simulation numbering is +1 relative to raw 5AJH for the documented triad/loop regions.
Pro00075,FoCut5a,202,0.0,0.0,0.0,12,0,0,2,3,0.0,PRO,P202,helix,no named landmark assigned,Other/candidate,low,trajectory-derived contact residue,Contact residue without a current conservative mechanism label.,binding loop 173-193,193,binding loop end; raw 172-192,Flap/binding loop,12.392422765545081,17.164327688552206,FoCut5a simulation numbering is +1 relative to raw 5AJH for the documented triad/loop regions.
Pro00075,FoCut5a,203,0.0,0.0,0.0,12,0,0,2,3,0.0,GLU,E203,helix,no named landmark assigned,Other/candidate,low,trajectory-derived contact residue,Contact residue without a current conservative mechanism label.,binding loop 173-193,193,binding loop end; raw 172-192,Flap/binding loop,14.466200088482116,20.04333699761594,FoCut5a simulation numbering is +1 relative to raw 5AJH for the documented triad/loop regions.
Pro00075,FoCut5a,204,0.0,0.0,0.0,12,0,0,2,3,0.0,PHE,F204,helix,no named landmark assigned,Other/candidate,low,trajectory-derived contact residue,Contact residue without a current conservative mechanism label.,binding loop 173-193,193,binding loop end; raw 172-192,Flap/binding loop,14.85529932381034,18.79761822678607,FoCut5a simulation numbering is +1 relative to raw 5AJH for the documented triad/loop regions.
Pro00075,FoCut5a,205,0.0,0.0,0.0,12,0,0,2,3,0.0,LEU,L205,helix,no named landmark assigned,Other/candidate,low,trajectory-derived contact residue,Contact residue without a current conservative mechanism label.,binding loop 173-193,193,binding loop end; raw 172-192,Flap/binding loop,15.788443526833161,18.301510156268524,FoCut5a simulation numbering is +1 relative to raw 5AJH for the documented triad/loop regions.
Pro00075,FoCut5a,206,0.0,0.0,0.0,12,0,0,2,3,0.0,ILE,I206,helix,no named landmark assigned,Other/candidate,low,trajectory-derived contact residue,Contact residue without a current conservative mechanism label.,binding loop 173-193,193,binding loop end; raw 172-192,Flap/binding loop,18.196899131445445,21.771300948726054,FoCut5a simulation numbering is +1 relative to raw 5AJH for the documented triad/loop regions.
Pro00075,FoCut5a,207,0.0,0.0,0.0,12,0,0,2,3,0.0,GLN,Q207,helix,no named landmark assigned,Other/candidate,low,trajectory-derived contact residue,Contact residue without a current conservative mechanism label.,binding loop 173-193,193,binding loop end; raw 172-192,Flap/binding loop,19.76242424400407,23.375231357143825,FoCut5a simulation numbering is +1 relative to raw 5AJH for the documented triad/loop regions.
Pro00075,FoCut5a,208,0.0,0.0,0.0,12,0,0,2,3,0.0,LYS,K208,helix,no named landmark assigned,Other/candidate,low,trajectory-derived contact residue,Contact residue without a current conservative mechanism label.,binding loop 173-193,173,binding loop start; raw 172-192,Flap/binding loop,20.143835831340564,22.277587728477243,FoCut5a simulation numbering is +1 relative to raw 5AJH for the documented triad/loop regions.
Pro00075,FoCut5a,209,0.0,0.0,0.0,12,0,0,2,3,0.0,ALA,A209,helix,no named landmark assigned,Other/candidate,low,trajectory-derived contact residue,Contact residue without a current conservative mechanism label.,flap 75-94,75,flap helix start; raw 74-93,Flap/binding loop,19.998118061457685,23.225315046302384,FoCut5a simulation numbering is +1 relative to raw 5AJH for the documented triad/loop regions.
Pro00075,FoCut5a,210,0.0,0.0,0.0,12,0,0,2,3,0.0,ASP,D210,helix,no named landmark assigned,Other/candidate,low,trajectory-derived contact residue,Contact residue without a current conservative mechanism label.,flap 75-94,75,flap helix start; raw 74-93,Flap/binding loop,23.526927742482656,26.573418410133083,FoCut5a simulation numbering is +1 relative to raw 5AJH for the documented triad/loop regions.
Pro00075,FoCut5a,211,0.0,0.0,0.0,12,0,0,2,3,0.0,ALA,A211,helix,no named landmark assigned,Other/candidate,low,trajectory-derived contact residue,Contact residue without a current conservative mechanism label.,binding loop 173-193,173,binding loop start; raw 172-192,Flap/binding loop,25.17190763529852,27.43580560143988,FoCut5a simulation numbering is +1 relative to raw 5AJH for the documented triad/loop regions.
Pro00075,FoCut5a,212,0.0,0.0,0.0,12,0,0,2,3,0.0,ALA,A212,helix,no named landmark assigned,Other/candidate,low,trajectory-derived contact residue,Contact residue without a current conservative mechanism label.,flap 75-94,75,flap helix start; raw 74-93,Flap/binding loop,23.32096638220638,26.84635509710769,FoCut5a simulation numbering is +1 relative to raw 5AJH for the documented triad/loop regions.
Pro00075,FoCut5a,213,0.0,0.0,0.0,12,0,0,2,3,0.0,GLY,G213,helix,no named landmark assigned,Other/candidate,low,trajectory-derived contact residue,Contact residue without a current conservative mechanism label.,flap 75-94,75,flap helix start; raw 74-93,Flap/binding loop,23.90747048518517,28.866596093062306,FoCut5a simulation numbering is +1 relative to raw 5AJH for the documented triad/loop regions.
Pro00075,FoCut5a,214,0.0,0.0,0.0,12,0,0,2,3,0.0,ALA,A214,helix,no named landmark assigned,Other/candidate,low,trajectory-derived contact residue,Contact residue without a current conservative mechanism label.,flap 75-94,75,flap helix start; raw 74-93,Flap/binding loop,27.59674649301979,31.6921959794521,FoCut5a simulation numbering is +1 relative to raw 5AJH for the documented triad/loop regions.
Pro00075,FoCut5a,215,0.0,0.0,0.0,12,0,0,2,3,0.0,ALA,A215,helix,no named landmark assigned,Other/candidate,low,trajectory-derived contact residue,Contact residue without a current conservative mechanism label.,flap 75-94,75,flap helix start; raw 74-93,Flap/binding loop,28.038718141170435,31.92814999338358,FoCut5a simulation numbering is +1 relative to raw 5AJH for the documented triad/loop regions.
Pro00075,FoCut5a,216,0.0,0.0,0.0,12,0,0,2,3,0.0,ALA,A216,helix,no named landmark assigned,Other/candidate,low,trajectory-derived contact residue,Contact residue without a current conservative mechanism label.,flap 75-94,75,flap helix start; raw 74-93,Flap/binding loop,26.75273320616045,32.259375830911544,FoCut5a simulation numbering is +1 relative to raw 5AJH for the documented triad/loop regions.
Pro00075,FoCut5a,217,0.0,0.0,0.0,12,0,0,2,3,0.0,ALA,A217,helix,no named landmark assigned,Other/candidate,low,trajectory-derived contact residue,Contact residue without a current conservative mechanism label.,flap 75-94,75,flap helix start; raw 74-93,Flap/binding loop,29.101258409216605,34.96916438807196,FoCut5a simulation numbering is +1 relative to raw 5AJH for the documented triad/loop regions.
Pro00075,FoCut5a,218,0.0,0.0,0.0,12,0,0,2,3,0.0,ALA,A218,helix,no named landmark assigned,Other/candidate,low,trajectory-derived contact residue,Contact residue without a current conservative mechanism label.,flap 75-94,75,flap helix start; raw 74-93,Flap/binding loop,32.010817702770424,36.888987557264294,FoCut5a simulation numbering is +1 relative to raw 5AJH for the documented triad/loop regions.
Pro00075,FoCut5a,219,0.0,0.0,0.0,12,0,0,2,3,0.0,LEU,L219,coil/unassigned,no named landmark assigned,Other/candidate,low,trajectory-derived contact residue,Contact residue without a current conservative mechanism label.,flap 75-94,75,flap helix start; raw 74-93,Flap/binding loop,31.644303341991908,37.02656585480215,FoCut5a simulation numbering is +1 relative to raw 5AJH for the documented triad/loop regions.
Pro00075,FoCut5a,220,0.0,0.0,0.0,12,0,0,2,3,0.0,GLU,E220,coil/unassigned,no named landmark assigned,Other/candidate,low,trajectory-derived contact residue,Contact residue without a current conservative mechanism label.,flap 75-94,75,flap helix start; raw 74-93,Flap/binding loop,31.714450286896035,38.3725406247749,FoCut5a simulation numbering is +1 relative to raw 5AJH for the documented triad/loop regions.
Pro00075,FoCut5a,221,0.0,0.0,0.0,12,0,0,2,3,0.0,HIS,H221,coil/unassigned,no named landmark assigned,Other/candidate,low,trajectory-derived contact residue,Contact residue without a current conservative mechanism label.,flap 75-94,75,flap helix start; raw 74-93,Flap/binding loop,34.78443848907152,40.99596024000413,FoCut5a simulation numbering is +1 relative to raw 5AJH for the documented triad/loop regions.
Pro00075,FoCut5a,222,0.0,0.0,0.0,12,0,0,2,3,0.0,HIS,H222,coil/unassigned,no named landmark assigned,Other/candidate,low,trajectory-derived contact residue,Contact residue without a current conservative mechanism label.,flap 75-94,75,flap helix start; raw 74-93,Flap/binding loop,36.601391722173624,42.26840230006334,FoCut5a simulation numbering is +1 relative to raw 5AJH for the documented triad/loop regions.
Pro00075,FoCut5a,223,0.0,0.0,0.0,12,0,0,2,3,0.0,HIS,H223,coil/unassigned,no named landmark assigned,Other/candidate,low,trajectory-derived contact residue,Contact residue without a current conservative mechanism label.,flap 75-94,75,flap helix start; raw 74-93,Flap/binding loop,36.100831361618255,42.752096112354536,FoCut5a simulation numbering is +1 relative to raw 5AJH for the documented triad/loop regions.
Pro00075,FoCut5a,224,0.0,0.0,0.0,12,0,0,2,3,0.0,HIS,H224,coil/unassigned,no named landmark assigned,Other/candidate,low,trajectory-derived contact residue,Contact residue without a current conservative mechanism label.,flap 75-94,75,flap helix start; raw 74-93,Flap/binding loop,37.777310346291195,44.99658213686902,FoCut5a simulation numbering is +1 relative to raw 5AJH for the documented triad/loop regions.
Pro00075,FoCut5a,225,0.0,0.0,0.0,12,0,0,2,3,0.0,HIS,H225,coil/unassigned,no named landmark assigned,Other/candidate,low,trajectory-derived contact residue,Contact residue without a current conservative mechanism label.,flap 75-94,75,flap helix start; raw 74-93,Flap/binding loop,40.96786688369312,47.462586275928956,FoCut5a simulation numbering is +1 relative to raw 5AJH for the documented triad/loop regions.
Pro00075,FoCut5a,226,0.0,0.0,0.0,12,0,0,2,3,0.0,HIS,H226,coil/unassigned,no named landmark assigned,Other/candidate,low,trajectory-derived contact residue,Contact residue without a current conservative mechanism label.,flap 75-94,75,flap helix start; raw 74-93,Flap/binding loop,42.13939299515359,48.772747831140286,FoCut5a simulation numbering is +1 relative to raw 5AJH for the documented triad/loop regions.
Pro00083,IsPETase WT,208,0.7098461538461538,0.797,0.998,13,10,10,3,4,0.7692307692307693,ILE,I208,coil/unassigned,catalytic Asp/His active-site rim,Cleft/rim patch,medium,local sequence neighborhood,Active-site rim adjacent to catalytic D206/H237.,D206,206,catalytic Asp,Catalytic/oxyanion,5.684165637980652,5.684165637980652,Use as the IsPETase reference framework; state local/simulation numbering.
Pro00083,IsPETase WT,87,0.7032307692307692,0.796,1.0,13,10,10,3,4,0.7692307692307693,TYR,Y87,coil/unassigned,oxyanion donor / active-site pocket,Catalytic/oxyanion,high,registry/literature,Exact configured landmark residue.,Y87,87,oxyanion donor / active-site pocket,Catalytic/oxyanion,0.0,7.081922055487479,Use as the IsPETase reference framework; state local/simulation numbering.
Pro00083,IsPETase WT,161,0.6868461538461539,0.762,0.997,13,10,10,3,4,0.7692307692307693,MET,M161,helix,oxyanion donor / active-site pocket,Catalytic/oxyanion,high,registry/literature,Exact configured landmark residue.,M161,161,oxyanion donor / active-site pocket,Catalytic/oxyanion,0.0,3.8608146808672394,Use as the IsPETase reference framework; state local/simulation numbering.
Pro00083,IsPETase WT,185,0.6717692307692308,0.731,0.996,13,10,10,3,4,0.7692307692307693,TRP,W185,coil/unassigned,canonical W-loop Trp,W-loop/flexible or rigid pair,high,literature + structural mapping,Exact configured landmark residue.,W185,185,canonical W-loop Trp,W-loop/flexible or rigid pair,0.0,4.80616780813987,Use as the IsPETase reference framework; state local/simulation numbering.
Pro00083,IsPETase WT,119,0.5370769230769231,0.675,0.922,13,8,10,3,4,0.6153846153846154,GLN,Q119,helix,no named landmark assigned,Other/candidate,low,trajectory-derived contact residue,Contact residue without a current conservative mechanism label.,M161,161,oxyanion donor / active-site pocket,Catalytic/oxyanion,6.4862587829965594,10.221268952532265,Use as the IsPETase reference framework; state local/simulation numbering.
Pro00083,IsPETase WT,207,0.5302307692307692,0.627,0.94,13,8,10,3,4,0.6153846153846154,SER,S207,coil/unassigned,catalytic Asp/His active-site rim,Cleft/rim patch,medium,local sequence neighborhood,Active-site rim adjacent to catalytic D206/H237.,D206,206,catalytic Asp,Catalytic/oxyanion,3.8505578816581894,3.8505578816581894,Use as the IsPETase reference framework; state local/simulation numbering.
Pro00083,IsPETase WT,209,0.444,0.445,0.849,13,6,9,3,4,0.46153846153846156,ALA,A209,coil/unassigned,near S214 (flexible pair S214),W-loop/flexible or rigid pair,medium-low,local CA-distance annotation,Spatially near a named landmark; inspect before strong mechanistic wording.,S214,214,flexible pair S214,W-loop/flexible or rigid pair,5.7087923416428445,5.842842458940683,Use as the IsPETase reference framework; state local/simulation numbering.
Pro00083,IsPETase WT,117,0.4095384615384615,0.442,0.852,13,5,9,3,4,0.38461538461538464,LEU,L117,coil/unassigned,near Y87 (oxyanion donor / active-site pocket),Catalytic/oxyanion,medium-low,local CA-distance annotation,Spatially near a named landmark; inspect before strong mechanistic wording.,Y87,87,oxyanion donor / active-site pocket,Catalytic/oxyanion,5.616593807638219,12.12469620237967,Use as the IsPETase reference framework; state local/simulation numbering.
Pro00083,IsPETase WT,187,0.4036923076923077,0.405,0.952,13,4,9,3,4,0.3076923076923077,SER,S187,coil/unassigned,W185 W-loop neighborhood,W-loop/flexible or rigid pair,medium,local sequence neighborhood,"W-loop-region evidence, not necessarily direct W185 contact.",W185,185,canonical W-loop Trp,W-loop/flexible or rigid pair,7.047405621929251,11.286619112914195,Use as the IsPETase reference framework; state local/simulation numbering.
Pro00083,IsPETase WT,210,0.3833076923076923,0.473,0.696,13,6,9,3,4,0.46153846153846156,PRO,P210,helix,near D206 (catalytic Asp),Catalytic/oxyanion,medium-low,local CA-distance annotation,Spatially near a named landmark; inspect before strong mechanistic wording.,D206,206,catalytic Asp,Catalytic/oxyanion,4.841038008526683,4.841038008526683,Use as the IsPETase reference framework; state local/simulation numbering.
Pro00083,IsPETase WT,88,0.3681538461538461,0.383,0.868,13,4,10,3,4,0.3076923076923077,THR,T88,coil/unassigned,catalytic/oxyanion pocket neighborhood,Catalytic/oxyanion,medium,local sequence neighborhood,Active-site pocket around Y87/S160/M161.,Y87,87,oxyanion donor / active-site pocket,Catalytic/oxyanion,3.8924339429205475,10.417989537333968,Use as the IsPETase reference framework; state local/simulation numbering.
Pro00083,IsPETase WT,213,0.3399230769230769,0.359,0.67,13,5,9,3,4,0.38461538461538464,SER,S213,helix,S214/I218 flexible-pair neighborhood,W-loop/flexible or rigid pair,medium,local sequence neighborhood,Flexible-pair neighborhood in the IsPETase reference framework.,S214,214,flexible pair S214,W-loop/flexible or rigid pair,3.8581999688974133,10.322122892118657,Use as the IsPETase reference framework; state local/simulation numbering.
Pro00083,IsPETase WT,237,0.31246153846153846,0.251,0.66,13,4,9,3,4,0.3076923076923077,HIS,H237,coil/unassigned,catalytic His,Catalytic/oxyanion,high,registry/literature,Exact configured landmark residue.,H237,237,catalytic His,Catalytic/oxyanion,0.0,0.0,Use as the IsPETase reference framework; state local/simulation numbering.
Pro00083,IsPETase WT,160,0.2193846153846154,0.164,0.85,13,2,4,3,4,0.15384615384615385,SER,S160,helix,catalytic Ser,Catalytic/oxyanion,high,registry/literature,Exact configured landmark residue.,S160,160,catalytic Ser,Catalytic/oxyanion,0.0,0.0,Use as the IsPETase reference framework; state local/simulation numbering.
Pro00083,IsPETase WT,186,0.19630769230769232,0.115,0.825,13,1,6,3,4,0.07692307692307693,ASP,D186,coil/unassigned,W185 W-loop neighborhood,W-loop/flexible or rigid pair,medium,local sequence neighborhood,"W-loop-region evidence, not necessarily direct W185 contact.",W185,185,canonical W-loop Trp,W-loop/flexible or rigid pair,3.81333895687231,7.924342559480881,Use as the IsPETase reference framework; state local/simulation numbering.
Pro00083,IsPETase WT,214,0.17053846153846156,0.129,0.491,13,0,4,3,4,0.0,SER,S214,helix,flexible pair S214,W-loop/flexible or rigid pair,high,literature + structural mapping,Exact configured landmark residue.,S214,214,flexible pair S214,W-loop/flexible or rigid pair,0.0,9.69173900804185,Use as the IsPETase reference framework; state local/simulation numbering.
Pro00083,IsPETase WT,189,0.15692307692307692,0.167,0.379,13,0,6,3,4,0.0,THR,T189,coil/unassigned,near I218 (flexible pair I218),W-loop/flexible or rigid pair,medium-low,local CA-distance annotation,Spatially near a named landmark; inspect before strong mechanistic wording.,I218,218,flexible pair I218,W-loop/flexible or rigid pair,4.610493357548625,12.816469599698662,Use as the IsPETase reference framework; state local/simulation numbering.
Pro00083,IsPETase WT,188,0.1126923076923077,0.125,0.248,13,0,3,3,4,0.0,SER,S188,coil/unassigned,no named landmark assigned,Other/candidate,low,trajectory-derived contact residue,Contact residue without a current conservative mechanism label.,I218,218,flexible pair I218,W-loop/flexible or rigid pair,8.199728593069407,13.011762716865073,Use as the IsPETase reference framework; state local/simulation numbering.
Pro00083,IsPETase WT,206,0.105,0.069,0.247,13,0,2,3,4,0.0,ASP,D206,coil/unassigned,catalytic Asp,Catalytic/oxyanion,high,registry/literature,Exact configured landmark residue.,D206,206,catalytic Asp,Catalytic/oxyanion,0.0,0.0,Use as the IsPETase reference framework; state local/simulation numbering.
Pro00083,IsPETase WT,212,0.09453846153846154,0.093,0.226,13,0,3,3,4,0.0,ASN,N212,helix,S214/I218 flexible-pair neighborhood,W-loop/flexible or rigid pair,medium,local sequence neighborhood,Flexible-pair neighborhood in the IsPETase reference framework.,S214,214,flexible pair S214,W-loop/flexible or rigid pair,5.903015331167622,9.498933097985269,Use as the IsPETase reference framework; state local/simulation numbering.
Pro00083,IsPETase WT,205,0.08723076923076924,0.053,0.233,13,0,2,3,4,0.0,ASN,N205,coil/unassigned,catalytic Asp/His active-site rim,Cleft/rim patch,medium,local sequence neighborhood,Active-site rim adjacent to catalytic D206/H237.,D206,206,catalytic Asp,Catalytic/oxyanion,3.8385347464885604,3.8385347464885604,Use as the IsPETase reference framework; state local/simulation numbering.
Pro00083,IsPETase WT,10,0.08461538461538462,0.0,0.493,13,0,3,3,4,0.0,MET,M10,coil/unassigned,no named landmark assigned,Other/candidate,low,trajectory-derived contact residue,Contact residue without a current conservative mechanism label.,I218,218,flexible pair I218,W-loop/flexible or rigid pair,84.75183708333407,87.00694833747475,Use as the IsPETase reference framework; state local/simulation numbering.
Pro00083,IsPETase WT,29,0.08353846153846153,0.0,0.587,13,1,2,3,4,0.07692307692307693,THR,T29,coil/unassigned,no named landmark assigned,Other/candidate,low,trajectory-derived contact residue,Contact residue without a current conservative mechanism label.,I218,218,flexible pair I218,W-loop/flexible or rigid pair,35.632291169668,37.94660717376456,Use as the IsPETase reference framework; state local/simulation numbering.
Pro00083,IsPETase WT,236,0.08346153846153846,0.047,0.249,13,0,3,3,4,0.0,SER,S236,coil/unassigned,catalytic Asp/His active-site rim,Cleft/rim patch,medium,local sequence neighborhood,Active-site rim adjacent to catalytic D206/H237.,H237,237,catalytic His,Catalytic/oxyanion,3.885001673101314,3.885001673101314,Use as the IsPETase reference framework; state local/simulation numbering.
Pro00083,IsPETase WT,8,0.0826923076923077,0.0,0.551,13,1,3,3,4,0.07692307692307693,ARG,R8,coil/unassigned,no named landmark assigned,Other/candidate,low,trajectory-derived contact residue,Contact residue without a current conservative mechanism label.,I218,218,flexible pair I218,W-loop/flexible or rigid pair,90.93348732452749,93.2027520891953,Use as the IsPETase reference framework; state local/simulation numbering.
Pro00083,IsPETase WT,116,0.07607692307692308,0.028,0.268,13,0,3,3,4,0.0,THR,T116,coil/unassigned,near Y87 (oxyanion donor / active-site pocket),Catalytic/oxyanion,medium-low,local CA-distance annotation,Spatially near a named landmark; inspect before strong mechanistic wording.,Y87,87,oxyanion donor / active-site pocket,Catalytic/oxyanion,5.935896646674367,12.30370549875118,Use as the IsPETase reference framework; state local/simulation numbering.
Pro00083,IsPETase WT,217,0.07346153846153847,0.039,0.233,13,0,2,3,4,0.0,PRO,P217,helix,S214/I218 flexible-pair neighborhood,W-loop/flexible or rigid pair,medium,local sequence neighborhood,Flexible-pair neighborhood in the IsPETase reference framework.,I218,218,flexible pair I218,W-loop/flexible or rigid pair,3.85749906027208,14.199874154371932,Use as the IsPETase reference framework; state local/simulation numbering.
Pro00083,IsPETase WT,28,0.07223076923076924,0.0,0.403,13,0,3,3,4,0.0,GLN,Q28,coil/unassigned,no named landmark assigned,Other/candidate,low,trajectory-derived contact residue,Contact residue without a current conservative mechanism label.,I218,218,flexible pair I218,W-loop/flexible or rigid pair,36.66195091644742,38.070250865997714,Use as the IsPETase reference framework; state local/simulation numbering.
Pro00083,IsPETase WT,7,0.07046153846153845,0.0,0.472,13,0,2,3,4,0.0,SER,S7,coil/unassigned,no named landmark assigned,Other/candidate,low,trajectory-derived contact residue,Contact residue without a current conservative mechanism label.,I218,218,flexible pair I218,W-loop/flexible or rigid pair,94.30097164928894,96.63701182259311,Use as the IsPETase reference framework; state local/simulation numbering.
Pro00083,IsPETase WT,14,0.06415384615384614,0.0,0.572,13,1,2,3,4,0.07692307692307693,VAL,V14,coil/unassigned,no named landmark assigned,Other/candidate,low,trajectory-derived contact residue,Contact residue without a current conservative mechanism label.,I218,218,flexible pair I218,W-loop/flexible or rigid pair,73.02022534887168,74.72766230787633,Use as the IsPETase reference framework; state local/simulation numbering.
Pro00083,IsPETase WT,159,0.06376923076923077,0.017,0.305,13,0,2,3,4,0.0,TRP,W159,sheet,catalytic/oxyanion pocket neighborhood,Catalytic/oxyanion,medium,local sequence neighborhood,Active-site pocket around Y87/S160/M161.,S160,160,catalytic Ser,Catalytic/oxyanion,3.85352617741206,3.85352617741206,Use as the IsPETase reference framework; state local/simulation numbering.
Pro00083,IsPETase WT,27,0.06346153846153846,0.0,0.446,13,0,2,3,4,0.0,ALA,A27,coil/unassigned,no named landmark assigned,Other/candidate,low,trajectory-derived contact residue,Contact residue without a current conservative mechanism label.,I218,218,flexible pair I218,W-loop/flexible or rigid pair,40.29955553104774,41.86989379016862,Use as the IsPETase reference framework; state local/simulation numbering.
Pro00083,IsPETase WT,11,0.061230769230769234,0.0,0.384,13,0,3,3,4,0.0,GLN,Q11,coil/unassigned,no named landmark assigned,Other/candidate,low,trajectory-derived contact residue,Contact residue without a current conservative mechanism label.,I218,218,flexible pair I218,W-loop/flexible or rigid pair,82.32467709623889,84.07381956947121,Use as the IsPETase reference framework; state local/simulation numbering.
Pro00083,IsPETase WT,9,0.06061538461538462,0.0,0.356,13,0,2,3,4,0.0,LEU,L9,coil/unassigned,no named landmark assigned,Other/candidate,low,trajectory-derived contact residue,Contact residue without a current conservative mechanism label.,I218,218,flexible pair I218,W-loop/flexible or rigid pair,88.21161493250194,90.21032519063435,Use as the IsPETase reference framework; state local/simulation numbering.
Pro00083,IsPETase WT,266,0.059153846153846154,0.0,0.287,13,0,3,3,4,0.0,THR,T266,helix,no named landmark assigned,Other/candidate,low,trajectory-derived contact residue,Contact residue without a current conservative mechanism label.,I218,218,flexible pair I218,W-loop/flexible or rigid pair,26.512315232736654,29.74194783466611,Use as the IsPETase reference framework; state local/simulation numbering.
Pro00083,IsPETase WT,13,0.05607692307692307,0.0,0.404,13,0,2,3,4,0.0,ALA,A13,coil/unassigned,no named landmark assigned,Other/candidate,low,trajectory-derived contact residue,Contact residue without a current conservative mechanism label.,I218,218,flexible pair I218,W-loop/flexible or rigid pair,76.43498806829238,78.15233812881097,Use as the IsPETase reference framework; state local/simulation numbering.
Pro00083,IsPETase WT,15,0.05538461538461538,0.0,0.371,13,0,2,3,4,0.0,LEU,L15,coil/unassigned,no named landmark assigned,Other/candidate,low,trajectory-derived contact residue,Contact residue without a current conservative mechanism label.,I218,218,flexible pair I218,W-loop/flexible or rigid pair,70.44094481194868,72.23365751503935,Use as the IsPETase reference framework; state local/simulation numbering.
Pro00083,IsPETase WT,30,0.05484615384615384,0.0,0.411,13,0,1,3,4,0.0,ASN,N30,coil/unassigned,no named landmark assigned,Other/candidate,low,trajectory-derived contact residue,Contact residue without a current conservative mechanism label.,I218,218,flexible pair I218,W-loop/flexible or rigid pair,32.29626178058383,34.25578273810132,Use as the IsPETase reference framework; state local/simulation numbering.
Pro00083,IsPETase WT,31,0.05292307692307692,0.0,0.422,13,0,1,3,4,0.0,PRO,P31,coil/unassigned,no named landmark assigned,Other/candidate,low,trajectory-derived contact residue,Contact residue without a current conservative mechanism label.,I218,218,flexible pair I218,W-loop/flexible or rigid pair,33.28304596938207,34.20645604268294,Use as the IsPETase reference framework; state local/simulation numbering.
Pro00083,IsPETase WT,115,0.05230769230769231,0.013,0.235,13,0,1,3,4,0.0,SER,S115,coil/unassigned,no named landmark assigned,Other/candidate,low,trajectory-derived contact residue,Contact residue without a current conservative mechanism label.,Y87,87,oxyanion donor / active-site pocket,Catalytic/oxyanion,9.122974350506528,15.017833432289759,Use as the IsPETase reference framework; state local/simulation numbering.
Pro00083,IsPETase WT,37,0.05061538461538462,0.0,0.634,13,1,1,3,4,0.07692307692307693,ASN,N37,coil/unassigned,no named landmark assigned,Other/candidate,low,trajectory-derived contact residue,Contact residue without a current conservative mechanism label.,S160,160,catalytic Ser,Catalytic/oxyanion,32.696783618576305,32.696783618576305,Use as the IsPETase reference framework; state local/simulation numbering.
Pro00083,IsPETase WT,120,0.05053846153846153,0.013,0.284,13,0,1,3,4,0.0,PRO,P120,helix,near M161 (oxyanion donor / active-site pocket),Catalytic/oxyanion,medium-low,local CA-distance annotation,Spatially near a named landmark; inspect before strong mechanistic wording.,M161,161,oxyanion donor / active-site pocket,Catalytic/oxyanion,4.959543930645236,8.708201306814168,Use as the IsPETase reference framework; state local/simulation numbering.
Pro00083,IsPETase WT,26,0.05007692307692308,0.0,0.41,13,0,2,3,4,0.0,THR,T26,coil/unassigned,no named landmark assigned,Other/candidate,low,trajectory-derived contact residue,Contact residue without a current conservative mechanism label.,I218,218,flexible pair I218,W-loop/flexible or rigid pair,40.89611058523781,42.8672493752515,Use as the IsPETase reference framework; state local/simulation numbering.
Pro00083,IsPETase WT,6,0.04923076923076923,0.0,0.393,13,0,1,3,4,0.0,ALA,A6,coil/unassigned,no named landmark assigned,Other/candidate,low,trajectory-derived contact residue,Contact residue without a current conservative mechanism label.,I218,218,flexible pair I218,W-loop/flexible or rigid pair,97.38374667776958,99.66114579413583,Use as the IsPETase reference framework; state local/simulation numbering.
Pro00083,IsPETase WT,267,0.04876923076923077,0.0,0.57,13,1,1,3,4,0.07692307692307693,ARG,R267,helix,no named landmark assigned,Other/candidate,low,trajectory-derived contact residue,Contact residue without a current conservative mechanism label.,I218,218,flexible pair I218,W-loop/flexible or rigid pair,28.241515841045075,30.318274703551324,Use as the IsPETase reference framework; state local/simulation numbering.
Pro00083,IsPETase WT,36,0.04723076923076923,0.0,0.614,13,1,1,3,4,0.07692307692307693,PRO,P36,coil/unassigned,no named landmark assigned,Other/candidate,low,trajectory-derived contact residue,Contact residue without a current conservative mechanism label.,S160,160,catalytic Ser,Catalytic/oxyanion,33.11041855670206,33.11041855670206,Use as the IsPETase reference framework; state local/simulation numbering.
Pro00083,IsPETase WT,34,0.045538461538461535,0.0,0.523,13,1,1,3,4,0.07692307692307693,ARG,R34,coil/unassigned,no named landmark assigned,Other/candidate,low,trajectory-derived contact residue,Contact residue without a current conservative mechanism label.,S160,160,catalytic Ser,Catalytic/oxyanion,30.441582169788745,30.441582169788745,Use as the IsPETase reference framework; state local/simulation numbering.
Pro00083,IsPETase WT,224,0.045384615384615384,0.0,0.587,13,1,1,3,4,0.07692307692307693,ARG,R224,coil/unassigned,no named landmark assigned,Other/candidate,low,trajectory-derived contact residue,Contact residue without a current conservative mechanism label.,I218,218,flexible pair I218,W-loop/flexible or rigid pair,12.94690271841107,22.962144412053505,Use as the IsPETase reference framework; state local/simulation numbering.
Pro00083,IsPETase WT,260,0.04507692307692308,0.0,0.457,13,0,1,3,4,0.0,ARG,R260,helix,no named landmark assigned,Other/candidate,low,trajectory-derived contact residue,Contact residue without a current conservative mechanism label.,I218,218,flexible pair I218,W-loop/flexible or rigid pair,21.77642110173295,24.03888994941322,Use as the IsPETase reference framework; state local/simulation numbering.
Pro00083,IsPETase WT,3,0.045,0.0,0.326,13,0,1,3,4,0.0,PHE,F3,coil/unassigned,no named landmark assigned,Other/candidate,low,trajectory-derived contact residue,Contact residue without a current conservative mechanism label.,I218,218,flexible pair I218,W-loop/flexible or rigid pair,107.07719165163047,109.17645851556094,Use as the IsPETase reference framework; state local/simulation numbering.
Pro00083,IsPETase WT,195,0.04384615384615384,0.0,0.567,13,1,1,3,4,0.07692307692307693,THR,T195,coil/unassigned,no named landmark assigned,Other/candidate,low,trajectory-derived contact residue,Contact residue without a current conservative mechanism label.,I218,218,flexible pair I218,W-loop/flexible or rigid pair,13.299146513968482,20.746365995036335,Use as the IsPETase reference framework; state local/simulation numbering.
Pro00083,IsPETase WT,264,0.04338461538461539,0.0,0.382,13,0,1,3,4,0.0,ASN,N264,coil/unassigned,no named landmark assigned,Other/candidate,low,trajectory-derived contact residue,Contact residue without a current conservative mechanism label.,I218,218,flexible pair I218,W-loop/flexible or rigid pair,24.704900627203504,27.393295694384786,Use as the IsPETase reference framework; state local/simulation numbering.
Pro00083,IsPETase WT,21,0.042230769230769225,0.0,0.336,13,0,1,3,4,0.0,VAL,V21,coil/unassigned,no named landmark assigned,Other/candidate,low,trajectory-derived contact residue,Contact residue without a current conservative mechanism label.,I218,218,flexible pair I218,W-loop/flexible or rigid pair,52.872586895290084,54.58070103067567,Use as the IsPETase reference framework; state local/simulation numbering.
Pro00083,IsPETase WT,225,0.041461538461538466,0.0,0.539,13,1,1,3,4,0.07692307692307693,ASN,N225,coil/unassigned,no named landmark assigned,Other/candidate,low,trajectory-derived contact residue,Contact residue without a current conservative mechanism label.,I218,218,flexible pair I218,W-loop/flexible or rigid pair,12.693490024418029,21.25518734332869,Use as the IsPETase reference framework; state local/simulation numbering.
Pro00083,IsPETase WT,4,0.04107692307692308,0.0,0.202,13,0,1,3,4,0.0,PRO,P4,coil/unassigned,no named landmark assigned,Other/candidate,low,trajectory-derived contact residue,Contact residue without a current conservative mechanism label.,I218,218,flexible pair I218,W-loop/flexible or rigid pair,103.88086284778348,105.90681212273364,Use as the IsPETase reference framework; state local/simulation numbering.
Pro00083,IsPETase WT,35,0.039461538461538465,0.0,0.513,13,1,1,3,4,0.07692307692307693,GLY,G35,coil/unassigned,no named landmark assigned,Other/candidate,low,trajectory-derived contact residue,Contact residue without a current conservative mechanism label.,S160,160,catalytic Ser,Catalytic/oxyanion,31.284343528352963,31.284343528352963,Use as the IsPETase reference framework; state local/simulation numbering.
Pro00083,IsPETase WT,25,0.03930769230769231,0.0,0.399,13,0,1,3,4,0.0,ALA,A25,coil/unassigned,no named landmark assigned,Other/candidate,low,trajectory-derived contact residue,Contact residue without a current conservative mechanism label.,I218,218,flexible pair I218,W-loop/flexible or rigid pair,43.71524716846515,44.90245050105841,Use as the IsPETase reference framework; state local/simulation numbering.
Pro00083,IsPETase WT,33,0.03730769230769231,0.0,0.457,13,0,1,3,4,0.0,ALA,A33,coil/unassigned,no named landmark assigned,Other/candidate,low,trajectory-derived contact residue,Contact residue without a current conservative mechanism label.,I218,218,flexible pair I218,W-loop/flexible or rigid pair,30.69521229768577,30.91718554461256,Use as the IsPETase reference framework; state local/simulation numbering.
Pro00083,IsPETase WT,19,0.03669230769230769,0.0,0.355,13,0,1,3,4,0.0,MET,M19,coil/unassigned,no named landmark assigned,Other/candidate,low,trajectory-derived contact residue,Contact residue without a current conservative mechanism label.,I218,218,flexible pair I218,W-loop/flexible or rigid pair,58.37466623459187,60.23153786846223,Use as the IsPETase reference framework; state local/simulation numbering.
Pro00083,IsPETase WT,226,0.03584615384615385,0.0,0.464,13,0,1,3,4,0.0,ALA,A226,coil/unassigned,no named landmark assigned,Other/candidate,low,trajectory-derived contact residue,Contact residue without a current conservative mechanism label.,I218,218,flexible pair I218,W-loop/flexible or rigid pair,13.778569954824775,21.296285169014805,Use as the IsPETase reference framework; state local/simulation numbering.
Pro00083,IsPETase WT,288,0.03538461538461539,0.0,0.46,13,0,1,3,4,0.0,ASN,N288,coil/unassigned,no named landmark assigned,Other/candidate,low,trajectory-derived contact residue,Contact residue without a current conservative mechanism label.,I218,218,flexible pair I218,W-loop/flexible or rigid pair,16.163398652511173,24.84490269652912,Use as the IsPETase reference framework; state local/simulation numbering.
Pro00083,IsPETase WT,32,0.03530769230769231,0.0,0.242,13,0,1,3,4,0.0,TYR,Y32,coil/unassigned,no named landmark assigned,Other/candidate,low,trajectory-derived contact residue,Contact residue without a current conservative mechanism label.,I218,218,flexible pair I218,W-loop/flexible or rigid pair,30.098591146430756,30.449592624532762,Use as the IsPETase reference framework; state local/simulation numbering.
Pro00083,IsPETase WT,23,0.034846153846153846,0.0,0.246,13,0,2,3,4,0.0,ALA,A23,coil/unassigned,no named landmark assigned,Other/candidate,low,trajectory-derived contact residue,Contact residue without a current conservative mechanism label.,I218,218,flexible pair I218,W-loop/flexible or rigid pair,47.66195263519949,49.11254368285154,Use as the IsPETase reference framework; state local/simulation numbering.
Pro00083,IsPETase WT,223,0.034692307692307696,0.0,0.406,13,0,1,3,4,0.0,SER,S223,coil/unassigned,no named landmark assigned,Other/candidate,low,trajectory-derived contact residue,Contact residue without a current conservative mechanism label.,I218,218,flexible pair I218,W-loop/flexible or rigid pair,10.539164815107506,21.871043436470973,Use as the IsPETase reference framework; state local/simulation numbering.
Pro00083,IsPETase WT,5,0.03292307692307692,0.0,0.165,13,0,0,3,4,0.0,ARG,R5,coil/unassigned,no named landmark assigned,Other/candidate,low,trajectory-derived contact residue,Contact residue without a current conservative mechanism label.,I218,218,flexible pair I218,W-loop/flexible or rigid pair,100.89137312476225,103.32360532327547,Use as the IsPETase reference framework; state local/simulation numbering.
Pro00083,IsPETase WT,22,0.032230769230769236,0.0,0.388,13,0,1,3,4,0.0,SER,S22,coil/unassigned,no named landmark assigned,Other/candidate,low,trajectory-derived contact residue,Contact residue without a current conservative mechanism label.,I218,218,flexible pair I218,W-loop/flexible or rigid pair,51.30885551247464,52.74509924154091,Use as the IsPETase reference framework; state local/simulation numbering.
Pro00083,IsPETase WT,24,0.03223076923076923,0.0,0.324,13,0,1,3,4,0.0,ALA,A24,coil/unassigned,no named landmark assigned,Other/candidate,low,trajectory-derived contact residue,Contact residue without a current conservative mechanism label.,I218,218,flexible pair I218,W-loop/flexible or rigid pair,46.33251624939013,48.13573286031906,Use as the IsPETase reference framework; state local/simulation numbering.
Pro00083,IsPETase WT,174,0.031230769230769232,0.0,0.396,13,0,1,3,4,0.0,PRO,P174,coil/unassigned,no named landmark assigned,Other/candidate,low,trajectory-derived contact residue,Contact residue without a current conservative mechanism label.,I218,218,flexible pair I218,W-loop/flexible or rigid pair,16.86094193691444,21.15819295214031,Use as the IsPETase reference framework; state local/simulation numbering.
Pro00083,IsPETase WT,261,0.031076923076923075,0.0,0.366,13,0,1,3,4,0.0,PHE,F261,helix,no named landmark assigned,Other/candidate,low,trajectory-derived contact residue,Contact residue without a current conservative mechanism label.,I218,218,flexible pair I218,W-loop/flexible or rigid pair,19.911103786580995,22.60231842090541,Use as the IsPETase reference framework; state local/simulation numbering.
Pro00083,IsPETase WT,1,0.02984615384615385,0.0,0.137,13,0,0,3,4,0.0,MET,M1,coil/unassigned,no named landmark assigned,Other/candidate,low,trajectory-derived contact residue,Contact residue without a current conservative mechanism label.,I218,218,flexible pair I218,W-loop/flexible or rigid pair,113.68792448628834,115.4096320850214,Use as the IsPETase reference framework; state local/simulation numbering.
Pro00083,IsPETase WT,177,0.028461538461538465,0.0,0.281,13,0,1,3,4,0.0,LYS,K177,coil/unassigned,no named landmark assigned,Other/candidate,low,trajectory-derived contact residue,Contact residue without a current conservative mechanism label.,I218,218,flexible pair I218,W-loop/flexible or rigid pair,18.58667116511184,20.720263777278515,Use as the IsPETase reference framework; state local/simulation numbering.
Pro00083,IsPETase WT,290,0.02830769230769231,0.0,0.276,13,0,1,3,4,0.0,SER,S290,coil/unassigned,no named landmark assigned,Other/candidate,low,trajectory-derived contact residue,Contact residue without a current conservative mechanism label.,I218,218,flexible pair I218,W-loop/flexible or rigid pair,21.35597401197145,28.007266807027065,Use as the IsPETase reference framework; state local/simulation numbering.
Pro00083,IsPETase WT,197,0.028,0.0,0.351,13,0,1,3,4,0.0,PRO,P197,coil/unassigned,no named landmark assigned,Other/candidate,low,trajectory-derived contact residue,Contact residue without a current conservative mechanism label.,I218,218,flexible pair I218,W-loop/flexible or rigid pair,13.548473973108559,18.713023513051013,Use as the IsPETase reference framework; state local/simulation numbering.
Pro00083,IsPETase WT,18,0.02730769230769231,0.0,0.277,13,0,1,3,4,0.0,LEU,L18,coil/unassigned,no named landmark assigned,Other/candidate,low,trajectory-derived contact residue,Contact residue without a current conservative mechanism label.,I218,218,flexible pair I218,W-loop/flexible or rigid pair,61.67295403173096,63.06936559852176,Use as the IsPETase reference framework; state local/simulation numbering.
Pro00083,IsPETase WT,90,0.02646153846153846,0.001,0.131,13,0,0,3,4,0.0,ARG,R90,helix,no named landmark assigned,Other/candidate,low,trajectory-derived contact residue,Contact residue without a current conservative mechanism label.,Y87,87,oxyanion donor / active-site pocket,Catalytic/oxyanion,8.554410908998934,11.891989656907713,Use as the IsPETase reference framework; state local/simulation numbering.
Pro00083,IsPETase WT,73,0.025692307692307695,0.0,0.326,13,0,1,3,4,0.0,ASN,N73,coil/unassigned,no named landmark assigned,Other/candidate,low,trajectory-derived contact residue,Contact residue without a current conservative mechanism label.,S160,160,catalytic Ser,Catalytic/oxyanion,32.67062449663306,32.67062449663306,Use as the IsPETase reference framework; state local/simulation numbering.
Pro00083,IsPETase WT,204,0.025076923076923077,0.008,0.105,13,0,0,3,4,0.0,GLU,E204,coil/unassigned,catalytic Asp/His active-site rim,Cleft/rim patch,medium,local sequence neighborhood,Active-site rim adjacent to catalytic D206/H237.,D206,206,catalytic Asp,Catalytic/oxyanion,5.712799488867081,5.712799488867081,Use as the IsPETase reference framework; state local/simulation numbering.
Pro00083,IsPETase WT,118,0.025076923076923077,0.005,0.1,13,0,0,3,4,0.0,ASP,D118,coil/unassigned,no named landmark assigned,Other/candidate,low,trajectory-derived contact residue,Contact residue without a current conservative mechanism label.,Y87,87,oxyanion donor / active-site pocket,Catalytic/oxyanion,6.972249923805085,11.705919570883784,Use as the IsPETase reference framework; state local/simulation numbering.
Pro00083,IsPETase WT,16,0.02453846153846154,0.0,0.258,13,0,1,3,4,0.0,GLY,G16,coil/unassigned,no named landmark assigned,Other/candidate,low,trajectory-derived contact residue,Contact residue without a current conservative mechanism label.,I218,218,flexible pair I218,W-loop/flexible or rigid pair,67.32157767016456,68.79849508528511,Use as the IsPETase reference framework; state local/simulation numbering.
Pro00083,IsPETase WT,12,0.024307692307692308,0.0,0.194,13,0,0,3,4,0.0,ALA,A12,coil/unassigned,no named landmark assigned,Other/candidate,low,trajectory-derived contact residue,Contact residue without a current conservative mechanism label.,I218,218,flexible pair I218,W-loop/flexible or rigid pair,78.80527075012179,80.86189990347741,Use as the IsPETase reference framework; state local/simulation numbering.
Pro00083,IsPETase WT,270,0.02423076923076923,0.0,0.256,13,0,1,3,4,0.0,THR,T270,helix,no named landmark assigned,Other/candidate,low,trajectory-derived contact residue,Contact residue without a current conservative mechanism label.,I218,218,flexible pair I218,W-loop/flexible or rigid pair,23.90111164778743,27.443567370150696,Use as the IsPETase reference framework; state local/simulation numbering.
Pro00083,IsPETase WT,50,0.024153846153846154,0.0,0.314,13,0,1,3,4,0.0,PHE,F50,coil/unassigned,no named landmark assigned,Other/candidate,low,trajectory-derived contact residue,Contact residue without a current conservative mechanism label.,S160,160,catalytic Ser,Catalytic/oxyanion,29.16359021108341,29.16359021108341,Use as the IsPETase reference framework; state local/simulation numbering.
Pro00083,IsPETase WT,238,0.022153846153846156,0.005,0.085,13,0,0,3,4,0.0,SER,S238,coil/unassigned,catalytic Asp/His active-site rim,Cleft/rim patch,medium,local sequence neighborhood,Active-site rim adjacent to catalytic D206/H237.,H237,237,catalytic His,Catalytic/oxyanion,3.8769115285237037,3.8769115285237037,Use as the IsPETase reference framework; state local/simulation numbering.
Pro00083,IsPETase WT,49,0.022153846153846152,0.0,0.288,13,0,1,3,4,0.0,PRO,P49,coil/unassigned,no named landmark assigned,Other/candidate,low,trajectory-derived contact residue,Contact residue without a current conservative mechanism label.,S160,160,catalytic Ser,Catalytic/oxyanion,29.773679853185765,29.773679853185765,Use as the IsPETase reference framework; state local/simulation numbering.
Pro00083,IsPETase WT,269,0.02176923076923077,0.0,0.194,13,0,0,3,4,0.0,SER,S269,helix,no named landmark assigned,Other/candidate,low,trajectory-derived contact residue,Contact residue without a current conservative mechanism label.,I218,218,flexible pair I218,W-loop/flexible or rigid pair,23.23280409248957,26.950862583598322,Use as the IsPETase reference framework; state local/simulation numbering.
Pro00083,IsPETase WT,220,0.021384615384615387,0.0,0.111,13,0,0,3,4,0.0,ASP,D220,helix,near I218 (flexible pair I218),W-loop/flexible or rigid pair,medium-low,local CA-distance annotation,Spatially near a named landmark; inspect before strong mechanistic wording.,I218,218,flexible pair I218,W-loop/flexible or rigid pair,5.572607648130271,17.578887507461896,Use as the IsPETase reference framework; state local/simulation numbering.
Pro00083,IsPETase WT,175,0.019923076923076925,0.0,0.249,13,0,1,3,4,0.0,SER,S175,coil/unassigned,no named landmark assigned,Other/candidate,low,trajectory-derived contact residue,Contact residue without a current conservative mechanism label.,I218,218,flexible pair I218,W-loop/flexible or rigid pair,19.97629520206387,22.94938343398358,Use as the IsPETase reference framework; state local/simulation numbering.
Pro00083,IsPETase WT,20,0.018692307692307692,0.0,0.113,13,0,0,3,4,0.0,ALA,A20,coil/unassigned,no named landmark assigned,Other/candidate,low,trajectory-derived contact residue,Contact residue without a current conservative mechanism label.,I218,218,flexible pair I218,W-loop/flexible or rigid pair,56.41803088552454,57.756713176911305,Use as the IsPETase reference framework; state local/simulation numbering.
Pro00083,IsPETase WT,190,0.018,0.001,0.109,13,0,0,3,4,0.0,ASN,N190,coil/unassigned,no named landmark assigned,Other/candidate,low,trajectory-derived contact residue,Contact residue without a current conservative mechanism label.,I218,218,flexible pair I218,W-loop/flexible or rigid pair,6.085963687042503,15.78928364429495,Use as the IsPETase reference framework; state local/simulation numbering.
Pro00083,IsPETase WT,17,0.017384615384615384,0.0,0.146,13,0,0,3,4,0.0,GLY,G17,coil/unassigned,no named landmark assigned,Other/candidate,low,trajectory-derived contact residue,Contact residue without a current conservative mechanism label.,I218,218,flexible pair I218,W-loop/flexible or rigid pair,64.42322044884126,66.28402164171996,Use as the IsPETase reference framework; state local/simulation numbering.
Pro00083,IsPETase WT,89,0.017076923076923076,0.009,0.07,13,0,0,3,4,0.0,ALA,A89,coil/unassigned,near Y87 (oxyanion donor / active-site pocket),Catalytic/oxyanion,medium-low,local CA-distance annotation,Spatially near a named landmark; inspect before strong mechanistic wording.,Y87,87,oxyanion donor / active-site pocket,Catalytic/oxyanion,5.3753601739790415,9.637188853602485,Use as the IsPETase reference framework; state local/simulation numbering.
Pro00083,IsPETase WT,2,0.01623076923076923,0.0,0.131,13,0,0,3,4,0.0,ASN,N2,coil/unassigned,no named landmark assigned,Other/candidate,low,trajectory-derived contact residue,Contact residue without a current conservative mechanism label.,I218,218,flexible pair I218,W-loop/flexible or rigid pair,110.81457924840034,112.92110057912117,Use as the IsPETase reference framework; state local/simulation numbering.
Pro00083,IsPETase WT,39,0.015076923076923078,0.0,0.194,13,0,0,3,4,0.0,THR,T39,helix,no named landmark assigned,Other/candidate,low,trajectory-derived contact residue,Contact residue without a current conservative mechanism label.,H237,237,catalytic His,Catalytic/oxyanion,29.18780013978443,29.18780013978443,Use as the IsPETase reference framework; state local/simulation numbering.
Pro00083,IsPETase WT,74,0.013846153846153845,0.0,0.179,13,0,0,3,4,0.0,ALA,A74,coil/unassigned,no named landmark assigned,Other/candidate,low,trajectory-derived contact residue,Contact residue without a current conservative mechanism label.,S160,160,catalytic Ser,Catalytic/oxyanion,30.84562118032315,30.84562118032315,Use as the IsPETase reference framework; state local/simulation numbering.
Pro00083,IsPETase WT,75,0.013307692307692307,0.0,0.151,13,0,0,3,4,0.0,GLY,G75,coil/unassigned,no named landmark assigned,Other/candidate,low,trajectory-derived contact residue,Contact residue without a current conservative mechanism label.,S160,160,catalytic Ser,Catalytic/oxyanion,34.25445408994281,34.25445408994281,Use as the IsPETase reference framework; state local/simulation numbering.
Pro00083,IsPETase WT,221,0.013076923076923076,0.0,0.077,13,0,0,3,4,0.0,SER,S221,helix,near I218 (flexible pair I218),W-loop/flexible or rigid pair,medium-low,local CA-distance annotation,Spatially near a named landmark; inspect before strong mechanistic wording.,I218,218,flexible pair I218,W-loop/flexible or rigid pair,5.317053037162596,17.595376239228305,Use as the IsPETase reference framework; state local/simulation numbering.
Pro00083,IsPETase WT,234,0.012076923076923077,0.0,0.114,13,0,0,3,4,0.0,GLY,G234,coil/unassigned,no named landmark assigned,Other/candidate,low,trajectory-derived contact residue,Contact residue without a current conservative mechanism label.,D206,206,catalytic Asp,Catalytic/oxyanion,8.818724000670391,8.818724000670391,Use as the IsPETase reference framework; state local/simulation numbering.
Pro00083,IsPETase WT,216,0.011615384615384618,0.001,0.067,13,0,0,3,4,0.0,LEU,L216,helix,S214/I218 flexible-pair neighborhood,W-loop/flexible or rigid pair,medium,local sequence neighborhood,Flexible-pair neighborhood in the IsPETase reference framework.,I218,218,flexible pair I218,W-loop/flexible or rigid pair,5.293318618787273,11.789291878649879,Use as the IsPETase reference framework; state local/simulation numbering.
Pro00083,IsPETase WT,38,0.00976923076923077,0.0,0.126,13,0,0,3,4,0.0,PRO,P38,coil/unassigned,no named landmark assigned,Other/candidate,low,trajectory-derived contact residue,Contact residue without a current conservative mechanism label.,S160,160,catalytic Ser,Catalytic/oxyanion,29.63273699812422,29.63273699812422,Use as the IsPETase reference framework; state local/simulation numbering.
Pro00083,IsPETase WT,51,0.009538461538461539,0.0,0.124,13,0,0,3,4,0.0,THR,T51,coil/unassigned,no named landmark assigned,Other/candidate,low,trajectory-derived contact residue,Contact residue without a current conservative mechanism label.,S160,160,catalytic Ser,Catalytic/oxyanion,29.582798126614055,29.582798126614055,Use as the IsPETase reference framework; state local/simulation numbering.
Pro00083,IsPETase WT,211,0.009384615384615384,0.002,0.066,13,0,0,3,4,0.0,VAL,V211,helix,near S214 (flexible pair S214),W-loop/flexible or rigid pair,medium-low,local CA-distance annotation,Spatially near a named landmark; inspect before strong mechanistic wording.,S214,214,flexible pair S214,W-loop/flexible or rigid pair,5.130016179311719,6.5239993868791855,Use as the IsPETase reference framework; state local/simulation numbering.
Pro00083,IsPETase WT,114,0.009307692307692307,0.0,0.053,13,0,0,3,4,0.0,ASN,N114,coil/unassigned,no named landmark assigned,Other/candidate,low,trajectory-derived contact residue,Contact residue without a current conservative mechanism label.,Y87,87,oxyanion donor / active-site pocket,Catalytic/oxyanion,11.66686123171095,16.425178811812064,Use as the IsPETase reference framework; state local/simulation numbering.
Pro00083,IsPETase WT,235,0.009,0.004,0.057,13,0,0,3,4,0.0,GLY,G235,coil/unassigned,catalytic Asp/His active-site rim,Cleft/rim patch,medium,local sequence neighborhood,Active-site rim adjacent to catalytic D206/H237.,H237,237,catalytic His,Catalytic/oxyanion,6.666852480743819,6.666852480743819,Use as the IsPETase reference framework; state local/simulation numbering.
Pro00083,IsPETase WT,192,0.008,0.0,0.066,13,0,0,3,4,0.0,SER,S192,coil/unassigned,no named landmark assigned,Other/candidate,low,trajectory-derived contact residue,Contact residue without a current conservative mechanism label.,I218,218,flexible pair I218,W-loop/flexible or rigid pair,8.41468276288536,18.94621772280684,Use as the IsPETase reference framework; state local/simulation numbering.
Pro00083,IsPETase WT,121,0.007923076923076923,0.005,0.022,13,0,0,3,4,0.0,SER,S121,helix,no named landmark assigned,Other/candidate,low,trajectory-derived contact residue,Contact residue without a current conservative mechanism label.,M161,161,oxyanion donor / active-site pocket,Catalytic/oxyanion,8.800302778882099,12.463181816855597,Use as the IsPETase reference framework; state local/simulation numbering.
Pro00083,IsPETase WT,218,0.006538461538461538,0.0,0.039,13,0,0,3,4,0.0,ILE,I218,helix,flexible pair I218,W-loop/flexible or rigid pair,high,literature + structural mapping,Exact configured landmark residue.,I218,218,flexible pair I218,W-loop/flexible or rigid pair,0.0,12.45716621065963,Use as the IsPETase reference framework; state local/simulation numbering.
Pro00083,IsPETase WT,289,0.0063076923076923076,0.0,0.081,13,0,0,3,4,0.0,CYS,C289,coil/unassigned,no named landmark assigned,Other/candidate,low,trajectory-derived contact residue,Contact residue without a current conservative mechanism label.,I218,218,flexible pair I218,W-loop/flexible or rigid pair,17.502563326553055,24.46657166421156,Use as the IsPETase reference framework; state local/simulation numbering.
Pro00083,IsPETase WT,86,0.0063076923076923076,0.001,0.067,13,0,0,3,4,0.0,GLY,G86,coil/unassigned,catalytic/oxyanion pocket neighborhood,Catalytic/oxyanion,medium,local sequence neighborhood,Active-site pocket around Y87/S160/M161.,Y87,87,oxyanion donor / active-site pocket,Catalytic/oxyanion,3.8357898795424137,4.708496150577168,Use as the IsPETase reference framework; state local/simulation numbering.
Pro00083,IsPETase WT,132,0.006153846153846154,0.0,0.074,13,0,0,3,4,0.0,ARG,R132,helix,no named landmark assigned,Other/candidate,low,trajectory-derived contact residue,Contact residue without a current conservative mechanism label.,M161,161,oxyanion donor / active-site pocket,Catalytic/oxyanion,20.582746269630785,22.461162347483267,Use as the IsPETase reference framework; state local/simulation numbering.
Pro00083,IsPETase WT,265,0.006076923076923077,0.0,0.037,13,0,0,3,4,0.0,ASP,D265,helix,no named landmark assigned,Other/candidate,low,trajectory-derived contact residue,Contact residue without a current conservative mechanism label.,I218,218,flexible pair I218,W-loop/flexible or rigid pair,26.350337550020118,28.350702795521666,Use as the IsPETase reference framework; state local/simulation numbering.
Pro00083,IsPETase WT,152,0.005846153846153846,0.0,0.038,13,0,0,3,4,0.0,ALA,A152,sheet,no named landmark assigned,Other/candidate,low,trajectory-derived contact residue,Contact residue without a current conservative mechanism label.,M161,161,oxyanion donor / active-site pocket,Catalytic/oxyanion,25.579312754646086,26.449272825542863,Use as the IsPETase reference framework; state local/simulation numbering.
Pro00083,IsPETase WT,193,0.005769230769230769,0.0,0.072,13,0,0,3,4,0.0,SER,S193,coil/unassigned,no named landmark assigned,Other/candidate,low,trajectory-derived contact residue,Contact residue without a current conservative mechanism label.,I218,218,flexible pair I218,W-loop/flexible or rigid pair,11.1250998197769,19.7013113776723,Use as the IsPETase reference framework; state local/simulation numbering.
Pro00083,IsPETase WT,271,0.005615384615384616,0.0,0.069,13,0,0,3,4,0.0,PHE,F271,helix,no named landmark assigned,Other/candidate,low,trajectory-derived contact residue,Contact residue without a current conservative mechanism label.,I218,218,flexible pair I218,W-loop/flexible or rigid pair,22.696841498323067,24.487611847626138,Use as the IsPETase reference framework; state local/simulation numbering.
Pro00083,IsPETase WT,76,0.0052307692307692315,0.0,0.056,13,0,0,3,4,0.0,GLY,G76,coil/unassigned,no named landmark assigned,Other/candidate,low,trajectory-derived contact residue,Contact residue without a current conservative mechanism label.,S160,160,catalytic Ser,Catalytic/oxyanion,33.045785162407626,33.045785162407626,Use as the IsPETase reference framework; state local/simulation numbering.
Pro00083,IsPETase WT,59,0.005,0.0,0.04,13,0,0,3,4,0.0,ARG,R59,coil/unassigned,no named landmark assigned,Other/candidate,low,trajectory-derived contact residue,Contact residue without a current conservative mechanism label.,Y87,87,oxyanion donor / active-site pocket,Catalytic/oxyanion,22.62661214145856,25.65961755365812,Use as the IsPETase reference framework; state local/simulation numbering.
Pro00083,IsPETase WT,245,0.005,0.0,0.032,13,0,0,3,4,0.0,SER,S245,coil/unassigned,no named landmark assigned,Other/candidate,low,trajectory-derived contact residue,Contact residue without a current conservative mechanism label.,H237,237,catalytic His,Catalytic/oxyanion,13.31907808371135,13.31907808371135,Use as the IsPETase reference framework; state local/simulation numbering.
Pro00083,IsPETase WT,122,0.005,0.001,0.026,13,0,0,3,4,0.0,SER,S122,helix,no named landmark assigned,Other/candidate,low,trajectory-derived contact residue,Contact residue without a current conservative mechanism label.,M161,161,oxyanion donor / active-site pocket,Catalytic/oxyanion,9.66149827925255,13.32789627060475,Use as the IsPETase reference framework; state local/simulation numbering.
Pro00083,IsPETase WT,61,0.004615384615384615,0.0,0.059,13,0,0,3,4,0.0,SER,S61,coil/unassigned,no named landmark assigned,Other/candidate,low,trajectory-derived contact residue,Contact residue without a current conservative mechanism label.,M161,161,oxyanion donor / active-site pocket,Catalytic/oxyanion,20.41818339128141,22.77472741878594,Use as the IsPETase reference framework; state local/simulation numbering.
Pro00083,IsPETase WT,42,0.004538461538461538,0.0,0.059,13,0,0,3,4,0.0,SER,S42,helix,no named landmark assigned,Other/candidate,low,trajectory-derived contact residue,Contact residue without a current conservative mechanism label.,H237,237,catalytic His,Catalytic/oxyanion,27.178682289618088,27.178682289618088,Use as the IsPETase reference framework; state local/simulation numbering.
Pro00083,IsPETase WT,173,0.004538461538461538,0.0,0.053,13,0,0,3,4,0.0,ASN,N173,helix,no named landmark assigned,Other/candidate,low,trajectory-derived contact residue,Contact residue without a current conservative mechanism label.,I218,218,flexible pair I218,W-loop/flexible or rigid pair,17.410554098017673,19.744718129160518,Use as the IsPETase reference framework; state local/simulation numbering.
Pro00083,IsPETase WT,243,0.004461538461538462,0.0,0.033,13,0,0,3,4,0.0,GLY,G243,coil/unassigned,no named landmark assigned,Other/candidate,low,trajectory-derived contact residue,Contact residue without a current conservative mechanism label.,H237,237,catalytic His,Catalytic/oxyanion,12.98727461787114,12.98727461787114,Use as the IsPETase reference framework; state local/simulation numbering.
Pro00083,IsPETase WT,40,0.0043076923076923075,0.0,0.052,13,0,0,3,4,0.0,ALA,A40,helix,no named landmark assigned,Other/candidate,low,trajectory-derived contact residue,Contact residue without a current conservative mechanism label.,H237,237,catalytic His,Catalytic/oxyanion,26.131770031897954,26.131770031897954,Use as the IsPETase reference framework; state local/simulation numbering.
Pro00083,IsPETase WT,92,0.004153846153846154,0.0,0.037,13,0,0,3,4,0.0,SER,S92,helix,no named landmark assigned,Other/candidate,low,trajectory-derived contact residue,Contact residue without a current conservative mechanism label.,Y87,87,oxyanion donor / active-site pocket,Catalytic/oxyanion,12.769401630460214,14.052359019040185,Use as the IsPETase reference framework; state local/simulation numbering.
Pro00083,IsPETase WT,274,0.003923076923076923,0.0,0.043,13,0,0,3,4,0.0,GLU,E274,helix,no named landmark assigned,Other/candidate,low,trajectory-derived contact residue,Contact residue without a current conservative mechanism label.,I218,218,flexible pair I218,W-loop/flexible or rigid pair,20.57474541762303,23.888813155952302,Use as the IsPETase reference framework; state local/simulation numbering.
Pro00083,IsPETase WT,62,0.0038461538461538464,0.0,0.048,13,0,0,3,4,0.0,GLY,G62,coil/unassigned,no named landmark assigned,Other/candidate,low,trajectory-derived contact residue,Contact residue without a current conservative mechanism label.,M161,161,oxyanion donor / active-site pocket,Catalytic/oxyanion,17.552613651533495,20.2985937936597,Use as the IsPETase reference framework; state local/simulation numbering.
Pro00083,IsPETase WT,196,0.0037692307692307695,0.0,0.049,13,0,0,3,4,0.0,VAL,V196,coil/unassigned,no named landmark assigned,Other/candidate,low,trajectory-derived contact residue,Contact residue without a current conservative mechanism label.,I218,218,flexible pair I218,W-loop/flexible or rigid pair,13.558891510739365,18.844848341124955,Use as the IsPETase reference framework; state local/simulation numbering.
Pro00083,IsPETase WT,72,0.0037692307692307695,0.0,0.048,13,0,0,3,4,0.0,THR,T72,coil/unassigned,no named landmark assigned,Other/candidate,low,trajectory-derived contact residue,Contact residue without a current conservative mechanism label.,S160,160,catalytic Ser,Catalytic/oxyanion,30.840625950197573,30.840625950197573,Use as the IsPETase reference framework; state local/simulation numbering.
Pro00083,IsPETase WT,244,0.0037692307692307695,0.0,0.029,13,0,0,3,4,0.0,ASN,N244,coil/unassigned,no named landmark assigned,Other/candidate,low,trajectory-derived contact residue,Contact residue without a current conservative mechanism label.,H237,237,catalytic His,Catalytic/oxyanion,10.93500036579789,10.93500036579789,Use as the IsPETase reference framework; state local/simulation numbering.
Pro00083,IsPETase WT,280,0.0037692307692307686,0.0,0.026,13,0,0,3,4,0.0,ARG,R280,coil/unassigned,no named landmark assigned,Other/candidate,low,trajectory-derived contact residue,Contact residue without a current conservative mechanism label.,D206,206,catalytic Asp,Catalytic/oxyanion,14.977729934806542,14.977729934806542,Use as the IsPETase reference framework; state local/simulation numbering.
Pro00083,IsPETase WT,150,0.0036923076923076922,0.0,0.045,13,0,0,3,4,0.0,ASP,D150,sheet,no named landmark assigned,Other/candidate,low,trajectory-derived contact residue,Contact residue without a current conservative mechanism label.,M161,161,oxyanion donor / active-site pocket,Catalytic/oxyanion,27.373186387412044,27.814891892653474,Use as the IsPETase reference framework; state local/simulation numbering.
Pro00083,IsPETase WT,241,0.0036153846153846154,0.001,0.017,13,0,0,3,4,0.0,ASN,N241,coil/unassigned,no named landmark assigned,Other/candidate,low,trajectory-derived contact residue,Contact residue without a current conservative mechanism label.,H237,237,catalytic His,Catalytic/oxyanion,8.725346640678525,8.725346640678525,Use as the IsPETase reference framework; state local/simulation numbering.
Pro00083,IsPETase WT,172,0.003384615384615385,0.0,0.042,13,0,0,3,4,0.0,ASN,N172,helix,no named landmark assigned,Other/candidate,low,trajectory-derived contact residue,Contact residue without a current conservative mechanism label.,I218,218,flexible pair I218,W-loop/flexible or rigid pair,15.64060663785136,18.541749809551415,Use as the IsPETase reference framework; state local/simulation numbering.
Pro00083,IsPETase WT,48,0.0033846153846153844,0.0,0.044,13,0,0,3,4,0.0,GLY,G48,coil/unassigned,no named landmark assigned,Other/candidate,low,trajectory-derived contact residue,Contact residue without a current conservative mechanism label.,S160,160,catalytic Ser,Catalytic/oxyanion,26.326768069780233,26.326768069780233,Use as the IsPETase reference framework; state local/simulation numbering.
Pro00083,IsPETase WT,153,0.0031538461538461538,0.0,0.039,13,0,0,3,4,0.0,ARG,R153,sheet,no named landmark assigned,Other/candidate,low,trajectory-derived contact residue,Contact residue without a current conservative mechanism label.,M161,161,oxyanion donor / active-site pocket,Catalytic/oxyanion,23.550019723983247,23.937725810945363,Use as the IsPETase reference framework; state local/simulation numbering.
Pro00083,IsPETase WT,191,0.0031538461538461533,0.0,0.023,13,0,0,3,4,0.0,PHE,F191,coil/unassigned,no named landmark assigned,Other/candidate,low,trajectory-derived contact residue,Contact residue without a current conservative mechanism label.,I218,218,flexible pair I218,W-loop/flexible or rigid pair,6.155620927250149,15.26205166417674,Use as the IsPETase reference framework; state local/simulation numbering.
Pro00083,IsPETase WT,77,0.003,0.0,0.034,13,0,0,3,4,0.0,THR,T77,coil/unassigned,no named landmark assigned,Other/candidate,low,trajectory-derived contact residue,Contact residue without a current conservative mechanism label.,S160,160,catalytic Ser,Catalytic/oxyanion,30.30205466630935,30.30205466630935,Use as the IsPETase reference framework; state local/simulation numbering.
Pro00083,IsPETase WT,112,0.002923076923076923,0.0,0.033,13,0,0,3,4,0.0,ASP,D112,sheet,no named landmark assigned,Other/candidate,low,trajectory-derived contact residue,Contact residue without a current conservative mechanism label.,Y87,87,oxyanion donor / active-site pocket,Catalytic/oxyanion,10.634406189345976,13.7741489392267,Use as the IsPETase reference framework; state local/simulation numbering.
Pro00083,IsPETase WT,285,0.0027692307692307695,0.0,0.017,13,0,0,3,4,0.0,ARG,R285,sheet,no named landmark assigned,Other/candidate,low,trajectory-derived contact residue,Contact residue without a current conservative mechanism label.,I218,218,flexible pair I218,W-loop/flexible or rigid pair,12.66363068002222,17.86523744594513,Use as the IsPETase reference framework; state local/simulation numbering.
Pro00083,IsPETase WT,41,0.0025384615384615385,0.0,0.027,13,0,0,3,4,0.0,ALA,A41,helix,no named landmark assigned,Other/candidate,low,trajectory-derived contact residue,Contact residue without a current conservative mechanism label.,H237,237,catalytic His,Catalytic/oxyanion,26.836895219082255,26.836895219082255,Use as the IsPETase reference framework; state local/simulation numbering.
Pro00083,IsPETase WT,60,0.0025384615384615385,0.0,0.023,13,0,0,3,4,0.0,PRO,P60,coil/unassigned,no named landmark assigned,Other/candidate,low,trajectory-derived contact residue,Contact residue without a current conservative mechanism label.,Y87,87,oxyanion donor / active-site pocket,Catalytic/oxyanion,19.49774330531613,22.16840395698346,Use as the IsPETase reference framework; state local/simulation numbering.
Pro00083,IsPETase WT,125,0.0023076923076923075,0.0,0.03,13,0,0,3,4,0.0,SER,S125,helix,no named landmark assigned,Other/candidate,low,trajectory-derived contact residue,Contact residue without a current conservative mechanism label.,M161,161,oxyanion donor / active-site pocket,Catalytic/oxyanion,12.434045077930191,15.545055323156621,Use as the IsPETase reference framework; state local/simulation numbering.
Pro00083,IsPETase WT,151,0.002230769230769231,0.0,0.024,13,0,0,3,4,0.0,THR,T151,sheet,no named landmark assigned,Other/candidate,low,trajectory-derived contact residue,Contact residue without a current conservative mechanism label.,M161,161,oxyanion donor / active-site pocket,Catalytic/oxyanion,25.266072825035554,26.1820914748994,Use as the IsPETase reference framework; state local/simulation numbering.
Pro00083,IsPETase WT,242,0.0022307692307692306,0.0,0.014,13,0,0,3,4,0.0,SER,S242,coil/unassigned,no named landmark assigned,Other/candidate,low,trajectory-derived contact residue,Contact residue without a current conservative mechanism label.,H237,237,catalytic His,Catalytic/oxyanion,12.167373340207819,12.167373340207819,Use as the IsPETase reference framework; state local/simulation numbering.
Pro00083,IsPETase WT,184,0.0021538461538461538,0.0,0.025,13,0,0,3,4,0.0,PRO,P184,coil/unassigned,W185 W-loop neighborhood,W-loop/flexible or rigid pair,medium,local sequence neighborhood,"W-loop-region evidence, not necessarily direct W185 contact.",W185,185,canonical W-loop Trp,W-loop/flexible or rigid pair,3.797011588078184,4.374579751244682,Use as the IsPETase reference framework; state local/simulation numbering.
Pro00083,IsPETase WT,263,0.002076923076923077,0.0,0.026,13,0,0,3,4,0.0,ASP,D263,helix,no named landmark assigned,Other/candidate,low,trajectory-derived contact residue,Contact residue without a current conservative mechanism label.,I218,218,flexible pair I218,W-loop/flexible or rigid pair,25.17461469417159,26.057960491949483,Use as the IsPETase reference framework; state local/simulation numbering.
Pro00083,IsPETase WT,47,0.002,0.0,0.026,13,0,0,3,4,0.0,ALA,A47,coil/unassigned,no named landmark assigned,Other/candidate,low,trajectory-derived contact residue,Contact residue without a current conservative mechanism label.,H237,237,catalytic His,Catalytic/oxyanion,24.524003608709567,24.524003608709567,Use as the IsPETase reference framework; state local/simulation numbering.
Pro00083,IsPETase WT,93,0.002,0.0,0.009,13,0,0,3,4,0.0,SER,S93,helix,no named landmark assigned,Other/candidate,low,trajectory-derived contact residue,Contact residue without a current conservative mechanism label.,S160,160,catalytic Ser,Catalytic/oxyanion,10.6951591853511,10.6951591853511,Use as the IsPETase reference framework; state local/simulation numbering.
Pro00083,IsPETase WT,128,0.0019230769230769232,0.0,0.025,13,0,0,3,4,0.0,MET,M128,helix,no named landmark assigned,Other/candidate,low,trajectory-derived contact residue,Contact residue without a current conservative mechanism label.,M161,161,oxyanion donor / active-site pocket,Catalytic/oxyanion,14.807263926870489,16.980899652256355,Use as the IsPETase reference framework; state local/simulation numbering.
Pro00083,IsPETase WT,279,0.0018461538461538461,0.0,0.013,13,0,0,3,4,0.0,THR,T279,coil/unassigned,no named landmark assigned,Other/candidate,low,trajectory-derived contact residue,Contact residue without a current conservative mechanism label.,D206,206,catalytic Asp,Catalytic/oxyanion,17.774690039491546,17.774690039491546,Use as the IsPETase reference framework; state local/simulation numbering.
Pro00083,IsPETase WT,233,0.0018461538461538461,0.0,0.01,13,0,0,3,4,0.0,ASN,N233,coil/unassigned,no named landmark assigned,Other/candidate,low,trajectory-derived contact residue,Contact residue without a current conservative mechanism label.,D206,206,catalytic Asp,Catalytic/oxyanion,10.39847089720407,10.39847089720407,Use as the IsPETase reference framework; state local/simulation numbering.
Pro00083,IsPETase WT,45,0.0017692307692307693,0.0,0.018,13,0,0,3,4,0.0,ALA,A45,helix,no named landmark assigned,Other/candidate,low,trajectory-derived contact residue,Contact residue without a current conservative mechanism label.,H237,237,catalytic His,Catalytic/oxyanion,23.654066225492816,23.654066225492816,Use as the IsPETase reference framework; state local/simulation numbering.
Pro00083,IsPETase WT,247,0.0016153846153846155,0.0,0.021,13,0,0,3,4,0.0,GLN,Q247,helix,no named landmark assigned,Other/candidate,low,trajectory-derived contact residue,Contact residue without a current conservative mechanism label.,H237,237,catalytic His,Catalytic/oxyanion,15.127157895652442,15.127157895652442,Use as the IsPETase reference framework; state local/simulation numbering.
Pro00083,IsPETase WT,154,0.0015384615384615385,0.0,0.02,13,0,0,3,4,0.0,MET,M154,sheet,no named landmark assigned,Other/candidate,low,trajectory-derived contact residue,Contact residue without a current conservative mechanism label.,M161,161,oxyanion donor / active-site pocket,Catalytic/oxyanion,19.849148772680405,20.374120079159248,Use as the IsPETase reference framework; state local/simulation numbering.
Pro00083,IsPETase WT,129,0.0014615384615384616,0.0,0.019,13,0,0,3,4,0.0,ALA,A129,helix,no named landmark assigned,Other/candidate,low,trajectory-derived contact residue,Contact residue without a current conservative mechanism label.,M161,161,oxyanion donor / active-site pocket,Catalytic/oxyanion,16.61801146346939,18.983968526101172,Use as the IsPETase reference framework; state local/simulation numbering.
Pro00083,IsPETase WT,277,0.0013076923076923079,0.0,0.009,13,0,0,3,4,0.0,ASN,N277,coil/unassigned,no named landmark assigned,Other/candidate,low,trajectory-derived contact residue,Contact residue without a current conservative mechanism label.,D206,206,catalytic Asp,Catalytic/oxyanion,21.53265680309794,21.53265680309794,Use as the IsPETase reference framework; state local/simulation numbering.
Pro00083,IsPETase WT,168,0.0013076923076923079,0.0,0.004,13,0,0,3,4,0.0,ILE,I168,helix,no named landmark assigned,Other/candidate,low,trajectory-derived contact residue,Contact residue without a current conservative mechanism label.,M161,161,oxyanion donor / active-site pocket,Catalytic/oxyanion,10.341646193909362,12.598235114491237,Use as the IsPETase reference framework; state local/simulation numbering.
Pro00083,IsPETase WT,135,0.0012307692307692308,0.0,0.016,13,0,0,3,4,0.0,ALA,A135,helix,no named landmark assigned,Other/candidate,low,trajectory-derived contact residue,Contact residue without a current conservative mechanism label.,M161,161,oxyanion donor / active-site pocket,Catalytic/oxyanion,24.273423924119154,25.59390476265785,Use as the IsPETase reference framework; state local/simulation numbering.
Pro00083,IsPETase WT,91,0.0012307692307692308,0.0,0.015,13,0,0,3,4,0.0,GLN,Q91,helix,no named landmark assigned,Other/candidate,low,trajectory-derived contact residue,Contact residue without a current conservative mechanism label.,Y87,87,oxyanion donor / active-site pocket,Catalytic/oxyanion,11.486279902562012,12.967616049220458,Use as the IsPETase reference framework; state local/simulation numbering.
Pro00083,IsPETase WT,63,0.0012307692307692308,0.0,0.014,13,0,0,3,4,0.0,TYR,Y63,coil/unassigned,no named landmark assigned,Other/candidate,low,trajectory-derived contact residue,Contact residue without a current conservative mechanism label.,Y87,87,oxyanion donor / active-site pocket,Catalytic/oxyanion,14.60759850214949,17.475009527894397,Use as the IsPETase reference framework; state local/simulation numbering.
Pro00083,IsPETase WT,148,0.0012307692307692308,0.0,0.014,13,0,0,3,4,0.0,LYS,K148,coil/unassigned,no named landmark assigned,Other/candidate,low,trajectory-derived contact residue,Contact residue without a current conservative mechanism label.,M161,161,oxyanion donor / active-site pocket,Catalytic/oxyanion,29.56936025686048,29.712953707095494,Use as the IsPETase reference framework; state local/simulation numbering.
Pro00083,IsPETase WT,176,0.0011538461538461537,0.0,0.015,13,0,0,3,4,0.0,LEU,L176,coil/unassigned,no named landmark assigned,Other/candidate,low,trajectory-derived contact residue,Contact residue without a current conservative mechanism label.,I218,218,flexible pair I218,W-loop/flexible or rigid pair,18.140507269643813,19.815118722833834,Use as the IsPETase reference framework; state local/simulation numbering.
Pro00083,IsPETase WT,126,0.0010769230769230769,0.0,0.014,13,0,0,3,4,0.0,GLN,Q126,helix,no named landmark assigned,Other/candidate,low,trajectory-derived contact residue,Contact residue without a current conservative mechanism label.,M161,161,oxyanion donor / active-site pocket,Catalytic/oxyanion,12.299409985848914,15.002579778158156,Use as the IsPETase reference framework; state local/simulation numbering.
Pro00083,IsPETase WT,278,0.001,0.0,0.009,13,0,0,3,4,0.0,SER,S278,coil/unassigned,no named landmark assigned,Other/candidate,low,trajectory-derived contact residue,Contact residue without a current conservative mechanism label.,D206,206,catalytic Asp,Catalytic/oxyanion,19.32287380282757,19.32287380282757,Use as the IsPETase reference framework; state local/simulation numbering.
Pro00083,IsPETase WT,123,0.001,0.0,0.006,13,0,0,3,4,0.0,ARG,R123,helix,no named landmark assigned,Other/candidate,low,trajectory-derived contact residue,Contact residue without a current conservative mechanism label.,M161,161,oxyanion donor / active-site pocket,Catalytic/oxyanion,7.439278258003259,10.597171179140215,Use as the IsPETase reference framework; state local/simulation numbering.
Pro00083,IsPETase WT,131,0.0009230769230769231,0.0,0.012,13,0,0,3,4,0.0,LEU,L131,helix,no named landmark assigned,Other/candidate,low,trajectory-derived contact residue,Contact residue without a current conservative mechanism label.,M161,161,oxyanion donor / active-site pocket,Catalytic/oxyanion,17.965076593212732,19.39081568681421,Use as the IsPETase reference framework; state local/simulation numbering.
Pro00083,IsPETase WT,194,0.0009230769230769231,0.0,0.012,13,0,0,3,4,0.0,VAL,V194,coil/unassigned,no named landmark assigned,Other/candidate,low,trajectory-derived contact residue,Contact residue without a current conservative mechanism label.,I218,218,flexible pair I218,W-loop/flexible or rigid pair,10.405094809755461,18.009036231847613,Use as the IsPETase reference framework; state local/simulation numbering.
Pro00083,IsPETase WT,64,0.0008461538461538461,0.0,0.011,13,0,0,3,4,0.0,GLY,G64,coil/unassigned,no named landmark assigned,Other/candidate,low,trajectory-derived contact residue,Contact residue without a current conservative mechanism label.,Y87,87,oxyanion donor / active-site pocket,Catalytic/oxyanion,13.767558280247082,17.72914665177092,Use as the IsPETase reference framework; state local/simulation numbering.
Pro00083,IsPETase WT,65,0.0008461538461538461,0.0,0.011,13,0,0,3,4,0.0,ALA,A65,sheet,no named landmark assigned,Other/candidate,low,trajectory-derived contact residue,Contact residue without a current conservative mechanism label.,Y87,87,oxyanion donor / active-site pocket,Catalytic/oxyanion,15.273016859808674,18.444103664857234,Use as the IsPETase reference framework; state local/simulation numbering.
Pro00083,IsPETase WT,95,0.0008461538461538461,0.0,0.009,13,0,0,3,4,0.0,LYS,K95,helix,no named landmark assigned,Other/candidate,low,trajectory-derived contact residue,Contact residue without a current conservative mechanism label.,S160,160,catalytic Ser,Catalytic/oxyanion,14.688806010020011,14.688806010020011,Use as the IsPETase reference framework; state local/simulation numbering.
Pro00083,IsPETase WT,46,0.0007692307692307692,0.0,0.008,13,0,0,3,4,0.0,SER,S46,coil/unassigned,no named landmark assigned,Other/candidate,low,trajectory-derived contact residue,Contact residue without a current conservative mechanism label.,H237,237,catalytic His,Catalytic/oxyanion,21.995851449762064,21.995851449762064,Use as the IsPETase reference framework; state local/simulation numbering.
Pro00083,IsPETase WT,246,0.0006923076923076924,0.0,0.006,13,0,0,3,4,0.0,ASN,N246,helix,no named landmark assigned,Other/candidate,low,trajectory-derived contact residue,Contact residue without a current conservative mechanism label.,H237,237,catalytic His,Catalytic/oxyanion,13.46982334702278,13.46982334702278,Use as the IsPETase reference framework; state local/simulation numbering.
Pro00083,IsPETase WT,273,0.0006923076923076924,0.0,0.005,13,0,0,3,4,0.0,CYS,C273,helix,no named landmark assigned,Other/candidate,low,trajectory-derived contact residue,Contact residue without a current conservative mechanism label.,I218,218,flexible pair I218,W-loop/flexible or rigid pair,18.62284288179439,23.304000579299686,Use as the IsPETase reference framework; state local/simulation numbering.
Pro00083,IsPETase WT,53,0.0006923076923076923,0.0,0.009,13,0,0,3,4,0.0,ARG,R53,sheet,no named landmark assigned,Other/candidate,low,trajectory-derived contact residue,Contact residue without a current conservative mechanism label.,S160,160,catalytic Ser,Catalytic/oxyanion,27.0461146562681,27.0461146562681,Use as the IsPETase reference framework; state local/simulation numbering.
Pro00083,IsPETase WT,222,0.0006923076923076923,0.0,0.009,13,0,0,3,4,0.0,MET,M222,helix,no named landmark assigned,Other/candidate,low,trajectory-derived contact residue,Contact residue without a current conservative mechanism label.,I218,218,flexible pair I218,W-loop/flexible or rigid pair,6.969928407092858,18.052066751483057,Use as the IsPETase reference framework; state local/simulation numbering.
Pro00083,IsPETase WT,44,0.0006153846153846154,0.0,0.008,13,0,0,3,4,0.0,GLU,E44,helix,no named landmark assigned,Other/candidate,low,trajectory-derived contact residue,Contact residue without a current conservative mechanism label.,H237,237,catalytic His,Catalytic/oxyanion,21.988693048928578,21.988693048928578,Use as the IsPETase reference framework; state local/simulation numbering.
Pro00083,IsPETase WT,133,0.0006153846153846154,0.0,0.007,13,0,0,3,4,0.0,GLN,Q133,helix,no named landmark assigned,Other/candidate,low,trajectory-derived contact residue,Contact residue without a current conservative mechanism label.,M161,161,oxyanion donor / active-site pocket,Catalytic/oxyanion,21.465967064169273,23.17216670922251,Use as the IsPETase reference framework; state local/simulation numbering.
Pro00083,IsPETase WT,231,0.0006153846153846154,0.0,0.006,13,0,0,3,4,0.0,GLU,E231,sheet,no named landmark assigned,Other/candidate,low,trajectory-derived contact residue,Contact residue without a current conservative mechanism label.,D206,206,catalytic Asp,Catalytic/oxyanion,10.092357999991874,10.092357999991874,Use as the IsPETase reference framework; state local/simulation numbering.
Pro00083,IsPETase WT,239,0.0006153846153846154,0.0,0.004,13,0,0,3,4,0.0,CYS,C239,coil/unassigned,catalytic Asp/His active-site rim,Cleft/rim patch,medium,local sequence neighborhood,Active-site rim adjacent to catalytic D206/H237.,H237,237,catalytic His,Catalytic/oxyanion,5.734439466940077,5.734439466940077,Use as the IsPETase reference framework; state local/simulation numbering.
Pro00083,IsPETase WT,248,0.0005384615384615384,0.0,0.007,13,0,0,3,4,0.0,ALA,A248,helix,no named landmark assigned,Other/candidate,low,trajectory-derived contact residue,Contact residue without a current conservative mechanism label.,H237,237,catalytic His,Catalytic/oxyanion,18.227166537890632,18.227166537890632,Use as the IsPETase reference framework; state local/simulation numbering.
Pro00083,IsPETase WT,58,0.0005384615384615384,0.0,0.006,13,0,0,3,4,0.0,SER,S58,coil/unassigned,no named landmark assigned,Other/candidate,low,trajectory-derived contact residue,Contact residue without a current conservative mechanism label.,Y87,87,oxyanion donor / active-site pocket,Catalytic/oxyanion,23.541584441154335,26.353797335488487,Use as the IsPETase reference framework; state local/simulation numbering.
Pro00083,IsPETase WT,147,0.0005384615384615384,0.0,0.005,13,0,0,3,4,0.0,GLY,G147,coil/unassigned,no named landmark assigned,Other/candidate,low,trajectory-derived contact residue,Contact residue without a current conservative mechanism label.,M161,161,oxyanion donor / active-site pocket,Catalytic/oxyanion,31.964160961927345,32.468289545339466,Use as the IsPETase reference framework; state local/simulation numbering.
Pro00083,IsPETase WT,136,0.00046153846153846153,0.0,0.006,13,0,0,3,4,0.0,SER,S136,helix,no named landmark assigned,Other/candidate,low,trajectory-derived contact residue,Contact residue without a current conservative mechanism label.,M161,161,oxyanion donor / active-site pocket,Catalytic/oxyanion,26.104893832383233,27.704380267387318,Use as the IsPETase reference framework; state local/simulation numbering.
Pro00083,IsPETase WT,268,0.00046153846153846153,0.0,0.006,13,0,0,3,4,0.0,TYR,Y268,helix,no named landmark assigned,Other/candidate,low,trajectory-derived contact residue,Contact residue without a current conservative mechanism label.,I218,218,flexible pair I218,W-loop/flexible or rigid pair,24.739341826329976,26.634794423835903,Use as the IsPETase reference framework; state local/simulation numbering.
Pro00083,IsPETase WT,138,0.00046153846153846153,0.0,0.003,13,0,0,3,4,0.0,ASN,N138,helix,no named landmark assigned,Other/candidate,low,trajectory-derived contact residue,Contact residue without a current conservative mechanism label.,M161,161,oxyanion donor / active-site pocket,Catalytic/oxyanion,28.046436992958657,28.97524947261024,Use as the IsPETase reference framework; state local/simulation numbering.
Pro00083,IsPETase WT,52,0.0003846153846153846,0.0,0.005,13,0,0,3,4,0.0,VAL,V52,sheet,no named landmark assigned,Other/candidate,low,trajectory-derived contact residue,Contact residue without a current conservative mechanism label.,S160,160,catalytic Ser,Catalytic/oxyanion,26.588848696399022,26.588848696399022,Use as the IsPETase reference framework; state local/simulation numbering.
Pro00083,IsPETase WT,103,0.0003846153846153846,0.0,0.005,13,0,0,3,4,0.0,SER,S103,helix,no named landmark assigned,Other/candidate,low,trajectory-derived contact residue,Contact residue without a current conservative mechanism label.,S160,160,catalytic Ser,Catalytic/oxyanion,24.65836707894503,24.65836707894503,Use as the IsPETase reference framework; state local/simulation numbering.
Pro00083,IsPETase WT,252,0.0003846153846153846,0.0,0.004,13,0,0,3,4,0.0,LYS,K252,helix,no named landmark assigned,Other/candidate,low,trajectory-derived contact residue,Contact residue without a current conservative mechanism label.,H237,237,catalytic His,Catalytic/oxyanion,19.71003543883166,19.71003543883166,Use as the IsPETase reference framework; state local/simulation numbering.
Pro00083,IsPETase WT,139,0.0003076923076923077,0.0,0.004,13,0,0,3,4,0.0,GLY,G139,helix,no named landmark assigned,Other/candidate,low,trajectory-derived contact residue,Contact residue without a current conservative mechanism label.,M161,161,oxyanion donor / active-site pocket,Catalytic/oxyanion,30.71973303920462,31.97407922051861,Use as the IsPETase reference framework; state local/simulation numbering.
Pro00083,IsPETase WT,100,0.00023076923076923076,0.0,0.003,13,0,0,3,4,0.0,ARG,R100,helix,no named landmark assigned,Other/candidate,low,trajectory-derived contact residue,Contact residue without a current conservative mechanism label.,S160,160,catalytic Ser,Catalytic/oxyanion,19.811164554361767,19.811164554361767,Use as the IsPETase reference framework; state local/simulation numbering.
Pro00083,IsPETase WT,249,0.00023076923076923076,0.0,0.003,13,0,0,3,4,0.0,LEU,L249,helix,no named landmark assigned,Other/candidate,low,trajectory-derived contact residue,Contact residue without a current conservative mechanism label.,H237,237,catalytic His,Catalytic/oxyanion,16.877790969199733,16.877790969199733,Use as the IsPETase reference framework; state local/simulation numbering.
Pro00083,IsPETase WT,146,0.00023076923076923076,0.0,0.002,13,0,0,3,4,0.0,TYR,Y146,coil/unassigned,no named landmark assigned,Other/candidate,low,trajectory-derived contact residue,Contact residue without a current conservative mechanism label.,M161,161,oxyanion donor / active-site pocket,Catalytic/oxyanion,31.128013380233565,31.737066735916223,Use as the IsPETase reference framework; state local/simulation numbering.
Pro00083,IsPETase WT,113,0.00015384615384615385,0.0,0.002,13,0,0,3,4,0.0,THR,T113,coil/unassigned,no named landmark assigned,Other/candidate,low,trajectory-derived contact residue,Contact residue without a current conservative mechanism label.,Y87,87,oxyanion donor / active-site pocket,Catalytic/oxyanion,9.426070284057932,13.215350203456586,Use as the IsPETase reference framework; state local/simulation numbering.
Pro00083,IsPETase WT,149,0.00015384615384615385,0.0,0.002,13,0,0,3,4,0.0,VAL,V149,sheet,no named landmark assigned,Other/candidate,low,trajectory-derived contact residue,Contact residue without a current conservative mechanism label.,M161,161,oxyanion donor / active-site pocket,Catalytic/oxyanion,26.877281893822524,27.24485467019415,Use as the IsPETase reference framework; state local/simulation numbering.
Pro00083,IsPETase WT,171,0.00015384615384615385,0.0,0.002,13,0,0,3,4,0.0,ALA,A171,helix,no named landmark assigned,Other/candidate,low,trajectory-derived contact residue,Contact residue without a current conservative mechanism label.,I218,218,flexible pair I218,W-loop/flexible or rigid pair,12.129356990376696,16.813624088815594,Use as the IsPETase reference framework; state local/simulation numbering.
Pro00083,IsPETase WT,219,0.00015384615384615385,0.0,0.002,13,0,0,3,4,0.0,TYR,Y219,helix,S214/I218 flexible-pair neighborhood,W-loop/flexible or rigid pair,medium,local sequence neighborhood,Flexible-pair neighborhood in the IsPETase reference framework.,I218,218,flexible pair I218,W-loop/flexible or rigid pair,3.8530150531758895,14.378066803294525,Use as the IsPETase reference framework; state local/simulation numbering.
Pro00083,IsPETase WT,262,0.00015384615384615385,0.0,0.001,13,0,0,3,4,0.0,MET,M262,helix,no named landmark assigned,Other/candidate,low,trajectory-derived contact residue,Contact residue without a current conservative mechanism label.,I218,218,flexible pair I218,W-loop/flexible or rigid pair,21.755663584455426,22.691830380116983,Use as the IsPETase reference framework; state local/simulation numbering.
Pro00083,IsPETase WT,283,0.00015384615384615385,0.0,0.001,13,0,0,3,4,0.0,ASP,D283,sheet,no named landmark assigned,Other/candidate,low,trajectory-derived contact residue,Contact residue without a current conservative mechanism label.,D206,206,catalytic Asp,Catalytic/oxyanion,13.417067563368683,13.417067563368683,Use as the IsPETase reference framework; state local/simulation numbering.
Pro00083,IsPETase WT,56,7.692307692307693e-05,0.0,0.001,13,0,0,3,4,0.0,THR,T56,sheet,no named landmark assigned,Other/candidate,low,trajectory-derived contact residue,Contact residue without a current conservative mechanism label.,Y87,87,oxyanion donor / active-site pocket,Catalytic/oxyanion,21.702621777103335,23.527077931608932,Use as the IsPETase reference framework; state local/simulation numbering.
Pro00083,IsPETase WT,57,7.692307692307693e-05,0.0,0.001,13,0,0,3,4,0.0,VAL,V57,coil/unassigned,no named landmark assigned,Other/candidate,low,trajectory-derived contact residue,Contact residue without a current conservative mechanism label.,Y87,87,oxyanion donor / active-site pocket,Catalytic/oxyanion,21.678753792596105,23.637964760105724,Use as the IsPETase reference framework; state local/simulation numbering.
Pro00083,IsPETase WT,96,7.692307692307693e-05,0.0,0.001,13,0,0,3,4,0.0,TRP,W96,helix,no named landmark assigned,Other/candidate,low,trajectory-derived contact residue,Contact residue without a current conservative mechanism label.,S160,160,catalytic Ser,Catalytic/oxyanion,15.983402203536018,15.983402203536018,Use as the IsPETase reference framework; state local/simulation numbering.
Pro00083,IsPETase WT,104,7.692307692307693e-05,0.0,0.001,13,0,0,3,4,0.0,HIS,H104,coil/unassigned,no named landmark assigned,Other/candidate,low,trajectory-derived contact residue,Contact residue without a current conservative mechanism label.,S160,160,catalytic Ser,Catalytic/oxyanion,24.54814935998231,24.54814935998231,Use as the IsPETase reference framework; state local/simulation numbering.
Pro00083,IsPETase WT,140,7.692307692307693e-05,0.0,0.001,13,0,0,3,4,0.0,THR,T140,coil/unassigned,no named landmark assigned,Other/candidate,low,trajectory-derived contact residue,Contact residue without a current conservative mechanism label.,M161,161,oxyanion donor / active-site pocket,Catalytic/oxyanion,31.395890511339218,32.64827102619678,Use as the IsPETase reference framework; state local/simulation numbering.
Pro00083,IsPETase WT,141,7.692307692307693e-05,0.0,0.001,13,0,0,3,4,0.0,SER,S141,coil/unassigned,no named landmark assigned,Other/candidate,low,trajectory-derived contact residue,Contact residue without a current conservative mechanism label.,M161,161,oxyanion donor / active-site pocket,Catalytic/oxyanion,34.522248261085196,35.51497218075779,Use as the IsPETase reference framework; state local/simulation numbering.
Pro00083,IsPETase WT,227,7.692307692307693e-05,0.0,0.001,13,0,0,3,4,0.0,LYS,K227,sheet,no named landmark assigned,Other/candidate,low,trajectory-derived contact residue,Contact residue without a current conservative mechanism label.,I218,218,flexible pair I218,W-loop/flexible or rigid pair,10.849865114368935,18.306280479660526,Use as the IsPETase reference framework; state local/simulation numbering.
Pro00083,IsPETase WT,240,7.692307692307693e-05,0.0,0.001,13,0,0,3,4,0.0,ALA,A240,coil/unassigned,no named landmark assigned,Other/candidate,low,trajectory-derived contact residue,Contact residue without a current conservative mechanism label.,H237,237,catalytic His,Catalytic/oxyanion,8.067497257514253,8.067497257514253,Use as the IsPETase reference framework; state local/simulation numbering.
Pro00083,IsPETase WT,275,7.692307692307693e-05,0.0,0.001,13,0,0,3,4,0.0,ASN,N275,coil/unassigned,no named landmark assigned,Other/candidate,low,trajectory-derived contact residue,Contact residue without a current conservative mechanism label.,I218,218,flexible pair I218,W-loop/flexible or rigid pair,19.60180333540769,21.409779564488748,Use as the IsPETase reference framework; state local/simulation numbering.
Pro00083,IsPETase WT,282,7.692307692307693e-05,0.0,0.001,13,0,0,3,4,0.0,SER,S282,sheet,no named landmark assigned,Other/candidate,low,trajectory-derived contact residue,Contact residue without a current conservative mechanism label.,D206,206,catalytic Asp,Catalytic/oxyanion,12.58885304545255,12.58885304545255,Use as the IsPETase reference framework; state local/simulation numbering.
Pro00083,IsPETase WT,43,0.0,0.0,0.0,13,0,0,3,4,0.0,LEU,L43,helix,no named landmark assigned,Other/candidate,low,trajectory-derived contact residue,Contact residue without a current conservative mechanism label.,H237,237,catalytic His,Catalytic/oxyanion,23.85652627689119,23.85652627689119,Use as the IsPETase reference framework; state local/simulation numbering.
Pro00083,IsPETase WT,54,0.0,0.0,0.0,13,0,0,3,4,0.0,SER,S54,sheet,no named landmark assigned,Other/candidate,low,trajectory-derived contact residue,Contact residue without a current conservative mechanism label.,Y87,87,oxyanion donor / active-site pocket,Catalytic/oxyanion,24.744539983600422,24.755029771745377,Use as the IsPETase reference framework; state local/simulation numbering.
Pro00083,IsPETase WT,55,0.0,0.0,0.0,13,0,0,3,4,0.0,PHE,F55,sheet,no named landmark assigned,Other/candidate,low,trajectory-derived contact residue,Contact residue without a current conservative mechanism label.,Y87,87,oxyanion donor / active-site pocket,Catalytic/oxyanion,24.291444954963055,25.248886430890376,Use as the IsPETase reference framework; state local/simulation numbering.
Pro00083,IsPETase WT,66,0.0,0.0,0.0,13,0,0,3,4,0.0,GLY,G66,sheet,no named landmark assigned,Other/candidate,low,trajectory-derived contact residue,Contact residue without a current conservative mechanism label.,Y87,87,oxyanion donor / active-site pocket,Catalytic/oxyanion,16.471685554308035,18.228016595340264,Use as the IsPETase reference framework; state local/simulation numbering.
Pro00083,IsPETase WT,67,0.0,0.0,0.0,13,0,0,3,4,0.0,THR,T67,sheet,no named landmark assigned,Other/candidate,low,trajectory-derived contact residue,Contact residue without a current conservative mechanism label.,Y87,87,oxyanion donor / active-site pocket,Catalytic/oxyanion,18.71310463285021,19.630235072459016,Use as the IsPETase reference framework; state local/simulation numbering.
Pro00083,IsPETase WT,68,0.0,0.0,0.0,13,0,0,3,4,0.0,VAL,V68,sheet,no named landmark assigned,Other/candidate,low,trajectory-derived contact residue,Contact residue without a current conservative mechanism label.,M161,161,oxyanion donor / active-site pocket,Catalytic/oxyanion,21.10694039883564,21.159384891815733,Use as the IsPETase reference framework; state local/simulation numbering.
Pro00083,IsPETase WT,69,0.0,0.0,0.0,13,0,0,3,4,0.0,TYR,Y69,sheet,no named landmark assigned,Other/candidate,low,trajectory-derived contact residue,Contact residue without a current conservative mechanism label.,S160,160,catalytic Ser,Catalytic/oxyanion,21.896735784130016,21.896735784130016,Use as the IsPETase reference framework; state local/simulation numbering.
Pro00083,IsPETase WT,70,0.0,0.0,0.0,13,0,0,3,4,0.0,TYR,Y70,sheet,no named landmark assigned,Other/candidate,low,trajectory-derived contact residue,Contact residue without a current conservative mechanism label.,S160,160,catalytic Ser,Catalytic/oxyanion,24.707184987367544,24.707184987367544,Use as the IsPETase reference framework; state local/simulation numbering.
Pro00083,IsPETase WT,71,0.0,0.0,0.0,13,0,0,3,4,0.0,PRO,P71,sheet,no named landmark assigned,Other/candidate,low,trajectory-derived contact residue,Contact residue without a current conservative mechanism label.,S160,160,catalytic Ser,Catalytic/oxyanion,27.312371720522552,27.312371720522552,Use as the IsPETase reference framework; state local/simulation numbering.
Pro00083,IsPETase WT,78,0.0,0.0,0.0,13,0,0,3,4,0.0,VAL,V78,sheet,no named landmark assigned,Other/candidate,low,trajectory-derived contact residue,Contact residue without a current conservative mechanism label.,S160,160,catalytic Ser,Catalytic/oxyanion,26.700353125005666,26.700353125005666,Use as the IsPETase reference framework; state local/simulation numbering.
Pro00083,IsPETase WT,79,0.0,0.0,0.0,13,0,0,3,4,0.0,GLY,G79,sheet,no named landmark assigned,Other/candidate,low,trajectory-derived contact residue,Contact residue without a current conservative mechanism label.,S160,160,catalytic Ser,Catalytic/oxyanion,23.567293523016172,23.567293523016172,Use as the IsPETase reference framework; state local/simulation numbering.
Pro00083,IsPETase WT,80,0.0,0.0,0.0,13,0,0,3,4,0.0,ALA,A80,sheet,no named landmark assigned,Other/candidate,low,trajectory-derived contact residue,Contact residue without a current conservative mechanism label.,M161,161,oxyanion donor / active-site pocket,Catalytic/oxyanion,20.669875108476102,20.844628396783666,Use as the IsPETase reference framework; state local/simulation numbering.
Pro00083,IsPETase WT,81,0.0,0.0,0.0,13,0,0,3,4,0.0,ILE,I81,sheet,no named landmark assigned,Other/candidate,low,trajectory-derived contact residue,Contact residue without a current conservative mechanism label.,S160,160,catalytic Ser,Catalytic/oxyanion,17.03925673261601,17.03925673261601,Use as the IsPETase reference framework; state local/simulation numbering.
Pro00083,IsPETase WT,82,0.0,0.0,0.0,13,0,0,3,4,0.0,ALA,A82,sheet,no named landmark assigned,Other/candidate,low,trajectory-derived contact residue,Contact residue without a current conservative mechanism label.,M161,161,oxyanion donor / active-site pocket,Catalytic/oxyanion,14.160902937313004,14.612305704439667,Use as the IsPETase reference framework; state local/simulation numbering.
Pro00083,IsPETase WT,83,0.0,0.0,0.0,13,0,0,3,4,0.0,ILE,I83,sheet,no named landmark assigned,Other/candidate,low,trajectory-derived contact residue,Contact residue without a current conservative mechanism label.,S160,160,catalytic Ser,Catalytic/oxyanion,11.41445434525891,11.41445434525891,Use as the IsPETase reference framework; state local/simulation numbering.
Pro00083,IsPETase WT,84,0.0,0.0,0.0,13,0,0,3,4,0.0,VAL,V84,sheet,no named landmark assigned,Other/candidate,low,trajectory-derived contact residue,Contact residue without a current conservative mechanism label.,M161,161,oxyanion donor / active-site pocket,Catalytic/oxyanion,8.400352194997541,8.933885436919372,Use as the IsPETase reference framework; state local/simulation numbering.
Pro00083,IsPETase WT,85,0.0,0.0,0.0,13,0,0,3,4,0.0,PRO,P85,coil/unassigned,no named landmark assigned,Other/candidate,low,trajectory-derived contact residue,Contact residue without a current conservative mechanism label.,Y87,87,oxyanion donor / active-site pocket,Catalytic/oxyanion,7.024326658121758,7.194429859273076,Use as the IsPETase reference framework; state local/simulation numbering.
Pro00083,IsPETase WT,94,0.0,0.0,0.0,13,0,0,3,4,0.0,ILE,I94,helix,no named landmark assigned,Other/candidate,low,trajectory-derived contact residue,Contact residue without a current conservative mechanism label.,S160,160,catalytic Ser,Catalytic/oxyanion,10.862208016789221,10.862208016789221,Use as the IsPETase reference framework; state local/simulation numbering.
Pro00083,IsPETase WT,97,0.0,0.0,0.0,13,0,0,3,4,0.0,TRP,W97,helix,no named landmark assigned,Other/candidate,low,trajectory-derived contact residue,Contact residue without a current conservative mechanism label.,S160,160,catalytic Ser,Catalytic/oxyanion,15.168501903615928,15.168501903615928,Use as the IsPETase reference framework; state local/simulation numbering.
Pro00083,IsPETase WT,98,0.0,0.0,0.0,13,0,0,3,4,0.0,GLY,G98,helix,no named landmark assigned,Other/candidate,low,trajectory-derived contact residue,Contact residue without a current conservative mechanism label.,S160,160,catalytic Ser,Catalytic/oxyanion,17.553589518955945,17.553589518955945,Use as the IsPETase reference framework; state local/simulation numbering.
Pro00083,IsPETase WT,99,0.0,0.0,0.0,13,0,0,3,4,0.0,PRO,P99,helix,no named landmark assigned,Other/candidate,low,trajectory-derived contact residue,Contact residue without a current conservative mechanism label.,S160,160,catalytic Ser,Catalytic/oxyanion,20.755278412972448,20.755278412972448,Use as the IsPETase reference framework; state local/simulation numbering.
Pro00083,IsPETase WT,101,0.0,0.0,0.0,13,0,0,3,4,0.0,LEU,L101,helix,no named landmark assigned,Other/candidate,low,trajectory-derived contact residue,Contact residue without a current conservative mechanism label.,S160,160,catalytic Ser,Catalytic/oxyanion,19.507384114739732,19.507384114739732,Use as the IsPETase reference framework; state local/simulation numbering.
Pro00083,IsPETase WT,102,0.0,0.0,0.0,13,0,0,3,4,0.0,ALA,A102,helix,no named landmark assigned,Other/candidate,low,trajectory-derived contact residue,Contact residue without a current conservative mechanism label.,S160,160,catalytic Ser,Catalytic/oxyanion,22.17649625166248,22.17649625166248,Use as the IsPETase reference framework; state local/simulation numbering.
Pro00083,IsPETase WT,105,0.0,0.0,0.0,13,0,0,3,4,0.0,GLY,G105,coil/unassigned,no named landmark assigned,Other/candidate,low,trajectory-derived contact residue,Contact residue without a current conservative mechanism label.,S160,160,catalytic Ser,Catalytic/oxyanion,25.416776428178302,25.416776428178302,Use as the IsPETase reference framework; state local/simulation numbering.
Pro00083,IsPETase WT,106,0.0,0.0,0.0,13,0,0,3,4,0.0,PHE,F106,coil/unassigned,no named landmark assigned,Other/candidate,low,trajectory-derived contact residue,Contact residue without a current conservative mechanism label.,S160,160,catalytic Ser,Catalytic/oxyanion,22.629233725426943,22.629233725426943,Use as the IsPETase reference framework; state local/simulation numbering.
Pro00083,IsPETase WT,107,0.0,0.0,0.0,13,0,0,3,4,0.0,VAL,V107,sheet,no named landmark assigned,Other/candidate,low,trajectory-derived contact residue,Contact residue without a current conservative mechanism label.,S160,160,catalytic Ser,Catalytic/oxyanion,22.224202145408956,22.224202145408956,Use as the IsPETase reference framework; state local/simulation numbering.
Pro00083,IsPETase WT,108,0.0,0.0,0.0,13,0,0,3,4,0.0,VAL,V108,sheet,no named landmark assigned,Other/candidate,low,trajectory-derived contact residue,Contact residue without a current conservative mechanism label.,S160,160,catalytic Ser,Catalytic/oxyanion,18.685217419125742,18.685217419125742,Use as the IsPETase reference framework; state local/simulation numbering.
Pro00083,IsPETase WT,109,0.0,0.0,0.0,13,0,0,3,4,0.0,ILE,I109,sheet,no named landmark assigned,Other/candidate,low,trajectory-derived contact residue,Contact residue without a current conservative mechanism label.,M161,161,oxyanion donor / active-site pocket,Catalytic/oxyanion,17.160484550268386,17.3432191360197,Use as the IsPETase reference framework; state local/simulation numbering.
Pro00083,IsPETase WT,110,0.0,0.0,0.0,13,0,0,3,4,0.0,THR,T110,sheet,no named landmark assigned,Other/candidate,low,trajectory-derived contact residue,Contact residue without a current conservative mechanism label.,S160,160,catalytic Ser,Catalytic/oxyanion,14.603016845843875,14.603016845843875,Use as the IsPETase reference framework; state local/simulation numbering.
Pro00083,IsPETase WT,111,0.0,0.0,0.0,13,0,0,3,4,0.0,ILE,I111,sheet,no named landmark assigned,Other/candidate,low,trajectory-derived contact residue,Contact residue without a current conservative mechanism label.,Y87,87,oxyanion donor / active-site pocket,Catalytic/oxyanion,12.794166092403207,14.084735212278575,Use as the IsPETase reference framework; state local/simulation numbering.
Pro00083,IsPETase WT,124,0.0,0.0,0.0,13,0,0,3,4,0.0,SER,S124,helix,no named landmark assigned,Other/candidate,low,trajectory-derived contact residue,Contact residue without a current conservative mechanism label.,M161,161,oxyanion donor / active-site pocket,Catalytic/oxyanion,9.26280394912901,12.125121483927492,Use as the IsPETase reference framework; state local/simulation numbering.
Pro00083,IsPETase WT,127,0.0,0.0,0.0,13,0,0,3,4,0.0,GLN,Q127,helix,no named landmark assigned,Other/candidate,low,trajectory-derived contact residue,Contact residue without a current conservative mechanism label.,M161,161,oxyanion donor / active-site pocket,Catalytic/oxyanion,11.785052778838116,13.772391041500384,Use as the IsPETase reference framework; state local/simulation numbering.
Pro00083,IsPETase WT,130,0.0,0.0,0.0,13,0,0,3,4,0.0,ALA,A130,helix,no named landmark assigned,Other/candidate,low,trajectory-derived contact residue,Contact residue without a current conservative mechanism label.,M161,161,oxyanion donor / active-site pocket,Catalytic/oxyanion,16.441381754584985,18.13891909679295,Use as the IsPETase reference framework; state local/simulation numbering.
Pro00083,IsPETase WT,134,0.0,0.0,0.0,13,0,0,3,4,0.0,VAL,V134,helix,no named landmark assigned,Other/candidate,low,trajectory-derived contact residue,Contact residue without a current conservative mechanism label.,M161,161,oxyanion donor / active-site pocket,Catalytic/oxyanion,21.990263413611036,23.107959862350466,Use as the IsPETase reference framework; state local/simulation numbering.
Pro00083,IsPETase WT,137,0.0,0.0,0.0,13,0,0,3,4,0.0,LEU,L137,helix,no named landmark assigned,Other/candidate,low,trajectory-derived contact residue,Contact residue without a current conservative mechanism label.,M161,161,oxyanion donor / active-site pocket,Catalytic/oxyanion,26.565341368030637,27.749285576389173,Use as the IsPETase reference framework; state local/simulation numbering.
Pro00083,IsPETase WT,142,0.0,0.0,0.0,13,0,0,3,4,0.0,SER,S142,coil/unassigned,no named landmark assigned,Other/candidate,low,trajectory-derived contact residue,Contact residue without a current conservative mechanism label.,M161,161,oxyanion donor / active-site pocket,Catalytic/oxyanion,33.740682432339746,34.64408274150147,Use as the IsPETase reference framework; state local/simulation numbering.
Pro00083,IsPETase WT,143,0.0,0.0,0.0,13,0,0,3,4,0.0,SER,S143,coil/unassigned,no named landmark assigned,Other/candidate,low,trajectory-derived contact residue,Contact residue without a current conservative mechanism label.,M161,161,oxyanion donor / active-site pocket,Catalytic/oxyanion,30.281336133004437,31.034462682637184,Use as the IsPETase reference framework; state local/simulation numbering.
Pro00083,IsPETase WT,144,0.0,0.0,0.0,13,0,0,3,4,0.0,PRO,P144,coil/unassigned,no named landmark assigned,Other/candidate,low,trajectory-derived contact residue,Contact residue without a current conservative mechanism label.,M161,161,oxyanion donor / active-site pocket,Catalytic/oxyanion,30.16761598137977,30.438012747221197,Use as the IsPETase reference framework; state local/simulation numbering.
Pro00083,IsPETase WT,145,0.0,0.0,0.0,13,0,0,3,4,0.0,ILE,I145,coil/unassigned,no named landmark assigned,Other/candidate,low,trajectory-derived contact residue,Contact residue without a current conservative mechanism label.,M161,161,oxyanion donor / active-site pocket,Catalytic/oxyanion,28.40820849684119,28.732420573282717,Use as the IsPETase reference framework; state local/simulation numbering.
Pro00083,IsPETase WT,155,0.0,0.0,0.0,13,0,0,3,4,0.0,GLY,G155,sheet,no named landmark assigned,Other/candidate,low,trajectory-derived contact residue,Contact residue without a current conservative mechanism label.,M161,161,oxyanion donor / active-site pocket,Catalytic/oxyanion,16.83152298516091,16.96081183198493,Use as the IsPETase reference framework; state local/simulation numbering.
Pro00083,IsPETase WT,156,0.0,0.0,0.0,13,0,0,3,4,0.0,VAL,V156,sheet,no named landmark assigned,Other/candidate,low,trajectory-derived contact residue,Contact residue without a current conservative mechanism label.,M161,161,oxyanion donor / active-site pocket,Catalytic/oxyanion,13.016529337730548,13.249737582307056,Use as the IsPETase reference framework; state local/simulation numbering.
Pro00083,IsPETase WT,157,0.0,0.0,0.0,13,0,0,3,4,0.0,MET,M157,sheet,no named landmark assigned,Other/candidate,low,trajectory-derived contact residue,Contact residue without a current conservative mechanism label.,S160,160,catalytic Ser,Catalytic/oxyanion,10.231329972198141,10.231329972198141,Use as the IsPETase reference framework; state local/simulation numbering.
Pro00083,IsPETase WT,158,0.0,0.0,0.0,13,0,0,3,4,0.0,GLY,G158,sheet,catalytic/oxyanion pocket neighborhood,Catalytic/oxyanion,medium,local sequence neighborhood,Active-site pocket around Y87/S160/M161.,S160,160,catalytic Ser,Catalytic/oxyanion,6.842965804386282,6.842965804386282,Use as the IsPETase reference framework; state local/simulation numbering.
Pro00083,IsPETase WT,162,0.0,0.0,0.0,13,0,0,3,4,0.0,GLY,G162,helix,catalytic/oxyanion pocket neighborhood,Catalytic/oxyanion,medium,local sequence neighborhood,Active-site pocket around Y87/S160/M161.,M161,161,oxyanion donor / active-site pocket,Catalytic/oxyanion,3.8731989362799335,5.259533819645997,Use as the IsPETase reference framework; state local/simulation numbering.
Pro00083,IsPETase WT,163,0.0,0.0,0.0,13,0,0,3,4,0.0,GLY,G163,helix,near S160 (catalytic Ser),Catalytic/oxyanion,medium-low,local CA-distance annotation,Spatially near a named landmark; inspect before strong mechanistic wording.,S160,160,catalytic Ser,Catalytic/oxyanion,4.946683434383083,4.946683434383083,Use as the IsPETase reference framework; state local/simulation numbering.
Pro00083,IsPETase WT,164,0.0,0.0,0.0,13,0,0,3,4,0.0,GLY,G164,helix,near M161 (oxyanion donor / active-site pocket),Catalytic/oxyanion,medium-low,local CA-distance annotation,Spatially near a named landmark; inspect before strong mechanistic wording.,M161,161,oxyanion donor / active-site pocket,Catalytic/oxyanion,4.901195772462064,6.496866475463383,Use as the IsPETase reference framework; state local/simulation numbering.
Pro00083,IsPETase WT,165,0.0,0.0,0.0,13,0,0,3,4,0.0,GLY,G165,helix,no named landmark assigned,Other/candidate,low,trajectory-derived contact residue,Contact residue without a current conservative mechanism label.,M161,161,oxyanion donor / active-site pocket,Catalytic/oxyanion,6.053721169660856,8.583961905786861,Use as the IsPETase reference framework; state local/simulation numbering.
Pro00083,IsPETase WT,166,0.0,0.0,0.0,13,0,0,3,4,0.0,SER,S166,helix,no named landmark assigned,Other/candidate,low,trajectory-derived contact residue,Contact residue without a current conservative mechanism label.,M161,161,oxyanion donor / active-site pocket,Catalytic/oxyanion,8.570438028479058,9.69545408941737,Use as the IsPETase reference framework; state local/simulation numbering.
Pro00083,IsPETase WT,167,0.0,0.0,0.0,13,0,0,3,4,0.0,LEU,L167,helix,no named landmark assigned,Other/candidate,low,trajectory-derived contact residue,Contact residue without a current conservative mechanism label.,I218,218,flexible pair I218,W-loop/flexible or rigid pair,8.966811083099723,10.89726621680869,Use as the IsPETase reference framework; state local/simulation numbering.
Pro00083,IsPETase WT,169,0.0,0.0,0.0,13,0,0,3,4,0.0,SER,S169,helix,no named landmark assigned,Other/candidate,low,trajectory-derived contact residue,Contact residue without a current conservative mechanism label.,M161,161,oxyanion donor / active-site pocket,Catalytic/oxyanion,12.08322564549715,14.095625207843744,Use as the IsPETase reference framework; state local/simulation numbering.
Pro00083,IsPETase WT,170,0.0,0.0,0.0,13,0,0,3,4,0.0,ALA,A170,helix,no named landmark assigned,Other/candidate,low,trajectory-derived contact residue,Contact residue without a current conservative mechanism label.,I218,218,flexible pair I218,W-loop/flexible or rigid pair,12.722750252991688,15.381246763510429,Use as the IsPETase reference framework; state local/simulation numbering.
Pro00083,IsPETase WT,178,0.0,0.0,0.0,13,0,0,3,4,0.0,ALA,A178,sheet,no named landmark assigned,Other/candidate,low,trajectory-derived contact residue,Contact residue without a current conservative mechanism label.,I218,218,flexible pair I218,W-loop/flexible or rigid pair,15.839587684027638,17.52333061949126,Use as the IsPETase reference framework; state local/simulation numbering.
Pro00083,IsPETase WT,179,0.0,0.0,0.0,13,0,0,3,4,0.0,ALA,A179,sheet,no named landmark assigned,Other/candidate,low,trajectory-derived contact residue,Contact residue without a current conservative mechanism label.,I218,218,flexible pair I218,W-loop/flexible or rigid pair,12.897024501798855,13.768110001013213,Use as the IsPETase reference framework; state local/simulation numbering.
Pro00083,IsPETase WT,180,0.0,0.0,0.0,13,0,0,3,4,0.0,ALA,A180,sheet,no named landmark assigned,Other/candidate,low,trajectory-derived contact residue,Contact residue without a current conservative mechanism label.,S160,160,catalytic Ser,Catalytic/oxyanion,11.78361523472317,11.78361523472317,Use as the IsPETase reference framework; state local/simulation numbering.
Pro00083,IsPETase WT,181,0.0,0.0,0.0,13,0,0,3,4,0.0,PRO,P181,sheet,no named landmark assigned,Other/candidate,low,trajectory-derived contact residue,Contact residue without a current conservative mechanism label.,S160,160,catalytic Ser,Catalytic/oxyanion,7.954862852368984,7.954862852368984,Use as the IsPETase reference framework; state local/simulation numbering.
Pro00083,IsPETase WT,182,0.0,0.0,0.0,13,0,0,3,4,0.0,GLN,Q182,sheet,no named landmark assigned,Other/candidate,low,trajectory-derived contact residue,Contact residue without a current conservative mechanism label.,S160,160,catalytic Ser,Catalytic/oxyanion,6.566213292301736,6.566213292301736,Use as the IsPETase reference framework; state local/simulation numbering.
Pro00083,IsPETase WT,183,0.0,0.0,0.0,13,0,0,3,4,0.0,ALA,A183,coil/unassigned,W185 W-loop neighborhood,W-loop/flexible or rigid pair,medium,local sequence neighborhood,"W-loop-region evidence, not necessarily direct W185 contact.",S160,160,catalytic Ser,Catalytic/oxyanion,5.199642872351908,5.199642872351908,Use as the IsPETase reference framework; state local/simulation numbering.
Pro00083,IsPETase WT,198,0.0,0.0,0.0,13,0,0,3,4,0.0,THR,T198,sheet,no named landmark assigned,Other/candidate,low,trajectory-derived contact residue,Contact residue without a current conservative mechanism label.,I218,218,flexible pair I218,W-loop/flexible or rigid pair,10.51238027280216,15.184738950670177,Use as the IsPETase reference framework; state local/simulation numbering.
Pro00083,IsPETase WT,199,0.0,0.0,0.0,13,0,0,3,4,0.0,LEU,L199,sheet,no named landmark assigned,Other/candidate,low,trajectory-derived contact residue,Contact residue without a current conservative mechanism label.,I218,218,flexible pair I218,W-loop/flexible or rigid pair,10.9657832825567,14.058999430969473,Use as the IsPETase reference framework; state local/simulation numbering.
Pro00083,IsPETase WT,200,0.0,0.0,0.0,13,0,0,3,4,0.0,ILE,I200,sheet,no named landmark assigned,Other/candidate,low,trajectory-derived contact residue,Contact residue without a current conservative mechanism label.,I218,218,flexible pair I218,W-loop/flexible or rigid pair,8.68847771476684,11.118491309525767,Use as the IsPETase reference framework; state local/simulation numbering.
Pro00083,IsPETase WT,201,0.0,0.0,0.0,13,0,0,3,4,0.0,PHE,F201,sheet,no named landmark assigned,Other/candidate,low,trajectory-derived contact residue,Contact residue without a current conservative mechanism label.,H237,237,catalytic His,Catalytic/oxyanion,10.476488581581139,10.476488581581139,Use as the IsPETase reference framework; state local/simulation numbering.
Pro00083,IsPETase WT,202,0.0,0.0,0.0,13,0,0,3,4,0.0,ALA,A202,sheet,no named landmark assigned,Other/candidate,low,trajectory-derived contact residue,Contact residue without a current conservative mechanism label.,D206,206,catalytic Asp,Catalytic/oxyanion,7.988209686782139,7.988209686782139,Use as the IsPETase reference framework; state local/simulation numbering.
Pro00083,IsPETase WT,203,0.0,0.0,0.0,13,0,0,3,4,0.0,CYS,C203,sheet,near D206 (catalytic Asp),Catalytic/oxyanion,medium-low,local CA-distance annotation,Spatially near a named landmark; inspect before strong mechanistic wording.,D206,206,catalytic Asp,Catalytic/oxyanion,5.359000933009809,5.359000933009809,Use as the IsPETase reference framework; state local/simulation numbering.
Pro00083,IsPETase WT,215,0.0,0.0,0.0,13,0,0,3,4,0.0,ALA,A215,helix,S214/I218 flexible-pair neighborhood,W-loop/flexible or rigid pair,medium,local sequence neighborhood,Flexible-pair neighborhood in the IsPETase reference framework.,S214,214,flexible pair S214,W-loop/flexible or rigid pair,3.8418257378491303,9.574736967666524,Use as the IsPETase reference framework; state local/simulation numbering.
Pro00083,IsPETase WT,228,0.0,0.0,0.0,13,0,0,3,4,0.0,GLN,Q228,sheet,no named landmark assigned,Other/candidate,low,trajectory-derived contact residue,Contact residue without a current conservative mechanism label.,I218,218,flexible pair I218,W-loop/flexible or rigid pair,11.206199400331943,17.248101663661423,Use as the IsPETase reference framework; state local/simulation numbering.
Pro00083,IsPETase WT,229,0.0,0.0,0.0,13,0,0,3,4,0.0,PHE,F229,sheet,no named landmark assigned,Other/candidate,low,trajectory-derived contact residue,Contact residue without a current conservative mechanism label.,I218,218,flexible pair I218,W-loop/flexible or rigid pair,9.84223805849056,14.674149276874621,Use as the IsPETase reference framework; state local/simulation numbering.
Pro00083,IsPETase WT,230,0.0,0.0,0.0,13,0,0,3,4,0.0,LEU,L230,sheet,no named landmark assigned,Other/candidate,low,trajectory-derived contact residue,Contact residue without a current conservative mechanism label.,I218,218,flexible pair I218,W-loop/flexible or rigid pair,12.730724606242962,13.31745433632119,Use as the IsPETase reference framework; state local/simulation numbering.
Pro00083,IsPETase WT,232,0.0,0.0,0.0,13,0,0,3,4,0.0,ILE,I232,sheet,no named landmark assigned,Other/candidate,low,trajectory-derived contact residue,Contact residue without a current conservative mechanism label.,D206,206,catalytic Asp,Catalytic/oxyanion,9.847227173169104,9.847227173169104,Use as the IsPETase reference framework; state local/simulation numbering.
Pro00083,IsPETase WT,250,0.0,0.0,0.0,13,0,0,3,4,0.0,ILE,I250,helix,no named landmark assigned,Other/candidate,low,trajectory-derived contact residue,Contact residue without a current conservative mechanism label.,H237,237,catalytic His,Catalytic/oxyanion,14.220687254841097,14.220687254841097,Use as the IsPETase reference framework; state local/simulation numbering.
Pro00083,IsPETase WT,251,0.0,0.0,0.0,13,0,0,3,4,0.0,GLY,G251,helix,no named landmark assigned,Other/candidate,low,trajectory-derived contact residue,Contact residue without a current conservative mechanism label.,H237,237,catalytic His,Catalytic/oxyanion,16.8964849894882,16.8964849894882,Use as the IsPETase reference framework; state local/simulation numbering.
Pro00083,IsPETase WT,253,0.0,0.0,0.0,13,0,0,3,4,0.0,LYS,K253,helix,no named landmark assigned,Other/candidate,low,trajectory-derived contact residue,Contact residue without a current conservative mechanism label.,H237,237,catalytic His,Catalytic/oxyanion,18.23131863031306,18.23131863031306,Use as the IsPETase reference framework; state local/simulation numbering.
Pro00083,IsPETase WT,254,0.0,0.0,0.0,13,0,0,3,4,0.0,GLY,G254,helix,no named landmark assigned,Other/candidate,low,trajectory-derived contact residue,Contact residue without a current conservative mechanism label.,S160,160,catalytic Ser,Catalytic/oxyanion,16.219783383263785,16.219783383263785,Use as the IsPETase reference framework; state local/simulation numbering.
Pro00083,IsPETase WT,255,0.0,0.0,0.0,13,0,0,3,4,0.0,VAL,V255,helix,no named landmark assigned,Other/candidate,low,trajectory-derived contact residue,Contact residue without a current conservative mechanism label.,S160,160,catalytic Ser,Catalytic/oxyanion,19.594978591465722,19.594978591465722,Use as the IsPETase reference framework; state local/simulation numbering.
Pro00083,IsPETase WT,256,0.0,0.0,0.0,13,0,0,3,4,0.0,ALA,A256,helix,no named landmark assigned,Other/candidate,low,trajectory-derived contact residue,Contact residue without a current conservative mechanism label.,I218,218,flexible pair I218,W-loop/flexible or rigid pair,21.378743204407503,21.51370821127776,Use as the IsPETase reference framework; state local/simulation numbering.
Pro00083,IsPETase WT,257,0.0,0.0,0.0,13,0,0,3,4,0.0,TRP,W257,helix,no named landmark assigned,Other/candidate,low,trajectory-derived contact residue,Contact residue without a current conservative mechanism label.,I218,218,flexible pair I218,W-loop/flexible or rigid pair,18.04890151782097,19.22987108641137,Use as the IsPETase reference framework; state local/simulation numbering.
Pro00083,IsPETase WT,258,0.0,0.0,0.0,13,0,0,3,4,0.0,MET,M258,helix,no named landmark assigned,Other/candidate,low,trajectory-derived contact residue,Contact residue without a current conservative mechanism label.,S160,160,catalytic Ser,Catalytic/oxyanion,19.36630697887442,19.36630697887442,Use as the IsPETase reference framework; state local/simulation numbering.
Pro00083,IsPETase WT,259,0.0,0.0,0.0,13,0,0,3,4,0.0,LYS,K259,helix,no named landmark assigned,Other/candidate,low,trajectory-derived contact residue,Contact residue without a current conservative mechanism label.,I218,218,flexible pair I218,W-loop/flexible or rigid pair,22.90545795219995,23.112939536112666,Use as the IsPETase reference framework; state local/simulation numbering.
Pro00083,IsPETase WT,272,0.0,0.0,0.0,13,0,0,3,4,0.0,ALA,A272,helix,no named landmark assigned,Other/candidate,low,trajectory-derived contact residue,Contact residue without a current conservative mechanism label.,I218,218,flexible pair I218,W-loop/flexible or rigid pair,19.449907069186732,22.164454132687318,Use as the IsPETase reference framework; state local/simulation numbering.
Pro00083,IsPETase WT,276,0.0,0.0,0.0,13,0,0,3,4,0.0,PRO,P276,coil/unassigned,no named landmark assigned,Other/candidate,low,trajectory-derived contact residue,Contact residue without a current conservative mechanism label.,D206,206,catalytic Asp,Catalytic/oxyanion,20.95197432224467,20.95197432224467,Use as the IsPETase reference framework; state local/simulation numbering.
Pro00083,IsPETase WT,281,0.0,0.0,0.0,13,0,0,3,4,0.0,VAL,V281,sheet,no named landmark assigned,Other/candidate,low,trajectory-derived contact residue,Contact residue without a current conservative mechanism label.,D206,206,catalytic Asp,Catalytic/oxyanion,13.968312926048013,13.968312926048013,Use as the IsPETase reference framework; state local/simulation numbering.
Pro00083,IsPETase WT,284,0.0,0.0,0.0,13,0,0,3,4,0.0,PHE,F284,sheet,no named landmark assigned,Other/candidate,low,trajectory-derived contact residue,Contact residue without a current conservative mechanism label.,I218,218,flexible pair I218,W-loop/flexible or rigid pair,14.391972519429016,15.972718679047722,Use as the IsPETase reference framework; state local/simulation numbering.
Pro00083,IsPETase WT,286,0.0,0.0,0.0,13,0,0,3,4,0.0,THR,T286,sheet,no named landmark assigned,Other/candidate,low,trajectory-derived contact residue,Contact residue without a current conservative mechanism label.,I218,218,flexible pair I218,W-loop/flexible or rigid pair,13.365114066105086,20.65389234502785,Use as the IsPETase reference framework; state local/simulation numbering.
Pro00083,IsPETase WT,287,0.0,0.0,0.0,13,0,0,3,4,0.0,ALA,A287,sheet,no named landmark assigned,Other/candidate,low,trajectory-derived contact residue,Contact residue without a current conservative mechanism label.,I218,218,flexible pair I218,W-loop/flexible or rigid pair,13.79053138932652,22.81484792848727,Use as the IsPETase reference framework; state local/simulation numbering.
Pro00121,HiC / 4OYY,167,0.849,0.876,1.0,13,12,13,2,3,0.9230769230769231,LEU,L167,coil/unassigned,HiC catalytic-His-side active-site rim,Cleft/rim patch,medium,trajectory contact + 4OYY/local geometry,Do not interpret I168 as an IsPETase S214-equivalent.,T135,135,rough W-loop spatial candidate,Other/candidate,7.333070911971328,9.38183276337838,HiC T135 is only a rough candidate; I168 must not be called an IsPETase S214-equivalent.
Pro00121,HiC / 4OYY,70,0.7945384615384616,0.875,1.0,13,12,12,2,3,0.9230769230769231,PHE,F70,helix,HiC F70 helix / active-site cleft lip,Cleft/rim patch,medium,4OYY helix annotation + trajectory contact,Region-level cleft-lip binding patch.,T135,135,rough W-loop spatial candidate,Other/candidate,10.041130514040736,12.472865709210534,HiC T135 is only a rough candidate; I168 must not be called an IsPETase S214-equivalent.
Pro00121,HiC / 4OYY,169,0.7631538461538461,0.854,0.996,13,10,13,2,3,0.7692307692307693,ILE,I169,coil/unassigned,HiC catalytic-His-side active-site rim,Cleft/rim patch,medium,trajectory contact + 4OYY/local geometry,Do not interpret I168 as an IsPETase S214-equivalent.,H173,173,catalytic His,Catalytic/oxyanion,5.98998071783207,5.98998071783207,HiC T135 is only a rough candidate; I168 must not be called an IsPETase S214-equivalent.
Pro00121,HiC / 4OYY,66,0.7529230769230769,0.816,1.0,13,10,13,2,3,0.7692307692307693,LEU,L66,helix,HiC F70 helix / active-site cleft lip,Cleft/rim patch,medium,4OYY helix annotation + trajectory contact,Region-level cleft-lip binding patch.,S105,105,catalytic Ser,Catalytic/oxyanion,10.543158208051326,10.543158208051326,HiC T135 is only a rough candidate; I168 must not be called an IsPETase S214-equivalent.
Pro00121,HiC / 4OYY,168,0.706076923076923,0.661,1.0,13,12,13,2,3,0.9230769230769231,ILE,I168,coil/unassigned,HiC catalytic-His-side active-site rim,Cleft/rim patch,medium,trajectory contact + 4OYY/local geometry,Do not interpret I168 as an IsPETase S214-equivalent.,D160,160,catalytic Asp,Catalytic/oxyanion,8.4139746255857,8.4139746255857,HiC T135 is only a rough candidate; I168 must not be called an IsPETase S214-equivalent.
Pro00121,HiC / 4OYY,166,0.6763846153846154,0.758,0.978,13,10,12,2,3,0.7692307692307693,THR,T166,coil/unassigned,HiC catalytic-His-side active-site rim,Cleft/rim patch,medium,trajectory contact + 4OYY/local geometry,Do not interpret I168 as an IsPETase S214-equivalent.,T135,135,rough W-loop spatial candidate,Other/candidate,7.589868641814562,9.222498847926197,HiC T135 is only a rough candidate; I168 must not be called an IsPETase S214-equivalent.
Pro00121,HiC / 4OYY,29,0.5972307692307692,0.619,0.998,13,8,11,2,3,0.6153846153846154,THR,T29,coil/unassigned,HiC N-terminal cleft patch near catalytic Ser,Cleft/rim patch,medium,local coordinate proximity + trajectory contact,Secondary cleft patch close to the catalytic-Ser side.,S105,105,catalytic Ser,Catalytic/oxyanion,10.60330250440871,10.60330250440871,HiC T135 is only a rough candidate; I168 must not be called an IsPETase S214-equivalent.
Pro00121,HiC / 4OYY,28,0.5568461538461539,0.54,0.999,13,7,11,2,3,0.5384615384615384,SER,S28,coil/unassigned,HiC N-terminal cleft patch near catalytic Ser,Cleft/rim patch,medium,local coordinate proximity + trajectory contact,Secondary cleft patch close to the catalytic-Ser side.,S105,105,catalytic Ser,Catalytic/oxyanion,7.102011334826212,7.102011334826212,HiC T135 is only a rough candidate; I168 must not be called an IsPETase S214-equivalent.
Pro00121,HiC / 4OYY,173,0.5097692307692308,0.541,0.999,13,7,9,2,3,0.5384615384615384,HIS,H173,helix,catalytic His,Catalytic/oxyanion,high,memo/local registry,Exact configured landmark residue.,H173,173,catalytic His,Catalytic/oxyanion,0.0,0.0,HiC T135 is only a rough candidate; I168 must not be called an IsPETase S214-equivalent.
Pro00121,HiC / 4OYY,165,0.5081538461538462,0.605,0.975,13,8,10,2,3,0.6153846153846154,GLY,G165,helix,HiC catalytic-His-side active-site rim,Cleft/rim patch,medium,trajectory contact + 4OYY/local geometry,Do not interpret I168 as an IsPETase S214-equivalent.,T135,135,rough W-loop spatial candidate,Other/candidate,6.705721586824194,9.773737719010061,HiC T135 is only a rough candidate; I168 must not be called an IsPETase S214-equivalent.
Pro00121,HiC / 4OYY,67,0.5023076923076923,0.559,0.951,13,7,9,2,3,0.5384615384615384,ALA,A67,helix,HiC F70 helix / active-site cleft lip,Cleft/rim patch,medium,4OYY helix annotation + trajectory contact,Region-level cleft-lip binding patch.,S105,105,catalytic Ser,Catalytic/oxyanion,13.059665615933666,13.059665615933666,HiC T135 is only a rough candidate; I168 must not be called an IsPETase S214-equivalent.
Pro00121,HiC / 4OYY,69,0.49030769230769233,0.49,0.983,13,6,12,2,3,0.46153846153846156,ASN,N69,helix,HiC F70 helix / active-site cleft lip,Cleft/rim patch,medium,4OYY helix annotation + trajectory contact,Region-level cleft-lip binding patch.,T135,135,rough W-loop spatial candidate,Other/candidate,8.107096459275663,9.156650370086215,HiC T135 is only a rough candidate; I168 must not be called an IsPETase S214-equivalent.
Pro00121,HiC / 4OYY,174,0.4329230769230769,0.361,1.0,13,5,8,2,3,0.38461538461538464,LEU,L174,helix,HiC catalytic-His-side active-site rim,Cleft/rim patch,medium,trajectory contact + 4OYY/local geometry,Do not interpret I168 as an IsPETase S214-equivalent.,H173,173,catalytic His,Catalytic/oxyanion,3.769515220820842,3.769515220820842,HiC T135 is only a rough candidate; I168 must not be called an IsPETase S214-equivalent.
Pro00121,HiC / 4OYY,164,0.39076923076923076,0.445,0.854,13,5,9,2,3,0.38461538461538464,THR,T164,helix,HiC catalytic-His-side active-site rim,Cleft/rim patch,medium,trajectory contact + 4OYY/local geometry,Do not interpret I168 as an IsPETase S214-equivalent.,D160,160,catalytic Asp,Catalytic/oxyanion,7.298509779400175,7.298509779400175,HiC T135 is only a rough candidate; I168 must not be called an IsPETase S214-equivalent.
Pro00121,HiC / 4OYY,139,0.37415384615384617,0.369,0.967,13,5,9,2,3,0.38461538461538464,GLN,Q139,coil/unassigned,HiC T135 candidate-region,Other/candidate,low,rough candidate only,T135-region evidence only; HiC W-loop assignment is unresolved.,T135,135,rough W-loop spatial candidate,Other/candidate,8.42383172908861,13.806661652984763,HiC T135 is only a rough candidate; I168 must not be called an IsPETase S214-equivalent.
Pro00121,HiC / 4OYY,30,0.3496153846153846,0.157,0.868,13,5,6,2,3,0.38461538461538464,GLU,E30,coil/unassigned,HiC N-terminal cleft patch near catalytic Ser,Cleft/rim patch,medium,local coordinate proximity + trajectory contact,Secondary cleft patch close to the catalytic-Ser side.,S105,105,catalytic Ser,Catalytic/oxyanion,10.474300644911812,10.474300644911812,HiC T135 is only a rough candidate; I168 must not be called an IsPETase S214-equivalent.
Pro00121,HiC / 4OYY,138,0.3465384615384615,0.314,0.912,13,3,9,2,3,0.23076923076923078,LEU,L138,coil/unassigned,HiC T135 candidate-region,Other/candidate,low,rough candidate only,T135-region evidence only; HiC W-loop assignment is unresolved.,T135,135,rough W-loop spatial candidate,Other/candidate,7.745093414543172,11.700864968026936,HiC T135 is only a rough candidate; I168 must not be called an IsPETase S214-equivalent.
Pro00121,HiC / 4OYY,104,0.3215384615384615,0.292,0.996,13,2,7,2,3,0.15384615384615385,TYR,Y104,sheet,near S105 (catalytic Ser),Catalytic/oxyanion,medium-low,local CA-distance annotation,Spatially near a named landmark; inspect before strong mechanistic wording.,S105,105,catalytic Ser,Catalytic/oxyanion,3.8212283365431072,3.8212283365431072,HiC T135 is only a rough candidate; I168 must not be called an IsPETase S214-equivalent.
Pro00121,HiC / 4OYY,37,0.32130769230769235,0.098,1.0,13,5,6,2,3,0.38461538461538464,THR,T37,helix,no named landmark assigned,Other/candidate,low,trajectory-derived contact residue,Contact residue without a current conservative mechanism label.,S105,105,catalytic Ser,Catalytic/oxyanion,11.463200469327926,11.463200469327926,HiC T135 is only a rough candidate; I168 must not be called an IsPETase S214-equivalent.
Pro00121,HiC / 4OYY,36,0.3173076923076923,0.186,0.799,13,5,6,2,3,0.38461538461538464,ILE,I36,coil/unassigned,no named landmark assigned,Other/candidate,low,trajectory-derived contact residue,Contact residue without a current conservative mechanism label.,S105,105,catalytic Ser,Catalytic/oxyanion,13.232987606734921,13.232987606734921,HiC T135 is only a rough candidate; I168 must not be called an IsPETase S214-equivalent.
Pro00121,HiC / 4OYY,71,0.30900000000000005,0.318,0.816,13,3,8,2,3,0.23076923076923078,LEU,L71,helix,HiC F70 helix / active-site cleft lip,Cleft/rim patch,medium,4OYY helix annotation + trajectory contact,Region-level cleft-lip binding patch.,T135,135,rough W-loop spatial candidate,Other/candidate,11.062393502312236,13.713332089612647,HiC T135 is only a rough candidate; I168 must not be called an IsPETase S214-equivalent.
Pro00121,HiC / 4OYY,162,0.2914615384615385,0.228,0.835,13,3,7,2,3,0.23076923076923078,VAL,V162,helix,near T135 (rough W-loop spatial candidate),Other/candidate,medium-low,local CA-distance annotation,Spatially near a named landmark; inspect before strong mechanistic wording.,T135,135,rough W-loop spatial candidate,Other/candidate,5.477246571042791,5.51393117476089,HiC T135 is only a rough candidate; I168 must not be called an IsPETase S214-equivalent.
Pro00121,HiC / 4OYY,72,0.2806153846153846,0.215,0.889,13,3,8,2,3,0.23076923076923078,PRO,P72,coil/unassigned,no named landmark assigned,Other/candidate,low,trajectory-derived contact residue,Contact residue without a current conservative mechanism label.,T135,135,rough W-loop spatial candidate,Other/candidate,10.686032098024036,14.517791188744933,HiC T135 is only a rough candidate; I168 must not be called an IsPETase S214-equivalent.
Pro00121,HiC / 4OYY,105,0.27792307692307694,0.191,0.813,13,2,6,2,3,0.15384615384615385,SER,S105,helix,catalytic Ser,Catalytic/oxyanion,high,memo/local registry,Exact configured landmark residue.,S105,105,catalytic Ser,Catalytic/oxyanion,0.0,0.0,HiC T135 is only a rough candidate; I168 must not be called an IsPETase S214-equivalent.
Pro00121,HiC / 4OYY,135,0.27415384615384614,0.232,0.72,13,2,7,2,3,0.15384615384615385,THR,T135,coil/unassigned,rough W-loop spatial candidate,Other/candidate,low/unresolved,CE/ChimeraX rough candidate only,Exact configured landmark residue.,T135,135,rough W-loop spatial candidate,Other/candidate,0.0,5.650156900476304,HiC T135 is only a rough candidate; I168 must not be called an IsPETase S214-equivalent.
Pro00121,HiC / 4OYY,31,0.26646153846153847,0.204,0.933,13,2,7,2,3,0.15384615384615385,PRO,P31,coil/unassigned,HiC N-terminal cleft patch near catalytic Ser,Cleft/rim patch,medium,local coordinate proximity + trajectory contact,Secondary cleft patch close to the catalytic-Ser side.,S105,105,catalytic Ser,Catalytic/oxyanion,13.9794366481629,13.9794366481629,HiC T135 is only a rough candidate; I168 must not be called an IsPETase S214-equivalent.
Pro00121,HiC / 4OYY,136,0.26546153846153847,0.187,0.821,13,3,5,2,3,0.23076923076923078,GLN,Q136,coil/unassigned,HiC T135 candidate-region,Other/candidate,low,rough candidate only,T135-region evidence only; HiC W-loop assignment is unresolved.,T135,135,rough W-loop spatial candidate,Other/candidate,3.791243331678936,8.805921700764776,HiC T135 is only a rough candidate; I168 must not be called an IsPETase S214-equivalent.
Pro00121,HiC / 4OYY,170,0.26476923076923076,0.225,0.879,13,1,9,2,3,0.07692307692307693,THR,T170,helix,HiC catalytic-His-side active-site rim,Cleft/rim patch,medium,trajectory contact + 4OYY/local geometry,Do not interpret I168 as an IsPETase S214-equivalent.,H173,173,catalytic His,Catalytic/oxyanion,5.222355503027346,5.222355503027346,HiC T135 is only a rough candidate; I168 must not be called an IsPETase S214-equivalent.
Pro00121,HiC / 4OYY,161,0.23853846153846153,0.166,0.861,13,1,6,2,3,0.07692307692307693,ALA,A161,helix,near D160 (catalytic Asp),Catalytic/oxyanion,medium-low,local CA-distance annotation,Spatially near a named landmark; inspect before strong mechanistic wording.,D160,160,catalytic Asp,Catalytic/oxyanion,3.855595933185946,3.855595933185946,HiC T135 is only a rough candidate; I168 must not be called an IsPETase S214-equivalent.
Pro00121,HiC / 4OYY,171,0.23130769230769233,0.153,0.702,13,2,5,2,3,0.15384615384615385,PRO,P171,helix,HiC catalytic-His-side active-site rim,Cleft/rim patch,medium,trajectory contact + 4OYY/local geometry,Do not interpret I168 as an IsPETase S214-equivalent.,H173,173,catalytic His,Catalytic/oxyanion,5.305722382484782,5.305722382484782,HiC T135 is only a rough candidate; I168 must not be called an IsPETase S214-equivalent.
Pro00121,HiC / 4OYY,141,0.22353846153846155,0.069,0.786,13,3,5,2,3,0.23076923076923078,ARG,R141,coil/unassigned,no named landmark assigned,Other/candidate,low,trajectory-derived contact residue,Contact residue without a current conservative mechanism label.,T135,135,rough W-loop spatial candidate,Other/candidate,11.206514444732584,15.276151511424597,HiC T135 is only a rough candidate; I168 must not be called an IsPETase S214-equivalent.
Pro00121,HiC / 4OYY,2,0.19130769230769232,0.036,0.787,13,2,5,2,3,0.15384615384615385,LEU,L2,coil/unassigned,no named landmark assigned,Other/candidate,low,trajectory-derived contact residue,Contact residue without a current conservative mechanism label.,S105,105,catalytic Ser,Catalytic/oxyanion,19.08052905450999,19.08052905450999,HiC T135 is only a rough candidate; I168 must not be called an IsPETase S214-equivalent.
Pro00121,HiC / 4OYY,177,0.18830769230769231,0.048,1.0,13,1,4,2,3,0.07692307692307693,THR,T177,helix,HiC catalytic-His-side active-site rim,Cleft/rim patch,medium,trajectory contact + 4OYY/local geometry,Do not interpret I168 as an IsPETase S214-equivalent.,H173,173,catalytic His,Catalytic/oxyanion,10.766341346994345,10.766341346994345,HiC T135 is only a rough candidate; I168 must not be called an IsPETase S214-equivalent.
Pro00121,HiC / 4OYY,106,0.17723076923076922,0.066,0.97,13,1,4,2,3,0.07692307692307693,GLN,Q106,helix,near S105 (catalytic Ser),Catalytic/oxyanion,medium-low,local CA-distance annotation,Spatially near a named landmark; inspect before strong mechanistic wording.,S105,105,catalytic Ser,Catalytic/oxyanion,3.84733635129553,3.84733635129553,HiC T135 is only a rough candidate; I168 must not be called an IsPETase S214-equivalent.
Pro00121,HiC / 4OYY,68,0.17261538461538464,0.091,0.668,13,1,4,2,3,0.07692307692307693,THR,T68,helix,HiC F70 helix / active-site cleft lip,Cleft/rim patch,medium,4OYY helix annotation + trajectory contact,Region-level cleft-lip binding patch.,T135,135,rough W-loop spatial candidate,Other/candidate,11.60200948112007,11.857049590855222,HiC T135 is only a rough candidate; I168 must not be called an IsPETase S214-equivalent.
Pro00121,HiC / 4OYY,175,0.16784615384615384,0.032,1.0,13,1,5,2,3,0.07692307692307693,SER,S175,helix,HiC catalytic-His-side active-site rim,Cleft/rim patch,medium,trajectory contact + 4OYY/local geometry,Do not interpret I168 as an IsPETase S214-equivalent.,H173,173,catalytic His,Catalytic/oxyanion,5.592657597243013,5.592657597243013,HiC T135 is only a rough candidate; I168 must not be called an IsPETase S214-equivalent.
Pro00121,HiC / 4OYY,65,0.1449230769230769,0.077,0.663,13,1,3,2,3,0.07692307692307693,ALA,A65,coil/unassigned,no named landmark assigned,Other/candidate,low,trajectory-derived contact residue,Contact residue without a current conservative mechanism label.,S105,105,catalytic Ser,Catalytic/oxyanion,11.71360380070967,11.71360380070967,HiC T135 is only a rough candidate; I168 must not be called an IsPETase S214-equivalent.
Pro00121,HiC / 4OYY,159,0.12484615384615384,0.072,0.6,13,1,2,2,3,0.07692307692307693,GLY,G159,coil/unassigned,near D160 (catalytic Asp),Catalytic/oxyanion,medium-low,local CA-distance annotation,Spatially near a named landmark; inspect before strong mechanistic wording.,D160,160,catalytic Asp,Catalytic/oxyanion,3.716660463373,3.716660463373,HiC T135 is only a rough candidate; I168 must not be called an IsPETase S214-equivalent.
Pro00121,HiC / 4OYY,176,0.11723076923076924,0.007,1.0,13,1,2,2,3,0.07692307692307693,TYR,Y176,helix,HiC catalytic-His-side active-site rim,Cleft/rim patch,medium,trajectory contact + 4OYY/local geometry,Do not interpret I168 as an IsPETase S214-equivalent.,H173,173,catalytic His,Catalytic/oxyanion,7.517239453416394,7.517239453416394,HiC T135 is only a rough candidate; I168 must not be called an IsPETase S214-equivalent.
Pro00121,HiC / 4OYY,73,0.11407692307692306,0.01,0.472,13,0,3,2,3,0.0,ARG,R73,coil/unassigned,no named landmark assigned,Other/candidate,low,trajectory-derived contact residue,Contact residue without a current conservative mechanism label.,T135,135,rough W-loop spatial candidate,Other/candidate,8.875678283939768,12.155125420990109,HiC T135 is only a rough candidate; I168 must not be called an IsPETase S214-equivalent.
Pro00121,HiC / 4OYY,74,0.11346153846153845,0.014,0.541,13,1,3,2,3,0.07692307692307693,GLY,G74,coil/unassigned,no named landmark assigned,Other/candidate,low,trajectory-derived contact residue,Contact residue without a current conservative mechanism label.,T135,135,rough W-loop spatial candidate,Other/candidate,6.454586741225188,9.091138377563066,HiC T135 is only a rough candidate; I168 must not be called an IsPETase S214-equivalent.
Pro00121,HiC / 4OYY,38,0.11053846153846154,0.004,0.997,13,1,2,2,3,0.07692307692307693,VAL,V38,helix,no named landmark assigned,Other/candidate,low,trajectory-derived contact residue,Contact residue without a current conservative mechanism label.,S105,105,catalytic Ser,Catalytic/oxyanion,9.743173405005168,9.743173405005168,HiC T135 is only a rough candidate; I168 must not be called an IsPETase S214-equivalent.
Pro00121,HiC / 4OYY,160,0.10161538461538461,0.064,0.531,13,1,2,2,3,0.07692307692307693,ASP,D160,helix,catalytic Asp,Catalytic/oxyanion,high,memo/local registry,Exact configured landmark residue.,D160,160,catalytic Asp,Catalytic/oxyanion,0.0,0.0,HiC T135 is only a rough candidate; I168 must not be called an IsPETase S214-equivalent.
Pro00121,HiC / 4OYY,64,0.09107692307692307,0.02,0.755,13,1,1,2,3,0.07692307692307693,ALA,A64,coil/unassigned,no named landmark assigned,Other/candidate,low,trajectory-derived contact residue,Contact residue without a current conservative mechanism label.,S105,105,catalytic Ser,Catalytic/oxyanion,9.883040271090673,9.883040271090673,HiC T135 is only a rough candidate; I168 must not be called an IsPETase S214-equivalent.
Pro00121,HiC / 4OYY,137,0.08515384615384615,0.005,0.725,13,1,1,2,3,0.07692307692307693,ASN,N137,coil/unassigned,HiC T135 candidate-region,Other/candidate,low,rough candidate only,T135-region evidence only; HiC W-loop assignment is unresolved.,T135,135,rough W-loop spatial candidate,Other/candidate,5.590514645361374,9.850395372775653,HiC T135 is only a rough candidate; I168 must not be called an IsPETase S214-equivalent.
Pro00121,HiC / 4OYY,178,0.08253846153846153,0.007,0.545,13,1,2,2,3,0.07692307692307693,ILE,I178,helix,HiC catalytic-His-side active-site rim,Cleft/rim patch,medium,trajectory contact + 4OYY/local geometry,Do not interpret I168 as an IsPETase S214-equivalent.,H173,173,catalytic His,Catalytic/oxyanion,12.778529727632987,12.778529727632987,HiC T135 is only a rough candidate; I168 must not be called an IsPETase S214-equivalent.
Pro00121,HiC / 4OYY,142,0.07792307692307691,0.0,0.731,13,1,1,2,3,0.07692307692307693,GLY,G142,coil/unassigned,no named landmark assigned,Other/candidate,low,trajectory-derived contact residue,Contact residue without a current conservative mechanism label.,T135,135,rough W-loop spatial candidate,Other/candidate,10.165516514176739,13.390374490655592,HiC T135 is only a rough candidate; I168 must not be called an IsPETase S214-equivalent.
Pro00121,HiC / 4OYY,63,0.07630769230769231,0.027,0.775,13,1,1,2,3,0.07692307692307693,ASP,D63,coil/unassigned,no named landmark assigned,Other/candidate,low,trajectory-derived contact residue,Contact residue without a current conservative mechanism label.,S105,105,catalytic Ser,Catalytic/oxyanion,13.537883069372405,13.537883069372405,HiC T135 is only a rough candidate; I168 must not be called an IsPETase S214-equivalent.
Pro00121,HiC / 4OYY,140,0.0736923076923077,0.002,0.353,13,0,3,2,3,0.0,ASN,N140,coil/unassigned,HiC T135 candidate-region,Other/candidate,low,rough candidate only,T135-region evidence only; HiC W-loop assignment is unresolved.,T135,135,rough W-loop spatial candidate,Other/candidate,9.497322570072052,14.022603502916281,HiC T135 is only a rough candidate; I168 must not be called an IsPETase S214-equivalent.
Pro00121,HiC / 4OYY,3,0.06423076923076923,0.008,0.49,13,0,1,2,3,0.0,GLY,G3,coil/unassigned,no named landmark assigned,Other/candidate,low,trajectory-derived contact residue,Contact residue without a current conservative mechanism label.,S105,105,catalytic Ser,Catalytic/oxyanion,16.357268537258904,16.357268537258904,HiC T135 is only a rough candidate; I168 must not be called an IsPETase S214-equivalent.
Pro00121,HiC / 4OYY,26,0.06407692307692307,0.001,0.711,13,1,1,2,3,0.07692307692307693,ARG,R26,coil/unassigned,no named landmark assigned,Other/candidate,low,trajectory-derived contact residue,Contact residue without a current conservative mechanism label.,S105,105,catalytic Ser,Catalytic/oxyanion,7.398799362058686,7.398799362058686,HiC T135 is only a rough candidate; I168 must not be called an IsPETase S214-equivalent.
Pro00121,HiC / 4OYY,163,0.06407692307692307,0.042,0.37,13,0,1,2,3,0.0,CYS,C163,helix,near T135 (rough W-loop spatial candidate),Other/candidate,medium-low,local CA-distance annotation,Spatially near a named landmark; inspect before strong mechanistic wording.,T135,135,rough W-loop spatial candidate,Other/candidate,5.426868526139177,5.832760667128388,HiC T135 is only a rough candidate; I168 must not be called an IsPETase S214-equivalent.
Pro00121,HiC / 4OYY,1,0.06338461538461539,0.007,0.435,13,0,1,2,3,0.0,GLN,Q1,coil/unassigned,no named landmark assigned,Other/candidate,low,trajectory-derived contact residue,Contact residue without a current conservative mechanism label.,S105,105,catalytic Ser,Catalytic/oxyanion,22.163298175136298,22.163298175136298,HiC T135 is only a rough candidate; I168 must not be called an IsPETase S214-equivalent.
Pro00121,HiC / 4OYY,32,0.05276923076923078,0.0,0.532,13,1,1,2,3,0.07692307692307693,GLY,G32,coil/unassigned,no named landmark assigned,Other/candidate,low,trajectory-derived contact residue,Contact residue without a current conservative mechanism label.,S105,105,catalytic Ser,Catalytic/oxyanion,15.419273394035143,15.419273394035143,HiC T135 is only a rough candidate; I168 must not be called an IsPETase S214-equivalent.
Pro00121,HiC / 4OYY,158,0.051000000000000004,0.016,0.18,13,0,0,2,3,0.0,VAL,V158,coil/unassigned,near D160 (catalytic Asp),Catalytic/oxyanion,medium-low,local CA-distance annotation,Spatially near a named landmark; inspect before strong mechanistic wording.,D160,160,catalytic Asp,Catalytic/oxyanion,5.613806195443517,5.613806195443517,HiC T135 is only a rough candidate; I168 must not be called an IsPETase S214-equivalent.
Pro00121,HiC / 4OYY,149,0.05092307692307692,0.0,0.362,13,0,2,2,3,0.0,ARG,R149,helix,no named landmark assigned,Other/candidate,low,trajectory-derived contact residue,Contact residue without a current conservative mechanism label.,T135,135,rough W-loop spatial candidate,Other/candidate,17.559533706793015,19.211455254613067,HiC T135 is only a rough candidate; I168 must not be called an IsPETase S214-equivalent.
Pro00121,HiC / 4OYY,145,0.04669230769230769,0.0,0.253,13,0,2,2,3,0.0,PRO,P145,coil/unassigned,no named landmark assigned,Other/candidate,low,trajectory-derived contact residue,Contact residue without a current conservative mechanism label.,T135,135,rough W-loop spatial candidate,Other/candidate,14.039337199454966,17.08952047308525,HiC T135 is only a rough candidate; I168 must not be called an IsPETase S214-equivalent.
Pro00121,HiC / 4OYY,27,0.04561538461538461,0.009,0.393,13,0,1,2,3,0.0,GLY,G27,coil/unassigned,near S105 (catalytic Ser),Catalytic/oxyanion,medium-low,local CA-distance annotation,Spatially near a named landmark; inspect before strong mechanistic wording.,S105,105,catalytic Ser,Catalytic/oxyanion,4.936519725474619,4.936519725474619,HiC T135 is only a rough candidate; I168 must not be called an IsPETase S214-equivalent.
Pro00121,HiC / 4OYY,172,0.039538461538461536,0.015,0.155,13,0,0,2,3,0.0,ALA,A172,helix,HiC catalytic-His-side active-site rim,Cleft/rim patch,medium,trajectory contact + 4OYY/local geometry,Do not interpret I168 as an IsPETase S214-equivalent.,H173,173,catalytic His,Catalytic/oxyanion,3.824735546413634,3.824735546413634,HiC T135 is only a rough candidate; I168 must not be called an IsPETase S214-equivalent.
Pro00121,HiC / 4OYY,156,0.03923076923076923,0.0,0.392,13,0,1,2,3,0.0,CYS,C156,coil/unassigned,no named landmark assigned,Other/candidate,low,trajectory-derived contact residue,Contact residue without a current conservative mechanism label.,D160,160,catalytic Asp,Catalytic/oxyanion,6.386241539434598,6.386241539434598,HiC T135 is only a rough candidate; I168 must not be called an IsPETase S214-equivalent.
Pro00121,HiC / 4OYY,77,0.038615384615384614,0.0,0.284,13,0,1,2,3,0.0,GLN,Q77,helix,no named landmark assigned,Other/candidate,low,trajectory-derived contact residue,Contact residue without a current conservative mechanism label.,T135,135,rough W-loop spatial candidate,Other/candidate,15.553649861045477,16.327577193202917,HiC T135 is only a rough candidate; I168 must not be called an IsPETase S214-equivalent.
Pro00121,HiC / 4OYY,154,0.03292307692307692,0.0,0.352,13,0,1,2,3,0.0,VAL,V154,sheet,no named landmark assigned,Other/candidate,low,trajectory-derived contact residue,Contact residue without a current conservative mechanism label.,T135,135,rough W-loop spatial candidate,Other/candidate,10.90719216847306,11.094876385070723,HiC T135 is only a rough candidate; I168 must not be called an IsPETase S214-equivalent.
Pro00121,HiC / 4OYY,143,0.032769230769230766,0.0,0.313,13,0,1,2,3,0.0,GLY,G143,coil/unassigned,no named landmark assigned,Other/candidate,low,trajectory-derived contact residue,Contact residue without a current conservative mechanism label.,T135,135,rough W-loop spatial candidate,Other/candidate,11.433119653008099,14.093600817392268,HiC T135 is only a rough candidate; I168 must not be called an IsPETase S214-equivalent.
Pro00121,HiC / 4OYY,117,0.026,0.0,0.215,13,0,1,2,3,0.0,GLU,E117,helix,no named landmark assigned,Other/candidate,low,trajectory-derived contact residue,Contact residue without a current conservative mechanism label.,T135,135,rough W-loop spatial candidate,Other/candidate,17.709039217303687,19.157333765427797,HiC T135 is only a rough candidate; I168 must not be called an IsPETase S214-equivalent.
Pro00121,HiC / 4OYY,5,0.02323076923076923,0.0,0.256,13,0,1,2,3,0.0,ILE,I5,coil/unassigned,no named landmark assigned,Other/candidate,low,trajectory-derived contact residue,Contact residue without a current conservative mechanism label.,S105,105,catalytic Ser,Catalytic/oxyanion,18.18868950749339,18.18868950749339,HiC T135 is only a rough candidate; I168 must not be called an IsPETase S214-equivalent.
Pro00121,HiC / 4OYY,76,0.019923076923076925,0.001,0.127,13,0,0,2,3,0.0,SER,S76,helix,no named landmark assigned,Other/candidate,low,trajectory-derived contact residue,Contact residue without a current conservative mechanism label.,T135,135,rough W-loop spatial candidate,Other/candidate,13.326346873768518,13.895585917837362,HiC T135 is only a rough candidate; I168 must not be called an IsPETase S214-equivalent.
Pro00121,HiC / 4OYY,181,0.017692307692307695,0.0,0.194,13,0,0,2,3,0.0,ARG,R181,helix,no named landmark assigned,Other/candidate,low,trajectory-derived contact residue,Contact residue without a current conservative mechanism label.,H173,173,catalytic His,Catalytic/oxyanion,16.106552890050683,16.106552890050683,HiC T135 is only a rough candidate; I168 must not be called an IsPETase S214-equivalent.
Pro00121,HiC / 4OYY,146,0.017,0.0,0.082,13,0,0,2,3,0.0,ASN,N146,coil/unassigned,no named landmark assigned,Other/candidate,low,trajectory-derived contact residue,Contact residue without a current conservative mechanism label.,T135,135,rough W-loop spatial candidate,Other/candidate,17.63089203642289,20.155512223706943,HiC T135 is only a rough candidate; I168 must not be called an IsPETase S214-equivalent.
Pro00121,HiC / 4OYY,33,0.013384615384615385,0.0,0.133,13,0,0,2,3,0.0,ASN,N33,coil/unassigned,no named landmark assigned,Other/candidate,low,trajectory-derived contact residue,Contact residue without a current conservative mechanism label.,S105,105,catalytic Ser,Catalytic/oxyanion,13.897660990253,13.897660990253,HiC T135 is only a rough candidate; I168 must not be called an IsPETase S214-equivalent.
Pro00121,HiC / 4OYY,4,0.01176923076923077,0.0,0.088,13,0,0,2,3,0.0,ALA,A4,coil/unassigned,no named landmark assigned,Other/candidate,low,trajectory-derived contact residue,Contact residue without a current conservative mechanism label.,S105,105,catalytic Ser,Catalytic/oxyanion,17.10355170717474,17.10355170717474,HiC T135 is only a rough candidate; I168 must not be called an IsPETase S214-equivalent.
Pro00121,HiC / 4OYY,116,0.01146153846153846,0.0,0.073,13,0,0,2,3,0.0,SER,S116,helix,no named landmark assigned,Other/candidate,low,trajectory-derived contact residue,Contact residue without a current conservative mechanism label.,T135,135,rough W-loop spatial candidate,Other/candidate,15.163799688732373,16.853576534373943,HiC T135 is only a rough candidate; I168 must not be called an IsPETase S214-equivalent.
Pro00121,HiC / 4OYY,157,0.010384615384615384,0.001,0.048,13,0,0,2,3,0.0,ASN,N157,coil/unassigned,near D160 (catalytic Asp),Catalytic/oxyanion,medium-low,local CA-distance annotation,Spatially near a named landmark; inspect before strong mechanistic wording.,D160,160,catalytic Asp,Catalytic/oxyanion,5.412497667435987,5.412497667435987,HiC T135 is only a rough candidate; I168 must not be called an IsPETase S214-equivalent.
Pro00121,HiC / 4OYY,60,0.009000000000000001,0.0,0.113,13,0,0,2,3,0.0,GLY,G60,coil/unassigned,no named landmark assigned,Other/candidate,low,trajectory-derived contact residue,Contact residue without a current conservative mechanism label.,S105,105,catalytic Ser,Catalytic/oxyanion,18.04333721904016,18.04333721904016,HiC T135 is only a rough candidate; I168 must not be called an IsPETase S214-equivalent.
Pro00121,HiC / 4OYY,59,0.008846153846153847,0.0,0.115,13,0,0,2,3,0.0,GLY,G59,coil/unassigned,no named landmark assigned,Other/candidate,low,trajectory-derived contact residue,Contact residue without a current conservative mechanism label.,S105,105,catalytic Ser,Catalytic/oxyanion,15.49286471250556,15.49286471250556,HiC T135 is only a rough candidate; I168 must not be called an IsPETase S214-equivalent.
Pro00121,HiC / 4OYY,153,0.008615384615384615,0.0,0.11,13,0,0,2,3,0.0,LYS,K153,sheet,no named landmark assigned,Other/candidate,low,trajectory-derived contact residue,Contact residue without a current conservative mechanism label.,S105,105,catalytic Ser,Catalytic/oxyanion,13.957748063351767,13.957748063351767,HiC T135 is only a rough candidate; I168 must not be called an IsPETase S214-equivalent.
Pro00121,HiC / 4OYY,155,0.008153846153846154,0.0,0.101,13,0,0,2,3,0.0,PHE,F155,sheet,no named landmark assigned,Other/candidate,low,trajectory-derived contact residue,Contact residue without a current conservative mechanism label.,D160,160,catalytic Asp,Catalytic/oxyanion,9.923601614333377,9.923601614333377,HiC T135 is only a rough candidate; I168 must not be called an IsPETase S214-equivalent.
Pro00121,HiC / 4OYY,61,0.005692307692307692,0.0,0.028,13,0,0,2,3,0.0,PRO,P61,coil/unassigned,no named landmark assigned,Other/candidate,low,trajectory-derived contact residue,Contact residue without a current conservative mechanism label.,S105,105,catalytic Ser,Catalytic/oxyanion,16.956944830953482,16.956944830953482,HiC T135 is only a rough candidate; I168 must not be called an IsPETase S214-equivalent.
Pro00121,HiC / 4OYY,78,0.004923076923076923,0.0,0.04,13,0,0,2,3,0.0,ALA,A78,helix,no named landmark assigned,Other/candidate,low,trajectory-derived contact residue,Contact residue without a current conservative mechanism label.,S105,105,catalytic Ser,Catalytic/oxyanion,17.07013353784908,17.07013353784908,HiC T135 is only a rough candidate; I168 must not be called an IsPETase S214-equivalent.
Pro00121,HiC / 4OYY,79,0.004076923076923077,0.0,0.032,13,0,0,2,3,0.0,ASN,N79,helix,no named landmark assigned,Other/candidate,low,trajectory-derived contact residue,Contact residue without a current conservative mechanism label.,S105,105,catalytic Ser,Catalytic/oxyanion,13.618332240035857,13.618332240035857,HiC T135 is only a rough candidate; I168 must not be called an IsPETase S214-equivalent.
Pro00121,HiC / 4OYY,144,0.004,0.0,0.035,13,0,0,2,3,0.0,ILE,I144,coil/unassigned,no named landmark assigned,Other/candidate,low,trajectory-derived contact residue,Contact residue without a current conservative mechanism label.,T135,135,rough W-loop spatial candidate,Other/candidate,11.937688637253027,14.220678781267793,HiC T135 is only a rough candidate; I168 must not be called an IsPETase S214-equivalent.
Pro00121,HiC / 4OYY,41,0.003923076923076923,0.0,0.037,13,0,0,2,3,0.0,ALA,A41,helix,no named landmark assigned,Other/candidate,low,trajectory-derived contact residue,Contact residue without a current conservative mechanism label.,S105,105,catalytic Ser,Catalytic/oxyanion,14.724996774193196,14.724996774193196,HiC T135 is only a rough candidate; I168 must not be called an IsPETase S214-equivalent.
Pro00121,HiC / 4OYY,62,0.0035384615384615385,0.0,0.032,13,0,0,2,3,0.0,TYR,Y62,coil/unassigned,no named landmark assigned,Other/candidate,low,trajectory-derived contact residue,Contact residue without a current conservative mechanism label.,S105,105,catalytic Ser,Catalytic/oxyanion,13.334560022737907,13.334560022737907,HiC T135 is only a rough candidate; I168 must not be called an IsPETase S214-equivalent.
Pro00121,HiC / 4OYY,40,0.0033846153846153844,0.0,0.018,13,0,0,2,3,0.0,PRO,P40,helix,no named landmark assigned,Other/candidate,low,trajectory-derived contact residue,Contact residue without a current conservative mechanism label.,S105,105,catalytic Ser,Catalytic/oxyanion,14.533294912028724,14.533294912028724,HiC T135 is only a rough candidate; I168 must not be called an IsPETase S214-equivalent.
Pro00121,HiC / 4OYY,148,0.003,0.0,0.039,13,0,0,2,3,0.0,PRO,P148,helix,no named landmark assigned,Other/candidate,low,trajectory-derived contact residue,Contact residue without a current conservative mechanism label.,T135,135,rough W-loop spatial candidate,Other/candidate,19.180562087697016,20.6643001091254,HiC T135 is only a rough candidate; I168 must not be called an IsPETase S214-equivalent.
Pro00121,HiC / 4OYY,147,0.002923076923076923,0.0,0.038,13,0,0,2,3,0.0,TYR,Y147,coil/unassigned,no named landmark assigned,Other/candidate,low,trajectory-derived contact residue,Contact residue without a current conservative mechanism label.,T135,135,rough W-loop spatial candidate,Other/candidate,17.35212263672661,19.01720381654464,HiC T135 is only a rough candidate; I168 must not be called an IsPETase S214-equivalent.
Pro00121,HiC / 4OYY,44,0.0025384615384615385,0.0,0.031,13,0,0,2,3,0.0,ASN,N44,helix,no named landmark assigned,Other/candidate,low,trajectory-derived contact residue,Contact residue without a current conservative mechanism label.,S105,105,catalytic Ser,Catalytic/oxyanion,18.969558850959082,18.969558850959082,HiC T135 is only a rough candidate; I168 must not be called an IsPETase S214-equivalent.
Pro00121,HiC / 4OYY,150,0.0024615384615384616,0.0,0.032,13,0,0,2,3,0.0,GLU,E150,helix,no named landmark assigned,Other/candidate,low,trajectory-derived contact residue,Contact residue without a current conservative mechanism label.,T135,135,rough W-loop spatial candidate,Other/candidate,19.91613017129583,20.734092938925496,HiC T135 is only a rough candidate; I168 must not be called an IsPETase S214-equivalent.
Pro00121,HiC / 4OYY,35,0.0023076923076923075,0.0,0.03,13,0,0,2,3,0.0,GLY,G35,coil/unassigned,no named landmark assigned,Other/candidate,low,trajectory-derived contact residue,Contact residue without a current conservative mechanism label.,S105,105,catalytic Ser,Catalytic/oxyanion,11.404799384469682,11.404799384469682,HiC T135 is only a rough candidate; I168 must not be called an IsPETase S214-equivalent.
Pro00121,HiC / 4OYY,7,0.0023076923076923075,0.0,0.027,13,0,0,2,3,0.0,ASN,N7,helix,no named landmark assigned,Other/candidate,low,trajectory-derived contact residue,Contact residue without a current conservative mechanism label.,S105,105,catalytic Ser,Catalytic/oxyanion,20.707479083654775,20.707479083654775,HiC T135 is only a rough candidate; I168 must not be called an IsPETase S214-equivalent.
Pro00121,HiC / 4OYY,113,0.002076923076923077,0.0,0.024,13,0,0,2,3,0.0,ALA,A113,helix,no named landmark assigned,Other/candidate,low,trajectory-derived contact residue,Contact residue without a current conservative mechanism label.,T135,135,rough W-loop spatial candidate,Other/candidate,11.240826571031153,12.712869424327462,HiC T135 is only a rough candidate; I168 must not be called an IsPETase S214-equivalent.
Pro00121,HiC / 4OYY,58,0.0016923076923076922,0.0,0.022,13,0,0,2,3,0.0,VAL,V58,coil/unassigned,no named landmark assigned,Other/candidate,low,trajectory-derived contact residue,Contact residue without a current conservative mechanism label.,S105,105,catalytic Ser,Catalytic/oxyanion,13.512617992084287,13.512617992084287,HiC T135 is only a rough candidate; I168 must not be called an IsPETase S214-equivalent.
Pro00121,HiC / 4OYY,34,0.0012307692307692308,0.0,0.016,13,0,0,2,3,0.0,MET,M34,coil/unassigned,no named landmark assigned,Other/candidate,low,trajectory-derived contact residue,Contact residue without a current conservative mechanism label.,S105,105,catalytic Ser,Catalytic/oxyanion,12.441611832877603,12.441611832877603,HiC T135 is only a rough candidate; I168 must not be called an IsPETase S214-equivalent.
Pro00121,HiC / 4OYY,152,0.0011538461538461537,0.0,0.015,13,0,0,2,3,0.0,THR,T152,sheet,no named landmark assigned,Other/candidate,low,trajectory-derived contact residue,Contact residue without a current conservative mechanism label.,T135,135,rough W-loop spatial candidate,Other/candidate,15.120276849317278,15.429818955515973,HiC T135 is only a rough candidate; I168 must not be called an IsPETase S214-equivalent.
Pro00121,HiC / 4OYY,134,0.0010769230769230769,0.0,0.006,13,0,0,2,3,0.0,TYR,Y134,coil/unassigned,HiC T135 candidate-region,Other/candidate,low,rough candidate only,T135-region evidence only; HiC W-loop assignment is unresolved.,T135,135,rough W-loop spatial candidate,Other/candidate,3.9011379109177873,5.071096528365439,HiC T135 is only a rough candidate; I168 must not be called an IsPETase S214-equivalent.
Pro00121,HiC / 4OYY,84,0.001,0.0,0.01,13,0,0,2,3,0.0,LYS,K84,helix,no named landmark assigned,Other/candidate,low,trajectory-derived contact residue,Contact residue without a current conservative mechanism label.,S105,105,catalytic Ser,Catalytic/oxyanion,17.891493928680188,17.891493928680188,HiC T135 is only a rough candidate; I168 must not be called an IsPETase S214-equivalent.
Pro00121,HiC / 4OYY,133,0.0009230769230769231,0.0,0.006,13,0,0,2,3,0.0,GLY,G133,coil/unassigned,HiC T135 candidate-region,Other/candidate,low,rough candidate only,T135-region evidence only; HiC W-loop assignment is unresolved.,S105,105,catalytic Ser,Catalytic/oxyanion,4.755248573944374,4.755248573944374,HiC T135 is only a rough candidate; I168 must not be called an IsPETase S214-equivalent.
Pro00121,HiC / 4OYY,179,0.0008461538461538461,0.0,0.008,13,0,0,2,3,0.0,GLU,E179,helix,HiC catalytic-His-side active-site rim,Cleft/rim patch,medium,trajectory contact + 4OYY/local geometry,Do not interpret I168 as an IsPETase S214-equivalent.,H173,173,catalytic His,Catalytic/oxyanion,12.412287540981316,12.412287540981316,HiC T135 is only a rough candidate; I168 must not be called an IsPETase S214-equivalent.
Pro00121,HiC / 4OYY,10,0.0007692307692307692,0.0,0.01,13,0,0,2,3,0.0,GLU,E10,helix,no named landmark assigned,Other/candidate,low,trajectory-derived contact residue,Contact residue without a current conservative mechanism label.,S105,105,catalytic Ser,Catalytic/oxyanion,23.632751003638997,23.632751003638997,HiC T135 is only a rough candidate; I168 must not be called an IsPETase S214-equivalent.
Pro00121,HiC / 4OYY,75,0.0006153846153846154,0.0,0.003,13,0,0,2,3,0.0,THR,T75,coil/unassigned,no named landmark assigned,Other/candidate,low,trajectory-derived contact residue,Contact residue without a current conservative mechanism label.,T135,135,rough W-loop spatial candidate,Other/candidate,9.534171122861178,10.248756119646911,HiC T135 is only a rough candidate; I168 must not be called an IsPETase S214-equivalent.
Pro00121,HiC / 4OYY,6,0.00046153846153846153,0.0,0.006,13,0,0,2,3,0.0,GLU,E6,coil/unassigned,no named landmark assigned,Other/candidate,low,trajectory-derived contact residue,Contact residue without a current conservative mechanism label.,S105,105,catalytic Ser,Catalytic/oxyanion,18.664339072145044,18.664339072145044,HiC T135 is only a rough candidate; I168 must not be called an IsPETase S214-equivalent.
Pro00121,HiC / 4OYY,81,0.0003846153846153846,0.0,0.004,13,0,0,2,3,0.0,ASP,D81,helix,no named landmark assigned,Other/candidate,low,trajectory-derived contact residue,Contact residue without a current conservative mechanism label.,S105,105,catalytic Ser,Catalytic/oxyanion,17.60482053302447,17.60482053302447,HiC T135 is only a rough candidate; I168 must not be called an IsPETase S214-equivalent.
Pro00121,HiC / 4OYY,80,0.0003846153846153846,0.0,0.003,13,0,0,2,3,0.0,ILE,I80,helix,no named landmark assigned,Other/candidate,low,trajectory-derived contact residue,Contact residue without a current conservative mechanism label.,S105,105,catalytic Ser,Catalytic/oxyanion,14.041018944506842,14.041018944506842,HiC T135 is only a rough candidate; I168 must not be called an IsPETase S214-equivalent.
Pro00121,HiC / 4OYY,48,0.0003076923076923077,0.0,0.004,13,0,0,2,3,0.0,SER,S48,helix,no named landmark assigned,Other/candidate,low,trajectory-derived contact residue,Contact residue without a current conservative mechanism label.,S105,105,catalytic Ser,Catalytic/oxyanion,24.173726109145854,24.173726109145854,HiC T135 is only a rough candidate; I168 must not be called an IsPETase S214-equivalent.
Pro00121,HiC / 4OYY,82,0.0003076923076923077,0.0,0.004,13,0,0,2,3,0.0,GLU,E82,helix,no named landmark assigned,Other/candidate,low,trajectory-derived contact residue,Contact residue without a current conservative mechanism label.,S105,105,catalytic Ser,Catalytic/oxyanion,16.735862122998025,16.735862122998025,HiC T135 is only a rough candidate; I168 must not be called an IsPETase S214-equivalent.
Pro00121,HiC / 4OYY,112,0.0003076923076923077,0.0,0.004,13,0,0,2,3,0.0,ALA,A112,helix,no named landmark assigned,Other/candidate,low,trajectory-derived contact residue,Contact residue without a current conservative mechanism label.,T135,135,rough W-loop spatial candidate,Other/candidate,10.061632173757893,10.884555893558542,HiC T135 is only a rough candidate; I168 must not be called an IsPETase S214-equivalent.
Pro00121,HiC / 4OYY,109,0.0003076923076923077,0.0,0.003,13,0,0,2,3,0.0,ALA,A109,helix,near T135 (rough W-loop spatial candidate),Other/candidate,medium-low,local CA-distance annotation,Spatially near a named landmark; inspect before strong mechanistic wording.,T135,135,rough W-loop spatial candidate,Other/candidate,5.911077312977728,6.802513506050539,HiC T135 is only a rough candidate; I168 must not be called an IsPETase S214-equivalent.
Pro00121,HiC / 4OYY,183,0.00023076923076923076,0.0,0.003,13,0,0,2,3,0.0,GLU,E183,helix,no named landmark assigned,Other/candidate,low,trajectory-derived contact residue,Contact residue without a current conservative mechanism label.,H173,173,catalytic His,Catalytic/oxyanion,17.003645432671195,17.003645432671195,HiC T135 is only a rough candidate; I168 must not be called an IsPETase S214-equivalent.
Pro00121,HiC / 4OYY,123,0.00015384615384615385,0.0,0.001,13,0,0,2,3,0.0,LYS,K123,helix,no named landmark assigned,Other/candidate,low,trajectory-derived contact residue,Contact residue without a current conservative mechanism label.,T135,135,rough W-loop spatial candidate,Other/candidate,21.983226901435557,22.046111267069303,HiC T135 is only a rough candidate; I168 must not be called an IsPETase S214-equivalent.
Pro00121,HiC / 4OYY,56,7.692307692307693e-05,0.0,0.001,13,0,0,2,3,0.0,GLN,Q56,sheet,no named landmark assigned,Other/candidate,low,trajectory-derived contact residue,Contact residue without a current conservative mechanism label.,S105,105,catalytic Ser,Catalytic/oxyanion,17.231049938990953,17.231049938990953,HiC T135 is only a rough candidate; I168 must not be called an IsPETase S214-equivalent.
Pro00121,HiC / 4OYY,85,7.692307692307693e-05,0.0,0.001,13,0,0,2,3,0.0,ARG,R85,helix,no named landmark assigned,Other/candidate,low,trajectory-derived contact residue,Contact residue without a current conservative mechanism label.,S105,105,catalytic Ser,Catalytic/oxyanion,20.199808860481827,20.199808860481827,HiC T135 is only a rough candidate; I168 must not be called an IsPETase S214-equivalent.
Pro00121,HiC / 4OYY,8,0.0,0.0,0.0,13,0,0,2,3,0.0,GLY,G8,helix,no named landmark assigned,Other/candidate,low,trajectory-derived contact residue,Contact residue without a current conservative mechanism label.,S105,105,catalytic Ser,Catalytic/oxyanion,22.493947808243885,22.493947808243885,HiC T135 is only a rough candidate; I168 must not be called an IsPETase S214-equivalent.
Pro00121,HiC / 4OYY,9,0.0,0.0,0.0,13,0,0,2,3,0.0,LEU,L9,helix,no named landmark assigned,Other/candidate,low,trajectory-derived contact residue,Contact residue without a current conservative mechanism label.,S105,105,catalytic Ser,Catalytic/oxyanion,22.45372659493297,22.45372659493297,HiC T135 is only a rough candidate; I168 must not be called an IsPETase S214-equivalent.
Pro00121,HiC / 4OYY,11,0.0,0.0,0.0,13,0,0,2,3,0.0,SER,S11,helix,no named landmark assigned,Other/candidate,low,trajectory-derived contact residue,Contact residue without a current conservative mechanism label.,S105,105,catalytic Ser,Catalytic/oxyanion,26.16590921409,26.16590921409,HiC T135 is only a rough candidate; I168 must not be called an IsPETase S214-equivalent.
Pro00121,HiC / 4OYY,12,0.0,0.0,0.0,13,0,0,2,3,0.0,GLY,G12,helix,no named landmark assigned,Other/candidate,low,trajectory-derived contact residue,Contact residue without a current conservative mechanism label.,S105,105,catalytic Ser,Catalytic/oxyanion,27.33033386184662,27.33033386184662,HiC T135 is only a rough candidate; I168 must not be called an IsPETase S214-equivalent.
Pro00121,HiC / 4OYY,13,0.0,0.0,0.0,13,0,0,2,3,0.0,SER,S13,helix,no named landmark assigned,Other/candidate,low,trajectory-derived contact residue,Contact residue without a current conservative mechanism label.,S105,105,catalytic Ser,Catalytic/oxyanion,30.58124629572837,30.58124629572837,HiC T135 is only a rough candidate; I168 must not be called an IsPETase S214-equivalent.
Pro00121,HiC / 4OYY,14,0.0,0.0,0.0,13,0,0,2,3,0.0,ALA,A14,helix,no named landmark assigned,Other/candidate,low,trajectory-derived contact residue,Contact residue without a current conservative mechanism label.,S105,105,catalytic Ser,Catalytic/oxyanion,31.19891217654872,31.19891217654872,HiC T135 is only a rough candidate; I168 must not be called an IsPETase S214-equivalent.
Pro00121,HiC / 4OYY,15,0.0,0.0,0.0,13,0,0,2,3,0.0,ASN,N15,helix,no named landmark assigned,Other/candidate,low,trajectory-derived contact residue,Contact residue without a current conservative mechanism label.,S105,105,catalytic Ser,Catalytic/oxyanion,34.39446914839652,34.39446914839652,HiC T135 is only a rough candidate; I168 must not be called an IsPETase S214-equivalent.
Pro00121,HiC / 4OYY,16,0.0,0.0,0.0,13,0,0,2,3,0.0,ALA,A16,helix,no named landmark assigned,Other/candidate,low,trajectory-derived contact residue,Contact residue without a current conservative mechanism label.,S105,105,catalytic Ser,Catalytic/oxyanion,32.49585390476761,32.49585390476761,HiC T135 is only a rough candidate; I168 must not be called an IsPETase S214-equivalent.
Pro00121,HiC / 4OYY,17,0.0,0.0,0.0,13,0,0,2,3,0.0,CYS,C17,helix,no named landmark assigned,Other/candidate,low,trajectory-derived contact residue,Contact residue without a current conservative mechanism label.,S105,105,catalytic Ser,Catalytic/oxyanion,29.589236979009783,29.589236979009783,HiC T135 is only a rough candidate; I168 must not be called an IsPETase S214-equivalent.
Pro00121,HiC / 4OYY,18,0.0,0.0,0.0,13,0,0,2,3,0.0,PRO,P18,coil/unassigned,no named landmark assigned,Other/candidate,low,trajectory-derived contact residue,Contact residue without a current conservative mechanism label.,S105,105,catalytic Ser,Catalytic/oxyanion,27.43537851023747,27.43537851023747,HiC T135 is only a rough candidate; I168 must not be called an IsPETase S214-equivalent.
Pro00121,HiC / 4OYY,19,0.0,0.0,0.0,13,0,0,2,3,0.0,ASP,D19,coil/unassigned,no named landmark assigned,Other/candidate,low,trajectory-derived contact residue,Contact residue without a current conservative mechanism label.,S105,105,catalytic Ser,Catalytic/oxyanion,27.27332150655655,27.27332150655655,HiC T135 is only a rough candidate; I168 must not be called an IsPETase S214-equivalent.
Pro00121,HiC / 4OYY,20,0.0,0.0,0.0,13,0,0,2,3,0.0,ALA,A20,sheet,no named landmark assigned,Other/candidate,low,trajectory-derived contact residue,Contact residue without a current conservative mechanism label.,S105,105,catalytic Ser,Catalytic/oxyanion,23.637049329389658,23.637049329389658,HiC T135 is only a rough candidate; I168 must not be called an IsPETase S214-equivalent.
Pro00121,HiC / 4OYY,21,0.0,0.0,0.0,13,0,0,2,3,0.0,ILE,I21,sheet,no named landmark assigned,Other/candidate,low,trajectory-derived contact residue,Contact residue without a current conservative mechanism label.,S105,105,catalytic Ser,Catalytic/oxyanion,20.80938891462217,20.80938891462217,HiC T135 is only a rough candidate; I168 must not be called an IsPETase S214-equivalent.
Pro00121,HiC / 4OYY,22,0.0,0.0,0.0,13,0,0,2,3,0.0,LEU,L22,sheet,no named landmark assigned,Other/candidate,low,trajectory-derived contact residue,Contact residue without a current conservative mechanism label.,S105,105,catalytic Ser,Catalytic/oxyanion,17.151772065882874,17.151772065882874,HiC T135 is only a rough candidate; I168 must not be called an IsPETase S214-equivalent.
Pro00121,HiC / 4OYY,23,0.0,0.0,0.0,13,0,0,2,3,0.0,ILE,I23,sheet,no named landmark assigned,Other/candidate,low,trajectory-derived contact residue,Contact residue without a current conservative mechanism label.,S105,105,catalytic Ser,Catalytic/oxyanion,14.859449047659878,14.859449047659878,HiC T135 is only a rough candidate; I168 must not be called an IsPETase S214-equivalent.
Pro00121,HiC / 4OYY,24,0.0,0.0,0.0,13,0,0,2,3,0.0,PHE,F24,sheet,no named landmark assigned,Other/candidate,low,trajectory-derived contact residue,Contact residue without a current conservative mechanism label.,S105,105,catalytic Ser,Catalytic/oxyanion,11.419129432666923,11.419129432666923,HiC T135 is only a rough candidate; I168 must not be called an IsPETase S214-equivalent.
Pro00121,HiC / 4OYY,25,0.0,0.0,0.0,13,0,0,2,3,0.0,ALA,A25,sheet,no named landmark assigned,Other/candidate,low,trajectory-derived contact residue,Contact residue without a current conservative mechanism label.,S105,105,catalytic Ser,Catalytic/oxyanion,8.864652164636805,8.864652164636805,HiC T135 is only a rough candidate; I168 must not be called an IsPETase S214-equivalent.
Pro00121,HiC / 4OYY,39,0.0,0.0,0.0,13,0,0,2,3,0.0,GLY,G39,helix,no named landmark assigned,Other/candidate,low,trajectory-derived contact residue,Contact residue without a current conservative mechanism label.,S105,105,catalytic Ser,Catalytic/oxyanion,10.984802274051182,10.984802274051182,HiC T135 is only a rough candidate; I168 must not be called an IsPETase S214-equivalent.
Pro00121,HiC / 4OYY,42,0.0,0.0,0.0,13,0,0,2,3,0.0,LEU,L42,helix,no named landmark assigned,Other/candidate,low,trajectory-derived contact residue,Contact residue without a current conservative mechanism label.,S105,105,catalytic Ser,Catalytic/oxyanion,14.142637837405015,14.142637837405015,HiC T135 is only a rough candidate; I168 must not be called an IsPETase S214-equivalent.
Pro00121,HiC / 4OYY,43,0.0,0.0,0.0,13,0,0,2,3,0.0,ALA,A43,helix,no named landmark assigned,Other/candidate,low,trajectory-derived contact residue,Contact residue without a current conservative mechanism label.,S105,105,catalytic Ser,Catalytic/oxyanion,16.511145599261123,16.511145599261123,HiC T135 is only a rough candidate; I168 must not be called an IsPETase S214-equivalent.
Pro00121,HiC / 4OYY,45,0.0,0.0,0.0,13,0,0,2,3,0.0,GLY,G45,helix,no named landmark assigned,Other/candidate,low,trajectory-derived contact residue,Contact residue without a current conservative mechanism label.,S105,105,catalytic Ser,Catalytic/oxyanion,19.078122785012155,19.078122785012155,HiC T135 is only a rough candidate; I168 must not be called an IsPETase S214-equivalent.
Pro00121,HiC / 4OYY,46,0.0,0.0,0.0,13,0,0,2,3,0.0,LEU,L46,helix,no named landmark assigned,Other/candidate,low,trajectory-derived contact residue,Contact residue without a current conservative mechanism label.,S105,105,catalytic Ser,Catalytic/oxyanion,19.830321656493624,19.830321656493624,HiC T135 is only a rough candidate; I168 must not be called an IsPETase S214-equivalent.
Pro00121,HiC / 4OYY,47,0.0,0.0,0.0,13,0,0,2,3,0.0,GLU,E47,helix,no named landmark assigned,Other/candidate,low,trajectory-derived contact residue,Contact residue without a current conservative mechanism label.,S105,105,catalytic Ser,Catalytic/oxyanion,22.35085365260128,22.35085365260128,HiC T135 is only a rough candidate; I168 must not be called an IsPETase S214-equivalent.
Pro00121,HiC / 4OYY,49,0.0,0.0,0.0,13,0,0,2,3,0.0,HIS,H49,coil/unassigned,no named landmark assigned,Other/candidate,low,trajectory-derived contact residue,Contact residue without a current conservative mechanism label.,S105,105,catalytic Ser,Catalytic/oxyanion,24.82931579806419,24.82931579806419,HiC T135 is only a rough candidate; I168 must not be called an IsPETase S214-equivalent.
Pro00121,HiC / 4OYY,50,0.0,0.0,0.0,13,0,0,2,3,0.0,ILE,I50,coil/unassigned,no named landmark assigned,Other/candidate,low,trajectory-derived contact residue,Contact residue without a current conservative mechanism label.,S105,105,catalytic Ser,Catalytic/oxyanion,25.190481019623267,25.190481019623267,HiC T135 is only a rough candidate; I168 must not be called an IsPETase S214-equivalent.
Pro00121,HiC / 4OYY,51,0.0,0.0,0.0,13,0,0,2,3,0.0,ARG,R51,coil/unassigned,no named landmark assigned,Other/candidate,low,trajectory-derived contact residue,Contact residue without a current conservative mechanism label.,S105,105,catalytic Ser,Catalytic/oxyanion,27.718812005567628,27.718812005567628,HiC T135 is only a rough candidate; I168 must not be called an IsPETase S214-equivalent.
Pro00121,HiC / 4OYY,52,0.0,0.0,0.0,13,0,0,2,3,0.0,ASN,N52,coil/unassigned,no named landmark assigned,Other/candidate,low,trajectory-derived contact residue,Contact residue without a current conservative mechanism label.,S105,105,catalytic Ser,Catalytic/oxyanion,27.224718566038476,27.224718566038476,HiC T135 is only a rough candidate; I168 must not be called an IsPETase S214-equivalent.
Pro00121,HiC / 4OYY,53,0.0,0.0,0.0,13,0,0,2,3,0.0,ILE,I53,sheet,no named landmark assigned,Other/candidate,low,trajectory-derived contact residue,Contact residue without a current conservative mechanism label.,S105,105,catalytic Ser,Catalytic/oxyanion,23.566474959144827,23.566474959144827,HiC T135 is only a rough candidate; I168 must not be called an IsPETase S214-equivalent.
Pro00121,HiC / 4OYY,54,0.0,0.0,0.0,13,0,0,2,3,0.0,TRP,W54,sheet,no named landmark assigned,Other/candidate,low,trajectory-derived contact residue,Contact residue without a current conservative mechanism label.,S105,105,catalytic Ser,Catalytic/oxyanion,22.256008874009737,22.256008874009737,HiC T135 is only a rough candidate; I168 must not be called an IsPETase S214-equivalent.
Pro00121,HiC / 4OYY,55,0.0,0.0,0.0,13,0,0,2,3,0.0,ILE,I55,sheet,no named landmark assigned,Other/candidate,low,trajectory-derived contact residue,Contact residue without a current conservative mechanism label.,S105,105,catalytic Ser,Catalytic/oxyanion,18.812977037141142,18.812977037141142,HiC T135 is only a rough candidate; I168 must not be called an IsPETase S214-equivalent.
Pro00121,HiC / 4OYY,57,0.0,0.0,0.0,13,0,0,2,3,0.0,GLY,G57,sheet,no named landmark assigned,Other/candidate,low,trajectory-derived contact residue,Contact residue without a current conservative mechanism label.,S105,105,catalytic Ser,Catalytic/oxyanion,14.322630030828835,14.322630030828835,HiC T135 is only a rough candidate; I168 must not be called an IsPETase S214-equivalent.
Pro00121,HiC / 4OYY,83,0.0,0.0,0.0,13,0,0,2,3,0.0,GLY,G83,helix,no named landmark assigned,Other/candidate,low,trajectory-derived contact residue,Contact residue without a current conservative mechanism label.,S105,105,catalytic Ser,Catalytic/oxyanion,14.825596008255452,14.825596008255452,HiC T135 is only a rough candidate; I168 must not be called an IsPETase S214-equivalent.
Pro00121,HiC / 4OYY,86,0.0,0.0,0.0,13,0,0,2,3,0.0,LEU,L86,helix,no named landmark assigned,Other/candidate,low,trajectory-derived contact residue,Contact residue without a current conservative mechanism label.,S105,105,catalytic Ser,Catalytic/oxyanion,19.04000404411722,19.04000404411722,HiC T135 is only a rough candidate; I168 must not be called an IsPETase S214-equivalent.
Pro00121,HiC / 4OYY,87,0.0,0.0,0.0,13,0,0,2,3,0.0,PHE,F87,helix,no named landmark assigned,Other/candidate,low,trajectory-derived contact residue,Contact residue without a current conservative mechanism label.,S105,105,catalytic Ser,Catalytic/oxyanion,19.543995113589236,19.543995113589236,HiC T135 is only a rough candidate; I168 must not be called an IsPETase S214-equivalent.
Pro00121,HiC / 4OYY,88,0.0,0.0,0.0,13,0,0,2,3,0.0,ALA,A88,helix,no named landmark assigned,Other/candidate,low,trajectory-derived contact residue,Contact residue without a current conservative mechanism label.,S105,105,catalytic Ser,Catalytic/oxyanion,22.833943198668074,22.833943198668074,HiC T135 is only a rough candidate; I168 must not be called an IsPETase S214-equivalent.
Pro00121,HiC / 4OYY,89,0.0,0.0,0.0,13,0,0,2,3,0.0,LEU,L89,helix,no named landmark assigned,Other/candidate,low,trajectory-derived contact residue,Contact residue without a current conservative mechanism label.,S105,105,catalytic Ser,Catalytic/oxyanion,23.710638308573646,23.710638308573646,HiC T135 is only a rough candidate; I168 must not be called an IsPETase S214-equivalent.
Pro00121,HiC / 4OYY,90,0.0,0.0,0.0,13,0,0,2,3,0.0,ALA,A90,helix,no named landmark assigned,Other/candidate,low,trajectory-derived contact residue,Contact residue without a current conservative mechanism label.,S105,105,catalytic Ser,Catalytic/oxyanion,23.298840872455436,23.298840872455436,HiC T135 is only a rough candidate; I168 must not be called an IsPETase S214-equivalent.
Pro00121,HiC / 4OYY,91,0.0,0.0,0.0,13,0,0,2,3,0.0,ASN,N91,helix,no named landmark assigned,Other/candidate,low,trajectory-derived contact residue,Contact residue without a current conservative mechanism label.,S105,105,catalytic Ser,Catalytic/oxyanion,25.54526799624541,25.54526799624541,HiC T135 is only a rough candidate; I168 must not be called an IsPETase S214-equivalent.
Pro00121,HiC / 4OYY,92,0.0,0.0,0.0,13,0,0,2,3,0.0,GLN,Q92,helix,no named landmark assigned,Other/candidate,low,trajectory-derived contact residue,Contact residue without a current conservative mechanism label.,S105,105,catalytic Ser,Catalytic/oxyanion,28.016925616491182,28.016925616491182,HiC T135 is only a rough candidate; I168 must not be called an IsPETase S214-equivalent.
Pro00121,HiC / 4OYY,93,0.0,0.0,0.0,13,0,0,2,3,0.0,LYS,K93,helix,no named landmark assigned,Other/candidate,low,trajectory-derived contact residue,Contact residue without a current conservative mechanism label.,S105,105,catalytic Ser,Catalytic/oxyanion,28.400469820057555,28.400469820057555,HiC T135 is only a rough candidate; I168 must not be called an IsPETase S214-equivalent.
Pro00121,HiC / 4OYY,94,0.0,0.0,0.0,13,0,0,2,3,0.0,CYS,C94,helix,no named landmark assigned,Other/candidate,low,trajectory-derived contact residue,Contact residue without a current conservative mechanism label.,S105,105,catalytic Ser,Catalytic/oxyanion,28.22398005243059,28.22398005243059,HiC T135 is only a rough candidate; I168 must not be called an IsPETase S214-equivalent.
Pro00121,HiC / 4OYY,95,0.0,0.0,0.0,13,0,0,2,3,0.0,PRO,P95,coil/unassigned,no named landmark assigned,Other/candidate,low,trajectory-derived contact residue,Contact residue without a current conservative mechanism label.,S105,105,catalytic Ser,Catalytic/oxyanion,28.601149697171266,28.601149697171266,HiC T135 is only a rough candidate; I168 must not be called an IsPETase S214-equivalent.
Pro00121,HiC / 4OYY,96,0.0,0.0,0.0,13,0,0,2,3,0.0,ASN,N96,coil/unassigned,no named landmark assigned,Other/candidate,low,trajectory-derived contact residue,Contact residue without a current conservative mechanism label.,S105,105,catalytic Ser,Catalytic/oxyanion,29.438736810535875,29.438736810535875,HiC T135 is only a rough candidate; I168 must not be called an IsPETase S214-equivalent.
Pro00121,HiC / 4OYY,97,0.0,0.0,0.0,13,0,0,2,3,0.0,THR,T97,coil/unassigned,no named landmark assigned,Other/candidate,low,trajectory-derived contact residue,Contact residue without a current conservative mechanism label.,S105,105,catalytic Ser,Catalytic/oxyanion,26.61563377039893,26.61563377039893,HiC T135 is only a rough candidate; I168 must not be called an IsPETase S214-equivalent.
Pro00121,HiC / 4OYY,98,0.0,0.0,0.0,13,0,0,2,3,0.0,PRO,P98,coil/unassigned,no named landmark assigned,Other/candidate,low,trajectory-derived contact residue,Contact residue without a current conservative mechanism label.,S105,105,catalytic Ser,Catalytic/oxyanion,23.92053019897343,23.92053019897343,HiC T135 is only a rough candidate; I168 must not be called an IsPETase S214-equivalent.
Pro00121,HiC / 4OYY,99,0.0,0.0,0.0,13,0,0,2,3,0.0,VAL,V99,sheet,no named landmark assigned,Other/candidate,low,trajectory-derived contact residue,Contact residue without a current conservative mechanism label.,S105,105,catalytic Ser,Catalytic/oxyanion,20.371929952756073,20.371929952756073,HiC T135 is only a rough candidate; I168 must not be called an IsPETase S214-equivalent.
Pro00121,HiC / 4OYY,100,0.0,0.0,0.0,13,0,0,2,3,0.0,VAL,V100,sheet,no named landmark assigned,Other/candidate,low,trajectory-derived contact residue,Contact residue without a current conservative mechanism label.,S105,105,catalytic Ser,Catalytic/oxyanion,17.307052262011574,17.307052262011574,HiC T135 is only a rough candidate; I168 must not be called an IsPETase S214-equivalent.
Pro00121,HiC / 4OYY,101,0.0,0.0,0.0,13,0,0,2,3,0.0,ALA,A101,sheet,no named landmark assigned,Other/candidate,low,trajectory-derived contact residue,Contact residue without a current conservative mechanism label.,S105,105,catalytic Ser,Catalytic/oxyanion,13.72178013232977,13.72178013232977,HiC T135 is only a rough candidate; I168 must not be called an IsPETase S214-equivalent.
Pro00121,HiC / 4OYY,102,0.0,0.0,0.0,13,0,0,2,3,0.0,GLY,G102,sheet,no named landmark assigned,Other/candidate,low,trajectory-derived contact residue,Contact residue without a current conservative mechanism label.,S105,105,catalytic Ser,Catalytic/oxyanion,10.284862177005582,10.284862177005582,HiC T135 is only a rough candidate; I168 must not be called an IsPETase S214-equivalent.
Pro00121,HiC / 4OYY,103,0.0,0.0,0.0,13,0,0,2,3,0.0,GLY,G103,sheet,no named landmark assigned,Other/candidate,low,trajectory-derived contact residue,Contact residue without a current conservative mechanism label.,S105,105,catalytic Ser,Catalytic/oxyanion,6.719104106947592,6.719104106947592,HiC T135 is only a rough candidate; I168 must not be called an IsPETase S214-equivalent.
Pro00121,HiC / 4OYY,107,0.0,0.0,0.0,13,0,0,2,3,0.0,GLY,G107,helix,near S105 (catalytic Ser),Catalytic/oxyanion,medium-low,local CA-distance annotation,Spatially near a named landmark; inspect before strong mechanistic wording.,S105,105,catalytic Ser,Catalytic/oxyanion,5.357415608294731,5.357415608294731,HiC T135 is only a rough candidate; I168 must not be called an IsPETase S214-equivalent.
Pro00121,HiC / 4OYY,108,0.0,0.0,0.0,13,0,0,2,3,0.0,ALA,A108,helix,near S105 (catalytic Ser),Catalytic/oxyanion,medium-low,local CA-distance annotation,Spatially near a named landmark; inspect before strong mechanistic wording.,S105,105,catalytic Ser,Catalytic/oxyanion,5.184952651664236,5.184952651664236,HiC T135 is only a rough candidate; I168 must not be called an IsPETase S214-equivalent.
Pro00121,HiC / 4OYY,110,0.0,0.0,0.0,13,0,0,2,3,0.0,LEU,L110,helix,no named landmark assigned,Other/candidate,low,trajectory-derived contact residue,Contact residue without a current conservative mechanism label.,S105,105,catalytic Ser,Catalytic/oxyanion,8.876225436524242,8.876225436524242,HiC T135 is only a rough candidate; I168 must not be called an IsPETase S214-equivalent.
Pro00121,HiC / 4OYY,111,0.0,0.0,0.0,13,0,0,2,3,0.0,ILE,I111,helix,no named landmark assigned,Other/candidate,low,trajectory-derived contact residue,Contact residue without a current conservative mechanism label.,S105,105,catalytic Ser,Catalytic/oxyanion,10.13597829516224,10.13597829516224,HiC T135 is only a rough candidate; I168 must not be called an IsPETase S214-equivalent.
Pro00121,HiC / 4OYY,114,0.0,0.0,0.0,13,0,0,2,3,0.0,ALA,A114,helix,no named landmark assigned,Other/candidate,low,trajectory-derived contact residue,Contact residue without a current conservative mechanism label.,T135,135,rough W-loop spatial candidate,Other/candidate,14.263822559187982,14.50385827978197,HiC T135 is only a rough candidate; I168 must not be called an IsPETase S214-equivalent.
Pro00121,HiC / 4OYY,115,0.0,0.0,0.0,13,0,0,2,3,0.0,VAL,V115,helix,no named landmark assigned,Other/candidate,low,trajectory-derived contact residue,Contact residue without a current conservative mechanism label.,T135,135,rough W-loop spatial candidate,Other/candidate,15.320372939324942,15.68753498800879,HiC T135 is only a rough candidate; I168 must not be called an IsPETase S214-equivalent.
Pro00121,HiC / 4OYY,118,0.0,0.0,0.0,13,0,0,2,3,0.0,LEU,L118,coil/unassigned,no named landmark assigned,Other/candidate,low,trajectory-derived contact residue,Contact residue without a current conservative mechanism label.,T135,135,rough W-loop spatial candidate,Other/candidate,19.98979942370608,20.626635013981318,HiC T135 is only a rough candidate; I168 must not be called an IsPETase S214-equivalent.
Pro00121,HiC / 4OYY,119,0.0,0.0,0.0,13,0,0,2,3,0.0,SER,S119,helix,no named landmark assigned,Other/candidate,low,trajectory-derived contact residue,Contact residue without a current conservative mechanism label.,T135,135,rough W-loop spatial candidate,Other/candidate,23.36108897290535,24.211422118496053,HiC T135 is only a rough candidate; I168 must not be called an IsPETase S214-equivalent.
Pro00121,HiC / 4OYY,120,0.0,0.0,0.0,13,0,0,2,3,0.0,GLY,G120,helix,no named landmark assigned,Other/candidate,low,trajectory-derived contact residue,Contact residue without a current conservative mechanism label.,T135,135,rough W-loop spatial candidate,Other/candidate,26.567732101178677,27.089401691436453,HiC T135 is only a rough candidate; I168 must not be called an IsPETase S214-equivalent.
Pro00121,HiC / 4OYY,121,0.0,0.0,0.0,13,0,0,2,3,0.0,ALA,A121,helix,no named landmark assigned,Other/candidate,low,trajectory-derived contact residue,Contact residue without a current conservative mechanism label.,S105,105,catalytic Ser,Catalytic/oxyanion,27.168527637691376,27.168527637691376,HiC T135 is only a rough candidate; I168 must not be called an IsPETase S214-equivalent.
Pro00121,HiC / 4OYY,122,0.0,0.0,0.0,13,0,0,2,3,0.0,VAL,V122,helix,no named landmark assigned,Other/candidate,low,trajectory-derived contact residue,Contact residue without a current conservative mechanism label.,S105,105,catalytic Ser,Catalytic/oxyanion,23.80680446847077,23.80680446847077,HiC T135 is only a rough candidate; I168 must not be called an IsPETase S214-equivalent.
Pro00121,HiC / 4OYY,124,0.0,0.0,0.0,13,0,0,2,3,0.0,GLU,E124,helix,no named landmark assigned,Other/candidate,low,trajectory-derived contact residue,Contact residue without a current conservative mechanism label.,S105,105,catalytic Ser,Catalytic/oxyanion,24.32328217983749,24.32328217983749,HiC T135 is only a rough candidate; I168 must not be called an IsPETase S214-equivalent.
Pro00121,HiC / 4OYY,125,0.0,0.0,0.0,13,0,0,2,3,0.0,GLN,Q125,helix,no named landmark assigned,Other/candidate,low,trajectory-derived contact residue,Contact residue without a current conservative mechanism label.,S105,105,catalytic Ser,Catalytic/oxyanion,23.610617802166892,23.610617802166892,HiC T135 is only a rough candidate; I168 must not be called an IsPETase S214-equivalent.
Pro00121,HiC / 4OYY,126,0.0,0.0,0.0,13,0,0,2,3,0.0,VAL,V126,sheet,no named landmark assigned,Other/candidate,low,trajectory-derived contact residue,Contact residue without a current conservative mechanism label.,S105,105,catalytic Ser,Catalytic/oxyanion,19.98575305061083,19.98575305061083,HiC T135 is only a rough candidate; I168 must not be called an IsPETase S214-equivalent.
Pro00121,HiC / 4OYY,127,0.0,0.0,0.0,13,0,0,2,3,0.0,LYS,K127,sheet,no named landmark assigned,Other/candidate,low,trajectory-derived contact residue,Contact residue without a current conservative mechanism label.,S105,105,catalytic Ser,Catalytic/oxyanion,20.82709415641078,20.82709415641078,HiC T135 is only a rough candidate; I168 must not be called an IsPETase S214-equivalent.
Pro00121,HiC / 4OYY,128,0.0,0.0,0.0,13,0,0,2,3,0.0,GLY,G128,sheet,no named landmark assigned,Other/candidate,low,trajectory-derived contact residue,Contact residue without a current conservative mechanism label.,S105,105,catalytic Ser,Catalytic/oxyanion,17.533136000156958,17.533136000156958,HiC T135 is only a rough candidate; I168 must not be called an IsPETase S214-equivalent.
Pro00121,HiC / 4OYY,129,0.0,0.0,0.0,13,0,0,2,3,0.0,VAL,V129,sheet,no named landmark assigned,Other/candidate,low,trajectory-derived contact residue,Contact residue without a current conservative mechanism label.,S105,105,catalytic Ser,Catalytic/oxyanion,13.771841017089908,13.771841017089908,HiC T135 is only a rough candidate; I168 must not be called an IsPETase S214-equivalent.
Pro00121,HiC / 4OYY,130,0.0,0.0,0.0,13,0,0,2,3,0.0,ALA,A130,sheet,no named landmark assigned,Other/candidate,low,trajectory-derived contact residue,Contact residue without a current conservative mechanism label.,S105,105,catalytic Ser,Catalytic/oxyanion,11.470883183085773,11.470883183085773,HiC T135 is only a rough candidate; I168 must not be called an IsPETase S214-equivalent.
Pro00121,HiC / 4OYY,131,0.0,0.0,0.0,13,0,0,2,3,0.0,LEU,L131,sheet,no named landmark assigned,Other/candidate,low,trajectory-derived contact residue,Contact residue without a current conservative mechanism label.,S105,105,catalytic Ser,Catalytic/oxyanion,7.975914116889674,7.975914116889674,HiC T135 is only a rough candidate; I168 must not be called an IsPETase S214-equivalent.
Pro00121,HiC / 4OYY,132,0.0,0.0,0.0,13,0,0,2,3,0.0,PHE,F132,sheet,HiC T135 candidate-region,Other/candidate,low,rough candidate only,T135-region evidence only; HiC W-loop assignment is unresolved.,S105,105,catalytic Ser,Catalytic/oxyanion,6.120882779468988,6.120882779468988,HiC T135 is only a rough candidate; I168 must not be called an IsPETase S214-equivalent.
Pro00121,HiC / 4OYY,151,0.0,0.0,0.0,13,0,0,2,3,0.0,ARG,R151,coil/unassigned,no named landmark assigned,Other/candidate,low,trajectory-derived contact residue,Contact residue without a current conservative mechanism label.,T135,135,rough W-loop spatial candidate,Other/candidate,18.726792090478284,18.80940326007181,HiC T135 is only a rough candidate; I168 must not be called an IsPETase S214-equivalent.
Pro00121,HiC / 4OYY,180,0.0,0.0,0.0,13,0,0,2,3,0.0,ALA,A180,helix,no named landmark assigned,Other/candidate,low,trajectory-derived contact residue,Contact residue without a current conservative mechanism label.,S105,105,catalytic Ser,Catalytic/oxyanion,12.957936332610993,12.957936332610993,HiC T135 is only a rough candidate; I168 must not be called an IsPETase S214-equivalent.
Pro00121,HiC / 4OYY,182,0.0,0.0,0.0,13,0,0,2,3,0.0,GLY,G182,helix,no named landmark assigned,Other/candidate,low,trajectory-derived contact residue,Contact residue without a current conservative mechanism label.,H173,173,catalytic His,Catalytic/oxyanion,17.292548771074784,17.292548771074784,HiC T135 is only a rough candidate; I168 must not be called an IsPETase S214-equivalent.
Pro00121,HiC / 4OYY,184,0.0,0.0,0.0,13,0,0,2,3,0.0,ALA,A184,helix,no named landmark assigned,Other/candidate,low,trajectory-derived contact residue,Contact residue without a current conservative mechanism label.,S105,105,catalytic Ser,Catalytic/oxyanion,15.099573967499879,15.099573967499879,HiC T135 is only a rough candidate; I168 must not be called an IsPETase S214-equivalent.
Pro00121,HiC / 4OYY,185,0.0,0.0,0.0,13,0,0,2,3,0.0,ALA,A185,helix,no named landmark assigned,Other/candidate,low,trajectory-derived contact residue,Contact residue without a current conservative mechanism label.,S105,105,catalytic Ser,Catalytic/oxyanion,17.425249668225703,17.425249668225703,HiC T135 is only a rough candidate; I168 must not be called an IsPETase S214-equivalent.
Pro00121,HiC / 4OYY,186,0.0,0.0,0.0,13,0,0,2,3,0.0,ARG,R186,helix,no named landmark assigned,Other/candidate,low,trajectory-derived contact residue,Contact residue without a current conservative mechanism label.,S105,105,catalytic Ser,Catalytic/oxyanion,20.385768810618845,20.385768810618845,HiC T135 is only a rough candidate; I168 must not be called an IsPETase S214-equivalent.
Pro00121,HiC / 4OYY,187,0.0,0.0,0.0,13,0,0,2,3,0.0,PHE,F187,helix,no named landmark assigned,Other/candidate,low,trajectory-derived contact residue,Contact residue without a current conservative mechanism label.,S105,105,catalytic Ser,Catalytic/oxyanion,19.035680733821945,19.035680733821945,HiC T135 is only a rough candidate; I168 must not be called an IsPETase S214-equivalent.
Pro00121,HiC / 4OYY,188,0.0,0.0,0.0,13,0,0,2,3,0.0,LEU,L188,helix,no named landmark assigned,Other/candidate,low,trajectory-derived contact residue,Contact residue without a current conservative mechanism label.,S105,105,catalytic Ser,Catalytic/oxyanion,18.425789779545408,18.425789779545408,HiC T135 is only a rough candidate; I168 must not be called an IsPETase S214-equivalent.
Pro00121,HiC / 4OYY,189,0.0,0.0,0.0,13,0,0,2,3,0.0,ARG,R189,helix,no named landmark assigned,Other/candidate,low,trajectory-derived contact residue,Contact residue without a current conservative mechanism label.,S105,105,catalytic Ser,Catalytic/oxyanion,21.783019556526135,21.783019556526135,HiC T135 is only a rough candidate; I168 must not be called an IsPETase S214-equivalent.
Pro00121,HiC / 4OYY,190,0.0,0.0,0.0,13,0,0,2,3,0.0,ASP,D190,helix,no named landmark assigned,Other/candidate,low,trajectory-derived contact residue,Contact residue without a current conservative mechanism label.,S105,105,catalytic Ser,Catalytic/oxyanion,23.506261059556028,23.506261059556028,HiC T135 is only a rough candidate; I168 must not be called an IsPETase S214-equivalent.
Pro00121,HiC / 4OYY,191,0.0,0.0,0.0,13,0,0,2,3,0.0,ARG,R191,helix,no named landmark assigned,Other/candidate,low,trajectory-derived contact residue,Contact residue without a current conservative mechanism label.,S105,105,catalytic Ser,Catalytic/oxyanion,22.218784530212268,22.218784530212268,HiC T135 is only a rough candidate; I168 must not be called an IsPETase S214-equivalent.
Pro00121,HiC / 4OYY,192,0.0,0.0,0.0,13,0,0,2,3,0.0,ILE,I192,helix,no named landmark assigned,Other/candidate,low,trajectory-derived contact residue,Contact residue without a current conservative mechanism label.,S105,105,catalytic Ser,Catalytic/oxyanion,23.541817814264046,23.541817814264046,HiC T135 is only a rough candidate; I168 must not be called an IsPETase S214-equivalent.
Pro00121,HiC / 4OYY,193,0.0,0.0,0.0,13,0,0,2,3,0.0,ARG,R193,helix,no named landmark assigned,Other/candidate,low,trajectory-derived contact residue,Contact residue without a current conservative mechanism label.,S105,105,catalytic Ser,Catalytic/oxyanion,26.880526352733497,26.880526352733497,HiC T135 is only a rough candidate; I168 must not be called an IsPETase S214-equivalent.
Pro00121,HiC / 4OYY,194,0.0,0.0,0.0,13,0,0,2,3,0.0,ALA,A194,coil/unassigned,no named landmark assigned,Other/candidate,low,trajectory-derived contact residue,Contact residue without a current conservative mechanism label.,S105,105,catalytic Ser,Catalytic/oxyanion,27.24231201642034,27.24231201642034,HiC T135 is only a rough candidate; I168 must not be called an IsPETase S214-equivalent.
Pro00137,PHL7 / 7NEI,63,0.8791666666666668,0.9624999999999999,1.0,6,5,6,3,4,0.8333333333333334,PHE,F63,coil/unassigned,subsite I / oxyanion-side wall,Subsite/hotspot/stability,high,memo + local mapping,Exact configured landmark residue.,F63,63,subsite I / oxyanion-side wall,Subsite/hotspot/stability,0.0,7.129616749868116,"PHL7 landmarks are locally supported, but local 7NEI render is unliganded."
Pro00137,PHL7 / 7NEI,179,0.82,0.884,0.99,6,5,6,3,4,0.8333333333333334,ILE,I179,coil/unassigned,subsite I,Subsite/hotspot/stability,high,memo + local mapping,Exact configured landmark residue.,I179,179,subsite I,Subsite/hotspot/stability,0.0,5.731036991679603,"PHL7 landmarks are locally supported, but local 7NEI render is unliganded."
Pro00137,PHL7 / 7NEI,132,0.7863333333333333,0.85,1.0,6,5,6,3,4,0.8333333333333334,MET,M132,helix,oxyanion donor / subsite I,Catalytic/oxyanion,high,memo + local mapping,Exact configured landmark residue.,M132,132,oxyanion donor / subsite I,Catalytic/oxyanion,0.0,3.832193236255188,"PHL7 landmarks are locally supported, but local 7NEI render is unliganded."
Pro00137,PHL7 / 7NEI,156,0.6988333333333333,0.85,0.999,6,4,6,3,4,0.6666666666666666,TRP,W156,coil/unassigned,W-loop Trp equivalent,W-loop/flexible or rigid pair,high,memo + CE/ChimeraX mapping,Exact configured landmark residue.,W156,156,W-loop Trp equivalent,W-loop/flexible or rigid pair,0.0,4.725601125782835,"PHL7 landmarks are locally supported, but local 7NEI render is unliganded."
Pro00137,PHL7 / 7NEI,178,0.6815000000000001,0.7244999999999999,0.894,6,5,6,3,4,0.8333333333333334,THR,T178,coil/unassigned,PHL7 subsite-I adjacent patch,Subsite/hotspot/stability,medium,sequence adjacency + local mapping,Broader subsite-I/catalytic-Asp patch.,I179,179,subsite I,Subsite/hotspot/stability,3.8430895123585147,3.900939374048256,"PHL7 landmarks are locally supported, but local 7NEI render is unliganded."
Pro00137,PHL7 / 7NEI,95,0.6383333333333333,0.8220000000000001,0.981,6,4,5,3,4,0.6666666666666666,GLN,Q95,helix,LCC-derived stability position,Subsite/hotspot/stability,high for residue identity,memo,Exact configured landmark residue.,Q95,95,LCC-derived stability position,Subsite/hotspot/stability,0.0,10.585965048119137,"PHL7 landmarks are locally supported, but local 7NEI render is unliganded."
Pro00137,PHL7 / 7NEI,93,0.547,0.5715,0.971,6,3,5,3,4,0.5,LEU,L93,coil/unassigned,LCC-derived stability position,Subsite/hotspot/stability,high for residue identity,memo,Exact configured landmark residue.,L93,93,LCC-derived stability position,Subsite/hotspot/stability,0.0,12.451483646537872,"PHL7 landmarks are locally supported, but local 7NEI render is unliganded."
Pro00137,PHL7 / 7NEI,158,0.408,0.39649999999999996,0.836,6,3,4,3,4,0.5,THR,T158,coil/unassigned,PHL7 W-loop/rigid-pair neighborhood,W-loop/flexible or rigid pair,medium,sequence adjacency + local mapping,Neighborhood of W156 or H185/F189.,W156,156,W-loop Trp equivalent,W-loop/flexible or rigid pair,7.181913463694757,11.622575747225742,"PHL7 landmarks are locally supported, but local 7NEI render is unliganded."
Pro00137,PHL7 / 7NEI,64,0.35366666666666663,0.33599999999999997,0.753,6,1,5,3,4,0.16666666666666666,THR,T64,coil/unassigned,PHL7 subsite-I adjacent patch,Subsite/hotspot/stability,medium,sequence adjacency + local mapping,Broader subsite-I/catalytic-Asp patch.,F63,63,subsite I / oxyanion-side wall,Subsite/hotspot/stability,3.8353583926407726,10.521492147029338,"PHL7 landmarks are locally supported, but local 7NEI render is unliganded."
Pro00137,PHL7 / 7NEI,181,0.29616666666666663,0.248,0.712,6,1,4,3,4,0.16666666666666666,PRO,P181,coil/unassigned,PHL7 subsite-I adjacent patch,Subsite/hotspot/stability,medium,sequence adjacency + local mapping,Broader subsite-I/catalytic-Asp patch.,D177,177,catalytic Asp,Catalytic/oxyanion,5.0536143501458435,5.0536143501458435,"PHL7 landmarks are locally supported, but local 7NEI render is unliganded."
Pro00137,PHL7 / 7NEI,209,0.2655,0.215,0.643,6,1,3,3,4,0.16666666666666666,HIS,H209,helix,catalytic His,Catalytic/oxyanion,high,memo/local registry,Exact configured landmark residue.,H209,209,catalytic His,Catalytic/oxyanion,0.0,0.0,"PHL7 landmarks are locally supported, but local 7NEI render is unliganded."
Pro00137,PHL7 / 7NEI,185,0.25616666666666665,0.20500000000000002,0.662,6,1,3,3,4,0.16666666666666666,HIS,H185,helix,rigid-pair S214-equivalent,W-loop/flexible or rigid pair,high,memo + CE/ChimeraX mapping,Exact configured landmark residue.,H185,185,rigid-pair S214-equivalent,W-loop/flexible or rigid pair,0.0,9.906758349732772,"PHL7 landmarks are locally supported, but local 7NEI render is unliganded."
Pro00137,PHL7 / 7NEI,210,0.2343333333333333,0.166,0.591,6,1,3,3,4,0.16666666666666666,LEU,L210,helix,subsite II / PHL7 activity hotspot,Subsite/hotspot/stability,high,memo + local mapping,Exact configured landmark residue.,L210,210,subsite II / PHL7 activity hotspot,Subsite/hotspot/stability,0.0,3.8157371502764708,"PHL7 landmarks are locally supported, but local 7NEI render is unliganded."
Pro00137,PHL7 / 7NEI,184,0.1831666666666667,0.10350000000000001,0.662,6,1,1,3,4,0.16666666666666666,SER,S184,coil/unassigned,PHL7 W-loop/rigid-pair neighborhood,W-loop/flexible or rigid pair,medium,sequence adjacency + local mapping,Neighborhood of W156 or H185/F189.,H185,185,rigid-pair S214-equivalent,W-loop/flexible or rigid pair,3.831209861127421,10.592346010209447,"PHL7 landmarks are locally supported, but local 7NEI render is unliganded."
Pro00137,PHL7 / 7NEI,180,0.18033333333333335,0.0875,0.674,6,1,1,3,4,0.16666666666666666,ALA,A180,coil/unassigned,PHL7 subsite-I adjacent patch,Subsite/hotspot/stability,medium,sequence adjacency + local mapping,Broader subsite-I/catalytic-Asp patch.,I179,179,subsite I,Subsite/hotspot/stability,3.8179262695866716,5.807895143681573,"PHL7 landmarks are locally supported, but local 7NEI render is unliganded."
Pro00137,PHL7 / 7NEI,65,0.17716666666666667,0.07650000000000001,0.568,6,1,2,3,4,0.16666666666666666,ALA,A65,coil/unassigned,PHL7 subsite-I adjacent patch,Subsite/hotspot/stability,medium,sequence adjacency + local mapping,Broader subsite-I/catalytic-Asp patch.,F63,63,subsite I / oxyanion-side wall,Subsite/hotspot/stability,5.47065791290225,9.89502627586203,"PHL7 landmarks are locally supported, but local 7NEI render is unliganded."
Pro00137,PHL7 / 7NEI,160,0.132,0.0455,0.457,6,0,2,3,4,0.0,LYS,K160,coil/unassigned,PHL7 W-loop/rigid-pair neighborhood,W-loop/flexible or rigid pair,medium,sequence adjacency + local mapping,Neighborhood of W156 or H185/F189.,F189,189,rigid-pair I218-equivalent,W-loop/flexible or rigid pair,5.618624831753763,13.697329557253124,"PHL7 landmarks are locally supported, but local 7NEI render is unliganded."
Pro00137,PHL7 / 7NEI,213,0.13066666666666665,0.051000000000000004,0.42,6,0,2,3,4,0.0,ASN,N213,helix,PHL7 catalytic-His/L210 hotspot neighborhood,Subsite/hotspot/stability,medium,sequence adjacency + local mapping,H209/L210 side of active site.,L210,210,subsite II / PHL7 activity hotspot,Subsite/hotspot/stability,5.378240046706729,8.904769620826809,"PHL7 landmarks are locally supported, but local 7NEI render is unliganded."
Pro00137,PHL7 / 7NEI,131,0.126,0.079,0.378,6,0,2,3,4,0.0,SER,S131,helix,catalytic Ser,Catalytic/oxyanion,high,memo/local registry,Exact configured landmark residue.,S131,131,catalytic Ser,Catalytic/oxyanion,0.0,0.0,"PHL7 landmarks are locally supported, but local 7NEI render is unliganded."
Pro00137,PHL7 / 7NEI,69,0.12233333333333334,0.042,0.381,6,0,2,3,4,0.0,SER,S69,helix,no named landmark assigned,Other/candidate,low,trajectory-derived contact residue,Contact residue without a current conservative mechanism label.,H130,130,subsite II / thermal-stability hotspot,Subsite/hotspot/stability,8.963676198971044,11.096401669009643,"PHL7 landmarks are locally supported, but local 7NEI render is unliganded."
Pro00137,PHL7 / 7NEI,214,0.10633333333333334,0.0325,0.376,6,0,1,3,4,0.0,THR,T214,helix,PHL7 catalytic-His/L210 hotspot neighborhood,Subsite/hotspot/stability,medium,sequence adjacency + local mapping,H209/L210 side of active site.,L210,210,subsite II / PHL7 activity hotspot,Subsite/hotspot/stability,7.629546906599369,11.087679739242109,"PHL7 landmarks are locally supported, but local 7NEI render is unliganded."
Pro00137,PHL7 / 7NEI,68,0.10516666666666667,0.0245,0.363,6,0,2,3,4,0.0,GLU,E68,helix,no named landmark assigned,Other/candidate,low,trajectory-derived contact residue,Contact residue without a current conservative mechanism label.,H130,130,subsite II / thermal-stability hotspot,Subsite/hotspot/stability,11.742473504334596,14.10174645212429,"PHL7 landmarks are locally supported, but local 7NEI render is unliganded."
Pro00137,PHL7 / 7NEI,92,0.1025,0.088,0.218,6,0,1,3,4,0.0,ARG,R92,coil/unassigned,near L93 (LCC-derived stability position),Subsite/hotspot/stability,medium-low,local CA-distance annotation,Spatially near a named landmark; inspect before strong mechanistic wording.,L93,93,LCC-derived stability position,Subsite/hotspot/stability,3.8271630485256316,12.488297482042938,"PHL7 landmarks are locally supported, but local 7NEI render is unliganded."
Pro00137,PHL7 / 7NEI,208,0.09650000000000002,0.0685,0.342,6,0,1,3,4,0.0,SER,S208,helix,PHL7 catalytic-His/L210 hotspot neighborhood,Subsite/hotspot/stability,medium,sequence adjacency + local mapping,H209/L210 side of active site.,H209,209,catalytic His,Catalytic/oxyanion,3.848211792508307,3.848211792508307,"PHL7 landmarks are locally supported, but local 7NEI render is unliganded."
Pro00137,PHL7 / 7NEI,66,0.07633333333333334,0.0245,0.263,6,0,1,3,4,0.0,GLY,G66,helix,no named landmark assigned,Other/candidate,low,trajectory-derived contact residue,Contact residue without a current conservative mechanism label.,F63,63,subsite I / oxyanion-side wall,Subsite/hotspot/stability,8.571854466800051,12.188969357579008,"PHL7 landmarks are locally supported, but local 7NEI render is unliganded."
Pro00137,PHL7 / 7NEI,176,0.07216666666666667,0.033999999999999996,0.293,6,0,1,3,4,0.0,LEU,L176,coil/unassigned,near D177 (catalytic Asp),Catalytic/oxyanion,medium-low,local CA-distance annotation,Spatially near a named landmark; inspect before strong mechanistic wording.,D177,177,catalytic Asp,Catalytic/oxyanion,3.85062215752208,3.85062215752208,"PHL7 landmarks are locally supported, but local 7NEI render is unliganded."
Pro00137,PHL7 / 7NEI,62,0.0705,0.0215,0.195,6,0,0,3,4,0.0,GLY,G62,coil/unassigned,near F63 (subsite I / oxyanion-side wall),Subsite/hotspot/stability,medium-low,local CA-distance annotation,Spatially near a named landmark; inspect before strong mechanistic wording.,F63,63,subsite I / oxyanion-side wall,Subsite/hotspot/stability,3.85416981981853,4.806239902460134,"PHL7 landmarks are locally supported, but local 7NEI render is unliganded."
Pro00137,PHL7 / 7NEI,177,0.063,0.051000000000000004,0.16,6,0,0,3,4,0.0,ASP,D177,coil/unassigned,catalytic Asp,Catalytic/oxyanion,high,memo/local registry,Exact configured landmark residue.,D177,177,catalytic Asp,Catalytic/oxyanion,0.0,0.0,"PHL7 landmarks are locally supported, but local 7NEI render is unliganded."
Pro00137,PHL7 / 7NEI,96,0.0625,0.043,0.207,6,0,1,3,4,0.0,PRO,P96,helix,near Q95 (LCC-derived stability position),Subsite/hotspot/stability,medium-low,local CA-distance annotation,Spatially near a named landmark; inspect before strong mechanistic wording.,Q95,95,LCC-derived stability position,Subsite/hotspot/stability,3.8686314117527396,8.72921468403659,"PHL7 landmarks are locally supported, but local 7NEI render is unliganded."
Pro00137,PHL7 / 7NEI,94,0.0605,0.0465,0.151,6,0,0,3,4,0.0,ASP,D94,coil/unassigned,near L93 (LCC-derived stability position),Subsite/hotspot/stability,medium-low,local CA-distance annotation,Spatially near a named landmark; inspect before strong mechanistic wording.,L93,93,LCC-derived stability position,Subsite/hotspot/stability,3.780801105585959,12.124917731679666,"PHL7 landmarks are locally supported, but local 7NEI render is unliganded."
Pro00137,PHL7 / 7NEI,130,0.06016666666666667,0.0275,0.182,6,0,0,3,4,0.0,HIS,H130,sheet,subsite II / thermal-stability hotspot,Subsite/hotspot/stability,high,memo + local mapping,Exact configured landmark residue.,H130,130,subsite II / thermal-stability hotspot,Subsite/hotspot/stability,0.0,3.7951902455608195,"PHL7 landmarks are locally supported, but local 7NEI render is unliganded."
Pro00137,PHL7 / 7NEI,91,0.058666666666666666,0.046,0.153,6,0,0,3,4,0.0,THR,T91,coil/unassigned,near L93 (LCC-derived stability position),Subsite/hotspot/stability,medium-low,local CA-distance annotation,Spatially near a named landmark; inspect before strong mechanistic wording.,L93,93,LCC-derived stability position,Subsite/hotspot/stability,5.285207848325362,15.305232863305283,"PHL7 landmarks are locally supported, but local 7NEI render is unliganded."
Pro00137,PHL7 / 7NEI,175,0.043666666666666666,0.015,0.197,6,0,0,3,4,0.0,GLN,Q175,coil/unassigned,near D177 (catalytic Asp),Catalytic/oxyanion,medium-low,local CA-distance annotation,Spatially near a named landmark; inspect before strong mechanistic wording.,D177,177,catalytic Asp,Catalytic/oxyanion,5.732024249774246,5.732024249774246,"PHL7 landmarks are locally supported, but local 7NEI render is unliganded."
Pro00137,PHL7 / 7NEI,183,0.042333333333333334,0.049,0.083,6,0,0,3,4,0.0,SER,S183,coil/unassigned,near H185 (rigid-pair S214-equivalent),W-loop/flexible or rigid pair,medium-low,local CA-distance annotation,Spatially near a named landmark; inspect before strong mechanistic wording.,H185,185,rigid-pair S214-equivalent,W-loop/flexible or rigid pair,5.786570054877068,9.833823162941258,"PHL7 landmarks are locally supported, but local 7NEI render is unliganded."
Pro00137,PHL7 / 7NEI,71,0.03916666666666666,0.0005,0.155,6,0,0,3,4,0.0,ALA,A71,helix,no named landmark assigned,Other/candidate,low,trajectory-derived contact residue,Contact residue without a current conservative mechanism label.,H130,130,subsite II / thermal-stability hotspot,Subsite/hotspot/stability,11.18434481764578,14.466871880264925,"PHL7 landmarks are locally supported, but local 7NEI render is unliganded."
Pro00137,PHL7 / 7NEI,215,0.03516666666666667,0.0175,0.106,6,0,0,3,4,0.0,PRO,P215,coil/unassigned,no named landmark assigned,Other/candidate,low,trajectory-derived contact residue,Contact residue without a current conservative mechanism label.,L210,210,subsite II / PHL7 activity hotspot,Subsite/hotspot/stability,10.525023990471471,13.461763554601603,"PHL7 landmarks are locally supported, but local 7NEI render is unliganded."
Pro00137,PHL7 / 7NEI,70,0.03316666666666667,0.004,0.137,6,0,0,3,4,0.0,ILE,I70,helix,no named landmark assigned,Other/candidate,low,trajectory-derived contact residue,Contact residue without a current conservative mechanism label.,H130,130,subsite II / thermal-stability hotspot,Subsite/hotspot/stability,7.56409948374557,10.73677689066882,"PHL7 landmarks are locally supported, but local 7NEI render is unliganded."
Pro00137,PHL7 / 7NEI,72,0.028,0.013,0.093,6,0,0,3,4,0.0,TRP,W72,helix,no named landmark assigned,Other/candidate,low,trajectory-derived contact residue,Contact residue without a current conservative mechanism label.,H130,130,subsite II / thermal-stability hotspot,Subsite/hotspot/stability,12.329876966133929,15.726251969239206,"PHL7 landmarks are locally supported, but local 7NEI render is unliganded."
Pro00137,PHL7 / 7NEI,157,0.02766666666666667,0.004,0.128,6,0,0,3,4,0.0,HIS,H157,coil/unassigned,PHL7 W-loop/rigid-pair neighborhood,W-loop/flexible or rigid pair,medium,sequence adjacency + local mapping,Neighborhood of W156 or H185/F189.,W156,156,W-loop Trp equivalent,W-loop/flexible or rigid pair,3.8729000761703114,8.097161292700054,"PHL7 landmarks are locally supported, but local 7NEI render is unliganded."
Pro00137,PHL7 / 7NEI,67,0.027666666666666662,0.0,0.144,6,0,0,3,4,0.0,GLN,Q67,helix,no named landmark assigned,Other/candidate,low,trajectory-derived contact residue,Contact residue without a current conservative mechanism label.,H130,130,subsite II / thermal-stability hotspot,Subsite/hotspot/stability,10.095699084263556,12.434630231735884,"PHL7 landmarks are locally supported, but local 7NEI render is unliganded."
Pro00137,PHL7 / 7NEI,211,0.025666666666666667,0.0025,0.119,6,0,0,3,4,0.0,VAL,V211,helix,PHL7 catalytic-His/L210 hotspot neighborhood,Subsite/hotspot/stability,medium,sequence adjacency + local mapping,H209/L210 side of active site.,L210,210,subsite II / PHL7 activity hotspot,Subsite/hotspot/stability,3.829031339647144,5.740664334378034,"PHL7 landmarks are locally supported, but local 7NEI render is unliganded."
Pro00137,PHL7 / 7NEI,206,0.025166666666666667,0.0015,0.145,6,0,0,3,4,0.0,GLY,G206,coil/unassigned,no named landmark assigned,Other/candidate,low,trajectory-derived contact residue,Contact residue without a current conservative mechanism label.,D177,177,catalytic Asp,Catalytic/oxyanion,8.865758455992358,8.865758455992358,"PHL7 landmarks are locally supported, but local 7NEI render is unliganded."
Pro00137,PHL7 / 7NEI,61,0.024833333333333332,0.0,0.147,6,0,0,3,4,0.0,PRO,P61,coil/unassigned,near H130 (subsite II / thermal-stability hotspot),Subsite/hotspot/stability,medium-low,local CA-distance annotation,Spatially near a named landmark; inspect before strong mechanistic wording.,H130,130,subsite II / thermal-stability hotspot,Subsite/hotspot/stability,5.383949665440791,7.234017486846434,"PHL7 landmarks are locally supported, but local 7NEI render is unliganded."
Pro00137,PHL7 / 7NEI,29,0.024666666666666667,0.0,0.148,6,0,0,3,4,0.0,THR,T29,sheet,no named landmark assigned,Other/candidate,low,trajectory-derived contact residue,Contact residue without a current conservative mechanism label.,H130,130,subsite II / thermal-stability hotspot,Subsite/hotspot/stability,20.445520047188822,23.28018593138809,"PHL7 landmarks are locally supported, but local 7NEI render is unliganded."
Pro00137,PHL7 / 7NEI,42,0.024333333333333332,0.0,0.146,6,0,0,3,4,0.0,THR,T42,sheet,no named landmark assigned,Other/candidate,low,trajectory-derived contact residue,Contact residue without a current conservative mechanism label.,H130,130,subsite II / thermal-stability hotspot,Subsite/hotspot/stability,16.230259671366937,19.27642051834313,"PHL7 landmarks are locally supported, but local 7NEI render is unliganded."
Pro00137,PHL7 / 7NEI,27,0.02316666666666667,0.0,0.139,6,0,0,3,4,0.0,GLN,Q27,sheet,no named landmark assigned,Other/candidate,low,trajectory-derived contact residue,Contact residue without a current conservative mechanism label.,H130,130,subsite II / thermal-stability hotspot,Subsite/hotspot/stability,21.16305689166856,24.62128505988264,"PHL7 landmarks are locally supported, but local 7NEI render is unliganded."
Pro00137,PHL7 / 7NEI,44,0.023000000000000003,0.0,0.138,6,0,0,3,4,0.0,TYR,Y44,sheet,no named landmark assigned,Other/candidate,low,trajectory-derived contact residue,Contact residue without a current conservative mechanism label.,H130,130,subsite II / thermal-stability hotspot,Subsite/hotspot/stability,18.06915321756944,21.67560502039101,"PHL7 landmarks are locally supported, but local 7NEI render is unliganded."
Pro00137,PHL7 / 7NEI,97,0.022833333333333334,0.0015,0.131,6,0,0,3,4,0.0,ASP,D97,helix,near Q95 (LCC-derived stability position),Subsite/hotspot/stability,medium-low,local CA-distance annotation,Spatially near a named landmark; inspect before strong mechanistic wording.,Q95,95,LCC-derived stability position,Subsite/hotspot/stability,5.660886326362684,12.334993554923328,"PHL7 landmarks are locally supported, but local 7NEI render is unliganded."
Pro00137,PHL7 / 7NEI,159,0.021333333333333333,0.002,0.121,6,0,0,3,4,0.0,ARG,R159,coil/unassigned,PHL7 W-loop/rigid-pair neighborhood,W-loop/flexible or rigid pair,medium,sequence adjacency + local mapping,Neighborhood of W156 or H185/F189.,F189,189,rigid-pair I218-equivalent,W-loop/flexible or rigid pair,8.6433797787671,13.188386406228776,"PHL7 landmarks are locally supported, but local 7NEI render is unliganded."
Pro00137,PHL7 / 7NEI,90,0.018666666666666665,0.019,0.036,6,0,0,3,4,0.0,ILE,I90,coil/unassigned,no named landmark assigned,Other/candidate,low,trajectory-derived contact residue,Contact residue without a current conservative mechanism label.,L93,93,LCC-derived stability position,Subsite/hotspot/stability,8.54213480343175,16.456882025462782,"PHL7 landmarks are locally supported, but local 7NEI render is unliganded."
Pro00137,PHL7 / 7NEI,207,0.018166666666666668,0.001,0.103,6,0,0,3,4,0.0,ALA,A207,coil/unassigned,no named landmark assigned,Other/candidate,low,trajectory-derived contact residue,Contact residue without a current conservative mechanism label.,D177,177,catalytic Asp,Catalytic/oxyanion,6.952643022620967,6.952643022620967,"PHL7 landmarks are locally supported, but local 7NEI render is unliganded."
Pro00137,PHL7 / 7NEI,98,0.0155,0.011,0.054,6,0,0,3,4,0.0,SER,S98,helix,near Q95 (LCC-derived stability position),Subsite/hotspot/stability,medium-low,local CA-distance annotation,Spatially near a named landmark; inspect before strong mechanistic wording.,Q95,95,LCC-derived stability position,Subsite/hotspot/stability,5.450502086964099,13.41203239632234,"PHL7 landmarks are locally supported, but local 7NEI render is unliganded."
Pro00137,PHL7 / 7NEI,32,0.014333333333333332,0.011,0.044,6,0,0,3,4,0.0,ARG,R32,coil/unassigned,no named landmark assigned,Other/candidate,low,trajectory-derived contact residue,Contact residue without a current conservative mechanism label.,L93,93,LCC-derived stability position,Subsite/hotspot/stability,16.255223960315035,22.302935344927132,"PHL7 landmarks are locally supported, but local 7NEI render is unliganded."
Pro00137,PHL7 / 7NEI,205,0.012833333333333334,0.0,0.076,6,0,0,3,4,0.0,ARG,R205,coil/unassigned,no named landmark assigned,Other/candidate,low,trajectory-derived contact residue,Contact residue without a current conservative mechanism label.,D177,177,catalytic Asp,Catalytic/oxyanion,10.36637091753908,10.36637091753908,"PHL7 landmarks are locally supported, but local 7NEI render is unliganded."
Pro00137,PHL7 / 7NEI,161,0.012500000000000002,0.0005,0.069,6,0,0,3,4,0.0,ASN,N161,coil/unassigned,no named landmark assigned,Other/candidate,low,trajectory-derived contact residue,Contact residue without a current conservative mechanism label.,F189,189,rigid-pair I218-equivalent,W-loop/flexible or rigid pair,6.594738357205689,16.536154994435677,"PHL7 landmarks are locally supported, but local 7NEI render is unliganded."
Pro00137,PHL7 / 7NEI,75,0.011999999999999999,0.0,0.072,6,0,0,3,4,0.0,PRO,P75,helix,no named landmark assigned,Other/candidate,low,trajectory-derived contact residue,Contact residue without a current conservative mechanism label.,H130,130,subsite II / thermal-stability hotspot,Subsite/hotspot/stability,16.637102181569965,20.374277655907214,"PHL7 landmarks are locally supported, but local 7NEI render is unliganded."
Pro00137,PHL7 / 7NEI,101,0.011333333333333334,0.0,0.067,6,0,0,3,4,0.0,ARG,R101,helix,no named landmark assigned,Other/candidate,low,trajectory-derived contact residue,Contact residue without a current conservative mechanism label.,Q95,95,LCC-derived stability position,Subsite/hotspot/stability,10.32390275041372,15.572753385320144,"PHL7 landmarks are locally supported, but local 7NEI render is unliganded."
Pro00137,PHL7 / 7NEI,9,0.007666666666666666,0.0,0.046,6,0,0,3,4,0.0,PRO,P9,coil/unassigned,no named landmark assigned,Other/candidate,low,trajectory-derived contact residue,Contact residue without a current conservative mechanism label.,H130,130,subsite II / thermal-stability hotspot,Subsite/hotspot/stability,29.102213403794565,32.588668797605095,"PHL7 landmarks are locally supported, but local 7NEI render is unliganded."
Pro00137,PHL7 / 7NEI,188,0.0075,0.0005,0.043,6,0,0,3,4,0.0,ALA,A188,helix,PHL7 W-loop/rigid-pair neighborhood,W-loop/flexible or rigid pair,medium,sequence adjacency + local mapping,Neighborhood of W156 or H185/F189.,F189,189,rigid-pair I218-equivalent,W-loop/flexible or rigid pair,3.7995765553545557,13.918886234178364,"PHL7 landmarks are locally supported, but local 7NEI render is unliganded."
Pro00137,PHL7 / 7NEI,20,0.007333333333333333,0.0,0.044,6,0,0,3,4,0.0,ARG,R20,coil/unassigned,no named landmark assigned,Other/candidate,low,trajectory-derived contact residue,Contact residue without a current conservative mechanism label.,H130,130,subsite II / thermal-stability hotspot,Subsite/hotspot/stability,21.028004208673728,24.660830967345767,"PHL7 landmarks are locally supported, but local 7NEI render is unliganded."
Pro00137,PHL7 / 7NEI,248,0.007,0.0,0.042,6,0,0,3,4,0.0,PHE,F248,coil/unassigned,no named landmark assigned,Other/candidate,low,trajectory-derived contact residue,Contact residue without a current conservative mechanism label.,D177,177,catalytic Asp,Catalytic/oxyanion,17.951313879490826,17.951313879490826,"PHL7 landmarks are locally supported, but local 7NEI render is unliganded."
Pro00137,PHL7 / 7NEI,31,0.006833333333333334,0.0,0.041,6,0,0,3,4,0.0,SER,S31,coil/unassigned,no named landmark assigned,Other/candidate,low,trajectory-derived contact residue,Contact residue without a current conservative mechanism label.,L93,93,LCC-derived stability position,Subsite/hotspot/stability,19.046146618148253,23.507278064463357,"PHL7 landmarks are locally supported, but local 7NEI render is unliganded."
Pro00137,PHL7 / 7NEI,182,0.006333333333333333,0.002,0.021,6,0,0,3,4,0.0,VAL,V182,coil/unassigned,near H185 (rigid-pair S214-equivalent),W-loop/flexible or rigid pair,medium-low,local CA-distance annotation,Spatially near a named landmark; inspect before strong mechanistic wording.,H185,185,rigid-pair S214-equivalent,W-loop/flexible or rigid pair,5.036787269678956,6.852334857550382,"PHL7 landmarks are locally supported, but local 7NEI render is unliganded."
Pro00137,PHL7 / 7NEI,12,0.005833333333333334,0.0,0.035,6,0,0,3,4,0.0,THR,T12,helix,no named landmark assigned,Other/candidate,low,trajectory-derived contact residue,Contact residue without a current conservative mechanism label.,H130,130,subsite II / thermal-stability hotspot,Subsite/hotspot/stability,26.48591571005239,28.766401408587758,"PHL7 landmarks are locally supported, but local 7NEI render is unliganded."
Pro00137,PHL7 / 7NEI,14,0.005833333333333334,0.0,0.035,6,0,0,3,4,0.0,SER,S14,helix,no named landmark assigned,Other/candidate,low,trajectory-derived contact residue,Contact residue without a current conservative mechanism label.,L210,210,subsite II / PHL7 activity hotspot,Subsite/hotspot/stability,24.87853773838004,26.291216670211366,"PHL7 landmarks are locally supported, but local 7NEI render is unliganded."
Pro00137,PHL7 / 7NEI,15,0.005833333333333334,0.0,0.035,6,0,0,3,4,0.0,SER,S15,helix,no named landmark assigned,Other/candidate,low,trajectory-derived contact residue,Contact residue without a current conservative mechanism label.,H130,130,subsite II / thermal-stability hotspot,Subsite/hotspot/stability,23.851805696844004,26.52059512906903,"PHL7 landmarks are locally supported, but local 7NEI render is unliganded."
Pro00137,PHL7 / 7NEI,22,0.005166666666666667,0.0,0.031,6,0,0,3,4,0.0,PRO,P22,coil/unassigned,no named landmark assigned,Other/candidate,low,trajectory-derived contact residue,Contact residue without a current conservative mechanism label.,H130,130,subsite II / thermal-stability hotspot,Subsite/hotspot/stability,25.615299510253635,29.330797909364822,"PHL7 landmarks are locally supported, but local 7NEI render is unliganded."
Pro00137,PHL7 / 7NEI,88,0.005,0.0,0.028,6,0,0,3,4,0.0,ASP,D88,coil/unassigned,no named landmark assigned,Other/candidate,low,trajectory-derived contact residue,Contact residue without a current conservative mechanism label.,F63,63,subsite I / oxyanion-side wall,Subsite/hotspot/stability,10.970306513493595,13.942671695195292,"PHL7 landmarks are locally supported, but local 7NEI render is unliganded."
Pro00137,PHL7 / 7NEI,187,0.004666666666666667,0.001,0.018,6,0,0,3,4,0.0,GLU,E187,helix,PHL7 W-loop/rigid-pair neighborhood,W-loop/flexible or rigid pair,medium,sequence adjacency + local mapping,Neighborhood of W156 or H185/F189.,F189,189,rigid-pair I218-equivalent,W-loop/flexible or rigid pair,5.3521467655511845,11.949795437579676,"PHL7 landmarks are locally supported, but local 7NEI render is unliganded."
Pro00137,PHL7 / 7NEI,8,0.0045,0.0,0.027,6,0,0,3,4,0.0,GLY,G8,coil/unassigned,no named landmark assigned,Other/candidate,low,trajectory-derived contact residue,Contact residue without a current conservative mechanism label.,H130,130,subsite II / thermal-stability hotspot,Subsite/hotspot/stability,27.25795922294991,30.835020869135146,"PHL7 landmarks are locally supported, but local 7NEI render is unliganded."
Pro00137,PHL7 / 7NEI,30,0.004333333333333333,0.0,0.026,6,0,0,3,4,0.0,VAL,V30,sheet,no named landmark assigned,Other/candidate,low,trajectory-derived contact residue,Contact residue without a current conservative mechanism label.,H130,130,subsite II / thermal-stability hotspot,Subsite/hotspot/stability,20.15472339180074,22.660969220225336,"PHL7 landmarks are locally supported, but local 7NEI render is unliganded."
Pro00137,PHL7 / 7NEI,33,0.004,0.0015,0.018,6,0,0,3,4,0.0,LEU,L33,coil/unassigned,no named landmark assigned,Other/candidate,low,trajectory-derived contact residue,Contact residue without a current conservative mechanism label.,L93,93,LCC-derived stability position,Subsite/hotspot/stability,19.338999172656273,25.8836181396651,"PHL7 landmarks are locally supported, but local 7NEI render is unliganded."
Pro00137,PHL7 / 7NEI,18,0.0036666666666666666,0.0,0.022,6,0,0,3,4,0.0,ALA,A18,helix,no named landmark assigned,Other/candidate,low,trajectory-derived contact residue,Contact residue without a current conservative mechanism label.,H130,130,subsite II / thermal-stability hotspot,Subsite/hotspot/stability,21.05390179990398,23.207307383666894,"PHL7 landmarks are locally supported, but local 7NEI render is unliganded."
Pro00137,PHL7 / 7NEI,37,0.0029999999999999996,0.0,0.018,6,0,0,3,4,0.0,GLY,G37,coil/unassigned,no named landmark assigned,Other/candidate,low,trajectory-derived contact residue,Contact residue without a current conservative mechanism label.,Q95,95,LCC-derived stability position,Subsite/hotspot/stability,14.301387240404338,20.058168136696832,"PHL7 landmarks are locally supported, but local 7NEI render is unliganded."
Pro00137,PHL7 / 7NEI,28,0.0025,0.0,0.015,6,0,0,3,4,0.0,THR,T28,sheet,no named landmark assigned,Other/candidate,low,trajectory-derived contact residue,Contact residue without a current conservative mechanism label.,H130,130,subsite II / thermal-stability hotspot,Subsite/hotspot/stability,21.864550624241055,25.049751196369193,"PHL7 landmarks are locally supported, but local 7NEI render is unliganded."
Pro00137,PHL7 / 7NEI,105,0.0025,0.0,0.015,6,0,0,3,4,0.0,ALA,A105,helix,no named landmark assigned,Other/candidate,low,trajectory-derived contact residue,Contact residue without a current conservative mechanism label.,Q95,95,LCC-derived stability position,Subsite/hotspot/stability,15.430345329901078,19.026758972562828,"PHL7 landmarks are locally supported, but local 7NEI render is unliganded."
Pro00137,PHL7 / 7NEI,163,0.0025,0.0,0.014,6,0,0,3,4,0.0,SER,S163,coil/unassigned,no named landmark assigned,Other/candidate,low,trajectory-derived contact residue,Contact residue without a current conservative mechanism label.,F189,189,rigid-pair I218-equivalent,W-loop/flexible or rigid pair,9.153065115031138,19.739069760249595,"PHL7 landmarks are locally supported, but local 7NEI render is unliganded."
Pro00137,PHL7 / 7NEI,102,0.0025,0.001,0.01,6,0,0,3,4,0.0,GLN,Q102,helix,no named landmark assigned,Other/candidate,low,trajectory-derived contact residue,Contact residue without a current conservative mechanism label.,Q95,95,LCC-derived stability position,Subsite/hotspot/stability,10.715492709157148,14.920742876948186,"PHL7 landmarks are locally supported, but local 7NEI render is unliganded."
Pro00137,PHL7 / 7NEI,143,0.0021666666666666666,0.0,0.013,6,0,0,3,4,0.0,ASN,N143,helix,no named landmark assigned,Other/candidate,low,trajectory-derived contact residue,Contact residue without a current conservative mechanism label.,Q95,95,LCC-derived stability position,Subsite/hotspot/stability,15.470399510032053,18.599371091518123,"PHL7 landmarks are locally supported, but local 7NEI render is unliganded."
Pro00137,PHL7 / 7NEI,191,0.0021666666666666666,0.0,0.011,6,0,0,3,4,0.0,ASN,N191,helix,near F189 (rigid-pair I218-equivalent),W-loop/flexible or rigid pair,medium-low,local CA-distance annotation,Spatially near a named landmark; inspect before strong mechanistic wording.,F189,189,rigid-pair I218-equivalent,W-loop/flexible or rigid pair,5.534371328344348,17.862742062740537,"PHL7 landmarks are locally supported, but local 7NEI render is unliganded."
Pro00137,PHL7 / 7NEI,19,0.002,0.0,0.012,6,0,0,3,4,0.0,VAL,V19,coil/unassigned,no named landmark assigned,Other/candidate,low,trajectory-derived contact residue,Contact residue without a current conservative mechanism label.,L210,210,subsite II / PHL7 activity hotspot,Subsite/hotspot/stability,19.20142523356014,21.739267167961298,"PHL7 landmarks are locally supported, but local 7NEI render is unliganded."
Pro00137,PHL7 / 7NEI,21,0.002,0.0,0.012,6,0,0,3,4,0.0,GLY,G21,coil/unassigned,no named landmark assigned,Other/candidate,low,trajectory-derived contact residue,Contact residue without a current conservative mechanism label.,H130,130,subsite II / thermal-stability hotspot,Subsite/hotspot/stability,22.235791778122046,25.9135589412184,"PHL7 landmarks are locally supported, but local 7NEI render is unliganded."
Pro00137,PHL7 / 7NEI,139,0.002,0.0,0.012,6,0,0,3,4,0.0,SER,S139,helix,no named landmark assigned,Other/candidate,low,trajectory-derived contact residue,Contact residue without a current conservative mechanism label.,M132,132,oxyanion donor / subsite I,Catalytic/oxyanion,10.262463934163177,12.479274858740792,"PHL7 landmarks are locally supported, but local 7NEI render is unliganded."
Pro00137,PHL7 / 7NEI,99,0.002,0.0,0.008,6,0,0,3,4,0.0,ARG,R99,helix,no named landmark assigned,Other/candidate,low,trajectory-derived contact residue,Contact residue without a current conservative mechanism label.,Q95,95,LCC-derived stability position,Subsite/hotspot/stability,6.353640373832941,10.785614586104957,"PHL7 landmarks are locally supported, but local 7NEI render is unliganded."
Pro00137,PHL7 / 7NEI,10,0.0018333333333333333,0.0,0.011,6,0,0,3,4,0.0,ASP,D10,coil/unassigned,no named landmark assigned,Other/candidate,low,trajectory-derived contact residue,Contact residue without a current conservative mechanism label.,H130,130,subsite II / thermal-stability hotspot,Subsite/hotspot/stability,29.079627731454888,32.356145629539995,"PHL7 landmarks are locally supported, but local 7NEI render is unliganded."
Pro00137,PHL7 / 7NEI,164,0.0018333333333333333,0.0,0.011,6,0,0,3,4,0.0,SER,S164,coil/unassigned,no named landmark assigned,Other/candidate,low,trajectory-derived contact residue,Contact residue without a current conservative mechanism label.,F189,189,rigid-pair I218-equivalent,W-loop/flexible or rigid pair,11.583142319767981,20.19626633811309,"PHL7 landmarks are locally supported, but local 7NEI render is unliganded."
Pro00137,PHL7 / 7NEI,192,0.0015000000000000002,0.0,0.007,6,0,0,3,4,0.0,SER,S192,helix,near F189 (rigid-pair I218-equivalent),W-loop/flexible or rigid pair,medium-low,local CA-distance annotation,Spatially near a named landmark; inspect before strong mechanistic wording.,F189,189,rigid-pair I218-equivalent,W-loop/flexible or rigid pair,5.379769790613722,17.809941296927402,"PHL7 landmarks are locally supported, but local 7NEI render is unliganded."
Pro00137,PHL7 / 7NEI,254,0.0013333333333333333,0.0,0.008,6,0,0,3,4,0.0,ARG,R254,sheet,no named landmark assigned,Other/candidate,low,trajectory-derived contact residue,Contact residue without a current conservative mechanism label.,F189,189,rigid-pair I218-equivalent,W-loop/flexible or rigid pair,12.47233137789403,18.26054780120246,"PHL7 landmarks are locally supported, but local 7NEI render is unliganded."
Pro00137,PHL7 / 7NEI,36,0.0011666666666666668,0.0,0.007,6,0,0,3,4,0.0,ASP,D36,coil/unassigned,no named landmark assigned,Other/candidate,low,trajectory-derived contact residue,Contact residue without a current conservative mechanism label.,Q95,95,LCC-derived stability position,Subsite/hotspot/stability,17.910536033296157,22.923300046023044,"PHL7 landmarks are locally supported, but local 7NEI render is unliganded."
Pro00137,PHL7 / 7NEI,216,0.0011666666666666668,0.0,0.007,6,0,0,3,4,0.0,ASP,D216,helix,no named landmark assigned,Other/candidate,low,trajectory-derived contact residue,Contact residue without a current conservative mechanism label.,L210,210,subsite II / PHL7 activity hotspot,Subsite/hotspot/stability,10.587814174795477,12.605288770988153,"PHL7 landmarks are locally supported, but local 7NEI render is unliganded."
Pro00137,PHL7 / 7NEI,252,0.0011666666666666668,0.0,0.007,6,0,0,3,4,0.0,GLU,E252,sheet,no named landmark assigned,Other/candidate,low,trajectory-derived contact residue,Contact residue without a current conservative mechanism label.,D177,177,catalytic Asp,Catalytic/oxyanion,14.02558911418697,14.02558911418697,"PHL7 landmarks are locally supported, but local 7NEI render is unliganded."
Pro00137,PHL7 / 7NEI,24,0.0008333333333333334,0.0,0.005,6,0,0,3,4,0.0,ALA,A24,coil/unassigned,no named landmark assigned,Other/candidate,low,trajectory-derived contact residue,Contact residue without a current conservative mechanism label.,H130,130,subsite II / thermal-stability hotspot,Subsite/hotspot/stability,25.51733359894799,29.304239027826675,"PHL7 landmarks are locally supported, but local 7NEI render is unliganded."
Pro00137,PHL7 / 7NEI,34,0.0008333333333333334,0.0,0.005,6,0,0,3,4,0.0,GLN,Q34,coil/unassigned,no named landmark assigned,Other/candidate,low,trajectory-derived contact residue,Contact residue without a current conservative mechanism label.,L93,93,LCC-derived stability position,Subsite/hotspot/stability,20.832527187069743,25.69867626941123,"PHL7 landmarks are locally supported, but local 7NEI render is unliganded."
Pro00137,PHL7 / 7NEI,41,0.0008333333333333334,0.0,0.005,6,0,0,3,4,0.0,GLY,G41,sheet,no named landmark assigned,Other/candidate,low,trajectory-derived contact residue,Contact residue without a current conservative mechanism label.,H130,130,subsite II / thermal-stability hotspot,Subsite/hotspot/stability,15.266065701417638,17.79255538139477,"PHL7 landmarks are locally supported, but local 7NEI render is unliganded."
Pro00137,PHL7 / 7NEI,108,0.0008333333333333334,0.0,0.005,6,0,0,3,4,0.0,ASP,D108,helix,no named landmark assigned,Other/candidate,low,trajectory-derived contact residue,Contact residue without a current conservative mechanism label.,Q95,95,LCC-derived stability position,Subsite/hotspot/stability,20.107301509650668,22.408024767926335,"PHL7 landmarks are locally supported, but local 7NEI render is unliganded."
Pro00137,PHL7 / 7NEI,162,0.0008333333333333334,0.0,0.005,6,0,0,3,4,0.0,TRP,W162,coil/unassigned,no named landmark assigned,Other/candidate,low,trajectory-derived contact residue,Contact residue without a current conservative mechanism label.,F189,189,rigid-pair I218-equivalent,W-loop/flexible or rigid pair,6.464929156611075,16.017988544133747,"PHL7 landmarks are locally supported, but local 7NEI render is unliganded."
Pro00137,PHL7 / 7NEI,203,0.0008333333333333334,0.0,0.004,6,0,0,3,4,0.0,GLU,E203,sheet,no named landmark assigned,Other/candidate,low,trajectory-derived contact residue,Contact residue without a current conservative mechanism label.,D177,177,catalytic Asp,Catalytic/oxyanion,10.215119431509356,10.215119431509356,"PHL7 landmarks are locally supported, but local 7NEI render is unliganded."
Pro00137,PHL7 / 7NEI,89,0.0006666666666666666,0.0,0.004,6,0,0,3,4,0.0,THR,T89,coil/unassigned,no named landmark assigned,Other/candidate,low,trajectory-derived contact residue,Contact residue without a current conservative mechanism label.,L93,93,LCC-derived stability position,Subsite/hotspot/stability,8.354877497605814,13.206714845108152,"PHL7 landmarks are locally supported, but local 7NEI render is unliganded."
Pro00137,PHL7 / 7NEI,249,0.0006666666666666666,0.0,0.004,6,0,0,3,4,0.0,ALA,A249,coil/unassigned,no named landmark assigned,Other/candidate,low,trajectory-derived contact residue,Contact residue without a current conservative mechanism label.,D177,177,catalytic Asp,Catalytic/oxyanion,14.938170068652987,14.938170068652987,"PHL7 landmarks are locally supported, but local 7NEI render is unliganded."
Pro00137,PHL7 / 7NEI,6,0.0005,0.0,0.003,6,0,0,3,4,0.0,GLU,E6,coil/unassigned,no named landmark assigned,Other/candidate,low,trajectory-derived contact residue,Contact residue without a current conservative mechanism label.,H130,130,subsite II / thermal-stability hotspot,Subsite/hotspot/stability,27.468417173182733,30.736428891463625,"PHL7 landmarks are locally supported, but local 7NEI render is unliganded."
Pro00137,PHL7 / 7NEI,7,0.0005,0.0,0.003,6,0,0,3,4,0.0,ARG,R7,coil/unassigned,no named landmark assigned,Other/candidate,low,trajectory-derived contact residue,Contact residue without a current conservative mechanism label.,H130,130,subsite II / thermal-stability hotspot,Subsite/hotspot/stability,26.414226129114592,29.903383102919978,"PHL7 landmarks are locally supported, but local 7NEI render is unliganded."
Pro00137,PHL7 / 7NEI,23,0.0005,0.0,0.003,6,0,0,3,4,0.0,PHE,F23,coil/unassigned,no named landmark assigned,Other/candidate,low,trajectory-derived contact residue,Contact residue without a current conservative mechanism label.,H130,130,subsite II / thermal-stability hotspot,Subsite/hotspot/stability,24.97832488378674,28.76179168619368,"PHL7 landmarks are locally supported, but local 7NEI render is unliganded."
Pro00137,PHL7 / 7NEI,48,0.0005,0.0,0.003,6,0,0,3,4,0.0,ASP,D48,coil/unassigned,no named landmark assigned,Other/candidate,low,trajectory-derived contact residue,Contact residue without a current conservative mechanism label.,H130,130,subsite II / thermal-stability hotspot,Subsite/hotspot/stability,28.978499029452855,32.71211404052022,"PHL7 landmarks are locally supported, but local 7NEI render is unliganded."
Pro00137,PHL7 / 7NEI,86,0.0005,0.0,0.003,6,0,0,3,4,0.0,THR,T86,sheet,no named landmark assigned,Other/candidate,low,trajectory-derived contact residue,Contact residue without a current conservative mechanism label.,H130,130,subsite II / thermal-stability hotspot,Subsite/hotspot/stability,11.054648388800072,14.22176733039885,"PHL7 landmarks are locally supported, but local 7NEI render is unliganded."
Pro00137,PHL7 / 7NEI,246,0.0005,0.0,0.003,6,0,0,3,4,0.0,ASP,D246,coil/unassigned,no named landmark assigned,Other/candidate,low,trajectory-derived contact residue,Contact residue without a current conservative mechanism label.,D177,177,catalytic Asp,Catalytic/oxyanion,21.854660052263455,21.854660052263455,"PHL7 landmarks are locally supported, but local 7NEI render is unliganded."
Pro00137,PHL7 / 7NEI,247,0.0005,0.0,0.003,6,0,0,3,4,0.0,ASP,D247,coil/unassigned,no named landmark assigned,Other/candidate,low,trajectory-derived contact residue,Contact residue without a current conservative mechanism label.,D177,177,catalytic Asp,Catalytic/oxyanion,19.356657976004023,19.356657976004023,"PHL7 landmarks are locally supported, but local 7NEI render is unliganded."
Pro00137,PHL7 / 7NEI,17,0.0003333333333333333,0.0,0.002,6,0,0,3,4,0.0,GLU,E17,helix,no named landmark assigned,Other/candidate,low,trajectory-derived contact residue,Contact residue without a current conservative mechanism label.,H130,130,subsite II / thermal-stability hotspot,Subsite/hotspot/stability,19.858457996531353,21.411119470966483,"PHL7 landmarks are locally supported, but local 7NEI render is unliganded."
Pro00137,PHL7 / 7NEI,40,0.0003333333333333333,0.0,0.002,6,0,0,3,4,0.0,GLY,G40,coil/unassigned,no named landmark assigned,Other/candidate,low,trajectory-derived contact residue,Contact residue without a current conservative mechanism label.,L93,93,LCC-derived stability position,Subsite/hotspot/stability,15.246853347494362,18.884445080541816,"PHL7 landmarks are locally supported, but local 7NEI render is unliganded."
Pro00137,PHL7 / 7NEI,217,0.0003333333333333333,0.0,0.002,6,0,0,3,4,0.0,THR,T217,helix,no named landmark assigned,Other/candidate,low,trajectory-derived contact residue,Contact residue without a current conservative mechanism label.,L210,210,subsite II / PHL7 activity hotspot,Subsite/hotspot/stability,14.216706861998668,15.840693040394413,"PHL7 landmarks are locally supported, but local 7NEI render is unliganded."
Pro00137,PHL7 / 7NEI,251,0.0003333333333333333,0.0,0.001,6,0,0,3,4,0.0,SER,S251,sheet,no named landmark assigned,Other/candidate,low,trajectory-derived contact residue,Contact residue without a current conservative mechanism label.,D177,177,catalytic Asp,Catalytic/oxyanion,12.979393244678274,12.979393244678274,"PHL7 landmarks are locally supported, but local 7NEI render is unliganded."
Pro00137,PHL7 / 7NEI,13,0.00016666666666666666,0.0,0.001,6,0,0,3,4,0.0,GLU,E13,helix,no named landmark assigned,Other/candidate,low,trajectory-derived contact residue,Contact residue without a current conservative mechanism label.,H130,130,subsite II / thermal-stability hotspot,Subsite/hotspot/stability,24.490247283357515,25.844171818806654,"PHL7 landmarks are locally supported, but local 7NEI render is unliganded."
Pro00137,PHL7 / 7NEI,25,0.00016666666666666666,0.0,0.001,6,0,0,3,4,0.0,VAL,V25,sheet,no named landmark assigned,Other/candidate,low,trajectory-derived contact residue,Contact residue without a current conservative mechanism label.,H130,130,subsite II / thermal-stability hotspot,Subsite/hotspot/stability,22.763597474915954,26.515938018482395,"PHL7 landmarks are locally supported, but local 7NEI render is unliganded."
Pro00137,PHL7 / 7NEI,38,0.00016666666666666666,0.0,0.001,6,0,0,3,4,0.0,PHE,F38,coil/unassigned,no named landmark assigned,Other/candidate,low,trajectory-derived contact residue,Contact residue without a current conservative mechanism label.,L93,93,LCC-derived stability position,Subsite/hotspot/stability,12.863854243577233,17.324665682200045,"PHL7 landmarks are locally supported, but local 7NEI render is unliganded."
Pro00137,PHL7 / 7NEI,47,0.00016666666666666666,0.0,0.001,6,0,0,3,4,0.0,THR,T47,coil/unassigned,no named landmark assigned,Other/candidate,low,trajectory-derived contact residue,Contact residue without a current conservative mechanism label.,H130,130,subsite II / thermal-stability hotspot,Subsite/hotspot/stability,26.833121119243657,30.55196455221824,"PHL7 landmarks are locally supported, but local 7NEI render is unliganded."
Pro00137,PHL7 / 7NEI,50,0.00016666666666666666,0.0,0.001,6,0,0,3,4,0.0,SER,S50,coil/unassigned,no named landmark assigned,Other/candidate,low,trajectory-derived contact residue,Contact residue without a current conservative mechanism label.,H130,130,subsite II / thermal-stability hotspot,Subsite/hotspot/stability,32.290036419923716,35.93790301339242,"PHL7 landmarks are locally supported, but local 7NEI render is unliganded."
Pro00137,PHL7 / 7NEI,60,0.00016666666666666666,0.0,0.001,6,0,0,3,4,0.0,SER,S60,sheet,no named landmark assigned,Other/candidate,low,trajectory-derived contact residue,Contact residue without a current conservative mechanism label.,H130,130,subsite II / thermal-stability hotspot,Subsite/hotspot/stability,6.54757947641722,8.925962917243158,"PHL7 landmarks are locally supported, but local 7NEI render is unliganded."
Pro00137,PHL7 / 7NEI,74,0.00016666666666666666,0.0,0.001,6,0,0,3,4,0.0,GLY,G74,helix,no named landmark assigned,Other/candidate,low,trajectory-derived contact residue,Contact residue without a current conservative mechanism label.,H130,130,subsite II / thermal-stability hotspot,Subsite/hotspot/stability,13.27314224289034,16.99984246985836,"PHL7 landmarks are locally supported, but local 7NEI render is unliganded."
Pro00137,PHL7 / 7NEI,76,0.00016666666666666666,0.0,0.001,6,0,0,3,4,0.0,ARG,R76,helix,no named landmark assigned,Other/candidate,low,trajectory-derived contact residue,Contact residue without a current conservative mechanism label.,H130,130,subsite II / thermal-stability hotspot,Subsite/hotspot/stability,15.88974637934791,19.611507667693473,"PHL7 landmarks are locally supported, but local 7NEI render is unliganded."
Pro00137,PHL7 / 7NEI,104,0.00016666666666666666,0.0,0.001,6,0,0,3,4,0.0,GLN,Q104,helix,no named landmark assigned,Other/candidate,low,trajectory-derived contact residue,Contact residue without a current conservative mechanism label.,Q95,95,LCC-derived stability position,Subsite/hotspot/stability,14.631236926521284,17.143977776467164,"PHL7 landmarks are locally supported, but local 7NEI render is unliganded."
Pro00137,PHL7 / 7NEI,142,0.00016666666666666666,0.0,0.001,6,0,0,3,4,0.0,ALA,A142,helix,no named landmark assigned,Other/candidate,low,trajectory-derived contact residue,Contact residue without a current conservative mechanism label.,F189,189,rigid-pair I218-equivalent,W-loop/flexible or rigid pair,11.995032846974619,16.7779026996821,"PHL7 landmarks are locally supported, but local 7NEI render is unliganded."
Pro00137,PHL7 / 7NEI,204,0.00016666666666666666,0.0,0.001,6,0,0,3,4,0.0,LEU,L204,sheet,no named landmark assigned,Other/candidate,low,trajectory-derived contact residue,Contact residue without a current conservative mechanism label.,D177,177,catalytic Asp,Catalytic/oxyanion,9.704186931422951,9.704186931422951,"PHL7 landmarks are locally supported, but local 7NEI render is unliganded."
Pro00137,PHL7 / 7NEI,218,0.00016666666666666666,0.0,0.001,6,0,0,3,4,0.0,THR,T218,helix,no named landmark assigned,Other/candidate,low,trajectory-derived contact residue,Contact residue without a current conservative mechanism label.,L210,210,subsite II / PHL7 activity hotspot,Subsite/hotspot/stability,14.087876241648349,14.781867710137307,"PHL7 landmarks are locally supported, but local 7NEI render is unliganded."
Pro00137,PHL7 / 7NEI,1,0.0,0.0,0.0,6,0,0,3,4,0.0,MET,M1,coil/unassigned,no named landmark assigned,Other/candidate,low,trajectory-derived contact residue,Contact residue without a current conservative mechanism label.,F189,189,rigid-pair I218-equivalent,W-loop/flexible or rigid pair,35.46111481609116,39.35632200803322,"PHL7 landmarks are locally supported, but local 7NEI render is unliganded."
Pro00137,PHL7 / 7NEI,2,0.0,0.0,0.0,6,0,0,3,4,0.0,ALA,A2,coil/unassigned,no named landmark assigned,Other/candidate,low,trajectory-derived contact residue,Contact residue without a current conservative mechanism label.,H130,130,subsite II / thermal-stability hotspot,Subsite/hotspot/stability,34.589452149463135,37.5336820602509,"PHL7 landmarks are locally supported, but local 7NEI render is unliganded."
Pro00137,PHL7 / 7NEI,3,0.0,0.0,0.0,6,0,0,3,4,0.0,ASN,N3,coil/unassigned,no named landmark assigned,Other/candidate,low,trajectory-derived contact residue,Contact residue without a current conservative mechanism label.,H130,130,subsite II / thermal-stability hotspot,Subsite/hotspot/stability,30.83319363932319,33.756838729359714,"PHL7 landmarks are locally supported, but local 7NEI render is unliganded."
Pro00137,PHL7 / 7NEI,4,0.0,0.0,0.0,6,0,0,3,4,0.0,PRO,P4,coil/unassigned,no named landmark assigned,Other/candidate,low,trajectory-derived contact residue,Contact residue without a current conservative mechanism label.,H130,130,subsite II / thermal-stability hotspot,Subsite/hotspot/stability,30.88057424984192,33.95652781130603,"PHL7 landmarks are locally supported, but local 7NEI render is unliganded."
Pro00137,PHL7 / 7NEI,5,0.0,0.0,0.0,6,0,0,3,4,0.0,TYR,Y5,coil/unassigned,no named landmark assigned,Other/candidate,low,trajectory-derived contact residue,Contact residue without a current conservative mechanism label.,H130,130,subsite II / thermal-stability hotspot,Subsite/hotspot/stability,27.182706377401058,30.345039973610184,"PHL7 landmarks are locally supported, but local 7NEI render is unliganded."
Pro00137,PHL7 / 7NEI,11,0.0,0.0,0.0,6,0,0,3,4,0.0,PRO,P11,coil/unassigned,no named landmark assigned,Other/candidate,low,trajectory-derived contact residue,Contact residue without a current conservative mechanism label.,H130,130,subsite II / thermal-stability hotspot,Subsite/hotspot/stability,25.902720957459273,29.099616114306386,"PHL7 landmarks are locally supported, but local 7NEI render is unliganded."
Pro00137,PHL7 / 7NEI,16,0.0,0.0,0.0,6,0,0,3,4,0.0,ILE,I16,helix,no named landmark assigned,Other/candidate,low,trajectory-derived contact residue,Contact residue without a current conservative mechanism label.,H130,130,subsite II / thermal-stability hotspot,Subsite/hotspot/stability,20.40656935890989,23.233941551101484,"PHL7 landmarks are locally supported, but local 7NEI render is unliganded."
Pro00137,PHL7 / 7NEI,26,0.0,0.0,0.0,6,0,0,3,4,0.0,ALA,A26,sheet,no named landmark assigned,Other/candidate,low,trajectory-derived contact residue,Contact residue without a current conservative mechanism label.,H130,130,subsite II / thermal-stability hotspot,Subsite/hotspot/stability,23.34269337501566,26.969338794267834,"PHL7 landmarks are locally supported, but local 7NEI render is unliganded."
Pro00137,PHL7 / 7NEI,35,0.0,0.0,0.0,6,0,0,3,4,0.0,ALA,A35,coil/unassigned,no named landmark assigned,Other/candidate,low,trajectory-derived contact residue,Contact residue without a current conservative mechanism label.,L93,93,LCC-derived stability position,Subsite/hotspot/stability,17.899521613719177,22.428718131003382,"PHL7 landmarks are locally supported, but local 7NEI render is unliganded."
Pro00137,PHL7 / 7NEI,39,0.0,0.0,0.0,6,0,0,3,4,0.0,GLY,G39,coil/unassigned,no named landmark assigned,Other/candidate,low,trajectory-derived contact residue,Contact residue without a current conservative mechanism label.,L93,93,LCC-derived stability position,Subsite/hotspot/stability,11.877454651565714,17.362019986165205,"PHL7 landmarks are locally supported, but local 7NEI render is unliganded."
Pro00137,PHL7 / 7NEI,43,0.0,0.0,0.0,6,0,0,3,4,0.0,ILE,I43,sheet,no named landmark assigned,Other/candidate,low,trajectory-derived contact residue,Contact residue without a current conservative mechanism label.,H130,130,subsite II / thermal-stability hotspot,Subsite/hotspot/stability,17.512697793315567,20.823762412205916,"PHL7 landmarks are locally supported, but local 7NEI render is unliganded."
Pro00137,PHL7 / 7NEI,45,0.0,0.0,0.0,6,0,0,3,4,0.0,TYR,Y45,sheet,no named landmark assigned,Other/candidate,low,trajectory-derived contact residue,Contact residue without a current conservative mechanism label.,H130,130,subsite II / thermal-stability hotspot,Subsite/hotspot/stability,20.762863988380794,24.42430052222581,"PHL7 landmarks are locally supported, but local 7NEI render is unliganded."
Pro00137,PHL7 / 7NEI,46,0.0,0.0,0.0,6,0,0,3,4,0.0,PRO,P46,sheet,no named landmark assigned,Other/candidate,low,trajectory-derived contact residue,Contact residue without a current conservative mechanism label.,H130,130,subsite II / thermal-stability hotspot,Subsite/hotspot/stability,23.540838154152453,27.27959226234879,"PHL7 landmarks are locally supported, but local 7NEI render is unliganded."
Pro00137,PHL7 / 7NEI,49,0.0,0.0,0.0,6,0,0,3,4,0.0,THR,T49,coil/unassigned,no named landmark assigned,Other/candidate,low,trajectory-derived contact residue,Contact residue without a current conservative mechanism label.,H130,130,subsite II / thermal-stability hotspot,Subsite/hotspot/stability,29.247989777076988,32.88038231225422,"PHL7 landmarks are locally supported, but local 7NEI render is unliganded."
Pro00137,PHL7 / 7NEI,51,0.0,0.0,0.0,6,0,0,3,4,0.0,GLN,Q51,coil/unassigned,no named landmark assigned,Other/candidate,low,trajectory-derived contact residue,Contact residue without a current conservative mechanism label.,H130,130,subsite II / thermal-stability hotspot,Subsite/hotspot/stability,30.416647826478187,33.997849226090764,"PHL7 landmarks are locally supported, but local 7NEI render is unliganded."
Pro00137,PHL7 / 7NEI,52,0.0,0.0,0.0,6,0,0,3,4,0.0,GLY,G52,coil/unassigned,no named landmark assigned,Other/candidate,low,trajectory-derived contact residue,Contact residue without a current conservative mechanism label.,H130,130,subsite II / thermal-stability hotspot,Subsite/hotspot/stability,29.573058093474202,33.030755425814895,"PHL7 landmarks are locally supported, but local 7NEI render is unliganded."
Pro00137,PHL7 / 7NEI,53,0.0,0.0,0.0,6,0,0,3,4,0.0,THR,T53,coil/unassigned,no named landmark assigned,Other/candidate,low,trajectory-derived contact residue,Contact residue without a current conservative mechanism label.,H130,130,subsite II / thermal-stability hotspot,Subsite/hotspot/stability,26.705554122691407,30.07446877336323,"PHL7 landmarks are locally supported, but local 7NEI render is unliganded."
Pro00137,PHL7 / 7NEI,54,0.0,0.0,0.0,6,0,0,3,4,0.0,PHE,F54,sheet,no named landmark assigned,Other/candidate,low,trajectory-derived contact residue,Contact residue without a current conservative mechanism label.,H130,130,subsite II / thermal-stability hotspot,Subsite/hotspot/stability,23.068168674604404,26.482457231155873,"PHL7 landmarks are locally supported, but local 7NEI render is unliganded."
Pro00137,PHL7 / 7NEI,55,0.0,0.0,0.0,6,0,0,3,4,0.0,GLY,G55,sheet,no named landmark assigned,Other/candidate,low,trajectory-derived contact residue,Contact residue without a current conservative mechanism label.,H130,130,subsite II / thermal-stability hotspot,Subsite/hotspot/stability,20.168585126379092,23.401457326414523,"PHL7 landmarks are locally supported, but local 7NEI render is unliganded."
Pro00137,PHL7 / 7NEI,56,0.0,0.0,0.0,6,0,0,3,4,0.0,ALA,A56,sheet,no named landmark assigned,Other/candidate,low,trajectory-derived contact residue,Contact residue without a current conservative mechanism label.,H130,130,subsite II / thermal-stability hotspot,Subsite/hotspot/stability,17.390968259415573,20.6049732346344,"PHL7 landmarks are locally supported, but local 7NEI render is unliganded."
Pro00137,PHL7 / 7NEI,57,0.0,0.0,0.0,6,0,0,3,4,0.0,VAL,V57,sheet,no named landmark assigned,Other/candidate,low,trajectory-derived contact residue,Contact residue without a current conservative mechanism label.,H130,130,subsite II / thermal-stability hotspot,Subsite/hotspot/stability,13.57277105089451,16.81844002873037,"PHL7 landmarks are locally supported, but local 7NEI render is unliganded."
Pro00137,PHL7 / 7NEI,58,0.0,0.0,0.0,6,0,0,3,4,0.0,ALA,A58,sheet,no named landmark assigned,Other/candidate,low,trajectory-derived contact residue,Contact residue without a current conservative mechanism label.,H130,130,subsite II / thermal-stability hotspot,Subsite/hotspot/stability,11.576623860176161,14.573074795663404,"PHL7 landmarks are locally supported, but local 7NEI render is unliganded."
Pro00137,PHL7 / 7NEI,59,0.0,0.0,0.0,6,0,0,3,4,0.0,ILE,I59,sheet,no named landmark assigned,Other/candidate,low,trajectory-derived contact residue,Contact residue without a current conservative mechanism label.,H130,130,subsite II / thermal-stability hotspot,Subsite/hotspot/stability,7.990478709063682,11.19410027648493,"PHL7 landmarks are locally supported, but local 7NEI render is unliganded."
Pro00137,PHL7 / 7NEI,73,0.0,0.0,0.0,6,0,0,3,4,0.0,LEU,L73,helix,no named landmark assigned,Other/candidate,low,trajectory-derived contact residue,Contact residue without a current conservative mechanism label.,H130,130,subsite II / thermal-stability hotspot,Subsite/hotspot/stability,11.04594862381679,14.76598875795319,"PHL7 landmarks are locally supported, but local 7NEI render is unliganded."
Pro00137,PHL7 / 7NEI,77,0.0,0.0,0.0,6,0,0,3,4,0.0,ILE,I77,helix,no named landmark assigned,Other/candidate,low,trajectory-derived contact residue,Contact residue without a current conservative mechanism label.,H130,130,subsite II / thermal-stability hotspot,Subsite/hotspot/stability,15.15643711430889,18.91076701247202,"PHL7 landmarks are locally supported, but local 7NEI render is unliganded."
Pro00137,PHL7 / 7NEI,78,0.0,0.0,0.0,6,0,0,3,4,0.0,ALA,A78,helix,no named landmark assigned,Other/candidate,low,trajectory-derived contact residue,Contact residue without a current conservative mechanism label.,H130,130,subsite II / thermal-stability hotspot,Subsite/hotspot/stability,17.724115210638868,21.501478204997905,"PHL7 landmarks are locally supported, but local 7NEI render is unliganded."
Pro00137,PHL7 / 7NEI,79,0.0,0.0,0.0,6,0,0,3,4,0.0,SER,S79,helix,no named landmark assigned,Other/candidate,low,trajectory-derived contact residue,Contact residue without a current conservative mechanism label.,H130,130,subsite II / thermal-stability hotspot,Subsite/hotspot/stability,20.22717985780519,24.01145197608841,"PHL7 landmarks are locally supported, but local 7NEI render is unliganded."
Pro00137,PHL7 / 7NEI,80,0.0,0.0,0.0,6,0,0,3,4,0.0,GLN,Q80,coil/unassigned,no named landmark assigned,Other/candidate,low,trajectory-derived contact residue,Contact residue without a current conservative mechanism label.,H130,130,subsite II / thermal-stability hotspot,Subsite/hotspot/stability,20.062245238257855,23.750373912846086,"PHL7 landmarks are locally supported, but local 7NEI render is unliganded."
Pro00137,PHL7 / 7NEI,81,0.0,0.0,0.0,6,0,0,3,4,0.0,GLY,G81,coil/unassigned,no named landmark assigned,Other/candidate,low,trajectory-derived contact residue,Contact residue without a current conservative mechanism label.,H130,130,subsite II / thermal-stability hotspot,Subsite/hotspot/stability,21.397036570516022,25.06631510613397,"PHL7 landmarks are locally supported, but local 7NEI render is unliganded."
Pro00137,PHL7 / 7NEI,82,0.0,0.0,0.0,6,0,0,3,4,0.0,PHE,F82,coil/unassigned,no named landmark assigned,Other/candidate,low,trajectory-derived contact residue,Contact residue without a current conservative mechanism label.,H130,130,subsite II / thermal-stability hotspot,Subsite/hotspot/stability,18.740939063985028,22.348368128344404,"PHL7 landmarks are locally supported, but local 7NEI render is unliganded."
Pro00137,PHL7 / 7NEI,83,0.0,0.0,0.0,6,0,0,3,4,0.0,VAL,V83,sheet,no named landmark assigned,Other/candidate,low,trajectory-derived contact residue,Contact residue without a current conservative mechanism label.,H130,130,subsite II / thermal-stability hotspot,Subsite/hotspot/stability,18.47461848049913,22.015734032732137,"PHL7 landmarks are locally supported, but local 7NEI render is unliganded."
Pro00137,PHL7 / 7NEI,84,0.0,0.0,0.0,6,0,0,3,4,0.0,VAL,V84,sheet,no named landmark assigned,Other/candidate,low,trajectory-derived contact residue,Contact residue without a current conservative mechanism label.,H130,130,subsite II / thermal-stability hotspot,Subsite/hotspot/stability,14.942370293899158,18.495765596481807,"PHL7 landmarks are locally supported, but local 7NEI render is unliganded."
Pro00137,PHL7 / 7NEI,85,0.0,0.0,0.0,6,0,0,3,4,0.0,ILE,I85,sheet,no named landmark assigned,Other/candidate,low,trajectory-derived contact residue,Contact residue without a current conservative mechanism label.,H130,130,subsite II / thermal-stability hotspot,Subsite/hotspot/stability,13.856610408032694,17.120751180949977,"PHL7 landmarks are locally supported, but local 7NEI render is unliganded."
Pro00137,PHL7 / 7NEI,87,0.0,0.0,0.0,6,0,0,3,4,0.0,ILE,I87,sheet,no named landmark assigned,Other/candidate,low,trajectory-derived contact residue,Contact residue without a current conservative mechanism label.,H130,130,subsite II / thermal-stability hotspot,Subsite/hotspot/stability,11.574383525700192,13.986578030383273,"PHL7 landmarks are locally supported, but local 7NEI render is unliganded."
Pro00137,PHL7 / 7NEI,100,0.0,0.0,0.0,6,0,0,3,4,0.0,GLY,G100,helix,no named landmark assigned,Other/candidate,low,trajectory-derived contact residue,Contact residue without a current conservative mechanism label.,Q95,95,LCC-derived stability position,Subsite/hotspot/stability,8.844071969404137,12.079428835834914,"PHL7 landmarks are locally supported, but local 7NEI render is unliganded."
Pro00137,PHL7 / 7NEI,103,0.0,0.0,0.0,6,0,0,3,4,0.0,LEU,L103,helix,no named landmark assigned,Other/candidate,low,trajectory-derived contact residue,Contact residue without a current conservative mechanism label.,M132,132,oxyanion donor / subsite I,Catalytic/oxyanion,12.026710314961445,13.887927347160195,"PHL7 landmarks are locally supported, but local 7NEI render is unliganded."
Pro00137,PHL7 / 7NEI,106,0.0,0.0,0.0,6,0,0,3,4,0.0,ALA,A106,helix,no named landmark assigned,Other/candidate,low,trajectory-derived contact residue,Contact residue without a current conservative mechanism label.,H130,130,subsite II / thermal-stability hotspot,Subsite/hotspot/stability,15.914051055592351,18.095732369815817,"PHL7 landmarks are locally supported, but local 7NEI render is unliganded."
Pro00137,PHL7 / 7NEI,107,0.0,0.0,0.0,6,0,0,3,4,0.0,LEU,L107,helix,no named landmark assigned,Other/candidate,low,trajectory-derived contact residue,Contact residue without a current conservative mechanism label.,H130,130,subsite II / thermal-stability hotspot,Subsite/hotspot/stability,16.96159833270438,19.371632275056225,"PHL7 landmarks are locally supported, but local 7NEI render is unliganded."
Pro00137,PHL7 / 7NEI,109,0.0,0.0,0.0,6,0,0,3,4,0.0,HIS,H109,helix,no named landmark assigned,Other/candidate,low,trajectory-derived contact residue,Contact residue without a current conservative mechanism label.,H130,130,subsite II / thermal-stability hotspot,Subsite/hotspot/stability,20.699633861496196,23.021062117113537,"PHL7 landmarks are locally supported, but local 7NEI render is unliganded."
Pro00137,PHL7 / 7NEI,110,0.0,0.0,0.0,6,0,0,3,4,0.0,LEU,L110,helix,no named landmark assigned,Other/candidate,low,trajectory-derived contact residue,Contact residue without a current conservative mechanism label.,H130,130,subsite II / thermal-stability hotspot,Subsite/hotspot/stability,20.264160629051478,23.054027869333375,"PHL7 landmarks are locally supported, but local 7NEI render is unliganded."
Pro00137,PHL7 / 7NEI,111,0.0,0.0,0.0,6,0,0,3,4,0.0,ARG,R111,helix,no named landmark assigned,Other/candidate,low,trajectory-derived contact residue,Contact residue without a current conservative mechanism label.,H130,130,subsite II / thermal-stability hotspot,Subsite/hotspot/stability,22.88537257725991,25.569377368250485,"PHL7 landmarks are locally supported, but local 7NEI render is unliganded."
Pro00137,PHL7 / 7NEI,112,0.0,0.0,0.0,6,0,0,3,4,0.0,THR,T112,coil/unassigned,no named landmark assigned,Other/candidate,low,trajectory-derived contact residue,Contact residue without a current conservative mechanism label.,H130,130,subsite II / thermal-stability hotspot,Subsite/hotspot/stability,25.33466372383893,27.786867563653157,"PHL7 landmarks are locally supported, but local 7NEI render is unliganded."
Pro00137,PHL7 / 7NEI,113,0.0,0.0,0.0,6,0,0,3,4,0.0,ASN,N113,coil/unassigned,no named landmark assigned,Other/candidate,low,trajectory-derived contact residue,Contact residue without a current conservative mechanism label.,H130,130,subsite II / thermal-stability hotspot,Subsite/hotspot/stability,25.388220477221324,27.85669761475685,"PHL7 landmarks are locally supported, but local 7NEI render is unliganded."
Pro00137,PHL7 / 7NEI,114,0.0,0.0,0.0,6,0,0,3,4,0.0,SER,S114,coil/unassigned,no named landmark assigned,Other/candidate,low,trajectory-derived contact residue,Contact residue without a current conservative mechanism label.,H130,130,subsite II / thermal-stability hotspot,Subsite/hotspot/stability,23.78622578300307,26.59185724991769,"PHL7 landmarks are locally supported, but local 7NEI render is unliganded."
Pro00137,PHL7 / 7NEI,115,0.0,0.0,0.0,6,0,0,3,4,0.0,VAL,V115,coil/unassigned,no named landmark assigned,Other/candidate,low,trajectory-derived contact residue,Contact residue without a current conservative mechanism label.,H130,130,subsite II / thermal-stability hotspot,Subsite/hotspot/stability,26.148404176928274,29.189166277918936,"PHL7 landmarks are locally supported, but local 7NEI render is unliganded."
Pro00137,PHL7 / 7NEI,116,0.0,0.0,0.0,6,0,0,3,4,0.0,VAL,V116,helix,no named landmark assigned,Other/candidate,low,trajectory-derived contact residue,Contact residue without a current conservative mechanism label.,H130,130,subsite II / thermal-stability hotspot,Subsite/hotspot/stability,24.657575083531633,27.90664849099583,"PHL7 landmarks are locally supported, but local 7NEI render is unliganded."
Pro00137,PHL7 / 7NEI,117,0.0,0.0,0.0,6,0,0,3,4,0.0,ARG,R117,helix,no named landmark assigned,Other/candidate,low,trajectory-derived contact residue,Contact residue without a current conservative mechanism label.,H130,130,subsite II / thermal-stability hotspot,Subsite/hotspot/stability,25.137240142863735,28.175517794709645,"PHL7 landmarks are locally supported, but local 7NEI render is unliganded."
Pro00137,PHL7 / 7NEI,118,0.0,0.0,0.0,6,0,0,3,4,0.0,ASN,N118,helix,no named landmark assigned,Other/candidate,low,trajectory-derived contact residue,Contact residue without a current conservative mechanism label.,H130,130,subsite II / thermal-stability hotspot,Subsite/hotspot/stability,28.031234025636476,31.208931894571464,"PHL7 landmarks are locally supported, but local 7NEI render is unliganded."
Pro00137,PHL7 / 7NEI,119,0.0,0.0,0.0,6,0,0,3,4,0.0,ARG,R119,coil/unassigned,no named landmark assigned,Other/candidate,low,trajectory-derived contact residue,Contact residue without a current conservative mechanism label.,H130,130,subsite II / thermal-stability hotspot,Subsite/hotspot/stability,25.86602754579837,29.241572426940383,"PHL7 landmarks are locally supported, but local 7NEI render is unliganded."
Pro00137,PHL7 / 7NEI,120,0.0,0.0,0.0,6,0,0,3,4,0.0,ILE,I120,sheet,no named landmark assigned,Other/candidate,low,trajectory-derived contact residue,Contact residue without a current conservative mechanism label.,H130,130,subsite II / thermal-stability hotspot,Subsite/hotspot/stability,23.685531638534105,26.88731585711002,"PHL7 landmarks are locally supported, but local 7NEI render is unliganded."
Pro00137,PHL7 / 7NEI,121,0.0,0.0,0.0,6,0,0,3,4,0.0,ASP,D121,sheet,no named landmark assigned,Other/candidate,low,trajectory-derived contact residue,Contact residue without a current conservative mechanism label.,H130,130,subsite II / thermal-stability hotspot,Subsite/hotspot/stability,24.65368899373885,27.663104742598943,"PHL7 landmarks are locally supported, but local 7NEI render is unliganded."
Pro00137,PHL7 / 7NEI,122,0.0,0.0,0.0,6,0,0,3,4,0.0,PRO,P122,sheet,no named landmark assigned,Other/candidate,low,trajectory-derived contact residue,Contact residue without a current conservative mechanism label.,H130,130,subsite II / thermal-stability hotspot,Subsite/hotspot/stability,23.677077395658443,26.35624982807683,"PHL7 landmarks are locally supported, but local 7NEI render is unliganded."
Pro00137,PHL7 / 7NEI,123,0.0,0.0,0.0,6,0,0,3,4,0.0,ASN,N123,sheet,no named landmark assigned,Other/candidate,low,trajectory-derived contact residue,Contact residue without a current conservative mechanism label.,H130,130,subsite II / thermal-stability hotspot,Subsite/hotspot/stability,23.656521764621274,26.149239855108597,"PHL7 landmarks are locally supported, but local 7NEI render is unliganded."
Pro00137,PHL7 / 7NEI,124,0.0,0.0,0.0,6,0,0,3,4,0.0,ARG,R124,sheet,no named landmark assigned,Other/candidate,low,trajectory-derived contact residue,Contact residue without a current conservative mechanism label.,H130,130,subsite II / thermal-stability hotspot,Subsite/hotspot/stability,21.031322259905583,23.783028255459815,"PHL7 landmarks are locally supported, but local 7NEI render is unliganded."
Pro00137,PHL7 / 7NEI,125,0.0,0.0,0.0,6,0,0,3,4,0.0,MET,M125,sheet,no named landmark assigned,Other/candidate,low,trajectory-derived contact residue,Contact residue without a current conservative mechanism label.,H130,130,subsite II / thermal-stability hotspot,Subsite/hotspot/stability,17.649558776354723,20.320593888959053,"PHL7 landmarks are locally supported, but local 7NEI render is unliganded."
Pro00137,PHL7 / 7NEI,126,0.0,0.0,0.0,6,0,0,3,4,0.0,ALA,A126,sheet,no named landmark assigned,Other/candidate,low,trajectory-derived contact residue,Contact residue without a current conservative mechanism label.,H130,130,subsite II / thermal-stability hotspot,Subsite/hotspot/stability,14.1713274254743,16.818208346907824,"PHL7 landmarks are locally supported, but local 7NEI render is unliganded."
Pro00137,PHL7 / 7NEI,127,0.0,0.0,0.0,6,0,0,3,4,0.0,VAL,V127,sheet,no named landmark assigned,Other/candidate,low,trajectory-derived contact residue,Contact residue without a current conservative mechanism label.,H130,130,subsite II / thermal-stability hotspot,Subsite/hotspot/stability,10.730131919039952,13.249510255099997,"PHL7 landmarks are locally supported, but local 7NEI render is unliganded."
Pro00137,PHL7 / 7NEI,128,0.0,0.0,0.0,6,0,0,3,4,0.0,MET,M128,sheet,no named landmark assigned,Other/candidate,low,trajectory-derived contact residue,Contact residue without a current conservative mechanism label.,H130,130,subsite II / thermal-stability hotspot,Subsite/hotspot/stability,7.22737393525477,10.13703403368066,"PHL7 landmarks are locally supported, but local 7NEI render is unliganded."
Pro00137,PHL7 / 7NEI,129,0.0,0.0,0.0,6,0,0,3,4,0.0,GLY,G129,sheet,near H130 (subsite II / thermal-stability hotspot),Subsite/hotspot/stability,medium-low,local CA-distance annotation,Spatially near a named landmark; inspect before strong mechanistic wording.,H130,130,subsite II / thermal-stability hotspot,Subsite/hotspot/stability,3.784690608226781,6.678560174169279,"PHL7 landmarks are locally supported, but local 7NEI render is unliganded."
Pro00137,PHL7 / 7NEI,133,0.0,0.0,0.0,6,0,0,3,4,0.0,GLY,G133,helix,near M132 (oxyanion donor / subsite I),Catalytic/oxyanion,medium-low,local CA-distance annotation,Spatially near a named landmark; inspect before strong mechanistic wording.,M132,132,oxyanion donor / subsite I,Catalytic/oxyanion,3.8079422264524974,5.143300205121222,"PHL7 landmarks are locally supported, but local 7NEI render is unliganded."
Pro00137,PHL7 / 7NEI,134,0.0,0.0,0.0,6,0,0,3,4,0.0,GLY,G134,helix,near H130 (subsite II / thermal-stability hotspot),Subsite/hotspot/stability,medium-low,local CA-distance annotation,Spatially near a named landmark; inspect before strong mechanistic wording.,H130,130,subsite II / thermal-stability hotspot,Subsite/hotspot/stability,4.416549444985304,4.845260983682922,"PHL7 landmarks are locally supported, but local 7NEI render is unliganded."
Pro00137,PHL7 / 7NEI,135,0.0,0.0,0.0,6,0,0,3,4,0.0,GLY,G135,helix,near M132 (oxyanion donor / subsite I),Catalytic/oxyanion,medium-low,local CA-distance annotation,Spatially near a named landmark; inspect before strong mechanistic wording.,M132,132,oxyanion donor / subsite I,Catalytic/oxyanion,4.873779744715595,6.434635809430088,"PHL7 landmarks are locally supported, but local 7NEI render is unliganded."
Pro00137,PHL7 / 7NEI,136,0.0,0.0,0.0,6,0,0,3,4,0.0,GLY,G136,helix,no named landmark assigned,Other/candidate,low,trajectory-derived contact residue,Contact residue without a current conservative mechanism label.,M132,132,oxyanion donor / subsite I,Catalytic/oxyanion,6.150452666267744,8.558773568683776,"PHL7 landmarks are locally supported, but local 7NEI render is unliganded."
Pro00137,PHL7 / 7NEI,137,0.0,0.0,0.0,6,0,0,3,4,0.0,ALA,A137,helix,no named landmark assigned,Other/candidate,low,trajectory-derived contact residue,Contact residue without a current conservative mechanism label.,H130,130,subsite II / thermal-stability hotspot,Subsite/hotspot/stability,8.606476456715605,9.63507322234761,"PHL7 landmarks are locally supported, but local 7NEI render is unliganded."
Pro00137,PHL7 / 7NEI,138,0.0,0.0,0.0,6,0,0,3,4,0.0,LEU,L138,helix,no named landmark assigned,Other/candidate,low,trajectory-derived contact residue,Contact residue without a current conservative mechanism label.,F189,189,rigid-pair I218-equivalent,W-loop/flexible or rigid pair,8.846542262375737,10.898988852182573,"PHL7 landmarks are locally supported, but local 7NEI render is unliganded."
Pro00137,PHL7 / 7NEI,140,0.0,0.0,0.0,6,0,0,3,4,0.0,ALA,A140,helix,no named landmark assigned,Other/candidate,low,trajectory-derived contact residue,Contact residue without a current conservative mechanism label.,M132,132,oxyanion donor / subsite I,Catalytic/oxyanion,12.097574219652467,14.097618274020617,"PHL7 landmarks are locally supported, but local 7NEI render is unliganded."
Pro00137,PHL7 / 7NEI,141,0.0,0.0,0.0,6,0,0,3,4,0.0,ALA,A141,helix,no named landmark assigned,Other/candidate,low,trajectory-derived contact residue,Contact residue without a current conservative mechanism label.,F189,189,rigid-pair I218-equivalent,W-loop/flexible or rigid pair,12.49773015391195,15.359795083268526,"PHL7 landmarks are locally supported, but local 7NEI render is unliganded."
Pro00137,PHL7 / 7NEI,144,0.0,0.0,0.0,6,0,0,3,4,0.0,ASN,N144,coil/unassigned,no named landmark assigned,Other/candidate,low,trajectory-derived contact residue,Contact residue without a current conservative mechanism label.,F189,189,rigid-pair I218-equivalent,W-loop/flexible or rigid pair,17.257649115682007,19.88046304792723,"PHL7 landmarks are locally supported, but local 7NEI render is unliganded."
Pro00137,PHL7 / 7NEI,145,0.0,0.0,0.0,6,0,0,3,4,0.0,THR,T145,coil/unassigned,no named landmark assigned,Other/candidate,low,trajectory-derived contact residue,Contact residue without a current conservative mechanism label.,F189,189,rigid-pair I218-equivalent,W-loop/flexible or rigid pair,17.3589451580446,21.788775390094784,"PHL7 landmarks are locally supported, but local 7NEI render is unliganded."
Pro00137,PHL7 / 7NEI,146,0.0,0.0,0.0,6,0,0,3,4,0.0,SER,S146,coil/unassigned,no named landmark assigned,Other/candidate,low,trajectory-derived contact residue,Contact residue without a current conservative mechanism label.,F189,189,rigid-pair I218-equivalent,W-loop/flexible or rigid pair,19.969849598832734,22.924672145965356,"PHL7 landmarks are locally supported, but local 7NEI render is unliganded."
Pro00137,PHL7 / 7NEI,147,0.0,0.0,0.0,6,0,0,3,4,0.0,LEU,L147,coil/unassigned,no named landmark assigned,Other/candidate,low,trajectory-derived contact residue,Contact residue without a current conservative mechanism label.,F189,189,rigid-pair I218-equivalent,W-loop/flexible or rigid pair,17.717615782040202,19.69140749159389,"PHL7 landmarks are locally supported, but local 7NEI render is unliganded."
Pro00137,PHL7 / 7NEI,148,0.0,0.0,0.0,6,0,0,3,4,0.0,GLU,E148,coil/unassigned,no named landmark assigned,Other/candidate,low,trajectory-derived contact residue,Contact residue without a current conservative mechanism label.,F189,189,rigid-pair I218-equivalent,W-loop/flexible or rigid pair,18.028890703534703,20.606371005104222,"PHL7 landmarks are locally supported, but local 7NEI render is unliganded."
Pro00137,PHL7 / 7NEI,149,0.0,0.0,0.0,6,0,0,3,4,0.0,ALA,A149,sheet,no named landmark assigned,Other/candidate,low,trajectory-derived contact residue,Contact residue without a current conservative mechanism label.,H130,130,subsite II / thermal-stability hotspot,Subsite/hotspot/stability,15.124449113934697,17.32167330254211,"PHL7 landmarks are locally supported, but local 7NEI render is unliganded."
Pro00137,PHL7 / 7NEI,150,0.0,0.0,0.0,6,0,0,3,4,0.0,ALA,A150,sheet,no named landmark assigned,Other/candidate,low,trajectory-derived contact residue,Contact residue without a current conservative mechanism label.,H130,130,subsite II / thermal-stability hotspot,Subsite/hotspot/stability,11.745263087730304,13.651504385964207,"PHL7 landmarks are locally supported, but local 7NEI render is unliganded."
Pro00137,PHL7 / 7NEI,151,0.0,0.0,0.0,6,0,0,3,4,0.0,ILE,I151,sheet,no named landmark assigned,Other/candidate,low,trajectory-derived contact residue,Contact residue without a current conservative mechanism label.,H130,130,subsite II / thermal-stability hotspot,Subsite/hotspot/stability,8.972694188480961,11.115097660389674,"PHL7 landmarks are locally supported, but local 7NEI render is unliganded."
Pro00137,PHL7 / 7NEI,152,0.0,0.0,0.0,6,0,0,3,4,0.0,PRO,P152,sheet,no named landmark assigned,Other/candidate,low,trajectory-derived contact residue,Contact residue without a current conservative mechanism label.,H130,130,subsite II / thermal-stability hotspot,Subsite/hotspot/stability,6.301138389211904,7.578464620224864,"PHL7 landmarks are locally supported, but local 7NEI render is unliganded."
Pro00137,PHL7 / 7NEI,153,0.0,0.0,0.0,6,0,0,3,4,0.0,LEU,L153,sheet,near H130 (subsite II / thermal-stability hotspot),Subsite/hotspot/stability,medium-low,local CA-distance annotation,Spatially near a named landmark; inspect before strong mechanistic wording.,H130,130,subsite II / thermal-stability hotspot,Subsite/hotspot/stability,4.5994023524801575,6.3139474974060406,"PHL7 landmarks are locally supported, but local 7NEI render is unliganded."
Pro00137,PHL7 / 7NEI,154,0.0,0.0,0.0,6,0,0,3,4,0.0,GLN,Q154,coil/unassigned,near S131 (catalytic Ser),Catalytic/oxyanion,medium-low,local CA-distance annotation,Spatially near a named landmark; inspect before strong mechanistic wording.,S131,131,catalytic Ser,Catalytic/oxyanion,5.237161158490351,5.237161158490351,"PHL7 landmarks are locally supported, but local 7NEI render is unliganded."
Pro00137,PHL7 / 7NEI,155,0.0,0.0,0.0,6,0,0,3,4,0.0,GLY,G155,coil/unassigned,near W156 (W-loop Trp equivalent),W-loop/flexible or rigid pair,medium-low,local CA-distance annotation,Spatially near a named landmark; inspect before strong mechanistic wording.,W156,156,W-loop Trp equivalent,W-loop/flexible or rigid pair,3.761892342957198,4.155440530196528,"PHL7 landmarks are locally supported, but local 7NEI render is unliganded."
Pro00137,PHL7 / 7NEI,165,0.0,0.0,0.0,6,0,0,3,4,0.0,VAL,V165,coil/unassigned,no named landmark assigned,Other/candidate,low,trajectory-derived contact residue,Contact residue without a current conservative mechanism label.,F189,189,rigid-pair I218-equivalent,W-loop/flexible or rigid pair,10.524301544520663,18.204844877119935,"PHL7 landmarks are locally supported, but local 7NEI render is unliganded."
Pro00137,PHL7 / 7NEI,166,0.0,0.0,0.0,6,0,0,3,4,0.0,ARG,R166,coil/unassigned,no named landmark assigned,Other/candidate,low,trajectory-derived contact residue,Contact residue without a current conservative mechanism label.,F189,189,rigid-pair I218-equivalent,W-loop/flexible or rigid pair,13.410067076640596,20.87717320424391,"PHL7 landmarks are locally supported, but local 7NEI render is unliganded."
Pro00137,PHL7 / 7NEI,167,0.0,0.0,0.0,6,0,0,3,4,0.0,THR,T167,coil/unassigned,no named landmark assigned,Other/candidate,low,trajectory-derived contact residue,Contact residue without a current conservative mechanism label.,F189,189,rigid-pair I218-equivalent,W-loop/flexible or rigid pair,13.382221975441897,18.98739363367179,"PHL7 landmarks are locally supported, but local 7NEI render is unliganded."
Pro00137,PHL7 / 7NEI,168,0.0,0.0,0.0,6,0,0,3,4,0.0,PRO,P168,coil/unassigned,no named landmark assigned,Other/candidate,low,trajectory-derived contact residue,Contact residue without a current conservative mechanism label.,F189,189,rigid-pair I218-equivalent,W-loop/flexible or rigid pair,13.070498422018957,18.88298496001096,"PHL7 landmarks are locally supported, but local 7NEI render is unliganded."
Pro00137,PHL7 / 7NEI,169,0.0,0.0,0.0,6,0,0,3,4,0.0,THR,T169,sheet,no named landmark assigned,Other/candidate,low,trajectory-derived contact residue,Contact residue without a current conservative mechanism label.,F189,189,rigid-pair I218-equivalent,W-loop/flexible or rigid pair,10.142853296779956,15.42585404442814,"PHL7 landmarks are locally supported, but local 7NEI render is unliganded."
Pro00137,PHL7 / 7NEI,170,0.0,0.0,0.0,6,0,0,3,4,0.0,LEU,L170,sheet,no named landmark assigned,Other/candidate,low,trajectory-derived contact residue,Contact residue without a current conservative mechanism label.,F189,189,rigid-pair I218-equivalent,W-loop/flexible or rigid pair,10.344673653624847,14.205900358653794,"PHL7 landmarks are locally supported, but local 7NEI render is unliganded."
Pro00137,PHL7 / 7NEI,171,0.0,0.0,0.0,6,0,0,3,4,0.0,VAL,V171,sheet,no named landmark assigned,Other/candidate,low,trajectory-derived contact residue,Contact residue without a current conservative mechanism label.,F189,189,rigid-pair I218-equivalent,W-loop/flexible or rigid pair,7.564258985518675,11.508499294000064,"PHL7 landmarks are locally supported, but local 7NEI render is unliganded."
Pro00137,PHL7 / 7NEI,172,0.0,0.0,0.0,6,0,0,3,4,0.0,VAL,V172,sheet,no named landmark assigned,Other/candidate,low,trajectory-derived contact residue,Contact residue without a current conservative mechanism label.,H130,130,subsite II / thermal-stability hotspot,Subsite/hotspot/stability,9.509330365488413,10.362649902413958,"PHL7 landmarks are locally supported, but local 7NEI render is unliganded."
Pro00137,PHL7 / 7NEI,173,0.0,0.0,0.0,6,0,0,3,4,0.0,GLY,G173,sheet,no named landmark assigned,Other/candidate,low,trajectory-derived contact residue,Contact residue without a current conservative mechanism label.,D177,177,catalytic Asp,Catalytic/oxyanion,7.834799933629449,7.834799933629449,"PHL7 landmarks are locally supported, but local 7NEI render is unliganded."
Pro00137,PHL7 / 7NEI,174,0.0,0.0,0.0,6,0,0,3,4,0.0,ALA,A174,sheet,near D177 (catalytic Asp),Catalytic/oxyanion,medium-low,local CA-distance annotation,Spatially near a named landmark; inspect before strong mechanistic wording.,D177,177,catalytic Asp,Catalytic/oxyanion,5.249878570024264,5.249878570024264,"PHL7 landmarks are locally supported, but local 7NEI render is unliganded."
Pro00137,PHL7 / 7NEI,186,0.0,0.0,0.0,6,0,0,3,4,0.0,SER,S186,helix,PHL7 W-loop/rigid-pair neighborhood,W-loop/flexible or rigid pair,medium,sequence adjacency + local mapping,Neighborhood of W156 or H185/F189.,H185,185,rigid-pair S214-equivalent,W-loop/flexible or rigid pair,3.8067698906027934,10.093110917848866,"PHL7 landmarks are locally supported, but local 7NEI render is unliganded."
Pro00137,PHL7 / 7NEI,189,0.0,0.0,0.0,6,0,0,3,4,0.0,PHE,F189,helix,rigid-pair I218-equivalent,W-loop/flexible or rigid pair,high,memo + CE/ChimeraX mapping,Exact configured landmark residue.,F189,189,rigid-pair I218-equivalent,W-loop/flexible or rigid pair,0.0,12.629961440954602,"PHL7 landmarks are locally supported, but local 7NEI render is unliganded."
Pro00137,PHL7 / 7NEI,190,0.0,0.0,0.0,6,0,0,3,4,0.0,TYR,Y190,helix,PHL7 W-loop/rigid-pair neighborhood,W-loop/flexible or rigid pair,medium,sequence adjacency + local mapping,Neighborhood of W156 or H185/F189.,F189,189,rigid-pair I218-equivalent,W-loop/flexible or rigid pair,3.8102427744173992,14.86766968963193,"PHL7 landmarks are locally supported, but local 7NEI render is unliganded."
Pro00137,PHL7 / 7NEI,193,0.0,0.0,0.0,6,0,0,3,4,0.0,LEU,L193,helix,no named landmark assigned,Other/candidate,low,trajectory-derived contact residue,Contact residue without a current conservative mechanism label.,F189,189,rigid-pair I218-equivalent,W-loop/flexible or rigid pair,6.6139581190086165,18.020045338455727,"PHL7 landmarks are locally supported, but local 7NEI render is unliganded."
Pro00137,PHL7 / 7NEI,194,0.0,0.0,0.0,6,0,0,3,4,0.0,PRO,P194,coil/unassigned,no named landmark assigned,Other/candidate,low,trajectory-derived contact residue,Contact residue without a current conservative mechanism label.,F189,189,rigid-pair I218-equivalent,W-loop/flexible or rigid pair,10.366830614995115,21.700861803163487,"PHL7 landmarks are locally supported, but local 7NEI render is unliganded."
Pro00137,PHL7 / 7NEI,195,0.0,0.0,0.0,6,0,0,3,4,0.0,SER,S195,coil/unassigned,no named landmark assigned,Other/candidate,low,trajectory-derived contact residue,Contact residue without a current conservative mechanism label.,F189,189,rigid-pair I218-equivalent,W-loop/flexible or rigid pair,12.077959223312519,23.73500884769163,"PHL7 landmarks are locally supported, but local 7NEI render is unliganded."
Pro00137,PHL7 / 7NEI,196,0.0,0.0,0.0,6,0,0,3,4,0.0,ASP,D196,coil/unassigned,no named landmark assigned,Other/candidate,low,trajectory-derived contact residue,Contact residue without a current conservative mechanism label.,F189,189,rigid-pair I218-equivalent,W-loop/flexible or rigid pair,14.87555367036804,25.61862390917982,"PHL7 landmarks are locally supported, but local 7NEI render is unliganded."
Pro00137,PHL7 / 7NEI,197,0.0,0.0,0.0,6,0,0,3,4,0.0,LEU,L197,coil/unassigned,no named landmark assigned,Other/candidate,low,trajectory-derived contact residue,Contact residue without a current conservative mechanism label.,F189,189,rigid-pair I218-equivalent,W-loop/flexible or rigid pair,12.937707408965471,22.494712200870673,"PHL7 landmarks are locally supported, but local 7NEI render is unliganded."
Pro00137,PHL7 / 7NEI,198,0.0,0.0,0.0,6,0,0,3,4,0.0,ASP,D198,coil/unassigned,no named landmark assigned,Other/candidate,low,trajectory-derived contact residue,Contact residue without a current conservative mechanism label.,F189,189,rigid-pair I218-equivalent,W-loop/flexible or rigid pair,13.763669750469894,21.847440193304113,"PHL7 landmarks are locally supported, but local 7NEI render is unliganded."
Pro00137,PHL7 / 7NEI,199,0.0,0.0,0.0,6,0,0,3,4,0.0,LYS,K199,sheet,no named landmark assigned,Other/candidate,low,trajectory-derived contact residue,Contact residue without a current conservative mechanism label.,F189,189,rigid-pair I218-equivalent,W-loop/flexible or rigid pair,10.65233687976493,18.759076603074043,"PHL7 landmarks are locally supported, but local 7NEI render is unliganded."
Pro00137,PHL7 / 7NEI,200,0.0,0.0,0.0,6,0,0,3,4,0.0,ALA,A200,sheet,no named landmark assigned,Other/candidate,low,trajectory-derived contact residue,Contact residue without a current conservative mechanism label.,F189,189,rigid-pair I218-equivalent,W-loop/flexible or rigid pair,10.694956989160826,17.64411661149404,"PHL7 landmarks are locally supported, but local 7NEI render is unliganded."
Pro00137,PHL7 / 7NEI,201,0.0,0.0,0.0,6,0,0,3,4,0.0,TYR,Y201,sheet,no named landmark assigned,Other/candidate,low,trajectory-derived contact residue,Contact residue without a current conservative mechanism label.,F189,189,rigid-pair I218-equivalent,W-loop/flexible or rigid pair,9.209443468527294,15.000743081594324,"PHL7 landmarks are locally supported, but local 7NEI render is unliganded."
Pro00137,PHL7 / 7NEI,202,0.0,0.0,0.0,6,0,0,3,4,0.0,MET,M202,sheet,no named landmark assigned,Other/candidate,low,trajectory-derived contact residue,Contact residue without a current conservative mechanism label.,F189,189,rigid-pair I218-equivalent,W-loop/flexible or rigid pair,11.90233325865143,13.385169143496094,"PHL7 landmarks are locally supported, but local 7NEI render is unliganded."
Pro00137,PHL7 / 7NEI,212,0.0,0.0,0.0,6,0,0,3,4,0.0,SER,S212,helix,PHL7 catalytic-His/L210 hotspot neighborhood,Subsite/hotspot/stability,medium,sequence adjacency + local mapping,H209/L210 side of active site.,L210,210,subsite II / PHL7 activity hotspot,Subsite/hotspot/stability,5.407300065651989,7.710138649855786,"PHL7 landmarks are locally supported, but local 7NEI render is unliganded."
Pro00137,PHL7 / 7NEI,219,0.0,0.0,0.0,6,0,0,3,4,0.0,THR,T219,helix,no named landmark assigned,Other/candidate,low,trajectory-derived contact residue,Contact residue without a current conservative mechanism label.,H130,130,subsite II / thermal-stability hotspot,Subsite/hotspot/stability,11.329616233571198,12.833160366799754,"PHL7 landmarks are locally supported, but local 7NEI render is unliganded."
Pro00137,PHL7 / 7NEI,220,0.0,0.0,0.0,6,0,0,3,4,0.0,ALA,A220,helix,no named landmark assigned,Other/candidate,low,trajectory-derived contact residue,Contact residue without a current conservative mechanism label.,H130,130,subsite II / thermal-stability hotspot,Subsite/hotspot/stability,12.924629395073577,15.95831413401804,"PHL7 landmarks are locally supported, but local 7NEI render is unliganded."
Pro00137,PHL7 / 7NEI,221,0.0,0.0,0.0,6,0,0,3,4,0.0,LYS,K221,helix,no named landmark assigned,Other/candidate,low,trajectory-derived contact residue,Contact residue without a current conservative mechanism label.,H130,130,subsite II / thermal-stability hotspot,Subsite/hotspot/stability,16.07315513519359,18.437832329208334,"PHL7 landmarks are locally supported, but local 7NEI render is unliganded."
Pro00137,PHL7 / 7NEI,222,0.0,0.0,0.0,6,0,0,3,4,0.0,TYR,Y222,helix,no named landmark assigned,Other/candidate,low,trajectory-derived contact residue,Contact residue without a current conservative mechanism label.,H130,130,subsite II / thermal-stability hotspot,Subsite/hotspot/stability,15.095386215662057,17.71767337998982,"PHL7 landmarks are locally supported, but local 7NEI render is unliganded."
Pro00137,PHL7 / 7NEI,223,0.0,0.0,0.0,6,0,0,3,4,0.0,SER,S223,helix,no named landmark assigned,Other/candidate,low,trajectory-derived contact residue,Contact residue without a current conservative mechanism label.,H130,130,subsite II / thermal-stability hotspot,Subsite/hotspot/stability,12.613462252688594,15.604917077639342,"PHL7 landmarks are locally supported, but local 7NEI render is unliganded."
Pro00137,PHL7 / 7NEI,224,0.0,0.0,0.0,6,0,0,3,4,0.0,ILE,I224,helix,no named landmark assigned,Other/candidate,low,trajectory-derived contact residue,Contact residue without a current conservative mechanism label.,H130,130,subsite II / thermal-stability hotspot,Subsite/hotspot/stability,15.663463793171676,18.938092327370253,"PHL7 landmarks are locally supported, but local 7NEI render is unliganded."
Pro00137,PHL7 / 7NEI,225,0.0,0.0,0.0,6,0,0,3,4,0.0,ALA,A225,helix,no named landmark assigned,Other/candidate,low,trajectory-derived contact residue,Contact residue without a current conservative mechanism label.,H130,130,subsite II / thermal-stability hotspot,Subsite/hotspot/stability,18.023354654447655,20.932297867171677,"PHL7 landmarks are locally supported, but local 7NEI render is unliganded."
Pro00137,PHL7 / 7NEI,226,0.0,0.0,0.0,6,0,0,3,4,0.0,TRP,W226,helix,no named landmark assigned,Other/candidate,low,trajectory-derived contact residue,Contact residue without a current conservative mechanism label.,H130,130,subsite II / thermal-stability hotspot,Subsite/hotspot/stability,16.315708044703424,18.950065857405352,"PHL7 landmarks are locally supported, but local 7NEI render is unliganded."
Pro00137,PHL7 / 7NEI,227,0.0,0.0,0.0,6,0,0,3,4,0.0,LEU,L227,helix,no named landmark assigned,Other/candidate,low,trajectory-derived contact residue,Contact residue without a current conservative mechanism label.,H130,130,subsite II / thermal-stability hotspot,Subsite/hotspot/stability,16.194728833790332,19.206746340804315,"PHL7 landmarks are locally supported, but local 7NEI render is unliganded."
Pro00137,PHL7 / 7NEI,228,0.0,0.0,0.0,6,0,0,3,4,0.0,LYS,K228,helix,no named landmark assigned,Other/candidate,low,trajectory-derived contact residue,Contact residue without a current conservative mechanism label.,H130,130,subsite II / thermal-stability hotspot,Subsite/hotspot/stability,19.74275801401618,22.836624115661227,"PHL7 landmarks are locally supported, but local 7NEI render is unliganded."
Pro00137,PHL7 / 7NEI,229,0.0,0.0,0.0,6,0,0,3,4,0.0,ARG,R229,helix,no named landmark assigned,Other/candidate,low,trajectory-derived contact residue,Contact residue without a current conservative mechanism label.,H130,130,subsite II / thermal-stability hotspot,Subsite/hotspot/stability,20.966541297982364,23.658223876698777,"PHL7 landmarks are locally supported, but local 7NEI render is unliganded."
Pro00137,PHL7 / 7NEI,230,0.0,0.0,0.0,6,0,0,3,4,0.0,PHE,F230,helix,no named landmark assigned,Other/candidate,low,trajectory-derived contact residue,Contact residue without a current conservative mechanism label.,F189,189,rigid-pair I218-equivalent,W-loop/flexible or rigid pair,19.50407841965367,22.511560074770472,"PHL7 landmarks are locally supported, but local 7NEI render is unliganded."
Pro00137,PHL7 / 7NEI,231,0.0,0.0,0.0,6,0,0,3,4,0.0,VAL,V231,helix,no named landmark assigned,Other/candidate,low,trajectory-derived contact residue,Contact residue without a current conservative mechanism label.,H130,130,subsite II / thermal-stability hotspot,Subsite/hotspot/stability,19.618809189142954,22.440140708115,"PHL7 landmarks are locally supported, but local 7NEI render is unliganded."
Pro00137,PHL7 / 7NEI,232,0.0,0.0,0.0,6,0,0,3,4,0.0,ASP,D232,helix,no named landmark assigned,Other/candidate,low,trajectory-derived contact residue,Contact residue without a current conservative mechanism label.,H130,130,subsite II / thermal-stability hotspot,Subsite/hotspot/stability,22.697916203916165,25.70931910805885,"PHL7 landmarks are locally supported, but local 7NEI render is unliganded."
Pro00137,PHL7 / 7NEI,233,0.0,0.0,0.0,6,0,0,3,4,0.0,ASP,D233,coil/unassigned,no named landmark assigned,Other/candidate,low,trajectory-derived contact residue,Contact residue without a current conservative mechanism label.,F189,189,rigid-pair I218-equivalent,W-loop/flexible or rigid pair,24.234446971201965,27.13896132868758,"PHL7 landmarks are locally supported, but local 7NEI render is unliganded."
Pro00137,PHL7 / 7NEI,234,0.0,0.0,0.0,6,0,0,3,4,0.0,ASP,D234,helix,no named landmark assigned,Other/candidate,low,trajectory-derived contact residue,Contact residue without a current conservative mechanism label.,H130,130,subsite II / thermal-stability hotspot,Subsite/hotspot/stability,25.138854806852283,28.0428375169133,"PHL7 landmarks are locally supported, but local 7NEI render is unliganded."
Pro00137,PHL7 / 7NEI,235,0.0,0.0,0.0,6,0,0,3,4,0.0,LEU,L235,helix,no named landmark assigned,Other/candidate,low,trajectory-derived contact residue,Contact residue without a current conservative mechanism label.,F189,189,rigid-pair I218-equivalent,W-loop/flexible or rigid pair,25.745109224860553,29.287742299467194,"PHL7 landmarks are locally supported, but local 7NEI render is unliganded."
Pro00137,PHL7 / 7NEI,236,0.0,0.0,0.0,6,0,0,3,4,0.0,ARG,R236,helix,no named landmark assigned,Other/candidate,low,trajectory-derived contact residue,Contact residue without a current conservative mechanism label.,H130,130,subsite II / thermal-stability hotspot,Subsite/hotspot/stability,27.00410670620304,29.84824353291161,"PHL7 landmarks are locally supported, but local 7NEI render is unliganded."
Pro00137,PHL7 / 7NEI,237,0.0,0.0,0.0,6,0,0,3,4,0.0,TYR,Y237,helix,no named landmark assigned,Other/candidate,low,trajectory-derived contact residue,Contact residue without a current conservative mechanism label.,H130,130,subsite II / thermal-stability hotspot,Subsite/hotspot/stability,23.321383964078976,26.118998238829914,"PHL7 landmarks are locally supported, but local 7NEI render is unliganded."
Pro00137,PHL7 / 7NEI,238,0.0,0.0,0.0,6,0,0,3,4,0.0,GLU,E238,helix,no named landmark assigned,Other/candidate,low,trajectory-derived contact residue,Contact residue without a current conservative mechanism label.,F189,189,rigid-pair I218-equivalent,W-loop/flexible or rigid pair,22.553300490172166,26.411063761234608,"PHL7 landmarks are locally supported, but local 7NEI render is unliganded."
Pro00137,PHL7 / 7NEI,239,0.0,0.0,0.0,6,0,0,3,4,0.0,GLN,Q239,helix,no named landmark assigned,Other/candidate,low,trajectory-derived contact residue,Contact residue without a current conservative mechanism label.,F189,189,rigid-pair I218-equivalent,W-loop/flexible or rigid pair,24.48933569944273,27.90561816194008,"PHL7 landmarks are locally supported, but local 7NEI render is unliganded."
Pro00137,PHL7 / 7NEI,240,0.0,0.0,0.0,6,0,0,3,4,0.0,PHE,F240,helix,no named landmark assigned,Other/candidate,low,trajectory-derived contact residue,Contact residue without a current conservative mechanism label.,F189,189,rigid-pair I218-equivalent,W-loop/flexible or rigid pair,22.28179371145869,24.322035215006164,"PHL7 landmarks are locally supported, but local 7NEI render is unliganded."
Pro00137,PHL7 / 7NEI,241,0.0,0.0,0.0,6,0,0,3,4,0.0,LEU,L241,helix,no named landmark assigned,Other/candidate,low,trajectory-derived contact residue,Contact residue without a current conservative mechanism label.,F189,189,rigid-pair I218-equivalent,W-loop/flexible or rigid pair,19.022231887977814,22.970187852954098,"PHL7 landmarks are locally supported, but local 7NEI render is unliganded."
Pro00137,PHL7 / 7NEI,242,0.0,0.0,0.0,6,0,0,3,4,0.0,CYS,C242,coil/unassigned,no named landmark assigned,Other/candidate,low,trajectory-derived contact residue,Contact residue without a current conservative mechanism label.,F189,189,rigid-pair I218-equivalent,W-loop/flexible or rigid pair,20.57723674354747,25.79515101719701,"PHL7 landmarks are locally supported, but local 7NEI render is unliganded."
Pro00137,PHL7 / 7NEI,243,0.0,0.0,0.0,6,0,0,3,4,0.0,PRO,P243,coil/unassigned,no named landmark assigned,Other/candidate,low,trajectory-derived contact residue,Contact residue without a current conservative mechanism label.,F189,189,rigid-pair I218-equivalent,W-loop/flexible or rigid pair,21.354795737725986,25.899714612327294,"PHL7 landmarks are locally supported, but local 7NEI render is unliganded."
Pro00137,PHL7 / 7NEI,244,0.0,0.0,0.0,6,0,0,3,4,0.0,ALA,A244,coil/unassigned,no named landmark assigned,Other/candidate,low,trajectory-derived contact residue,Contact residue without a current conservative mechanism label.,F189,189,rigid-pair I218-equivalent,W-loop/flexible or rigid pair,18.937675147704905,22.269796137369553,"PHL7 landmarks are locally supported, but local 7NEI render is unliganded."
Pro00137,PHL7 / 7NEI,245,0.0,0.0,0.0,6,0,0,3,4,0.0,PRO,P245,coil/unassigned,no named landmark assigned,Other/candidate,low,trajectory-derived contact residue,Contact residue without a current conservative mechanism label.,F189,189,rigid-pair I218-equivalent,W-loop/flexible or rigid pair,20.577652587212174,21.63379832576795,"PHL7 landmarks are locally supported, but local 7NEI render is unliganded."
Pro00137,PHL7 / 7NEI,250,0.0,0.0,0.0,6,0,0,3,4,0.0,ILE,I250,sheet,no named landmark assigned,Other/candidate,low,trajectory-derived contact residue,Contact residue without a current conservative mechanism label.,D177,177,catalytic Asp,Catalytic/oxyanion,14.06073945423924,14.06073945423924,"PHL7 landmarks are locally supported, but local 7NEI render is unliganded."
Pro00137,PHL7 / 7NEI,253,0.0,0.0,0.0,6,0,0,3,4,0.0,TYR,Y253,sheet,no named landmark assigned,Other/candidate,low,trajectory-derived contact residue,Contact residue without a current conservative mechanism label.,F189,189,rigid-pair I218-equivalent,W-loop/flexible or rigid pair,14.048251528215177,16.349595071438312,"PHL7 landmarks are locally supported, but local 7NEI render is unliganded."
Pro00137,PHL7 / 7NEI,255,0.0,0.0,0.0,6,0,0,3,4,0.0,SER,S255,sheet,no named landmark assigned,Other/candidate,low,trajectory-derived contact residue,Contact residue without a current conservative mechanism label.,F189,189,rigid-pair I218-equivalent,W-loop/flexible or rigid pair,13.017173310669257,20.9266540325968,"PHL7 landmarks are locally supported, but local 7NEI render is unliganded."
Pro00137,PHL7 / 7NEI,256,0.0,0.0,0.0,6,0,0,3,4,0.0,THR,T256,coil/unassigned,no named landmark assigned,Other/candidate,low,trajectory-derived contact residue,Contact residue without a current conservative mechanism label.,F189,189,rigid-pair I218-equivalent,W-loop/flexible or rigid pair,14.404282349357082,23.72582512790651,"PHL7 landmarks are locally supported, but local 7NEI render is unliganded."
Pro00137,PHL7 / 7NEI,257,0.0,0.0,0.0,6,0,0,3,4,0.0,CYS,C257,coil/unassigned,no named landmark assigned,Other/candidate,low,trajectory-derived contact residue,Contact residue without a current conservative mechanism label.,F189,189,rigid-pair I218-equivalent,W-loop/flexible or rigid pair,17.572660014920906,25.598590625266855,"PHL7 landmarks are locally supported, but local 7NEI render is unliganded."
Pro00137,PHL7 / 7NEI,258,0.0,0.0,0.0,6,0,0,3,4,0.0,PRO,P258,coil/unassigned,no named landmark assigned,Other/candidate,low,trajectory-derived contact residue,Contact residue without a current conservative mechanism label.,F189,189,rigid-pair I218-equivalent,W-loop/flexible or rigid pair,20.257508583238955,28.150267600859497,"PHL7 landmarks are locally supported, but local 7NEI render is unliganded."
Pro00137,PHL7 / 7NEI,259,0.0,0.0,0.0,6,0,0,3,4,0.0,PHE,F259,coil/unassigned,no named landmark assigned,Other/candidate,low,trajectory-derived contact residue,Contact residue without a current conservative mechanism label.,F189,189,rigid-pair I218-equivalent,W-loop/flexible or rigid pair,18.891839958034794,26.229947483744606,"PHL7 landmarks are locally supported, but local 7NEI render is unliganded."
Pro00137,PHL7 / 7NEI,260,0.0,0.0,0.0,6,0,0,3,4,0.0,LEU,L260,coil/unassigned,no named landmark assigned,Other/candidate,low,trajectory-derived contact residue,Contact residue without a current conservative mechanism label.,F189,189,rigid-pair I218-equivalent,W-loop/flexible or rigid pair,20.742261424444543,28.410831086048855,"PHL7 landmarks are locally supported, but local 7NEI render is unliganded."
Pro00137,PHL7 / 7NEI,261,0.0,0.0,0.0,6,0,0,3,4,0.0,GLU,E261,coil/unassigned,no named landmark assigned,Other/candidate,low,trajectory-derived contact residue,Contact residue without a current conservative mechanism label.,F189,189,rigid-pair I218-equivalent,W-loop/flexible or rigid pair,23.54644145088595,30.049548166320232,"PHL7 landmarks are locally supported, but local 7NEI render is unliganded."
Pro00137,PHL7 / 7NEI,262,0.0,0.0,0.0,6,0,0,3,4,0.0,HIS,H262,coil/unassigned,no named landmark assigned,Other/candidate,low,trajectory-derived contact residue,Contact residue without a current conservative mechanism label.,F189,189,rigid-pair I218-equivalent,W-loop/flexible or rigid pair,22.769766731347953,28.823505564035752,"PHL7 landmarks are locally supported, but local 7NEI render is unliganded."
Pro00137,PHL7 / 7NEI,263,0.0,0.0,0.0,6,0,0,3,4,0.0,HIS,H263,coil/unassigned,no named landmark assigned,Other/candidate,low,trajectory-derived contact residue,Contact residue without a current conservative mechanism label.,F189,189,rigid-pair I218-equivalent,W-loop/flexible or rigid pair,26.514235365176948,32.4095039610297,"PHL7 landmarks are locally supported, but local 7NEI render is unliganded."
Pro00137,PHL7 / 7NEI,264,0.0,0.0,0.0,6,0,0,3,4,0.0,HIS,H264,coil/unassigned,no named landmark assigned,Other/candidate,low,trajectory-derived contact residue,Contact residue without a current conservative mechanism label.,F189,189,rigid-pair I218-equivalent,W-loop/flexible or rigid pair,26.86559991885534,31.664696256240955,"PHL7 landmarks are locally supported, but local 7NEI render is unliganded."
Pro00137,PHL7 / 7NEI,265,0.0,0.0,0.0,6,0,0,3,4,0.0,HIS,H265,coil/unassigned,no named landmark assigned,Other/candidate,low,trajectory-derived contact residue,Contact residue without a current conservative mechanism label.,F189,189,rigid-pair I218-equivalent,W-loop/flexible or rigid pair,29.034612224033577,34.47971236828985,"PHL7 landmarks are locally supported, but local 7NEI render is unliganded."
Pro00137,PHL7 / 7NEI,266,0.0,0.0,0.0,6,0,0,3,4,0.0,HIS,H266,coil/unassigned,no named landmark assigned,Other/candidate,low,trajectory-derived contact residue,Contact residue without a current conservative mechanism label.,F189,189,rigid-pair I218-equivalent,W-loop/flexible or rigid pair,31.415760519204373,35.667038382798204,"PHL7 landmarks are locally supported, but local 7NEI render is unliganded."
Pro00137,PHL7 / 7NEI,267,0.0,0.0,0.0,6,0,0,3,4,0.0,HIS,H267,coil/unassigned,no named landmark assigned,Other/candidate,low,trajectory-derived contact residue,Contact residue without a current conservative mechanism label.,F189,189,rigid-pair I218-equivalent,W-loop/flexible or rigid pair,33.14950731157252,37.75679511028446,"PHL7 landmarks are locally supported, but local 7NEI render is unliganded."
