unit,role,path,bytes,sha256,source_sha256,transformation
Pro00057__PET_L10__bidirectional,protein_input,01_simulation/inputs/systems/TfCut1_L10_bi/prepared/protein_docked_chainA.pdb,314507,01c99f64b2d5ba301a10ada45e6c708eb99d4c4fa395bbf8c40cf7e33325602e,01c99f64b2d5ba301a10ada45e6c708eb99d4c4fa395bbf8c40cf7e33325602e,copy_verbatim
Pro00057__PET_L10__bidirectional,topology_or_include,01_simulation/inputs/systems/TfCut1_L10_bi/topology/P1.itp,64948,da3212bed6834f1f2f04777801c67cc94da6e3556dc3f82c60b2054b0b5a5094,da3212bed6834f1f2f04777801c67cc94da6e3556dc3f82c60b2054b0b5a5094,copy_verbatim
Pro00057__PET_L10__bidirectional,topology_or_include,01_simulation/inputs/systems/TfCut1_L10_bi/topology/pet_ff_add.itp,585,81b21e49ebfa7a97a95df88345e480524bf84259613c115b2a464ce6716d4051,81b21e49ebfa7a97a95df88345e480524bf84259613c115b2a464ce6716d4051,copy_verbatim
Pro00057__PET_L10__bidirectional,topology_or_include,01_simulation/inputs/systems/TfCut1_L10_bi/topology/posre.itp,62614,2fb6d4dfd4caf75f3b29cb060a070cbcfbb76d044a1c68c771a09b41c91aff63,2fb6d4dfd4caf75f3b29cb060a070cbcfbb76d044a1c68c771a09b41c91aff63,copy_verbatim
Pro00057__PET_L10__bidirectional,topology_or_include,01_simulation/inputs/systems/TfCut1_L10_bi/topology/posre_pet_anchor.itp,5235,209f18fc8d06ffe0b898150df13651f99d42738adcb11f709be5a335089d0f7b,209f18fc8d06ffe0b898150df13651f99d42738adcb11f709be5a335089d0f7b,copy_verbatim
Pro00057__PET_L10__bidirectional,topology_or_include,01_simulation/inputs/systems/TfCut1_L10_bi/topology/topol.top,1105831,1fd8aca8919480e7f0b9282f4c9967f24e45ebcdd343dcad66285fe4e4042e8d,16cfab6acf6c37498f961ccf5285e9c4fd62fed502c5ec6a69c990a7c4caebcd,include_paths_only;delivery_path_or_generated_comment_cleanup_see_portability_changes
Pro00057__PET_L10__head-side,protein_input,01_simulation/inputs/systems/TfCut1_L10_head/prepared/protein_docked_chainA.pdb,314507,01c99f64b2d5ba301a10ada45e6c708eb99d4c4fa395bbf8c40cf7e33325602e,01c99f64b2d5ba301a10ada45e6c708eb99d4c4fa395bbf8c40cf7e33325602e,copy_verbatim
Pro00057__PET_L10__head-side,topology_or_include,01_simulation/inputs/systems/TfCut1_L10_head/topology/P1.itp,64948,da3212bed6834f1f2f04777801c67cc94da6e3556dc3f82c60b2054b0b5a5094,da3212bed6834f1f2f04777801c67cc94da6e3556dc3f82c60b2054b0b5a5094,copy_verbatim
Pro00057__PET_L10__head-side,topology_or_include,01_simulation/inputs/systems/TfCut1_L10_head/topology/pet_ff_add.itp,585,81b21e49ebfa7a97a95df88345e480524bf84259613c115b2a464ce6716d4051,81b21e49ebfa7a97a95df88345e480524bf84259613c115b2a464ce6716d4051,copy_verbatim
Pro00057__PET_L10__head-side,topology_or_include,01_simulation/inputs/systems/TfCut1_L10_head/topology/posre.itp,62614,2fb6d4dfd4caf75f3b29cb060a070cbcfbb76d044a1c68c771a09b41c91aff63,2fb6d4dfd4caf75f3b29cb060a070cbcfbb76d044a1c68c771a09b41c91aff63,copy_verbatim
Pro00057__PET_L10__head-side,topology_or_include,01_simulation/inputs/systems/TfCut1_L10_head/topology/posre_pet_anchor.itp,5342,bdf28033fdc5ebb21567fe6d80a4d4710a04ad69d30fa77e368ed49317d2ca97,bdf28033fdc5ebb21567fe6d80a4d4710a04ad69d30fa77e368ed49317d2ca97,copy_verbatim
Pro00057__PET_L10__head-side,topology_or_include,01_simulation/inputs/systems/TfCut1_L10_head/topology/topol.top,1105831,9f984e84c1b04a4ee4730b947c5aace6aad86ddf3823ba02ff10e0a7f9b9b375,89e6deade7263233030dde15a6f6ccb831c2d73dc536dce43d7a1edbd66d556b,include_paths_only;delivery_path_or_generated_comment_cleanup_see_portability_changes
Pro00057__PET_L10__tail-side,protein_input,01_simulation/inputs/systems/TfCut1_L10_tail/prepared/protein_docked_chainA.pdb,314507,01c99f64b2d5ba301a10ada45e6c708eb99d4c4fa395bbf8c40cf7e33325602e,01c99f64b2d5ba301a10ada45e6c708eb99d4c4fa395bbf8c40cf7e33325602e,copy_verbatim
Pro00057__PET_L10__tail-side,topology_or_include,01_simulation/inputs/systems/TfCut1_L10_tail/topology/P1.itp,64948,da3212bed6834f1f2f04777801c67cc94da6e3556dc3f82c60b2054b0b5a5094,da3212bed6834f1f2f04777801c67cc94da6e3556dc3f82c60b2054b0b5a5094,copy_verbatim
Pro00057__PET_L10__tail-side,topology_or_include,01_simulation/inputs/systems/TfCut1_L10_tail/topology/pet_ff_add.itp,585,81b21e49ebfa7a97a95df88345e480524bf84259613c115b2a464ce6716d4051,81b21e49ebfa7a97a95df88345e480524bf84259613c115b2a464ce6716d4051,copy_verbatim
Pro00057__PET_L10__tail-side,topology_or_include,01_simulation/inputs/systems/TfCut1_L10_tail/topology/posre.itp,62614,2fb6d4dfd4caf75f3b29cb060a070cbcfbb76d044a1c68c771a09b41c91aff63,2fb6d4dfd4caf75f3b29cb060a070cbcfbb76d044a1c68c771a09b41c91aff63,copy_verbatim
Pro00057__PET_L10__tail-side,topology_or_include,01_simulation/inputs/systems/TfCut1_L10_tail/topology/posre_pet_anchor.itp,5286,c79fa5cae8544906f658c2e86c2dc0f6340e6596d784e1d5febca87b984f0031,c79fa5cae8544906f658c2e86c2dc0f6340e6596d784e1d5febca87b984f0031,copy_verbatim
Pro00057__PET_L10__tail-side,topology_or_include,01_simulation/inputs/systems/TfCut1_L10_tail/topology/topol.top,1105831,d38becb0c39769011606364c639369733cfc7762c4e0f49c34fe7a1e673c3c6f,109b6b4a08969977497ff59ac2041a145379fa670d208ec4d862268312a32353,include_paths_only;delivery_path_or_generated_comment_cleanup_see_portability_changes
Pro00057__PET_L20__bidirectional,protein_input,01_simulation/inputs/systems/TfCut1_L20_bi/prepared/protein_docked_chainA.pdb,314507,01c99f64b2d5ba301a10ada45e6c708eb99d4c4fa395bbf8c40cf7e33325602e,01c99f64b2d5ba301a10ada45e6c708eb99d4c4fa395bbf8c40cf7e33325602e,copy_verbatim
Pro00057__PET_L20__bidirectional,topology_or_include,01_simulation/inputs/systems/TfCut1_L20_bi/topology/P1.itp,128768,0cf4db3e50f7e7e38cbedc3529839c533c97d1b2259c71929de3e27996ef04fd,0cf4db3e50f7e7e38cbedc3529839c533c97d1b2259c71929de3e27996ef04fd,copy_verbatim
Pro00057__PET_L20__bidirectional,topology_or_include,01_simulation/inputs/systems/TfCut1_L20_bi/topology/pet_ff_add.itp,585,81b21e49ebfa7a97a95df88345e480524bf84259613c115b2a464ce6716d4051,81b21e49ebfa7a97a95df88345e480524bf84259613c115b2a464ce6716d4051,copy_verbatim
Pro00057__PET_L20__bidirectional,topology_or_include,01_simulation/inputs/systems/TfCut1_L20_bi/topology/posre.itp,62614,2fb6d4dfd4caf75f3b29cb060a070cbcfbb76d044a1c68c771a09b41c91aff63,2fb6d4dfd4caf75f3b29cb060a070cbcfbb76d044a1c68c771a09b41c91aff63,copy_verbatim
Pro00057__PET_L20__bidirectional,topology_or_include,01_simulation/inputs/systems/TfCut1_L20_bi/topology/posre_pet_anchor.itp,5237,715c6187884721499e3a53c94d62a0019b7a0f2113496e1623318ca895bf69ab,715c6187884721499e3a53c94d62a0019b7a0f2113496e1623318ca895bf69ab,copy_verbatim
Pro00057__PET_L20__bidirectional,topology_or_include,01_simulation/inputs/systems/TfCut1_L20_bi/topology/topol.top,1105832,001ceb7f6cccd75dd08419d8ee771cc62ec13292c1b7523dabbcdf90ae64e65c,ee336d9d7fe83c845c4f0f1605831cfe728f3509def68f07a6354231417f6c55,include_paths_only;delivery_path_or_generated_comment_cleanup_see_portability_changes
Pro00057__PET_L20__head-side,protein_input,01_simulation/inputs/systems/TfCut1_L20_head/prepared/protein_docked_chainA.pdb,314507,01c99f64b2d5ba301a10ada45e6c708eb99d4c4fa395bbf8c40cf7e33325602e,01c99f64b2d5ba301a10ada45e6c708eb99d4c4fa395bbf8c40cf7e33325602e,copy_verbatim
Pro00057__PET_L20__head-side,topology_or_include,01_simulation/inputs/systems/TfCut1_L20_head/topology/P1.itp,128768,0cf4db3e50f7e7e38cbedc3529839c533c97d1b2259c71929de3e27996ef04fd,0cf4db3e50f7e7e38cbedc3529839c533c97d1b2259c71929de3e27996ef04fd,copy_verbatim
Pro00057__PET_L20__head-side,topology_or_include,01_simulation/inputs/systems/TfCut1_L20_head/topology/pet_ff_add.itp,585,81b21e49ebfa7a97a95df88345e480524bf84259613c115b2a464ce6716d4051,81b21e49ebfa7a97a95df88345e480524bf84259613c115b2a464ce6716d4051,copy_verbatim
Pro00057__PET_L20__head-side,topology_or_include,01_simulation/inputs/systems/TfCut1_L20_head/topology/posre.itp,62614,2fb6d4dfd4caf75f3b29cb060a070cbcfbb76d044a1c68c771a09b41c91aff63,2fb6d4dfd4caf75f3b29cb060a070cbcfbb76d044a1c68c771a09b41c91aff63,copy_verbatim
Pro00057__PET_L20__head-side,topology_or_include,01_simulation/inputs/systems/TfCut1_L20_head/topology/posre_pet_anchor.itp,5343,d695c61778d0c6797fe651e0cc4f9c94c22a829e591a97b92ffc614539146c04,d695c61778d0c6797fe651e0cc4f9c94c22a829e591a97b92ffc614539146c04,copy_verbatim
Pro00057__PET_L20__head-side,topology_or_include,01_simulation/inputs/systems/TfCut1_L20_head/topology/topol.top,1105832,9bab45b0fa4c6304bb211f57df017680b21d0dad6c4ceb076467b2778c5ddc8f,3919082aaa428988bfb06695707c32e533d63c74774a22c5ac35fa43bd884894,include_paths_only;delivery_path_or_generated_comment_cleanup_see_portability_changes
Pro00057__PET_L20__tail-side,protein_input,01_simulation/inputs/systems/TfCut1_L20_tail/prepared/protein_docked_chainA.pdb,314507,01c99f64b2d5ba301a10ada45e6c708eb99d4c4fa395bbf8c40cf7e33325602e,01c99f64b2d5ba301a10ada45e6c708eb99d4c4fa395bbf8c40cf7e33325602e,copy_verbatim
Pro00057__PET_L20__tail-side,topology_or_include,01_simulation/inputs/systems/TfCut1_L20_tail/topology/P1.itp,128768,0cf4db3e50f7e7e38cbedc3529839c533c97d1b2259c71929de3e27996ef04fd,0cf4db3e50f7e7e38cbedc3529839c533c97d1b2259c71929de3e27996ef04fd,copy_verbatim
Pro00057__PET_L20__tail-side,topology_or_include,01_simulation/inputs/systems/TfCut1_L20_tail/topology/pet_ff_add.itp,585,81b21e49ebfa7a97a95df88345e480524bf84259613c115b2a464ce6716d4051,81b21e49ebfa7a97a95df88345e480524bf84259613c115b2a464ce6716d4051,copy_verbatim
Pro00057__PET_L20__tail-side,topology_or_include,01_simulation/inputs/systems/TfCut1_L20_tail/topology/posre.itp,62614,2fb6d4dfd4caf75f3b29cb060a070cbcfbb76d044a1c68c771a09b41c91aff63,2fb6d4dfd4caf75f3b29cb060a070cbcfbb76d044a1c68c771a09b41c91aff63,copy_verbatim
Pro00057__PET_L20__tail-side,topology_or_include,01_simulation/inputs/systems/TfCut1_L20_tail/topology/posre_pet_anchor.itp,5286,525f66f7fe075db9d498c69a17211dcb3b85c2d205762e7f615ab7a33c9421c3,525f66f7fe075db9d498c69a17211dcb3b85c2d205762e7f615ab7a33c9421c3,copy_verbatim
Pro00057__PET_L20__tail-side,topology_or_include,01_simulation/inputs/systems/TfCut1_L20_tail/topology/topol.top,1105832,46b1bbc7fa09af633836402cce085db120654185a6ce770018836db87145971d,1a222db4db75665fa701eb59c07eb2688e2ab4e8252901d558925ed895aabc3c,include_paths_only;delivery_path_or_generated_comment_cleanup_see_portability_changes
Pro00057__PET_L4__single,protein_input,01_simulation/inputs/systems/TfCut1_L4_single/prepared/protein_docked_chainA.pdb,314507,01c99f64b2d5ba301a10ada45e6c708eb99d4c4fa395bbf8c40cf7e33325602e,01c99f64b2d5ba301a10ada45e6c708eb99d4c4fa395bbf8c40cf7e33325602e,copy_verbatim
Pro00057__PET_L4__single,topology_or_include,01_simulation/inputs/systems/TfCut1_L4_single/topology/P1.itp,26656,c6303f6ffc3e8e92e06aa5c37831554900b6f070d66dac580c77fabbb3396b35,c6303f6ffc3e8e92e06aa5c37831554900b6f070d66dac580c77fabbb3396b35,copy_verbatim
Pro00057__PET_L4__single,topology_or_include,01_simulation/inputs/systems/TfCut1_L4_single/topology/pet_ff_add.itp,585,81b21e49ebfa7a97a95df88345e480524bf84259613c115b2a464ce6716d4051,81b21e49ebfa7a97a95df88345e480524bf84259613c115b2a464ce6716d4051,copy_verbatim
Pro00057__PET_L4__single,topology_or_include,01_simulation/inputs/systems/TfCut1_L4_single/topology/posre.itp,62614,2fb6d4dfd4caf75f3b29cb060a070cbcfbb76d044a1c68c771a09b41c91aff63,2fb6d4dfd4caf75f3b29cb060a070cbcfbb76d044a1c68c771a09b41c91aff63,copy_verbatim
Pro00057__PET_L4__single,topology_or_include,01_simulation/inputs/systems/TfCut1_L4_single/topology/topol.top,1105776,2e8438d0e0a246f99d2d6b96ab9ce3fbc0cdfe21abc2df4d211ffd5e509b3f0b,6417eb059ceb12b076a307bd2801a4966c7040d6cf757954c89ec00cd266d68c,include_paths_only;delivery_path_or_generated_comment_cleanup_see_portability_changes
Pro00062__PET_L10__bidirectional,protein_input,01_simulation/inputs/systems/LCC_L10_bi/prepared/protein_docked_chainA.pdb,347529,354bd2bdfc586ebda60b8be42b90f5c5116de742d32f997c07ee250a801e502d,354bd2bdfc586ebda60b8be42b90f5c5116de742d32f997c07ee250a801e502d,copy_verbatim
Pro00062__PET_L10__bidirectional,topology_or_include,01_simulation/inputs/systems/LCC_L10_bi/topology/P1.itp,64948,da3212bed6834f1f2f04777801c67cc94da6e3556dc3f82c60b2054b0b5a5094,da3212bed6834f1f2f04777801c67cc94da6e3556dc3f82c60b2054b0b5a5094,copy_verbatim
Pro00062__PET_L10__bidirectional,topology_or_include,01_simulation/inputs/systems/LCC_L10_bi/topology/pet_ff_add.itp,585,81b21e49ebfa7a97a95df88345e480524bf84259613c115b2a464ce6716d4051,81b21e49ebfa7a97a95df88345e480524bf84259613c115b2a464ce6716d4051,copy_verbatim
Pro00062__PET_L10__bidirectional,topology_or_include,01_simulation/inputs/systems/LCC_L10_bi/topology/posre.itp,69217,66cb79be6fb38fb9d60644caee0b1af3833bc53d63a2c3e3bd6594a795223ebb,66cb79be6fb38fb9d60644caee0b1af3833bc53d63a2c3e3bd6594a795223ebb,copy_verbatim
Pro00062__PET_L10__bidirectional,topology_or_include,01_simulation/inputs/systems/LCC_L10_bi/topology/posre_pet_anchor.itp,5235,90a67fd1a08a1b03d67e061d4ce945a8fb4ee8629f259154643310116864b4cf,90a67fd1a08a1b03d67e061d4ce945a8fb4ee8629f259154643310116864b4cf,copy_verbatim
Pro00062__PET_L10__bidirectional,topology_or_include,01_simulation/inputs/systems/LCC_L10_bi/topology/topol.top,1220273,2088bb0d43cacd73e9e38173a0287cced4abd608fea0dcc5b88b2fb6862a40fc,c19d57f58b2d30a26b2b060e74e07bc96cf74dd1e59adfff83ea3f9e4811634d,include_paths_only;delivery_path_or_generated_comment_cleanup_see_portability_changes
Pro00062__PET_L10__head-side,protein_input,01_simulation/inputs/systems/LCC_L10_head/prepared/protein_docked_chainA.pdb,347529,354bd2bdfc586ebda60b8be42b90f5c5116de742d32f997c07ee250a801e502d,354bd2bdfc586ebda60b8be42b90f5c5116de742d32f997c07ee250a801e502d,copy_verbatim
Pro00062__PET_L10__head-side,topology_or_include,01_simulation/inputs/systems/LCC_L10_head/topology/P1.itp,64948,da3212bed6834f1f2f04777801c67cc94da6e3556dc3f82c60b2054b0b5a5094,da3212bed6834f1f2f04777801c67cc94da6e3556dc3f82c60b2054b0b5a5094,copy_verbatim
Pro00062__PET_L10__head-side,topology_or_include,01_simulation/inputs/systems/LCC_L10_head/topology/pet_ff_add.itp,585,81b21e49ebfa7a97a95df88345e480524bf84259613c115b2a464ce6716d4051,81b21e49ebfa7a97a95df88345e480524bf84259613c115b2a464ce6716d4051,copy_verbatim
Pro00062__PET_L10__head-side,topology_or_include,01_simulation/inputs/systems/LCC_L10_head/topology/posre.itp,69217,66cb79be6fb38fb9d60644caee0b1af3833bc53d63a2c3e3bd6594a795223ebb,66cb79be6fb38fb9d60644caee0b1af3833bc53d63a2c3e3bd6594a795223ebb,copy_verbatim
Pro00062__PET_L10__head-side,topology_or_include,01_simulation/inputs/systems/LCC_L10_head/topology/posre_pet_anchor.itp,5342,fef1b3bafecddf30703d13a4ad4982079ab7f9040678359852fc531c11c26d58,fef1b3bafecddf30703d13a4ad4982079ab7f9040678359852fc531c11c26d58,copy_verbatim
Pro00062__PET_L10__head-side,topology_or_include,01_simulation/inputs/systems/LCC_L10_head/topology/topol.top,1220273,11813c69c105ec63ec17b8bc5ef115b722d142c4585b655ace00c808910cbfba,e44d05a37699feb10d3f8467806fa91dcf38674a4e39c85bf640d46b3f6dee03,include_paths_only;delivery_path_or_generated_comment_cleanup_see_portability_changes
Pro00062__PET_L10__tail-side,protein_input,01_simulation/inputs/systems/LCC_L10_tail/prepared/protein_docked_chainA.pdb,347529,354bd2bdfc586ebda60b8be42b90f5c5116de742d32f997c07ee250a801e502d,354bd2bdfc586ebda60b8be42b90f5c5116de742d32f997c07ee250a801e502d,copy_verbatim
Pro00062__PET_L10__tail-side,topology_or_include,01_simulation/inputs/systems/LCC_L10_tail/topology/P1.itp,64948,da3212bed6834f1f2f04777801c67cc94da6e3556dc3f82c60b2054b0b5a5094,da3212bed6834f1f2f04777801c67cc94da6e3556dc3f82c60b2054b0b5a5094,copy_verbatim
Pro00062__PET_L10__tail-side,topology_or_include,01_simulation/inputs/systems/LCC_L10_tail/topology/pet_ff_add.itp,585,81b21e49ebfa7a97a95df88345e480524bf84259613c115b2a464ce6716d4051,81b21e49ebfa7a97a95df88345e480524bf84259613c115b2a464ce6716d4051,copy_verbatim
Pro00062__PET_L10__tail-side,topology_or_include,01_simulation/inputs/systems/LCC_L10_tail/topology/posre.itp,69217,66cb79be6fb38fb9d60644caee0b1af3833bc53d63a2c3e3bd6594a795223ebb,66cb79be6fb38fb9d60644caee0b1af3833bc53d63a2c3e3bd6594a795223ebb,copy_verbatim
Pro00062__PET_L10__tail-side,topology_or_include,01_simulation/inputs/systems/LCC_L10_tail/topology/posre_pet_anchor.itp,5286,b66e2a6c095f471932b88aab166d12cb2228bd4c8dd1c60bdbc2e972a4bcdc98,b66e2a6c095f471932b88aab166d12cb2228bd4c8dd1c60bdbc2e972a4bcdc98,copy_verbatim
Pro00062__PET_L10__tail-side,topology_or_include,01_simulation/inputs/systems/LCC_L10_tail/topology/topol.top,1220273,be82d1b78c976c17feb8cde534227b35e9ad31601a77f124b1e7d80a54ecd9d9,99328fada50d548cf23fbdbfc65fd9d0d98fc67db73feb25fdbcd697a6b460e4,include_paths_only;delivery_path_or_generated_comment_cleanup_see_portability_changes
Pro00062__PET_L20__bidirectional,protein_input,01_simulation/inputs/systems/LCC_L20_bi/prepared/protein_docked_chainA.pdb,347529,354bd2bdfc586ebda60b8be42b90f5c5116de742d32f997c07ee250a801e502d,354bd2bdfc586ebda60b8be42b90f5c5116de742d32f997c07ee250a801e502d,copy_verbatim
Pro00062__PET_L20__bidirectional,topology_or_include,01_simulation/inputs/systems/LCC_L20_bi/topology/P1.itp,128768,0cf4db3e50f7e7e38cbedc3529839c533c97d1b2259c71929de3e27996ef04fd,0cf4db3e50f7e7e38cbedc3529839c533c97d1b2259c71929de3e27996ef04fd,copy_verbatim
Pro00062__PET_L20__bidirectional,topology_or_include,01_simulation/inputs/systems/LCC_L20_bi/topology/pet_ff_add.itp,585,81b21e49ebfa7a97a95df88345e480524bf84259613c115b2a464ce6716d4051,81b21e49ebfa7a97a95df88345e480524bf84259613c115b2a464ce6716d4051,copy_verbatim
Pro00062__PET_L20__bidirectional,topology_or_include,01_simulation/inputs/systems/LCC_L20_bi/topology/posre.itp,69217,66cb79be6fb38fb9d60644caee0b1af3833bc53d63a2c3e3bd6594a795223ebb,66cb79be6fb38fb9d60644caee0b1af3833bc53d63a2c3e3bd6594a795223ebb,copy_verbatim
Pro00062__PET_L20__bidirectional,topology_or_include,01_simulation/inputs/systems/LCC_L20_bi/topology/posre_pet_anchor.itp,5237,e9af066aeb5edb9659941f6b04f06655fcb2a82e7dea2062f6eafe9c82a2a5d6,e9af066aeb5edb9659941f6b04f06655fcb2a82e7dea2062f6eafe9c82a2a5d6,copy_verbatim
Pro00062__PET_L20__bidirectional,topology_or_include,01_simulation/inputs/systems/LCC_L20_bi/topology/topol.top,1220274,2f8b1cbd85fd77cb35cc791ab4b82a45e50084ef7b006150d9c8637c589950d3,d57e5e458d70a5e283bb3e069ef4eabcde254a90b291e8533d82031871de37da,include_paths_only;delivery_path_or_generated_comment_cleanup_see_portability_changes
Pro00062__PET_L20__head-side,protein_input,01_simulation/inputs/systems/LCC_L20_head/prepared/protein_docked_chainA.pdb,347529,354bd2bdfc586ebda60b8be42b90f5c5116de742d32f997c07ee250a801e502d,354bd2bdfc586ebda60b8be42b90f5c5116de742d32f997c07ee250a801e502d,copy_verbatim
Pro00062__PET_L20__head-side,topology_or_include,01_simulation/inputs/systems/LCC_L20_head/topology/P1.itp,128768,0cf4db3e50f7e7e38cbedc3529839c533c97d1b2259c71929de3e27996ef04fd,0cf4db3e50f7e7e38cbedc3529839c533c97d1b2259c71929de3e27996ef04fd,copy_verbatim
Pro00062__PET_L20__head-side,topology_or_include,01_simulation/inputs/systems/LCC_L20_head/topology/pet_ff_add.itp,585,81b21e49ebfa7a97a95df88345e480524bf84259613c115b2a464ce6716d4051,81b21e49ebfa7a97a95df88345e480524bf84259613c115b2a464ce6716d4051,copy_verbatim
Pro00062__PET_L20__head-side,topology_or_include,01_simulation/inputs/systems/LCC_L20_head/topology/posre.itp,69217,66cb79be6fb38fb9d60644caee0b1af3833bc53d63a2c3e3bd6594a795223ebb,66cb79be6fb38fb9d60644caee0b1af3833bc53d63a2c3e3bd6594a795223ebb,copy_verbatim
Pro00062__PET_L20__head-side,topology_or_include,01_simulation/inputs/systems/LCC_L20_head/topology/posre_pet_anchor.itp,5343,742de3de2d5546cd91db29a5fc4778dc9f7e84a0c55b65b6427762df8d84d19b,742de3de2d5546cd91db29a5fc4778dc9f7e84a0c55b65b6427762df8d84d19b,copy_verbatim
Pro00062__PET_L20__head-side,topology_or_include,01_simulation/inputs/systems/LCC_L20_head/topology/topol.top,1220274,43120812ddd268d44fbf6637ad7398342382ea926a804ba12448ff60e3fe8f64,24c92247d6ec0bc6fbbf7be2ac6a0b9b43559e30c46efd1e55016df9d05859fa,include_paths_only;delivery_path_or_generated_comment_cleanup_see_portability_changes
Pro00062__PET_L20__tail-side,protein_input,01_simulation/inputs/systems/LCC_L20_tail/prepared/protein_docked_chainA.pdb,347529,354bd2bdfc586ebda60b8be42b90f5c5116de742d32f997c07ee250a801e502d,354bd2bdfc586ebda60b8be42b90f5c5116de742d32f997c07ee250a801e502d,copy_verbatim
Pro00062__PET_L20__tail-side,topology_or_include,01_simulation/inputs/systems/LCC_L20_tail/topology/P1.itp,128768,0cf4db3e50f7e7e38cbedc3529839c533c97d1b2259c71929de3e27996ef04fd,0cf4db3e50f7e7e38cbedc3529839c533c97d1b2259c71929de3e27996ef04fd,copy_verbatim
Pro00062__PET_L20__tail-side,topology_or_include,01_simulation/inputs/systems/LCC_L20_tail/topology/pet_ff_add.itp,585,81b21e49ebfa7a97a95df88345e480524bf84259613c115b2a464ce6716d4051,81b21e49ebfa7a97a95df88345e480524bf84259613c115b2a464ce6716d4051,copy_verbatim
Pro00062__PET_L20__tail-side,topology_or_include,01_simulation/inputs/systems/LCC_L20_tail/topology/posre.itp,69217,66cb79be6fb38fb9d60644caee0b1af3833bc53d63a2c3e3bd6594a795223ebb,66cb79be6fb38fb9d60644caee0b1af3833bc53d63a2c3e3bd6594a795223ebb,copy_verbatim
Pro00062__PET_L20__tail-side,topology_or_include,01_simulation/inputs/systems/LCC_L20_tail/topology/posre_pet_anchor.itp,5286,cfc5d9460917fd4f67fd07d244c344de6622514952c61829f4d242309e5c3c67,cfc5d9460917fd4f67fd07d244c344de6622514952c61829f4d242309e5c3c67,copy_verbatim
Pro00062__PET_L20__tail-side,topology_or_include,01_simulation/inputs/systems/LCC_L20_tail/topology/topol.top,1220274,819c1a59d4e0bb11755e668686a1beaadc7a2712d9567d4a3e141d3f5f966b71,21170f8f28ad7b6764832f75ca55f638d92a743bf129d09a9a23fbd2dbf3f152,include_paths_only;delivery_path_or_generated_comment_cleanup_see_portability_changes
Pro00062__PET_L4__single,protein_input,01_simulation/inputs/systems/LCC_L4_single/prepared/protein_docked_chainA.pdb,347529,354bd2bdfc586ebda60b8be42b90f5c5116de742d32f997c07ee250a801e502d,354bd2bdfc586ebda60b8be42b90f5c5116de742d32f997c07ee250a801e502d,copy_verbatim
Pro00062__PET_L4__single,topology_or_include,01_simulation/inputs/systems/LCC_L4_single/topology/P1.itp,26656,c6303f6ffc3e8e92e06aa5c37831554900b6f070d66dac580c77fabbb3396b35,c6303f6ffc3e8e92e06aa5c37831554900b6f070d66dac580c77fabbb3396b35,copy_verbatim
Pro00062__PET_L4__single,topology_or_include,01_simulation/inputs/systems/LCC_L4_single/topology/pet_ff_add.itp,585,81b21e49ebfa7a97a95df88345e480524bf84259613c115b2a464ce6716d4051,81b21e49ebfa7a97a95df88345e480524bf84259613c115b2a464ce6716d4051,copy_verbatim
Pro00062__PET_L4__single,topology_or_include,01_simulation/inputs/systems/LCC_L4_single/topology/posre.itp,69217,66cb79be6fb38fb9d60644caee0b1af3833bc53d63a2c3e3bd6594a795223ebb,66cb79be6fb38fb9d60644caee0b1af3833bc53d63a2c3e3bd6594a795223ebb,copy_verbatim
Pro00062__PET_L4__single,topology_or_include,01_simulation/inputs/systems/LCC_L4_single/topology/topol.top,1220218,83ba1878cdbe16dcb71a310ece1053b02e24cf743dae59efbca9ee7f782f435e,852e1a3b4f17d56849838b1a2dfb1658f8581413c7bf9b68dd30828e103da898,include_paths_only;delivery_path_or_generated_comment_cleanup_see_portability_changes
Pro00075__PET_L10__bidirectional,protein_input,01_simulation/inputs/systems/FoCut5a_L10_bi/prepared/protein_docked_chainA.pdb,254230,feb92cc8887c535fcf3421d0bdbbecca98259c0ee97a2165f912ecb0945bf468,feb92cc8887c535fcf3421d0bdbbecca98259c0ee97a2165f912ecb0945bf468,copy_verbatim
Pro00075__PET_L10__bidirectional,topology_or_include,01_simulation/inputs/systems/FoCut5a_L10_bi/topology/P1.itp,64948,da3212bed6834f1f2f04777801c67cc94da6e3556dc3f82c60b2054b0b5a5094,da3212bed6834f1f2f04777801c67cc94da6e3556dc3f82c60b2054b0b5a5094,copy_verbatim
Pro00075__PET_L10__bidirectional,topology_or_include,01_simulation/inputs/systems/FoCut5a_L10_bi/topology/pet_ff_add.itp,585,81b21e49ebfa7a97a95df88345e480524bf84259613c115b2a464ce6716d4051,81b21e49ebfa7a97a95df88345e480524bf84259613c115b2a464ce6716d4051,copy_verbatim
Pro00075__PET_L10__bidirectional,topology_or_include,01_simulation/inputs/systems/FoCut5a_L10_bi/topology/posre.itp,50648,a16bb289485a115453a7300423693e4ec30ccccb7f87c20b4154a8478059bc17,a16bb289485a115453a7300423693e4ec30ccccb7f87c20b4154a8478059bc17,copy_verbatim
Pro00075__PET_L10__bidirectional,topology_or_include,01_simulation/inputs/systems/FoCut5a_L10_bi/topology/posre_pet_anchor.itp,5235,c68eb480c1815ff19c586243477aa0fedb936d29d68c1386ebae24efc608994c,c68eb480c1815ff19c586243477aa0fedb936d29d68c1386ebae24efc608994c,copy_verbatim
Pro00075__PET_L10__bidirectional,topology_or_include,01_simulation/inputs/systems/FoCut5a_L10_bi/topology/topol.top,891275,fcfa556bb4021840e7e8a61d66d5be98ddc0c54d6fa99c79038cb1c6c230140a,5579074f607600ab62653b1236dcbd3f32f50588ac5064e7d367acb15f4552f3,include_paths_only;delivery_path_or_generated_comment_cleanup_see_portability_changes
Pro00075__PET_L10__head-side,protein_input,01_simulation/inputs/systems/FoCut5a_L10_head/prepared/protein_docked_chainA.pdb,254230,feb92cc8887c535fcf3421d0bdbbecca98259c0ee97a2165f912ecb0945bf468,feb92cc8887c535fcf3421d0bdbbecca98259c0ee97a2165f912ecb0945bf468,copy_verbatim
Pro00075__PET_L10__head-side,topology_or_include,01_simulation/inputs/systems/FoCut5a_L10_head/topology/P1.itp,64948,da3212bed6834f1f2f04777801c67cc94da6e3556dc3f82c60b2054b0b5a5094,da3212bed6834f1f2f04777801c67cc94da6e3556dc3f82c60b2054b0b5a5094,copy_verbatim
Pro00075__PET_L10__head-side,topology_or_include,01_simulation/inputs/systems/FoCut5a_L10_head/topology/pet_ff_add.itp,585,81b21e49ebfa7a97a95df88345e480524bf84259613c115b2a464ce6716d4051,81b21e49ebfa7a97a95df88345e480524bf84259613c115b2a464ce6716d4051,copy_verbatim
Pro00075__PET_L10__head-side,topology_or_include,01_simulation/inputs/systems/FoCut5a_L10_head/topology/posre.itp,50648,a16bb289485a115453a7300423693e4ec30ccccb7f87c20b4154a8478059bc17,a16bb289485a115453a7300423693e4ec30ccccb7f87c20b4154a8478059bc17,copy_verbatim
Pro00075__PET_L10__head-side,topology_or_include,01_simulation/inputs/systems/FoCut5a_L10_head/topology/posre_pet_anchor.itp,5342,48971359db4f51e02cf5dcc64f2bcec8d23cdc539f9826f12960601c82f1556c,48971359db4f51e02cf5dcc64f2bcec8d23cdc539f9826f12960601c82f1556c,copy_verbatim
Pro00075__PET_L10__head-side,topology_or_include,01_simulation/inputs/systems/FoCut5a_L10_head/topology/topol.top,891275,ad4eeedae421fc00f5e6b59fc64e5af7e3b6c09af42f4cd88ff96d7ad2c51c06,f188691bbad473d349137815990796b807a53f5d7588c75a80fa87d6b6197ca0,include_paths_only;delivery_path_or_generated_comment_cleanup_see_portability_changes
Pro00075__PET_L10__tail-side,protein_input,01_simulation/inputs/systems/FoCut5a_L10_tail/prepared/protein_docked_chainA.pdb,254230,feb92cc8887c535fcf3421d0bdbbecca98259c0ee97a2165f912ecb0945bf468,feb92cc8887c535fcf3421d0bdbbecca98259c0ee97a2165f912ecb0945bf468,copy_verbatim
Pro00075__PET_L10__tail-side,topology_or_include,01_simulation/inputs/systems/FoCut5a_L10_tail/topology/P1.itp,64948,da3212bed6834f1f2f04777801c67cc94da6e3556dc3f82c60b2054b0b5a5094,da3212bed6834f1f2f04777801c67cc94da6e3556dc3f82c60b2054b0b5a5094,copy_verbatim
Pro00075__PET_L10__tail-side,topology_or_include,01_simulation/inputs/systems/FoCut5a_L10_tail/topology/pet_ff_add.itp,585,81b21e49ebfa7a97a95df88345e480524bf84259613c115b2a464ce6716d4051,81b21e49ebfa7a97a95df88345e480524bf84259613c115b2a464ce6716d4051,copy_verbatim
Pro00075__PET_L10__tail-side,topology_or_include,01_simulation/inputs/systems/FoCut5a_L10_tail/topology/posre.itp,50648,a16bb289485a115453a7300423693e4ec30ccccb7f87c20b4154a8478059bc17,a16bb289485a115453a7300423693e4ec30ccccb7f87c20b4154a8478059bc17,copy_verbatim
Pro00075__PET_L10__tail-side,topology_or_include,01_simulation/inputs/systems/FoCut5a_L10_tail/topology/posre_pet_anchor.itp,5286,f76ebd4b11e7267f530db4dbd34a83c4f8d1e31b614652f0d6861c5aa3a4d48f,f76ebd4b11e7267f530db4dbd34a83c4f8d1e31b614652f0d6861c5aa3a4d48f,copy_verbatim
Pro00075__PET_L10__tail-side,topology_or_include,01_simulation/inputs/systems/FoCut5a_L10_tail/topology/topol.top,891275,b4c24d109064c98d01bb31bdb67f6449bef3b99af0a5f8455a03d8f8e6019e0c,88d86bab7b1bfcdef82045ffbe816fd1b5e2d74f30e7652219da114e82e4787c,include_paths_only;delivery_path_or_generated_comment_cleanup_see_portability_changes
Pro00075__PET_L20__bidirectional,protein_input,01_simulation/inputs/systems/FoCut5a_L20_bi/prepared/protein_docked_chainA.pdb,254230,feb92cc8887c535fcf3421d0bdbbecca98259c0ee97a2165f912ecb0945bf468,feb92cc8887c535fcf3421d0bdbbecca98259c0ee97a2165f912ecb0945bf468,copy_verbatim
Pro00075__PET_L20__bidirectional,topology_or_include,01_simulation/inputs/systems/FoCut5a_L20_bi/topology/P1.itp,128768,0cf4db3e50f7e7e38cbedc3529839c533c97d1b2259c71929de3e27996ef04fd,0cf4db3e50f7e7e38cbedc3529839c533c97d1b2259c71929de3e27996ef04fd,copy_verbatim
Pro00075__PET_L20__bidirectional,topology_or_include,01_simulation/inputs/systems/FoCut5a_L20_bi/topology/pet_ff_add.itp,585,81b21e49ebfa7a97a95df88345e480524bf84259613c115b2a464ce6716d4051,81b21e49ebfa7a97a95df88345e480524bf84259613c115b2a464ce6716d4051,copy_verbatim
Pro00075__PET_L20__bidirectional,topology_or_include,01_simulation/inputs/systems/FoCut5a_L20_bi/topology/posre.itp,50648,a16bb289485a115453a7300423693e4ec30ccccb7f87c20b4154a8478059bc17,a16bb289485a115453a7300423693e4ec30ccccb7f87c20b4154a8478059bc17,copy_verbatim
Pro00075__PET_L20__bidirectional,topology_or_include,01_simulation/inputs/systems/FoCut5a_L20_bi/topology/posre_pet_anchor.itp,5235,b3fb42cd18598bccd478c0229d28264d85e56bb7f6eed1239f1c323d1121bdde,b3fb42cd18598bccd478c0229d28264d85e56bb7f6eed1239f1c323d1121bdde,copy_verbatim
Pro00075__PET_L20__bidirectional,topology_or_include,01_simulation/inputs/systems/FoCut5a_L20_bi/topology/topol.top,891276,cc2e7d67601f3352e14de00fcea3da3f9817c6bc959ba248d27cab938efb59fc,570b7bdb9f732290f2bf0a9b96177cbad90ae91fc22d7e9b315119f4d9841a2c,include_paths_only;delivery_path_or_generated_comment_cleanup_see_portability_changes
Pro00075__PET_L20__head-side,protein_input,01_simulation/inputs/systems/FoCut5a_L20_head/prepared/protein_docked_chainA.pdb,254230,feb92cc8887c535fcf3421d0bdbbecca98259c0ee97a2165f912ecb0945bf468,feb92cc8887c535fcf3421d0bdbbecca98259c0ee97a2165f912ecb0945bf468,copy_verbatim
Pro00075__PET_L20__head-side,topology_or_include,01_simulation/inputs/systems/FoCut5a_L20_head/topology/P1.itp,128768,0cf4db3e50f7e7e38cbedc3529839c533c97d1b2259c71929de3e27996ef04fd,0cf4db3e50f7e7e38cbedc3529839c533c97d1b2259c71929de3e27996ef04fd,copy_verbatim
Pro00075__PET_L20__head-side,topology_or_include,01_simulation/inputs/systems/FoCut5a_L20_head/topology/pet_ff_add.itp,585,81b21e49ebfa7a97a95df88345e480524bf84259613c115b2a464ce6716d4051,81b21e49ebfa7a97a95df88345e480524bf84259613c115b2a464ce6716d4051,copy_verbatim
Pro00075__PET_L20__head-side,topology_or_include,01_simulation/inputs/systems/FoCut5a_L20_head/topology/posre.itp,50648,a16bb289485a115453a7300423693e4ec30ccccb7f87c20b4154a8478059bc17,a16bb289485a115453a7300423693e4ec30ccccb7f87c20b4154a8478059bc17,copy_verbatim
Pro00075__PET_L20__head-side,topology_or_include,01_simulation/inputs/systems/FoCut5a_L20_head/topology/posre_pet_anchor.itp,5343,2609c969004468dd0df1de40ec8d87c02eadfb7c873b48f3cc017250f708eb76,2609c969004468dd0df1de40ec8d87c02eadfb7c873b48f3cc017250f708eb76,copy_verbatim
Pro00075__PET_L20__head-side,topology_or_include,01_simulation/inputs/systems/FoCut5a_L20_head/topology/topol.top,891276,234450ea57819c97d971f7c0a8418a5b3102a7e4841d35b6e5c918426220d014,b57a97fab64d9415044e9719eb25c5a122aec2498d5a200cff38d5af6249e237,include_paths_only;delivery_path_or_generated_comment_cleanup_see_portability_changes
Pro00075__PET_L20__tail-side,protein_input,01_simulation/inputs/systems/FoCut5a_L20_tail/prepared/protein_docked_chainA.pdb,254230,feb92cc8887c535fcf3421d0bdbbecca98259c0ee97a2165f912ecb0945bf468,feb92cc8887c535fcf3421d0bdbbecca98259c0ee97a2165f912ecb0945bf468,copy_verbatim
Pro00075__PET_L20__tail-side,topology_or_include,01_simulation/inputs/systems/FoCut5a_L20_tail/topology/P1.itp,128768,0cf4db3e50f7e7e38cbedc3529839c533c97d1b2259c71929de3e27996ef04fd,0cf4db3e50f7e7e38cbedc3529839c533c97d1b2259c71929de3e27996ef04fd,copy_verbatim
Pro00075__PET_L20__tail-side,topology_or_include,01_simulation/inputs/systems/FoCut5a_L20_tail/topology/pet_ff_add.itp,585,81b21e49ebfa7a97a95df88345e480524bf84259613c115b2a464ce6716d4051,81b21e49ebfa7a97a95df88345e480524bf84259613c115b2a464ce6716d4051,copy_verbatim
Pro00075__PET_L20__tail-side,topology_or_include,01_simulation/inputs/systems/FoCut5a_L20_tail/topology/posre.itp,50648,a16bb289485a115453a7300423693e4ec30ccccb7f87c20b4154a8478059bc17,a16bb289485a115453a7300423693e4ec30ccccb7f87c20b4154a8478059bc17,copy_verbatim
Pro00075__PET_L20__tail-side,topology_or_include,01_simulation/inputs/systems/FoCut5a_L20_tail/topology/posre_pet_anchor.itp,5286,9d403cfa2fe6973ff28f5261dad3376c2fc8a8410f721ff8dd705ed51ae94f3b,9d403cfa2fe6973ff28f5261dad3376c2fc8a8410f721ff8dd705ed51ae94f3b,copy_verbatim
Pro00075__PET_L20__tail-side,topology_or_include,01_simulation/inputs/systems/FoCut5a_L20_tail/topology/topol.top,891276,53ce3c706b72e2af839bce3c79958dac138384926ad52a182117cd94e751134e,20ba3599b218426eeba19f5a990ab6dd111d6dc8989920af08fc1425d1e45b5a,include_paths_only;delivery_path_or_generated_comment_cleanup_see_portability_changes
Pro00075__PET_L4__single,protein_input,01_simulation/inputs/systems/FoCut5a_L4_single/prepared/protein_docked_chainA.pdb,254230,feb92cc8887c535fcf3421d0bdbbecca98259c0ee97a2165f912ecb0945bf468,feb92cc8887c535fcf3421d0bdbbecca98259c0ee97a2165f912ecb0945bf468,copy_verbatim
Pro00075__PET_L4__single,topology_or_include,01_simulation/inputs/systems/FoCut5a_L4_single/topology/P1.itp,26656,c6303f6ffc3e8e92e06aa5c37831554900b6f070d66dac580c77fabbb3396b35,c6303f6ffc3e8e92e06aa5c37831554900b6f070d66dac580c77fabbb3396b35,copy_verbatim
Pro00075__PET_L4__single,topology_or_include,01_simulation/inputs/systems/FoCut5a_L4_single/topology/pet_ff_add.itp,585,81b21e49ebfa7a97a95df88345e480524bf84259613c115b2a464ce6716d4051,81b21e49ebfa7a97a95df88345e480524bf84259613c115b2a464ce6716d4051,copy_verbatim
Pro00075__PET_L4__single,topology_or_include,01_simulation/inputs/systems/FoCut5a_L4_single/topology/posre.itp,50648,a16bb289485a115453a7300423693e4ec30ccccb7f87c20b4154a8478059bc17,a16bb289485a115453a7300423693e4ec30ccccb7f87c20b4154a8478059bc17,copy_verbatim
Pro00075__PET_L4__single,topology_or_include,01_simulation/inputs/systems/FoCut5a_L4_single/topology/topol.top,891220,541edcfd854759a508baca6b080426ae1033852ee795795086c2787709a7fc75,6d6436754695b7ed96b729989814ea749582dcbbe99dd8c0f1cc1c8ce38e9872,include_paths_only;delivery_path_or_generated_comment_cleanup_see_portability_changes
Pro00083__PET_L10__bidirectional,protein_input,01_simulation/inputs/systems/IsPETase_L10_bi/prepared/protein_docked_chainA.pdb,330307,be44a492223713b7401da3d4af744a70ad796e85d31524d9a1b3990f88679915,be44a492223713b7401da3d4af744a70ad796e85d31524d9a1b3990f88679915,copy_verbatim
Pro00083__PET_L10__bidirectional,topology_or_include,01_simulation/inputs/systems/IsPETase_L10_bi/topology/P1.itp,64948,da3212bed6834f1f2f04777801c67cc94da6e3556dc3f82c60b2054b0b5a5094,da3212bed6834f1f2f04777801c67cc94da6e3556dc3f82c60b2054b0b5a5094,copy_verbatim
Pro00083__PET_L10__bidirectional,topology_or_include,01_simulation/inputs/systems/IsPETase_L10_bi/topology/pet_ff_add.itp,585,81b21e49ebfa7a97a95df88345e480524bf84259613c115b2a464ce6716d4051,81b21e49ebfa7a97a95df88345e480524bf84259613c115b2a464ce6716d4051,copy_verbatim
Pro00083__PET_L10__bidirectional,topology_or_include,01_simulation/inputs/systems/IsPETase_L10_bi/topology/posre.itp,66024,58e6c1c2b90fc2b6684bcaab6ca601a0aa09563f80bb6156c780fe47eafda4fe,58e6c1c2b90fc2b6684bcaab6ca601a0aa09563f80bb6156c780fe47eafda4fe,copy_verbatim
Pro00083__PET_L10__bidirectional,topology_or_include,01_simulation/inputs/systems/IsPETase_L10_bi/topology/posre_pet_anchor.itp,5235,3984f385393cf0abac0e458822abb033de710f79acfbc994c0cfb3d86f3f8775,3984f385393cf0abac0e458822abb033de710f79acfbc994c0cfb3d86f3f8775,copy_verbatim
Pro00083__PET_L10__bidirectional,topology_or_include,01_simulation/inputs/systems/IsPETase_L10_bi/topology/topol.top,1156787,c98c270ee67f3b3b11078702ef5f12d8f45bfd3cf7ba7585421bf96aa2bc242d,f36a90d4a862a8af56c4858011e1bf47c3663eada3b66a42d703d691271573b4,include_paths_only;delivery_path_or_generated_comment_cleanup_see_portability_changes
Pro00083__PET_L10__head-side,protein_input,01_simulation/inputs/systems/IsPETase_L10_head/prepared/protein_docked_chainA.pdb,330307,be44a492223713b7401da3d4af744a70ad796e85d31524d9a1b3990f88679915,be44a492223713b7401da3d4af744a70ad796e85d31524d9a1b3990f88679915,copy_verbatim
Pro00083__PET_L10__head-side,topology_or_include,01_simulation/inputs/systems/IsPETase_L10_head/topology/P1.itp,64948,da3212bed6834f1f2f04777801c67cc94da6e3556dc3f82c60b2054b0b5a5094,da3212bed6834f1f2f04777801c67cc94da6e3556dc3f82c60b2054b0b5a5094,copy_verbatim
Pro00083__PET_L10__head-side,topology_or_include,01_simulation/inputs/systems/IsPETase_L10_head/topology/pet_ff_add.itp,585,81b21e49ebfa7a97a95df88345e480524bf84259613c115b2a464ce6716d4051,81b21e49ebfa7a97a95df88345e480524bf84259613c115b2a464ce6716d4051,copy_verbatim
Pro00083__PET_L10__head-side,topology_or_include,01_simulation/inputs/systems/IsPETase_L10_head/topology/posre.itp,66024,58e6c1c2b90fc2b6684bcaab6ca601a0aa09563f80bb6156c780fe47eafda4fe,58e6c1c2b90fc2b6684bcaab6ca601a0aa09563f80bb6156c780fe47eafda4fe,copy_verbatim
Pro00083__PET_L10__head-side,topology_or_include,01_simulation/inputs/systems/IsPETase_L10_head/topology/posre_pet_anchor.itp,5342,518b70f828fd6845afe15c59dbc09f17320d1ec28d5b5739892a5aa6b543d797,518b70f828fd6845afe15c59dbc09f17320d1ec28d5b5739892a5aa6b543d797,copy_verbatim
Pro00083__PET_L10__head-side,topology_or_include,01_simulation/inputs/systems/IsPETase_L10_head/topology/topol.top,1156787,ad5bbea3f16b0d5f420e8b420e6c8d30eb5b7982d0fdc2f8dad2e6dff8e6f308,d8f0680343eb28289e46ed0cc864cea8385d8f469e70ef7fb9d278ae88d6c5dc,include_paths_only;delivery_path_or_generated_comment_cleanup_see_portability_changes
Pro00083__PET_L10__tail-side,protein_input,01_simulation/inputs/systems/IsPETase_L10_tail/prepared/protein_docked_chainA.pdb,330307,be44a492223713b7401da3d4af744a70ad796e85d31524d9a1b3990f88679915,be44a492223713b7401da3d4af744a70ad796e85d31524d9a1b3990f88679915,copy_verbatim
Pro00083__PET_L10__tail-side,topology_or_include,01_simulation/inputs/systems/IsPETase_L10_tail/topology/P1.itp,64948,da3212bed6834f1f2f04777801c67cc94da6e3556dc3f82c60b2054b0b5a5094,da3212bed6834f1f2f04777801c67cc94da6e3556dc3f82c60b2054b0b5a5094,copy_verbatim
Pro00083__PET_L10__tail-side,topology_or_include,01_simulation/inputs/systems/IsPETase_L10_tail/topology/pet_ff_add.itp,585,81b21e49ebfa7a97a95df88345e480524bf84259613c115b2a464ce6716d4051,81b21e49ebfa7a97a95df88345e480524bf84259613c115b2a464ce6716d4051,copy_verbatim
Pro00083__PET_L10__tail-side,topology_or_include,01_simulation/inputs/systems/IsPETase_L10_tail/topology/posre.itp,66024,58e6c1c2b90fc2b6684bcaab6ca601a0aa09563f80bb6156c780fe47eafda4fe,58e6c1c2b90fc2b6684bcaab6ca601a0aa09563f80bb6156c780fe47eafda4fe,copy_verbatim
Pro00083__PET_L10__tail-side,topology_or_include,01_simulation/inputs/systems/IsPETase_L10_tail/topology/posre_pet_anchor.itp,5286,c520d61acf13d7836aedcee78050ea898ad3704052ed53835bb03b5d188d447a,c520d61acf13d7836aedcee78050ea898ad3704052ed53835bb03b5d188d447a,copy_verbatim
Pro00083__PET_L10__tail-side,topology_or_include,01_simulation/inputs/systems/IsPETase_L10_tail/topology/topol.top,1156787,9bc6bddb2076ea1b83c9ce28676a999e4f6a26574bc6b7edd96c793449864833,5f8cbbff757422863908ea3a0d2196bbfd719aad82727d760d25f9b9ba985050,include_paths_only;delivery_path_or_generated_comment_cleanup_see_portability_changes
Pro00083__PET_L20__bidirectional,protein_input,01_simulation/inputs/systems/IsPETase_L20_bi/prepared/protein_docked_chainA.pdb,330307,be44a492223713b7401da3d4af744a70ad796e85d31524d9a1b3990f88679915,be44a492223713b7401da3d4af744a70ad796e85d31524d9a1b3990f88679915,copy_verbatim
Pro00083__PET_L20__bidirectional,topology_or_include,01_simulation/inputs/systems/IsPETase_L20_bi/topology/P1.itp,128768,0cf4db3e50f7e7e38cbedc3529839c533c97d1b2259c71929de3e27996ef04fd,0cf4db3e50f7e7e38cbedc3529839c533c97d1b2259c71929de3e27996ef04fd,copy_verbatim
Pro00083__PET_L20__bidirectional,topology_or_include,01_simulation/inputs/systems/IsPETase_L20_bi/topology/pet_ff_add.itp,585,81b21e49ebfa7a97a95df88345e480524bf84259613c115b2a464ce6716d4051,81b21e49ebfa7a97a95df88345e480524bf84259613c115b2a464ce6716d4051,copy_verbatim
Pro00083__PET_L20__bidirectional,topology_or_include,01_simulation/inputs/systems/IsPETase_L20_bi/topology/posre.itp,66024,58e6c1c2b90fc2b6684bcaab6ca601a0aa09563f80bb6156c780fe47eafda4fe,58e6c1c2b90fc2b6684bcaab6ca601a0aa09563f80bb6156c780fe47eafda4fe,copy_verbatim
Pro00083__PET_L20__bidirectional,topology_or_include,01_simulation/inputs/systems/IsPETase_L20_bi/topology/posre_pet_anchor.itp,5235,60e9e7049dcd7b3472a58069cd24109506066f90c97adc71525d9ece4b37c6fe,60e9e7049dcd7b3472a58069cd24109506066f90c97adc71525d9ece4b37c6fe,copy_verbatim
Pro00083__PET_L20__bidirectional,topology_or_include,01_simulation/inputs/systems/IsPETase_L20_bi/topology/topol.top,1156788,10320da69879480042c0145c41b35d6982bd3d7a26f22e8790c90e7827ca52c7,af666603f1cb71dabddc4ed792dc1500a78635463413e7d759030bc6a928d99a,include_paths_only;delivery_path_or_generated_comment_cleanup_see_portability_changes
Pro00083__PET_L20__head-side,protein_input,01_simulation/inputs/systems/IsPETase_L20_head/prepared/protein_docked_chainA.pdb,330307,be44a492223713b7401da3d4af744a70ad796e85d31524d9a1b3990f88679915,be44a492223713b7401da3d4af744a70ad796e85d31524d9a1b3990f88679915,copy_verbatim
Pro00083__PET_L20__head-side,topology_or_include,01_simulation/inputs/systems/IsPETase_L20_head/topology/P1.itp,128768,0cf4db3e50f7e7e38cbedc3529839c533c97d1b2259c71929de3e27996ef04fd,0cf4db3e50f7e7e38cbedc3529839c533c97d1b2259c71929de3e27996ef04fd,copy_verbatim
Pro00083__PET_L20__head-side,topology_or_include,01_simulation/inputs/systems/IsPETase_L20_head/topology/pet_ff_add.itp,585,81b21e49ebfa7a97a95df88345e480524bf84259613c115b2a464ce6716d4051,81b21e49ebfa7a97a95df88345e480524bf84259613c115b2a464ce6716d4051,copy_verbatim
Pro00083__PET_L20__head-side,topology_or_include,01_simulation/inputs/systems/IsPETase_L20_head/topology/posre.itp,66024,58e6c1c2b90fc2b6684bcaab6ca601a0aa09563f80bb6156c780fe47eafda4fe,58e6c1c2b90fc2b6684bcaab6ca601a0aa09563f80bb6156c780fe47eafda4fe,copy_verbatim
Pro00083__PET_L20__head-side,topology_or_include,01_simulation/inputs/systems/IsPETase_L20_head/topology/posre_pet_anchor.itp,5343,bdf1dacfc46f8425e99c63896383d5aadae34f84aa59c29e1bb74a2bcc93cacc,bdf1dacfc46f8425e99c63896383d5aadae34f84aa59c29e1bb74a2bcc93cacc,copy_verbatim
Pro00083__PET_L20__head-side,topology_or_include,01_simulation/inputs/systems/IsPETase_L20_head/topology/topol.top,1156788,1c04c9eaaf8bb6ece122ea0af0a4852d202f529ac5986b17a895e6e27111bfcb,79e4b51a5fe893bf9965ba9e031a0a3e6be19f33dbc89111811a79e78209e934,include_paths_only;delivery_path_or_generated_comment_cleanup_see_portability_changes
Pro00083__PET_L20__tail-side,protein_input,01_simulation/inputs/systems/IsPETase_L20_tail/prepared/protein_docked_chainA.pdb,330307,be44a492223713b7401da3d4af744a70ad796e85d31524d9a1b3990f88679915,be44a492223713b7401da3d4af744a70ad796e85d31524d9a1b3990f88679915,copy_verbatim
Pro00083__PET_L20__tail-side,topology_or_include,01_simulation/inputs/systems/IsPETase_L20_tail/topology/P1.itp,128768,0cf4db3e50f7e7e38cbedc3529839c533c97d1b2259c71929de3e27996ef04fd,0cf4db3e50f7e7e38cbedc3529839c533c97d1b2259c71929de3e27996ef04fd,copy_verbatim
Pro00083__PET_L20__tail-side,topology_or_include,01_simulation/inputs/systems/IsPETase_L20_tail/topology/pet_ff_add.itp,585,81b21e49ebfa7a97a95df88345e480524bf84259613c115b2a464ce6716d4051,81b21e49ebfa7a97a95df88345e480524bf84259613c115b2a464ce6716d4051,copy_verbatim
Pro00083__PET_L20__tail-side,topology_or_include,01_simulation/inputs/systems/IsPETase_L20_tail/topology/posre.itp,66024,58e6c1c2b90fc2b6684bcaab6ca601a0aa09563f80bb6156c780fe47eafda4fe,58e6c1c2b90fc2b6684bcaab6ca601a0aa09563f80bb6156c780fe47eafda4fe,copy_verbatim
Pro00083__PET_L20__tail-side,topology_or_include,01_simulation/inputs/systems/IsPETase_L20_tail/topology/posre_pet_anchor.itp,5286,b768baa8fe947010d69fda5a37d36dd0e059daa455f41916a932983d04682456,b768baa8fe947010d69fda5a37d36dd0e059daa455f41916a932983d04682456,copy_verbatim
Pro00083__PET_L20__tail-side,topology_or_include,01_simulation/inputs/systems/IsPETase_L20_tail/topology/topol.top,1156788,9aca961c8b89da0ac329371b6a9c8f6111a6c92c4d57d6b14cf4200dee93ae59,c907c663efa49c38b641a999c526244677bef78d0983e7457a32a455a2564bf7,include_paths_only;delivery_path_or_generated_comment_cleanup_see_portability_changes
Pro00083__PET_L4__single,protein_input,01_simulation/inputs/systems/IsPETase_L4_single/prepared/protein_docked_chainA.pdb,330307,be44a492223713b7401da3d4af744a70ad796e85d31524d9a1b3990f88679915,be44a492223713b7401da3d4af744a70ad796e85d31524d9a1b3990f88679915,copy_verbatim
Pro00083__PET_L4__single,topology_or_include,01_simulation/inputs/systems/IsPETase_L4_single/topology/P1.itp,26656,c6303f6ffc3e8e92e06aa5c37831554900b6f070d66dac580c77fabbb3396b35,c6303f6ffc3e8e92e06aa5c37831554900b6f070d66dac580c77fabbb3396b35,copy_verbatim
Pro00083__PET_L4__single,topology_or_include,01_simulation/inputs/systems/IsPETase_L4_single/topology/pet_ff_add.itp,585,81b21e49ebfa7a97a95df88345e480524bf84259613c115b2a464ce6716d4051,81b21e49ebfa7a97a95df88345e480524bf84259613c115b2a464ce6716d4051,copy_verbatim
Pro00083__PET_L4__single,topology_or_include,01_simulation/inputs/systems/IsPETase_L4_single/topology/posre.itp,66024,58e6c1c2b90fc2b6684bcaab6ca601a0aa09563f80bb6156c780fe47eafda4fe,58e6c1c2b90fc2b6684bcaab6ca601a0aa09563f80bb6156c780fe47eafda4fe,copy_verbatim
Pro00083__PET_L4__single,topology_or_include,01_simulation/inputs/systems/IsPETase_L4_single/topology/topol.top,1156732,b5e6bc65337c88e0cf6eb837caf0f1a580fd66dc89d19fcd5507e27056e51ed9,4e97a4b991621296611ad306b904ee3a2045532696d00c52eab5d52dee3a2ad4,include_paths_only;delivery_path_or_generated_comment_cleanup_see_portability_changes
Pro00121__PET_L10__bidirectional,protein_input,01_simulation/inputs/systems/HiC_L10_bi/prepared/protein_docked_chainA.pdb,112504,003f7377348637f0318b137754dda3a31a463cd2f68e403f47656972c9ad765b,003f7377348637f0318b137754dda3a31a463cd2f68e403f47656972c9ad765b,copy_verbatim
Pro00121__PET_L10__bidirectional,topology_or_include,01_simulation/inputs/systems/HiC_L10_bi/topology/P1.itp,64948,da3212bed6834f1f2f04777801c67cc94da6e3556dc3f82c60b2054b0b5a5094,da3212bed6834f1f2f04777801c67cc94da6e3556dc3f82c60b2054b0b5a5094,copy_verbatim
Pro00121__PET_L10__bidirectional,topology_or_include,01_simulation/inputs/systems/HiC_L10_bi/topology/pet_ff_add.itp,585,81b21e49ebfa7a97a95df88345e480524bf84259613c115b2a464ce6716d4051,81b21e49ebfa7a97a95df88345e480524bf84259613c115b2a464ce6716d4051,copy_verbatim
Pro00121__PET_L10__bidirectional,topology_or_include,01_simulation/inputs/systems/HiC_L10_bi/topology/posre.itp,44448,8102e660aa55d86b0e7cf74155a6693a30f245394af9f4f9554a8ef173d297ad,8102e660aa55d86b0e7cf74155a6693a30f245394af9f4f9554a8ef173d297ad,copy_verbatim
Pro00121__PET_L10__bidirectional,topology_or_include,01_simulation/inputs/systems/HiC_L10_bi/topology/posre_pet_anchor.itp,5235,373ff10e53cbbfcba9dba53bf54793a568197a826cf8f76ced820bca67b27968,373ff10e53cbbfcba9dba53bf54793a568197a826cf8f76ced820bca67b27968,copy_verbatim
Pro00121__PET_L10__bidirectional,topology_or_include,01_simulation/inputs/systems/HiC_L10_bi/topology/topol.top,789424,7fa09385a0a271fe1e0af22fb31f9251be360d940497d6517bf5adda7a2460e4,74345a05c027ac58e5ae255fbe4ded1362c82e04007f28cda4a8762928d1444b,include_paths_only;delivery_path_or_generated_comment_cleanup_see_portability_changes
Pro00121__PET_L10__head-side,protein_input,01_simulation/inputs/systems/HiC_L10_head/prepared/protein_docked_chainA.pdb,112504,003f7377348637f0318b137754dda3a31a463cd2f68e403f47656972c9ad765b,003f7377348637f0318b137754dda3a31a463cd2f68e403f47656972c9ad765b,copy_verbatim
Pro00121__PET_L10__head-side,topology_or_include,01_simulation/inputs/systems/HiC_L10_head/topology/P1.itp,64948,da3212bed6834f1f2f04777801c67cc94da6e3556dc3f82c60b2054b0b5a5094,da3212bed6834f1f2f04777801c67cc94da6e3556dc3f82c60b2054b0b5a5094,copy_verbatim
Pro00121__PET_L10__head-side,topology_or_include,01_simulation/inputs/systems/HiC_L10_head/topology/pet_ff_add.itp,585,81b21e49ebfa7a97a95df88345e480524bf84259613c115b2a464ce6716d4051,81b21e49ebfa7a97a95df88345e480524bf84259613c115b2a464ce6716d4051,copy_verbatim
Pro00121__PET_L10__head-side,topology_or_include,01_simulation/inputs/systems/HiC_L10_head/topology/posre.itp,44448,8102e660aa55d86b0e7cf74155a6693a30f245394af9f4f9554a8ef173d297ad,8102e660aa55d86b0e7cf74155a6693a30f245394af9f4f9554a8ef173d297ad,copy_verbatim
Pro00121__PET_L10__head-side,topology_or_include,01_simulation/inputs/systems/HiC_L10_head/topology/posre_pet_anchor.itp,5342,c6fcf623b365b673d6c3e7887e0c98dbdc4ab0ee24539583d2f2cfd900fd3ffc,c6fcf623b365b673d6c3e7887e0c98dbdc4ab0ee24539583d2f2cfd900fd3ffc,copy_verbatim
Pro00121__PET_L10__head-side,topology_or_include,01_simulation/inputs/systems/HiC_L10_head/topology/topol.top,789424,d4732c3d427fb469864faf6eaf23850b1dd65e4861c9bcc64c59753b57e3d283,01b59404287e4db7e6b01f55730dff32190df884bf371f5d285677992f5ddb3b,include_paths_only;delivery_path_or_generated_comment_cleanup_see_portability_changes
Pro00121__PET_L10__tail-side,protein_input,01_simulation/inputs/systems/HiC_L10_tail/prepared/protein_docked_chainA.pdb,112504,003f7377348637f0318b137754dda3a31a463cd2f68e403f47656972c9ad765b,003f7377348637f0318b137754dda3a31a463cd2f68e403f47656972c9ad765b,copy_verbatim
Pro00121__PET_L10__tail-side,topology_or_include,01_simulation/inputs/systems/HiC_L10_tail/topology/P1.itp,64948,da3212bed6834f1f2f04777801c67cc94da6e3556dc3f82c60b2054b0b5a5094,da3212bed6834f1f2f04777801c67cc94da6e3556dc3f82c60b2054b0b5a5094,copy_verbatim
Pro00121__PET_L10__tail-side,topology_or_include,01_simulation/inputs/systems/HiC_L10_tail/topology/pet_ff_add.itp,585,81b21e49ebfa7a97a95df88345e480524bf84259613c115b2a464ce6716d4051,81b21e49ebfa7a97a95df88345e480524bf84259613c115b2a464ce6716d4051,copy_verbatim
Pro00121__PET_L10__tail-side,topology_or_include,01_simulation/inputs/systems/HiC_L10_tail/topology/posre.itp,44448,8102e660aa55d86b0e7cf74155a6693a30f245394af9f4f9554a8ef173d297ad,8102e660aa55d86b0e7cf74155a6693a30f245394af9f4f9554a8ef173d297ad,copy_verbatim
Pro00121__PET_L10__tail-side,topology_or_include,01_simulation/inputs/systems/HiC_L10_tail/topology/posre_pet_anchor.itp,5286,0d7dbbee4b16bd06a721aa129ff02374709b7a242d304e3bf79bc05e5fc9e941,0d7dbbee4b16bd06a721aa129ff02374709b7a242d304e3bf79bc05e5fc9e941,copy_verbatim
Pro00121__PET_L10__tail-side,topology_or_include,01_simulation/inputs/systems/HiC_L10_tail/topology/topol.top,789424,104db4389ab1752fb7d07a0fae0dd304b97654ac1fb26b2c16ac855ac579500a,4c0ce63ad193b7956040db066a31559e28cf485d1f0a126569fc560fc4bf7d5f,include_paths_only;delivery_path_or_generated_comment_cleanup_see_portability_changes
Pro00121__PET_L20__bidirectional,protein_input,01_simulation/inputs/systems/HiC_L20_bi/prepared/protein_docked_chainA.pdb,112504,003f7377348637f0318b137754dda3a31a463cd2f68e403f47656972c9ad765b,003f7377348637f0318b137754dda3a31a463cd2f68e403f47656972c9ad765b,copy_verbatim
Pro00121__PET_L20__bidirectional,topology_or_include,01_simulation/inputs/systems/HiC_L20_bi/topology/P1.itp,128768,0cf4db3e50f7e7e38cbedc3529839c533c97d1b2259c71929de3e27996ef04fd,0cf4db3e50f7e7e38cbedc3529839c533c97d1b2259c71929de3e27996ef04fd,copy_verbatim
Pro00121__PET_L20__bidirectional,topology_or_include,01_simulation/inputs/systems/HiC_L20_bi/topology/pet_ff_add.itp,585,81b21e49ebfa7a97a95df88345e480524bf84259613c115b2a464ce6716d4051,81b21e49ebfa7a97a95df88345e480524bf84259613c115b2a464ce6716d4051,copy_verbatim
Pro00121__PET_L20__bidirectional,topology_or_include,01_simulation/inputs/systems/HiC_L20_bi/topology/posre.itp,44448,8102e660aa55d86b0e7cf74155a6693a30f245394af9f4f9554a8ef173d297ad,8102e660aa55d86b0e7cf74155a6693a30f245394af9f4f9554a8ef173d297ad,copy_verbatim
Pro00121__PET_L20__bidirectional,topology_or_include,01_simulation/inputs/systems/HiC_L20_bi/topology/posre_pet_anchor.itp,5236,30210f3e33d63749db06da812d170ac4e6480d673dd944f03d32d83e2cfddbbd,30210f3e33d63749db06da812d170ac4e6480d673dd944f03d32d83e2cfddbbd,copy_verbatim
Pro00121__PET_L20__bidirectional,topology_or_include,01_simulation/inputs/systems/HiC_L20_bi/topology/topol.top,789425,1ce31688a03a7ce41c3573638ef448a3196ba00f367f9b2b8a0b6b8f7451f7fd,8adaf116fb1efdfeaaecdd22b9d47f3f23b5efc1ad87bb3b8458fd04de5552b5,include_paths_only;delivery_path_or_generated_comment_cleanup_see_portability_changes
Pro00121__PET_L20__head-side,protein_input,01_simulation/inputs/systems/HiC_L20_head/prepared/protein_docked_chainA.pdb,112504,003f7377348637f0318b137754dda3a31a463cd2f68e403f47656972c9ad765b,003f7377348637f0318b137754dda3a31a463cd2f68e403f47656972c9ad765b,copy_verbatim
Pro00121__PET_L20__head-side,topology_or_include,01_simulation/inputs/systems/HiC_L20_head/topology/P1.itp,128768,0cf4db3e50f7e7e38cbedc3529839c533c97d1b2259c71929de3e27996ef04fd,0cf4db3e50f7e7e38cbedc3529839c533c97d1b2259c71929de3e27996ef04fd,copy_verbatim
Pro00121__PET_L20__head-side,topology_or_include,01_simulation/inputs/systems/HiC_L20_head/topology/pet_ff_add.itp,585,81b21e49ebfa7a97a95df88345e480524bf84259613c115b2a464ce6716d4051,81b21e49ebfa7a97a95df88345e480524bf84259613c115b2a464ce6716d4051,copy_verbatim
Pro00121__PET_L20__head-side,topology_or_include,01_simulation/inputs/systems/HiC_L20_head/topology/posre.itp,44448,8102e660aa55d86b0e7cf74155a6693a30f245394af9f4f9554a8ef173d297ad,8102e660aa55d86b0e7cf74155a6693a30f245394af9f4f9554a8ef173d297ad,copy_verbatim
Pro00121__PET_L20__head-side,topology_or_include,01_simulation/inputs/systems/HiC_L20_head/topology/posre_pet_anchor.itp,5343,6547d7a65c81c3696222eadd0a6b082f1b4884e48a4ed1207b3e7acf379ce0b8,6547d7a65c81c3696222eadd0a6b082f1b4884e48a4ed1207b3e7acf379ce0b8,copy_verbatim
Pro00121__PET_L20__head-side,topology_or_include,01_simulation/inputs/systems/HiC_L20_head/topology/topol.top,789425,1f5b64f4c215d9338cf8bfe8c11f2fd6f836bef89d689dd0b97b449f070571de,5c4894390d1f64f992b3c3ca1950f2438e66bb80cd7d2e1671d04cc60c084d68,include_paths_only;delivery_path_or_generated_comment_cleanup_see_portability_changes
Pro00121__PET_L20__tail-side,protein_input,01_simulation/inputs/systems/HiC_L20_tail/prepared/protein_docked_chainA.pdb,112504,003f7377348637f0318b137754dda3a31a463cd2f68e403f47656972c9ad765b,003f7377348637f0318b137754dda3a31a463cd2f68e403f47656972c9ad765b,copy_verbatim
Pro00121__PET_L20__tail-side,topology_or_include,01_simulation/inputs/systems/HiC_L20_tail/topology/P1.itp,128768,0cf4db3e50f7e7e38cbedc3529839c533c97d1b2259c71929de3e27996ef04fd,0cf4db3e50f7e7e38cbedc3529839c533c97d1b2259c71929de3e27996ef04fd,copy_verbatim
Pro00121__PET_L20__tail-side,topology_or_include,01_simulation/inputs/systems/HiC_L20_tail/topology/pet_ff_add.itp,585,81b21e49ebfa7a97a95df88345e480524bf84259613c115b2a464ce6716d4051,81b21e49ebfa7a97a95df88345e480524bf84259613c115b2a464ce6716d4051,copy_verbatim
Pro00121__PET_L20__tail-side,topology_or_include,01_simulation/inputs/systems/HiC_L20_tail/topology/posre.itp,44448,8102e660aa55d86b0e7cf74155a6693a30f245394af9f4f9554a8ef173d297ad,8102e660aa55d86b0e7cf74155a6693a30f245394af9f4f9554a8ef173d297ad,copy_verbatim
Pro00121__PET_L20__tail-side,topology_or_include,01_simulation/inputs/systems/HiC_L20_tail/topology/posre_pet_anchor.itp,5286,7ab874cbb781d1185f1a9d644e70631edf8ca69268fe6c7c5f91f271bcfc234d,7ab874cbb781d1185f1a9d644e70631edf8ca69268fe6c7c5f91f271bcfc234d,copy_verbatim
Pro00121__PET_L20__tail-side,topology_or_include,01_simulation/inputs/systems/HiC_L20_tail/topology/topol.top,789425,d4f8d83ef2ac4d5f376ebfa500fc344e446b6517633b937263a477f0fd2eebd5,26ea0dbeea9365166cbbaf0aabdd164de7b4cf7f8f66d4156cf087a06e7f4238,include_paths_only;delivery_path_or_generated_comment_cleanup_see_portability_changes
Pro00121__PET_L4__single,protein_input,01_simulation/inputs/systems/HiC_L4_single/prepared/protein_docked_chainA.pdb,112504,003f7377348637f0318b137754dda3a31a463cd2f68e403f47656972c9ad765b,003f7377348637f0318b137754dda3a31a463cd2f68e403f47656972c9ad765b,copy_verbatim
Pro00121__PET_L4__single,topology_or_include,01_simulation/inputs/systems/HiC_L4_single/topology/P1.itp,26656,c6303f6ffc3e8e92e06aa5c37831554900b6f070d66dac580c77fabbb3396b35,c6303f6ffc3e8e92e06aa5c37831554900b6f070d66dac580c77fabbb3396b35,copy_verbatim
Pro00121__PET_L4__single,topology_or_include,01_simulation/inputs/systems/HiC_L4_single/topology/pet_ff_add.itp,585,81b21e49ebfa7a97a95df88345e480524bf84259613c115b2a464ce6716d4051,81b21e49ebfa7a97a95df88345e480524bf84259613c115b2a464ce6716d4051,copy_verbatim
Pro00121__PET_L4__single,topology_or_include,01_simulation/inputs/systems/HiC_L4_single/topology/posre.itp,44448,8102e660aa55d86b0e7cf74155a6693a30f245394af9f4f9554a8ef173d297ad,8102e660aa55d86b0e7cf74155a6693a30f245394af9f4f9554a8ef173d297ad,copy_verbatim
Pro00121__PET_L4__single,topology_or_include,01_simulation/inputs/systems/HiC_L4_single/topology/topol.top,789369,eb9410817bc449cdcb40ba93c00d77a054b92333043d58950fb06b76810e522a,1e90dca049f5c02c16a55667dff54e168aaf8e414a57ad345b6908e7276b4455,include_paths_only;delivery_path_or_generated_comment_cleanup_see_portability_changes
Pro00137__PET_L10__bidirectional,protein_input,01_simulation/inputs/systems/PHL7_L10_bi/prepared/protein_docked_chainA.pdb,161642,03e952c37283b6e55f0b274c050f7551528e6a6d60384c75ef660a91dcde2495,03e952c37283b6e55f0b274c050f7551528e6a6d60384c75ef660a91dcde2495,copy_verbatim
Pro00137__PET_L10__bidirectional,topology_or_include,01_simulation/inputs/systems/PHL7_L10_bi/topology/P1.itp,64948,da3212bed6834f1f2f04777801c67cc94da6e3556dc3f82c60b2054b0b5a5094,da3212bed6834f1f2f04777801c67cc94da6e3556dc3f82c60b2054b0b5a5094,copy_verbatim
Pro00137__PET_L10__bidirectional,topology_or_include,01_simulation/inputs/systems/PHL7_L10_bi/topology/pet_ff_add.itp,585,81b21e49ebfa7a97a95df88345e480524bf84259613c115b2a464ce6716d4051,81b21e49ebfa7a97a95df88345e480524bf84259613c115b2a464ce6716d4051,copy_verbatim
Pro00137__PET_L10__bidirectional,topology_or_include,01_simulation/inputs/systems/PHL7_L10_bi/topology/posre.itp,63730,3290d20b72f118c839e297ed6a7f18d53a8d246a43a231c5b288b7e15d2e1830,3290d20b72f118c839e297ed6a7f18d53a8d246a43a231c5b288b7e15d2e1830,copy_verbatim
Pro00137__PET_L10__bidirectional,topology_or_include,01_simulation/inputs/systems/PHL7_L10_bi/topology/posre_pet_anchor.itp,5235,20a2a76fb5f48069d8027f76734acd44356c4c712a85b0f9d9d289de9632bd85,20a2a76fb5f48069d8027f76734acd44356c4c712a85b0f9d9d289de9632bd85,copy_verbatim
Pro00137__PET_L10__bidirectional,topology_or_include,01_simulation/inputs/systems/PHL7_L10_bi/topology/topol.top,1112502,900c070436ad4ff1769334fea8a1bf2c8e76b271aa7eb2ae90052faf4c797d19,8982d502ff54d47542a579e4cf4e562f0a13f8f3ab0d6221d2b2f9ce22890cb0,include_paths_only;delivery_path_or_generated_comment_cleanup_see_portability_changes
Pro00137__PET_L10__head-side,protein_input,01_simulation/inputs/systems/PHL7_L10_head/prepared/protein_docked_chainA.pdb,161642,03e952c37283b6e55f0b274c050f7551528e6a6d60384c75ef660a91dcde2495,03e952c37283b6e55f0b274c050f7551528e6a6d60384c75ef660a91dcde2495,copy_verbatim
Pro00137__PET_L10__head-side,topology_or_include,01_simulation/inputs/systems/PHL7_L10_head/topology/P1.itp,64948,da3212bed6834f1f2f04777801c67cc94da6e3556dc3f82c60b2054b0b5a5094,da3212bed6834f1f2f04777801c67cc94da6e3556dc3f82c60b2054b0b5a5094,copy_verbatim
Pro00137__PET_L10__head-side,topology_or_include,01_simulation/inputs/systems/PHL7_L10_head/topology/pet_ff_add.itp,585,81b21e49ebfa7a97a95df88345e480524bf84259613c115b2a464ce6716d4051,81b21e49ebfa7a97a95df88345e480524bf84259613c115b2a464ce6716d4051,copy_verbatim
Pro00137__PET_L10__head-side,topology_or_include,01_simulation/inputs/systems/PHL7_L10_head/topology/posre.itp,63730,3290d20b72f118c839e297ed6a7f18d53a8d246a43a231c5b288b7e15d2e1830,3290d20b72f118c839e297ed6a7f18d53a8d246a43a231c5b288b7e15d2e1830,copy_verbatim
Pro00137__PET_L10__head-side,topology_or_include,01_simulation/inputs/systems/PHL7_L10_head/topology/posre_pet_anchor.itp,5342,55b8681f3c9c222a3825667ae97c6ccd903da14d0f3b94f44d60807e28110898,55b8681f3c9c222a3825667ae97c6ccd903da14d0f3b94f44d60807e28110898,copy_verbatim
Pro00137__PET_L10__head-side,topology_or_include,01_simulation/inputs/systems/PHL7_L10_head/topology/topol.top,1112502,35b7c3c0c8a0b5548b74ba947490f723b55c075f022c9487f8e64077b72bb229,00df8d32bad50e932c650e7cb108b84cd5d0823d54b079af844eaa20a99d47a9,include_paths_only;delivery_path_or_generated_comment_cleanup_see_portability_changes
Pro00137__PET_L10__tail-side,protein_input,01_simulation/inputs/systems/PHL7_L10_tail/prepared/protein_docked_chainA.pdb,161642,03e952c37283b6e55f0b274c050f7551528e6a6d60384c75ef660a91dcde2495,03e952c37283b6e55f0b274c050f7551528e6a6d60384c75ef660a91dcde2495,copy_verbatim
Pro00137__PET_L10__tail-side,topology_or_include,01_simulation/inputs/systems/PHL7_L10_tail/topology/P1.itp,64948,da3212bed6834f1f2f04777801c67cc94da6e3556dc3f82c60b2054b0b5a5094,da3212bed6834f1f2f04777801c67cc94da6e3556dc3f82c60b2054b0b5a5094,copy_verbatim
Pro00137__PET_L10__tail-side,topology_or_include,01_simulation/inputs/systems/PHL7_L10_tail/topology/pet_ff_add.itp,585,81b21e49ebfa7a97a95df88345e480524bf84259613c115b2a464ce6716d4051,81b21e49ebfa7a97a95df88345e480524bf84259613c115b2a464ce6716d4051,copy_verbatim
Pro00137__PET_L10__tail-side,topology_or_include,01_simulation/inputs/systems/PHL7_L10_tail/topology/posre.itp,63730,3290d20b72f118c839e297ed6a7f18d53a8d246a43a231c5b288b7e15d2e1830,3290d20b72f118c839e297ed6a7f18d53a8d246a43a231c5b288b7e15d2e1830,copy_verbatim
Pro00137__PET_L10__tail-side,topology_or_include,01_simulation/inputs/systems/PHL7_L10_tail/topology/posre_pet_anchor.itp,5286,402bcffc356f8dd0429905b9790bae1b604eb5537384f83e63a75aa5b1344cc3,402bcffc356f8dd0429905b9790bae1b604eb5537384f83e63a75aa5b1344cc3,copy_verbatim
Pro00137__PET_L10__tail-side,topology_or_include,01_simulation/inputs/systems/PHL7_L10_tail/topology/topol.top,1112502,5ff2be648b637feffbca5241ae1150671394d5dddaf5711e24768c8a99eee423,68b11be7327ce0f466d1e06fd5923779de5342036a3db2dbabb077153ae75a68,include_paths_only;delivery_path_or_generated_comment_cleanup_see_portability_changes
Pro00137__PET_L20__bidirectional,protein_input,01_simulation/inputs/systems/PHL7_L20_bi/prepared/protein_docked_chainA.pdb,161642,03e952c37283b6e55f0b274c050f7551528e6a6d60384c75ef660a91dcde2495,03e952c37283b6e55f0b274c050f7551528e6a6d60384c75ef660a91dcde2495,copy_verbatim
Pro00137__PET_L20__bidirectional,topology_or_include,01_simulation/inputs/systems/PHL7_L20_bi/topology/P1.itp,128768,0cf4db3e50f7e7e38cbedc3529839c533c97d1b2259c71929de3e27996ef04fd,0cf4db3e50f7e7e38cbedc3529839c533c97d1b2259c71929de3e27996ef04fd,copy_verbatim
Pro00137__PET_L20__bidirectional,topology_or_include,01_simulation/inputs/systems/PHL7_L20_bi/topology/pet_ff_add.itp,585,81b21e49ebfa7a97a95df88345e480524bf84259613c115b2a464ce6716d4051,81b21e49ebfa7a97a95df88345e480524bf84259613c115b2a464ce6716d4051,copy_verbatim
Pro00137__PET_L20__bidirectional,topology_or_include,01_simulation/inputs/systems/PHL7_L20_bi/topology/posre.itp,63730,3290d20b72f118c839e297ed6a7f18d53a8d246a43a231c5b288b7e15d2e1830,3290d20b72f118c839e297ed6a7f18d53a8d246a43a231c5b288b7e15d2e1830,copy_verbatim
Pro00137__PET_L20__bidirectional,topology_or_include,01_simulation/inputs/systems/PHL7_L20_bi/topology/posre_pet_anchor.itp,5237,32310397e0a3f7e49dda3ad3835b544744b6c7ada35fb6417799201a89a465cd,32310397e0a3f7e49dda3ad3835b544744b6c7ada35fb6417799201a89a465cd,copy_verbatim
Pro00137__PET_L20__bidirectional,topology_or_include,01_simulation/inputs/systems/PHL7_L20_bi/topology/topol.top,1112503,ce038b77ea3d011f2a6c30c748d28e29101e72f98e3d66dfc9395cd34266bdcd,309710f6631184e0ff42821a32353b7601ba745a2c5d76501c01c1d166802d95,include_paths_only;delivery_path_or_generated_comment_cleanup_see_portability_changes
Pro00137__PET_L20__head-side,protein_input,01_simulation/inputs/systems/PHL7_L20_head/prepared/protein_docked_chainA.pdb,161642,03e952c37283b6e55f0b274c050f7551528e6a6d60384c75ef660a91dcde2495,03e952c37283b6e55f0b274c050f7551528e6a6d60384c75ef660a91dcde2495,copy_verbatim
Pro00137__PET_L20__head-side,topology_or_include,01_simulation/inputs/systems/PHL7_L20_head/topology/P1.itp,128768,0cf4db3e50f7e7e38cbedc3529839c533c97d1b2259c71929de3e27996ef04fd,0cf4db3e50f7e7e38cbedc3529839c533c97d1b2259c71929de3e27996ef04fd,copy_verbatim
Pro00137__PET_L20__head-side,topology_or_include,01_simulation/inputs/systems/PHL7_L20_head/topology/pet_ff_add.itp,585,81b21e49ebfa7a97a95df88345e480524bf84259613c115b2a464ce6716d4051,81b21e49ebfa7a97a95df88345e480524bf84259613c115b2a464ce6716d4051,copy_verbatim
Pro00137__PET_L20__head-side,topology_or_include,01_simulation/inputs/systems/PHL7_L20_head/topology/posre.itp,63730,3290d20b72f118c839e297ed6a7f18d53a8d246a43a231c5b288b7e15d2e1830,3290d20b72f118c839e297ed6a7f18d53a8d246a43a231c5b288b7e15d2e1830,copy_verbatim
Pro00137__PET_L20__head-side,topology_or_include,01_simulation/inputs/systems/PHL7_L20_head/topology/posre_pet_anchor.itp,5343,39d898d1b07b93503e89e64f884685e7770fa0c62d1706916ab8d175e5eb36e5,39d898d1b07b93503e89e64f884685e7770fa0c62d1706916ab8d175e5eb36e5,copy_verbatim
Pro00137__PET_L20__head-side,topology_or_include,01_simulation/inputs/systems/PHL7_L20_head/topology/topol.top,1112503,4d86ae9c6a9879f284014a9f880c9345a200dcbb96a83146d7c9c3bcc4f08ada,819f39db994ec32e6626ad064cf9dbafc1884fe844ac7efbd2a041237f07bd2c,include_paths_only;delivery_path_or_generated_comment_cleanup_see_portability_changes
Pro00137__PET_L20__tail-side,protein_input,01_simulation/inputs/systems/PHL7_L20_tail/prepared/protein_docked_chainA.pdb,161642,03e952c37283b6e55f0b274c050f7551528e6a6d60384c75ef660a91dcde2495,03e952c37283b6e55f0b274c050f7551528e6a6d60384c75ef660a91dcde2495,copy_verbatim
Pro00137__PET_L20__tail-side,topology_or_include,01_simulation/inputs/systems/PHL7_L20_tail/topology/P1.itp,128768,0cf4db3e50f7e7e38cbedc3529839c533c97d1b2259c71929de3e27996ef04fd,0cf4db3e50f7e7e38cbedc3529839c533c97d1b2259c71929de3e27996ef04fd,copy_verbatim
Pro00137__PET_L20__tail-side,topology_or_include,01_simulation/inputs/systems/PHL7_L20_tail/topology/pet_ff_add.itp,585,81b21e49ebfa7a97a95df88345e480524bf84259613c115b2a464ce6716d4051,81b21e49ebfa7a97a95df88345e480524bf84259613c115b2a464ce6716d4051,copy_verbatim
Pro00137__PET_L20__tail-side,topology_or_include,01_simulation/inputs/systems/PHL7_L20_tail/topology/posre.itp,63730,3290d20b72f118c839e297ed6a7f18d53a8d246a43a231c5b288b7e15d2e1830,3290d20b72f118c839e297ed6a7f18d53a8d246a43a231c5b288b7e15d2e1830,copy_verbatim
Pro00137__PET_L20__tail-side,topology_or_include,01_simulation/inputs/systems/PHL7_L20_tail/topology/posre_pet_anchor.itp,5286,21934c2766dce75ab7a90303cab189e046b1d7523493269d52567b36cb446425,21934c2766dce75ab7a90303cab189e046b1d7523493269d52567b36cb446425,copy_verbatim
Pro00137__PET_L20__tail-side,topology_or_include,01_simulation/inputs/systems/PHL7_L20_tail/topology/topol.top,1112503,5e515caaec55e1304f8009a8f9849a9c98d950eed08447cb90198b0b62015e72,c057a28cc4509f82691c1a8fe275e87f74193a454c6be7469ca390b28761328c,include_paths_only;delivery_path_or_generated_comment_cleanup_see_portability_changes
Pro00137__PET_L4__single,protein_input,01_simulation/inputs/systems/PHL7_L4_single/prepared/protein_docked_chainA.pdb,161642,03e952c37283b6e55f0b274c050f7551528e6a6d60384c75ef660a91dcde2495,03e952c37283b6e55f0b274c050f7551528e6a6d60384c75ef660a91dcde2495,copy_verbatim
Pro00137__PET_L4__single,topology_or_include,01_simulation/inputs/systems/PHL7_L4_single/topology/P1.itp,26656,c6303f6ffc3e8e92e06aa5c37831554900b6f070d66dac580c77fabbb3396b35,c6303f6ffc3e8e92e06aa5c37831554900b6f070d66dac580c77fabbb3396b35,copy_verbatim
Pro00137__PET_L4__single,topology_or_include,01_simulation/inputs/systems/PHL7_L4_single/topology/pet_ff_add.itp,585,81b21e49ebfa7a97a95df88345e480524bf84259613c115b2a464ce6716d4051,81b21e49ebfa7a97a95df88345e480524bf84259613c115b2a464ce6716d4051,copy_verbatim
Pro00137__PET_L4__single,topology_or_include,01_simulation/inputs/systems/PHL7_L4_single/topology/posre.itp,63730,3290d20b72f118c839e297ed6a7f18d53a8d246a43a231c5b288b7e15d2e1830,3290d20b72f118c839e297ed6a7f18d53a8d246a43a231c5b288b7e15d2e1830,copy_verbatim
Pro00137__PET_L4__single,topology_or_include,01_simulation/inputs/systems/PHL7_L4_single/topology/topol.top,1112447,694e6f96aebea0c477b4ed5893db6b3869d08db7698933f73da18d7999338a33,434172dcad890fd42d006a70affc2dee6f260f52731a7c553ecbee970eb8f459,include_paths_only;delivery_path_or_generated_comment_cleanup_see_portability_changes
Pro00057__PET_L4__single,topology_or_include,01_simulation/inputs/forcefield/charmm36_jul2021/cmap.itp,169888,73a4704f1763d0bf371195e63639256b10d24820b46f2830bcedec8a471f43ed,73a4704f1763d0bf371195e63639256b10d24820b46f2830bcedec8a471f43ed,copy_verbatim
Pro00057__PET_L4__single,topology_or_include,01_simulation/inputs/forcefield/charmm36_jul2021/ffbonded.itp,2500679,a13a12e0507a808a9e30d2f357f3f1983c2b9923b1ae040074a59a01b576e8a7,a13a12e0507a808a9e30d2f357f3f1983c2b9923b1ae040074a59a01b576e8a7,include_paths_only
Pro00057__PET_L4__single,topology_or_include,01_simulation/inputs/forcefield/charmm36_jul2021/ffmissingdihedrals.itp,1023,59d3bc8e90b6878dffbd42682f830e6a378641d3f9724555d830cdac478935eb,59d3bc8e90b6878dffbd42682f830e6a378641d3f9724555d830cdac478935eb,copy_verbatim
Pro00057__PET_L4__single,topology_or_include,01_simulation/inputs/forcefield/charmm36_jul2021/ffnonbonded.itp,2687425,55b5368c8abfc3725324309c20bd6aaf4476fc1e8878468d7c7eede823c78142,55b5368c8abfc3725324309c20bd6aaf4476fc1e8878468d7c7eede823c78142,copy_verbatim
Pro00057__PET_L4__single,topology_or_include,01_simulation/inputs/forcefield/charmm36_jul2021/forcefield.itp,993,27ac357ff91c40bddf5bab5aa63017072ab998779283c0c38e3126620aef3641,27ac357ff91c40bddf5bab5aa63017072ab998779283c0c38e3126620aef3641,include_paths_only
Pro00057__PET_L4__single,topology_or_include,01_simulation/inputs/forcefield/charmm36_jul2021/ions.itp,17984,b5fda5a800beee3ececc08977a5ed411533b8d451575b40115a516ba29cf729b,b5fda5a800beee3ececc08977a5ed411533b8d451575b40115a516ba29cf729b,copy_verbatim
Pro00057__PET_L4__single,topology_or_include,01_simulation/inputs/forcefield/charmm36_jul2021/nbfix.itp,16721,753ca5dcbb9dc8521004af28d2d294a58714c99f3670f3511244fb644029e651,753ca5dcbb9dc8521004af28d2d294a58714c99f3670f3511244fb644029e651,copy_verbatim
Pro00057__PET_L4__single,topology_or_include,01_simulation/inputs/forcefield/charmm36_jul2021/tip3p.itp,553,03edae6a67887742ecc52f48098508c0d86e2f268d2ad5115282eea595d4bf9d,03edae6a67887742ecc52f48098508c0d86e2f268d2ad5115282eea595d4bf9d,copy_verbatim
Pro00057__PET_L10__bidirectional,chain_relax_EM_mdp,01_simulation/inputs/preparation/TfCut1_L10_bi/chain_relax/EM.mdp,10543,ac2860c9da392cead1ec16d1adc2a06eb792f5dd4d9d9bea4cbada6b4c57e2c4,79c282b1cdc6ab6f7481410f68338293c9f7a69ffacffe424bb439d4459028ea,non_scientific_header_only;delivery_path_or_generated_comment_cleanup_see_portability_changes
Pro00057__PET_L10__bidirectional,chain_relax_NPT_mdp,01_simulation/inputs/preparation/TfCut1_L10_bi/chain_relax/NPT.mdp,10620,6cd6a4dc8cb1736b897bff9aa4d15336c878a4f0c362d632339ccf4a6075881b,e8258a4cfcced850c22e531be8c6888a588c4198d954018ab627d936a07499de,non_scientific_header_only;delivery_path_or_generated_comment_cleanup_see_portability_changes
Pro00057__PET_L10__bidirectional,chain_relax_NVT_mdp,01_simulation/inputs/preparation/TfCut1_L10_bi/chain_relax/NVT.mdp,10597,189ee6f2c63ebfb596c812aa2aaeeadac6e9b79accc755446a1137aa4762bacf,423dceabd1ae6813831f3106b7a5c687512f12c47272cb2efff235e87eebfc24,non_scientific_header_only;delivery_path_or_generated_comment_cleanup_see_portability_changes
Pro00057__PET_L10__head-side,chain_relax_EM_mdp,01_simulation/inputs/preparation/TfCut1_L10_head/chain_relax/EM.mdp,10543,53c7423743ae2a9134f71763049c37616257b208abe70610df5d783036cfc063,9863fb21744533fbf5865004b978531263379c36e7f1b46a931a865082faa95c,non_scientific_header_only;delivery_path_or_generated_comment_cleanup_see_portability_changes
Pro00057__PET_L10__head-side,chain_relax_NPT_mdp,01_simulation/inputs/preparation/TfCut1_L10_head/chain_relax/NPT.mdp,10619,eb24c647d4872f2a5fb0f69805cf5abce6b9590c72ac2a214e52aa4aad6cad1c,f23f6f98ad437d6c8577441db2c2ad2da3a6f57d95c25e324012f30762047aa8,non_scientific_header_only;delivery_path_or_generated_comment_cleanup_see_portability_changes
Pro00057__PET_L10__head-side,chain_relax_NVT_mdp,01_simulation/inputs/preparation/TfCut1_L10_head/chain_relax/NVT.mdp,10601,441626b347a0ba98a5b0d241a4a279c75ed41f4add8c2545ca1e3d7f6fe42ca3,664e5bfe4edaff19758e3561222287db02b33dd29fc22b08585481ef0f2f1a96,non_scientific_header_only;delivery_path_or_generated_comment_cleanup_see_portability_changes
Pro00057__PET_L10__tail-side,chain_relax_EM_mdp,01_simulation/inputs/preparation/TfCut1_L10_tail/chain_relax/EM.mdp,10543,27202460577f6920f4273a4c9150ac6609cd6b70ee1c56f8f9b4ff0a7b697230,c13ef7159e0736bb0a7d7103a0c3f1a722d2fd26ccb5e197c0474513fdc7e548,non_scientific_header_only;delivery_path_or_generated_comment_cleanup_see_portability_changes
Pro00057__PET_L10__tail-side,chain_relax_NPT_mdp,01_simulation/inputs/preparation/TfCut1_L10_tail/chain_relax/NPT.mdp,10620,4888e1a968da975c96eeecc59ed4a0fefc525834c876027315b5649d3236b93c,ad306f1c1f8ad32865ab89c216f92c72dee2d36d3fa68129c62cbac4346a72e5,non_scientific_header_only;delivery_path_or_generated_comment_cleanup_see_portability_changes
Pro00057__PET_L10__tail-side,chain_relax_NVT_mdp,01_simulation/inputs/preparation/TfCut1_L10_tail/chain_relax/NVT.mdp,10601,7b01108e29cf6a8bb0701845225fa595931b1acc24cb6f1aaddd253697d89590,96dc85ea0af77220e6151c9a343a37664d0d76b58312d60bdeac1691c489d62b,non_scientific_header_only;delivery_path_or_generated_comment_cleanup_see_portability_changes
Pro00057__PET_L20__bidirectional,chain_relax_EM_mdp,01_simulation/inputs/preparation/TfCut1_L20_bi/chain_relax/EM.mdp,10543,6ae2c35635d1f100897572ea490c8d3b13e25c627cbe4fa2ba2837c1e99f2b51,a4b4765f0f62e024048cd06e092e2aa723dbd229c7bada4ec52fcec2805bfdb2,non_scientific_header_only;delivery_path_or_generated_comment_cleanup_see_portability_changes
Pro00057__PET_L20__bidirectional,chain_relax_NPT_mdp,01_simulation/inputs/preparation/TfCut1_L20_bi/chain_relax/NPT.mdp,10619,36a2502c14b2452b1346da0ea7f2377901c92aa49cb52c0491270fdc631a2cad,7a2b3e72e3be3a1463a2b7da7a9a49590c3c5342494f935f277de45acab46f8d,non_scientific_header_only;delivery_path_or_generated_comment_cleanup_see_portability_changes
Pro00057__PET_L20__bidirectional,chain_relax_NVT_mdp,01_simulation/inputs/preparation/TfCut1_L20_bi/chain_relax/NVT.mdp,10599,7f8f494f587d52372ce5b47cae5322d1c497d29a18eb557e189e10a1a394e18a,e0becd496968244c418b6449b26c860c3ac9a339f299dc675769ebeb922c24dd,non_scientific_header_only;delivery_path_or_generated_comment_cleanup_see_portability_changes
Pro00057__PET_L20__head-side,chain_relax_EM_mdp,01_simulation/inputs/preparation/TfCut1_L20_head/chain_relax/EM.mdp,10544,7b4de8f45fce7aafd7cdba23f6a4000b66d3a3b8bfc05b29961ec6032b9102e4,a4d3bab1c84da7c9449d87411297c9f7e83b760e2229d69521b2cd6ad7606704,non_scientific_header_only;delivery_path_or_generated_comment_cleanup_see_portability_changes
Pro00057__PET_L20__head-side,chain_relax_NPT_mdp,01_simulation/inputs/preparation/TfCut1_L20_head/chain_relax/NPT.mdp,10618,0c5faf62e499a6d0342f00b09d6185b4d454d69da99f03c3722d87a79c1dc0d4,0295e1b69186594be694e55877cc32a8b4f9d50dbfa808e1c55cfbacd054949f,non_scientific_header_only;delivery_path_or_generated_comment_cleanup_see_portability_changes
Pro00057__PET_L20__head-side,chain_relax_NVT_mdp,01_simulation/inputs/preparation/TfCut1_L20_head/chain_relax/NVT.mdp,10600,07355cf67553bea96f5fbe80425781ee3bb166876fa6f3e1ff03af62253c402e,8ade32653cc6ee0ce4975bad5c29d664c2c002cf3f11ca811e6f148aa8ce93b9,non_scientific_header_only;delivery_path_or_generated_comment_cleanup_see_portability_changes
Pro00057__PET_L20__tail-side,chain_relax_EM_mdp,01_simulation/inputs/preparation/TfCut1_L20_tail/chain_relax/EM.mdp,10543,c86531b9a0e7a48af2fce0fd7fbb10900d6e4faa31eb45662141f038f187edb1,1b625d68c3660ff8672394f65c45ba1f3716ec68208a28a0e53a2b71a37baed4,non_scientific_header_only;delivery_path_or_generated_comment_cleanup_see_portability_changes
Pro00057__PET_L20__tail-side,chain_relax_NPT_mdp,01_simulation/inputs/preparation/TfCut1_L20_tail/chain_relax/NPT.mdp,10620,03049b01ce425f322e6480df2929d2dc8bc77a054f9d091b631ed3df6db6e4da,a46b1115320c803e3ba6e22b3277bff3c73759dbd0c92498c91dc0601cadfea4,non_scientific_header_only;delivery_path_or_generated_comment_cleanup_see_portability_changes
Pro00057__PET_L20__tail-side,chain_relax_NVT_mdp,01_simulation/inputs/preparation/TfCut1_L20_tail/chain_relax/NVT.mdp,10601,4a1bdf17d7fa8cc4e536591a1223478244c1a5650510ddf7cf2039ed26142c73,7599b1949917f9ea6f59a94280b90618c01e365d5513c3a8925d2c097ffeda14,non_scientific_header_only;delivery_path_or_generated_comment_cleanup_see_portability_changes
Pro00057__PET_L4__single,L4_minimization_EM_mdp,01_simulation/inputs/preparation/TfCut1_L4_single/L4_minimization/EM.mdp,10542,9017245e1680fc18e0882fc985635c15ca602f3465231057f3e23a721e069b2a,ecec04b81dbf3c4594c9f90a347d5770914f18feb37fa5ac082271a34c40f207,non_scientific_header_only;delivery_path_or_generated_comment_cleanup_see_portability_changes
Pro00062__PET_L10__bidirectional,chain_relax_EM_mdp,01_simulation/inputs/preparation/LCC_L10_bi/chain_relax/EM.mdp,10543,417d1098a98ba74ef89390c2d7830f7374f0d87efb20c159bd53b8d22e1747bd,dfcabc2f6a532f1106d397da8c8c89f653997962010241f495988141977f317f,non_scientific_header_only;delivery_path_or_generated_comment_cleanup_see_portability_changes
Pro00062__PET_L10__bidirectional,chain_relax_NPT_mdp,01_simulation/inputs/preparation/LCC_L10_bi/chain_relax/NPT.mdp,10620,ee30ea2294e775333b54448f084280859e7ed1d2d7ea74d12e7fce80808e2494,f0a619e0eacef1548594a40367baf45b7a69814291c53dde41cd5cd6da15ccad,non_scientific_header_only;delivery_path_or_generated_comment_cleanup_see_portability_changes
Pro00062__PET_L10__bidirectional,chain_relax_NVT_mdp,01_simulation/inputs/preparation/LCC_L10_bi/chain_relax/NVT.mdp,10601,123f00362f7b15a71ef206501551345bfa436b467022f10bc8e6907ec44b7849,bf093e5d7527cfc8758bfd8b5b7eed7cdaca87e792d4c2cdc65c4e48768237cb,non_scientific_header_only;delivery_path_or_generated_comment_cleanup_see_portability_changes
Pro00062__PET_L10__head-side,chain_relax_EM_mdp,01_simulation/inputs/preparation/LCC_L10_head/chain_relax/EM.mdp,10543,d67dcb67b954e4479492b3f135857137ec2fbaae75ab65f870117dc9ea27d072,4488d19795052ece67d7161dbc0b215cc8a121c865873ee152c099b6d9942a61,non_scientific_header_only;delivery_path_or_generated_comment_cleanup_see_portability_changes
Pro00062__PET_L10__head-side,chain_relax_NPT_mdp,01_simulation/inputs/preparation/LCC_L10_head/chain_relax/NPT.mdp,10621,90b3eccaf7aa8fd39a7f8d53e1a0b12bccf61f4bf357d94fd8107984d0d85989,e2a9bb0940a4f6fe699cfe1c1757a64a866a9bc2948870184532801df1182161,non_scientific_header_only;delivery_path_or_generated_comment_cleanup_see_portability_changes
Pro00062__PET_L10__head-side,chain_relax_NVT_mdp,01_simulation/inputs/preparation/LCC_L10_head/chain_relax/NVT.mdp,10601,e06b43b98fe5b83a1a0b4bea4eefabf58d13cd3f1729440acda6b316775a164c,a15b329b50f9757c421c0544ed05b37e9bf30aae2a5ccd8ecd89d328c321da38,non_scientific_header_only;delivery_path_or_generated_comment_cleanup_see_portability_changes
Pro00062__PET_L10__tail-side,chain_relax_EM_mdp,01_simulation/inputs/preparation/LCC_L10_tail/chain_relax/EM.mdp,10544,5507144cfa849c351eacc3ad85329fc10cc7fcc74706dbb7811bc17f1c02cf6f,86d921c7e74123617d179a7d4bdad35848c640fbbb879e778fd5d54e078f9982,non_scientific_header_only;delivery_path_or_generated_comment_cleanup_see_portability_changes
Pro00062__PET_L10__tail-side,chain_relax_NPT_mdp,01_simulation/inputs/preparation/LCC_L10_tail/chain_relax/NPT.mdp,10620,d7585cce1012d2c2d6e68d135cdfec7b014e5b7a119756a0784d85199f905c48,87e072f3892254dca953ca749e7738a627a1a6aec35a4cf9667cdf6167c3e2d3,non_scientific_header_only;delivery_path_or_generated_comment_cleanup_see_portability_changes
Pro00062__PET_L10__tail-side,chain_relax_NVT_mdp,01_simulation/inputs/preparation/LCC_L10_tail/chain_relax/NVT.mdp,10601,305483301ece90b15cc7554da188ebd0ed36134457603ee7cf03a3deecba5503,5ab5986cb1618cccc8b583ae43a5d7505bcd0c1a03ccbe7cedc43e96105993e6,non_scientific_header_only;delivery_path_or_generated_comment_cleanup_see_portability_changes
Pro00062__PET_L20__bidirectional,chain_relax_EM_mdp,01_simulation/inputs/preparation/LCC_L20_bi/chain_relax/EM.mdp,10543,b76973e69949f3590619a14b2a1ac5d3aca1d9492aa6df34c573e43c2a70b017,8895159363d8d0401e31df002955d35eb5d32d76f659affce3cf2e6d536c1dc6,non_scientific_header_only;delivery_path_or_generated_comment_cleanup_see_portability_changes
Pro00062__PET_L20__bidirectional,chain_relax_NPT_mdp,01_simulation/inputs/preparation/LCC_L20_bi/chain_relax/NPT.mdp,10618,230b666ed6a8e70358eae5f6033b997dd7152f2ad2a4c20a89ba42fcccd0c5bb,15c0a67b4b039b1df2eb543458b579e0d9fae773f5c235cc3f072ea5426d0fa2,non_scientific_header_only;delivery_path_or_generated_comment_cleanup_see_portability_changes
Pro00062__PET_L20__bidirectional,chain_relax_NVT_mdp,01_simulation/inputs/preparation/LCC_L20_bi/chain_relax/NVT.mdp,10599,867cffade8c2ca4a4674e290eacad93a03a397695a9aac4cca9beef34fffd12e,88717cb97c59acfbcf1ef1d5bba561999036a13eaa2a3d6f250148706c436cd5,non_scientific_header_only;delivery_path_or_generated_comment_cleanup_see_portability_changes
Pro00062__PET_L20__head-side,chain_relax_EM_mdp,01_simulation/inputs/preparation/LCC_L20_head/chain_relax/EM.mdp,10541,7d99656c6dd3ebc76312ee9c512eedc1f88366e54529d1454713603f5c01b21d,0d0efa8513fed348e21c4f0ed612677186973ea560ee597e86a981c4bef94ea9,non_scientific_header_only;delivery_path_or_generated_comment_cleanup_see_portability_changes
Pro00062__PET_L20__head-side,chain_relax_NPT_mdp,01_simulation/inputs/preparation/LCC_L20_head/chain_relax/NPT.mdp,10619,6859fc2bb833d6c580670654624bbfff3ff903a9e62ef26ebc79a880746068e7,aa9e32721da428d2a58051860bab04a17283129a6a5b05913ebdbc5ba28444b3,non_scientific_header_only;delivery_path_or_generated_comment_cleanup_see_portability_changes
Pro00062__PET_L20__head-side,chain_relax_NVT_mdp,01_simulation/inputs/preparation/LCC_L20_head/chain_relax/NVT.mdp,10601,71b89e92fd5b04e0be958a305d2b2a709ef025f1a070d840b8b41baffc63fbbc,644a82c1d331c33a0a66ba44cd5b9f0691ff9da6867dab1ff9ac3cd6f2862964,non_scientific_header_only;delivery_path_or_generated_comment_cleanup_see_portability_changes
Pro00062__PET_L20__tail-side,chain_relax_EM_mdp,01_simulation/inputs/preparation/LCC_L20_tail/chain_relax/EM.mdp,10540,b5b51e5c81a3bf554c2bdbd2de407ec67d0c7fb2daca91f8ee0ac92678d5e8bf,a3eb6a0e102a2d78f6aa08f311ff9d1628516ade5266fb7e6166e5370cb2e48a,non_scientific_header_only;delivery_path_or_generated_comment_cleanup_see_portability_changes
Pro00062__PET_L20__tail-side,chain_relax_NPT_mdp,01_simulation/inputs/preparation/LCC_L20_tail/chain_relax/NPT.mdp,10619,99a8f53711d5df92576a34243c152bced923db789b552f8498c9efc62f9f926a,b485f0cc8a0642128e5fb2a0557cd694846ab51f5d75f3f38ebef34c63cc44b4,non_scientific_header_only;delivery_path_or_generated_comment_cleanup_see_portability_changes
Pro00062__PET_L20__tail-side,chain_relax_NVT_mdp,01_simulation/inputs/preparation/LCC_L20_tail/chain_relax/NVT.mdp,10601,06bc00453bc94a01020b359ed92eacbaae2a9da4dc4bdc40e2efbe2d8f20bd04,37f8fed7f83ee6e41f62e76f3482d9f88765d42ed8e9fde73ca1100fa3316ed0,non_scientific_header_only;delivery_path_or_generated_comment_cleanup_see_portability_changes
Pro00062__PET_L4__single__r1,L4_minimization_EM_mdp,01_simulation/inputs/preparation/LCC_L4_single/rep01/L4_minimization/EM.mdp,10543,82afe1523a62922d77c0bfb6f41b0c686d3233a10704d056b29f4093e8febfe2,19dbbc31c93ebcc532cb9e829bb1e2fd825dc795a9e81996375954ab6757a85d,non_scientific_header_only;delivery_path_or_generated_comment_cleanup_see_portability_changes
Pro00062__PET_L4__single__r2,L4_minimization_EM_mdp,01_simulation/inputs/preparation/LCC_L4_single/rep02/L4_minimization/EM.mdp,10543,89e1a14d049861dcc097a55c7038de09a5debeb00ed97b0ad3513ad28620fcc0,cc5836c8f44f8737e0e1c602c8aa514cfcf9b05b05abc6f11812627cc30e41e6,non_scientific_header_only;delivery_path_or_generated_comment_cleanup_see_portability_changes
Pro00062__PET_L4__single__r3,L4_minimization_EM_mdp,01_simulation/inputs/preparation/LCC_L4_single/rep03/L4_minimization/EM.mdp,10542,81d9fdb3c8a77b1fb05fa173d21280c4ccb6edf59a30be53d3edaeefba4ba427,78a4823cb47168aeffc0909bc7c2a6405803bb386aa9f9990ea9723c5653ae66,non_scientific_header_only;delivery_path_or_generated_comment_cleanup_see_portability_changes
Pro00075__PET_L10__bidirectional,chain_relax_EM_mdp,01_simulation/inputs/preparation/FoCut5a_L10_bi/chain_relax/EM.mdp,10543,43e7b981e1ab5f66e9bc0e9c5f68994202fb3702b599cff886aef49a0aea343c,f7ca12292d9385db29d43c3b44ba96c5621b72f3cfaf3b06e1f3edb3a634cee6,non_scientific_header_only;delivery_path_or_generated_comment_cleanup_see_portability_changes
Pro00075__PET_L10__bidirectional,chain_relax_NPT_mdp,01_simulation/inputs/preparation/FoCut5a_L10_bi/chain_relax/NPT.mdp,10620,bc440c67b16d79d055dd36f436549bfa8cbcf0d4c54268b5db0e57c2a5c9a29b,69f64c0a175b72a212570d38191b694f558813d78e6aee4e4bfa9f14321ec3b5,non_scientific_header_only;delivery_path_or_generated_comment_cleanup_see_portability_changes
Pro00075__PET_L10__bidirectional,chain_relax_NVT_mdp,01_simulation/inputs/preparation/FoCut5a_L10_bi/chain_relax/NVT.mdp,10601,fa446b82d07aca659d2312d7cf5b18c8ab3226a0efe72e33d3ebe356d0d667d5,a71af6a9510142169f564f4bd25fe1aefff966f259582714b6db99a480a0c569,non_scientific_header_only;delivery_path_or_generated_comment_cleanup_see_portability_changes
Pro00075__PET_L10__head-side,chain_relax_EM_mdp,01_simulation/inputs/preparation/FoCut5a_L10_head/chain_relax/EM.mdp,10540,037756c6cb03b8d92d778fb7739f281f3fca4589a550b8076dea47603333b5b4,427689e89990b5215a3ecf0c7c191002d8520e45fea7c92a7cba673a695363d6,non_scientific_header_only;delivery_path_or_generated_comment_cleanup_see_portability_changes
Pro00075__PET_L10__head-side,chain_relax_NPT_mdp,01_simulation/inputs/preparation/FoCut5a_L10_head/chain_relax/NPT.mdp,10620,8d6892aca445d63af35f5c8a964838b0ad77092c8639878f36ed63aa4882ef05,42891ce05f1a5b95aafab0ea66fc3bd34da5e6b5380d6cc3200f9332f2902a5e,non_scientific_header_only;delivery_path_or_generated_comment_cleanup_see_portability_changes
Pro00075__PET_L10__head-side,chain_relax_NVT_mdp,01_simulation/inputs/preparation/FoCut5a_L10_head/chain_relax/NVT.mdp,10602,f04779c47766f64cf4c170781ab836838ad374325d6d19902c966ed83ea72b87,ccad6b6ce6cfe99ccbb18ae4ff8737b35078fbc0599556113e2830e9ee9c05f7,non_scientific_header_only;delivery_path_or_generated_comment_cleanup_see_portability_changes
Pro00075__PET_L10__tail-side,chain_relax_EM_mdp,01_simulation/inputs/preparation/FoCut5a_L10_tail/chain_relax/EM.mdp,10543,bb0758d5c11ad80b8a09025f6ce899147ae99b5db19f421f355d3a2516508950,7a3c35acbe8fcf88a684892175d6e76864cab4e1ba97d05098fbee7e23e4f0b6,non_scientific_header_only;delivery_path_or_generated_comment_cleanup_see_portability_changes
Pro00075__PET_L10__tail-side,chain_relax_NPT_mdp,01_simulation/inputs/preparation/FoCut5a_L10_tail/chain_relax/NPT.mdp,10621,fdcb78993008150bcfd143ff805674bafc49bb605ac2094e6ec198779c0f11af,32632dc48b31fec47f5c79d140ce4593d99792667a8e8e7d173f969501022883,non_scientific_header_only;delivery_path_or_generated_comment_cleanup_see_portability_changes
Pro00075__PET_L10__tail-side,chain_relax_NVT_mdp,01_simulation/inputs/preparation/FoCut5a_L10_tail/chain_relax/NVT.mdp,10600,f1034bea4c1c9049e38da9c658f3dc70df4c209879be9032b5be8d2c0fd51532,8bd4b18d3394733dc975c262930f350c8238a7789c4a337d6ce819d398838ed5,non_scientific_header_only;delivery_path_or_generated_comment_cleanup_see_portability_changes
Pro00075__PET_L20__bidirectional,chain_relax_EM_mdp,01_simulation/inputs/preparation/FoCut5a_L20_bi/chain_relax/EM.mdp,10542,020179cf127753c27bfcbdc57e1200bedabf42394388f630039d219e0d8bc8d3,d8eee38368de776789e068724241c719a09d1dc3bd17f1f5d5f2025885dee551,non_scientific_header_only;delivery_path_or_generated_comment_cleanup_see_portability_changes
Pro00075__PET_L20__bidirectional,chain_relax_NPT_mdp,01_simulation/inputs/preparation/FoCut5a_L20_bi/chain_relax/NPT.mdp,10618,64495af8927ab2906e22d5c0091a3ff547a595309b4c3ca0c59e3169992c2f27,dabb64da826d343de3c472d1032a5f4aab96f68fb2d7d30aa798457119113a5e,non_scientific_header_only;delivery_path_or_generated_comment_cleanup_see_portability_changes
Pro00075__PET_L20__bidirectional,chain_relax_NVT_mdp,01_simulation/inputs/preparation/FoCut5a_L20_bi/chain_relax/NVT.mdp,10601,7c30f6ccd09ca8c97443165f5176a2cd8b057f3203f8091ea231a9f50417a8b0,daf4494f66f26029321f23f38b0ab578e629d30b537205837034356dec7240f6,non_scientific_header_only;delivery_path_or_generated_comment_cleanup_see_portability_changes
Pro00075__PET_L20__head-side,chain_relax_EM_mdp,01_simulation/inputs/preparation/FoCut5a_L20_head/chain_relax/EM.mdp,10541,f4363c40ecc1fbbc3d659cb145994201a3b5c2d36e1fb229b758edad4e027e59,dda7da34de5e628e0bb143351740808857a386d7d15f53120fc4e332d3f740e2,non_scientific_header_only;delivery_path_or_generated_comment_cleanup_see_portability_changes
Pro00075__PET_L20__head-side,chain_relax_NPT_mdp,01_simulation/inputs/preparation/FoCut5a_L20_head/chain_relax/NPT.mdp,10620,6e0e21ee874e67c69454b32de8db314cb087b95b3e899709c523d60440a71a9f,d6bb86510ce791c01ed311f175ab8f7741506e5ce4288a5515922b75f617a3b8,non_scientific_header_only;delivery_path_or_generated_comment_cleanup_see_portability_changes
Pro00075__PET_L20__head-side,chain_relax_NVT_mdp,01_simulation/inputs/preparation/FoCut5a_L20_head/chain_relax/NVT.mdp,10601,de0f40b82ab7e109ddf483edbf229057c3fe022e4960ffb9fb257aa500dd206e,2076342c755edf6bdf8081a49307a54ef1a40ea459ce1bc9315887c08f905329,non_scientific_header_only;delivery_path_or_generated_comment_cleanup_see_portability_changes
Pro00075__PET_L20__tail-side,chain_relax_EM_mdp,01_simulation/inputs/preparation/FoCut5a_L20_tail/chain_relax/EM.mdp,10543,adbb0c8f25b0f0a5b66e2d296226e2afa26e358c53266a4f14171a36b3dde328,0891c0a641a670d3a4a56b29d8273dd6d280822e71bb763d822688e2a4136f92,non_scientific_header_only;delivery_path_or_generated_comment_cleanup_see_portability_changes
Pro00075__PET_L20__tail-side,chain_relax_NPT_mdp,01_simulation/inputs/preparation/FoCut5a_L20_tail/chain_relax/NPT.mdp,10620,9d59879177355f2c2ebf5a8f69dc13f7741a1cc0e2f4e6d32926273a175363ec,f171a9789ed1adfe1f212a50afe40ce2ea74513ab912e47e39a0cf59893242d4,non_scientific_header_only;delivery_path_or_generated_comment_cleanup_see_portability_changes
Pro00075__PET_L20__tail-side,chain_relax_NVT_mdp,01_simulation/inputs/preparation/FoCut5a_L20_tail/chain_relax/NVT.mdp,10602,43ab0227a6797e9078ed4374f846d5845542ebcabbaac2a233f40b3a56d22f81,4a33554d08860113dca5e5597b813f592267394313a5027a4d79106613d8ccac,non_scientific_header_only;delivery_path_or_generated_comment_cleanup_see_portability_changes
Pro00075__PET_L4__single__r1,L4_minimization_EM_mdp,01_simulation/inputs/preparation/FoCut5a_L4_single/rep01/L4_minimization/EM.mdp,10543,7fa958582a526540aa0346e29937297f1783e7cf74cb4ee6af7d1fea3ba5eb14,1763611711c75f17d0e7a5530983e8ff4f2bd9e84278ef4c23e17e75a9f362a5,non_scientific_header_only;delivery_path_or_generated_comment_cleanup_see_portability_changes
Pro00075__PET_L4__single__r2,L4_minimization_EM_mdp,01_simulation/inputs/preparation/FoCut5a_L4_single/rep02/L4_minimization/EM.mdp,10542,51d715e9a1d5a36432cec1dfb30673f26beda2ed78eba7e1486e3231ee9d9028,a2ec720a8e8d01d12e07747a5a9ab29d8a1e819b3ac2d2db63a2c9d7eb61fc8e,non_scientific_header_only;delivery_path_or_generated_comment_cleanup_see_portability_changes
Pro00075__PET_L4__single__r3,L4_minimization_EM_mdp,01_simulation/inputs/preparation/FoCut5a_L4_single/rep03/L4_minimization/EM.mdp,10544,f25dde83d04ef28ded8c011b0c979755501cd04ad88f536a4f03f1c11e7eec7b,cc994afa8599d5c43147df1769892a8029b37de3f580a3bd9a58452476b41f62,non_scientific_header_only;delivery_path_or_generated_comment_cleanup_see_portability_changes
Pro00083__PET_L10__bidirectional,chain_relax_EM_mdp,01_simulation/inputs/preparation/IsPETase_L10_bi/chain_relax/EM.mdp,10543,2877d97d64df1c44ec6f862f9eeaac9f12416935ff49c46ebd2f7b585faf2c79,5cc99de65fcd9c31ff345511b410a3d8c48a98193ec059a30634e36f05997926,non_scientific_header_only;delivery_path_or_generated_comment_cleanup_see_portability_changes
Pro00083__PET_L10__bidirectional,chain_relax_NPT_mdp,01_simulation/inputs/preparation/IsPETase_L10_bi/chain_relax/NPT.mdp,10620,7bd92854745fe21e54455e19b55eb0ae436f8a77f38bcba632e4fc0a1a3b6f45,eb4226bea74ba5f4a39f74b820223622bfe35ecb72ac12956e0e13a59fd2512d,non_scientific_header_only;delivery_path_or_generated_comment_cleanup_see_portability_changes
Pro00083__PET_L10__bidirectional,chain_relax_NVT_mdp,01_simulation/inputs/preparation/IsPETase_L10_bi/chain_relax/NVT.mdp,10602,45d3cb46bd9a0aa67a9e47ed7f5612bbde5f8056098d3ef10ede360c31144d88,18947feeaf0cfb280b6074b27a8d2c578c55a31bbcd7bde30ad0d8a4719d7372,non_scientific_header_only;delivery_path_or_generated_comment_cleanup_see_portability_changes
Pro00083__PET_L10__head-side,chain_relax_EM_mdp,01_simulation/inputs/preparation/IsPETase_L10_head/chain_relax/EM.mdp,10541,167b76b8979547f91e4e09b04d9271f69ac86394b097d6b8838565e2610da6b2,010004e7758764e9497607d759c1b9c3a7654e501d06af7e950b3658e904ec70,non_scientific_header_only;delivery_path_or_generated_comment_cleanup_see_portability_changes
Pro00083__PET_L10__head-side,chain_relax_NPT_mdp,01_simulation/inputs/preparation/IsPETase_L10_head/chain_relax/NPT.mdp,10618,44e8866e7413de325f012e6a5be4628bdfaea96990a25d9ce0934d538d06578f,33aec0d2b953e6f824acf8bb63c6d5427906ed615ba736c66fb583ab31233dea,non_scientific_header_only;delivery_path_or_generated_comment_cleanup_see_portability_changes
Pro00083__PET_L10__head-side,chain_relax_NVT_mdp,01_simulation/inputs/preparation/IsPETase_L10_head/chain_relax/NVT.mdp,10601,fb5afeeef0e0346cb80ab6b725f868282cf55485ad47c6db821b4823c2b3bf26,a1603d71b9bce8e18cf4917efc6ce4ab7d39ef25f71f932e6c873a750115c61d,non_scientific_header_only;delivery_path_or_generated_comment_cleanup_see_portability_changes
Pro00083__PET_L10__tail-side,chain_relax_EM_mdp,01_simulation/inputs/preparation/IsPETase_L10_tail/chain_relax/EM.mdp,10543,bbb148b2798b80e386d9d26b0c28fc0e2270f603838ad479f838eae56f9ee487,070bcda504d522388d0759098833159d423161a8bfc82c80e2bc9e68e16451d1,non_scientific_header_only;delivery_path_or_generated_comment_cleanup_see_portability_changes
Pro00083__PET_L10__tail-side,chain_relax_NPT_mdp,01_simulation/inputs/preparation/IsPETase_L10_tail/chain_relax/NPT.mdp,10620,ce91624c37f1e9a8b087bd2da5c6f2a7990acd15c2d1097791beba681a297dba,c3bf3d4d35444139f242c6045ac40ae3f17f7487e274ca1b096c1adcfae3ed08,non_scientific_header_only;delivery_path_or_generated_comment_cleanup_see_portability_changes
Pro00083__PET_L10__tail-side,chain_relax_NVT_mdp,01_simulation/inputs/preparation/IsPETase_L10_tail/chain_relax/NVT.mdp,10601,0cf8fed4b473e4981b282e36fc7bf002eab5e7bf982c322077a2b0db6cadcc82,1b33913e911f81e525e6f234c46ab7fc6a54b61ca0093ad75ff8e2543217f873,non_scientific_header_only;delivery_path_or_generated_comment_cleanup_see_portability_changes
Pro00083__PET_L20__bidirectional,chain_relax_EM_mdp,01_simulation/inputs/preparation/IsPETase_L20_bi/chain_relax/EM.mdp,10544,fb131f5410b59e8e38156311c5ffd060e20ddfa5ad3212173eff9f0ea92cf59f,fa40692529b7c23a5a2066106b85b1ea820b1bae782287db4ad8ae12afc6bbdc,non_scientific_header_only;delivery_path_or_generated_comment_cleanup_see_portability_changes
Pro00083__PET_L20__bidirectional,chain_relax_NPT_mdp,01_simulation/inputs/preparation/IsPETase_L20_bi/chain_relax/NPT.mdp,10620,cd0b06ff06137d3532cee7c8a48d66240547e14645247c7e06d37416e6d80c89,3488c77699847b8f7e511607ce799b96a8bd3611356358ba8c9a08077a655866,non_scientific_header_only;delivery_path_or_generated_comment_cleanup_see_portability_changes
Pro00083__PET_L20__bidirectional,chain_relax_NVT_mdp,01_simulation/inputs/preparation/IsPETase_L20_bi/chain_relax/NVT.mdp,10601,f363274ab9a272e457c2c3597fe98e4961858f886c6d9a3d8f24e37cb0211942,b5207f078a7bf8a402587ad706cb721fb77960ab2ed72d4d6e4bed65788213ca,non_scientific_header_only;delivery_path_or_generated_comment_cleanup_see_portability_changes
Pro00083__PET_L20__head-side,chain_relax_EM_mdp,01_simulation/inputs/preparation/IsPETase_L20_head/chain_relax/EM.mdp,10543,0b7d96dc40d65e89922647ab6079debda9c6cba0b15111dbfc1db13cc8ed2a78,eb076749e6b44dd17ebf58f7ce29318ff398670ad8782985768e85a30faabb8c,non_scientific_header_only;delivery_path_or_generated_comment_cleanup_see_portability_changes
Pro00083__PET_L20__head-side,chain_relax_NPT_mdp,01_simulation/inputs/preparation/IsPETase_L20_head/chain_relax/NPT.mdp,10620,a21a6999434963b25f77dadc31210caf6ddc6ea669169dc059c27efd31c21765,b8b299cf7ec28219d77444b79714eac7aa82eb68d1fc14106d212b4165d53144,non_scientific_header_only;delivery_path_or_generated_comment_cleanup_see_portability_changes
Pro00083__PET_L20__head-side,chain_relax_NVT_mdp,01_simulation/inputs/preparation/IsPETase_L20_head/chain_relax/NVT.mdp,10599,35953e3b5d0924fbb735f9c03f3e782457c0beeb0edb52be4a5e41b42e6fd3bf,17f042e9b162512039fa984c888eb57fcc4a09d01d259c971a858c19bb1eb32b,non_scientific_header_only;delivery_path_or_generated_comment_cleanup_see_portability_changes
Pro00083__PET_L20__tail-side,chain_relax_EM_mdp,01_simulation/inputs/preparation/IsPETase_L20_tail/chain_relax/EM.mdp,10543,2865eed76c8eda82396bd26613dc92182c05fdf42d3e090dff2612f624b2de2c,3587932de8f72e4a10a8e95efa2fd8187ab26625f08aea210ae2872a8b44ef5d,non_scientific_header_only;delivery_path_or_generated_comment_cleanup_see_portability_changes
Pro00083__PET_L20__tail-side,chain_relax_NPT_mdp,01_simulation/inputs/preparation/IsPETase_L20_tail/chain_relax/NPT.mdp,10620,648ed222f70dbcb6194a72dead39dfec8e3a8d1152ad187e80c261295122dc5a,534451275e1c6df2fbaf3f7e672ab42e68303378e8e84444260d15d8f4599ca3,non_scientific_header_only;delivery_path_or_generated_comment_cleanup_see_portability_changes
Pro00083__PET_L20__tail-side,chain_relax_NVT_mdp,01_simulation/inputs/preparation/IsPETase_L20_tail/chain_relax/NVT.mdp,10601,b83ce31ef1d76b86c8a6b6f42a3e1611ff48b6dacf6448d8839484f173fc3df1,421235f7bc523a3d762ba6f82837a2025a1f8d4a91609e5f3104b48d585f74e8,non_scientific_header_only;delivery_path_or_generated_comment_cleanup_see_portability_changes
Pro00083__PET_L4__single__r1,L4_minimization_EM_mdp,01_simulation/inputs/preparation/IsPETase_L4_single/rep01/L4_minimization/EM.mdp,10544,041a6325519dd2e680674cbb0c2bc6019bde480175ef57de1763f2965fb0a72d,1093712d9416af01357964ab2a2a88612c7e519b2ce85bc1338e756942ab7b42,non_scientific_header_only;delivery_path_or_generated_comment_cleanup_see_portability_changes
Pro00083__PET_L4__single__r2,L4_minimization_EM_mdp,01_simulation/inputs/preparation/IsPETase_L4_single/rep02/L4_minimization/EM.mdp,10541,5a7b68106360b4b9ef1bd16bbc2db3af9dc3dac4f235eda8a23740241ee9069c,13d8cdbaa570185105408933133af4970ac7518d65d9552add5ebea4cf5d9c9c,non_scientific_header_only;delivery_path_or_generated_comment_cleanup_see_portability_changes
Pro00083__PET_L4__single__r3,L4_minimization_EM_mdp,01_simulation/inputs/preparation/IsPETase_L4_single/rep03/L4_minimization/EM.mdp,10543,50ef529b3b3a3eea2cda8afdfb776e76cc626c1661cb218fc6a2bf7a7d1f3468,a57789546fdedf651f2bbcf09201fd969330456f434795510043ff74a7b086ec,non_scientific_header_only;delivery_path_or_generated_comment_cleanup_see_portability_changes
Pro00121__PET_L10__bidirectional,chain_relax_EM_mdp,01_simulation/inputs/preparation/HiC_L10_bi/chain_relax/EM.mdp,10542,e40c8301e7ab477d2c7cb749ada705ac1b748398f597d47e4f3870f508277150,0adb5291f71185ab7682d1ecd53aa23a3fc54850fa33e2509f4ceae03b750233,non_scientific_header_only;delivery_path_or_generated_comment_cleanup_see_portability_changes
Pro00121__PET_L10__bidirectional,chain_relax_NPT_mdp,01_simulation/inputs/preparation/HiC_L10_bi/chain_relax/NPT.mdp,10621,a698fa31ea8de007864fc09fc31a758148333c55122a972bf2b80179c667faf9,ee3af1f47619d36491f5b4450ad4a65050beeafc21317d8fe91f46e3af4eee28,non_scientific_header_only;delivery_path_or_generated_comment_cleanup_see_portability_changes
Pro00121__PET_L10__bidirectional,chain_relax_NVT_mdp,01_simulation/inputs/preparation/HiC_L10_bi/chain_relax/NVT.mdp,10601,5be204108a60ae093d747c77c1af8a7a2019760d6c2328780ebf1eb7a9eb255c,a77215e224f0467d07fe6038f9e143cae55095e3a547db2fe74105bc2305059e,non_scientific_header_only;delivery_path_or_generated_comment_cleanup_see_portability_changes
Pro00121__PET_L10__head-side,chain_relax_EM_mdp,01_simulation/inputs/preparation/HiC_L10_head/chain_relax/EM.mdp,10543,0580312f39bc13fc574bad73af30eb6ac4fc9980e83349e7bfa0d422fdbc5c78,79ca9e5ff22d218020a3570edcfeffa3aa6b497a3c9264f347eb1dfce64d5fa4,non_scientific_header_only;delivery_path_or_generated_comment_cleanup_see_portability_changes
Pro00121__PET_L10__head-side,chain_relax_NPT_mdp,01_simulation/inputs/preparation/HiC_L10_head/chain_relax/NPT.mdp,10619,39f17d35059a02761e60475f2922b3b7ed9cff64666bcd9222b42266bd7b1e9e,a00c2f69c4a3c210eb2d0875f15ddda6d9d91d6fb7e9be3aaef01b52ba3c1b4a,non_scientific_header_only;delivery_path_or_generated_comment_cleanup_see_portability_changes
Pro00121__PET_L10__head-side,chain_relax_NVT_mdp,01_simulation/inputs/preparation/HiC_L10_head/chain_relax/NVT.mdp,10601,5a18708a5d3ebce814d0cc706a3ad1687cce8f31fd6fa85c304426360dd13ba9,d5a8ca5a97f22da163275fbbdc0fcfcf4fac20b2372e8950477284d556ec0b77,non_scientific_header_only;delivery_path_or_generated_comment_cleanup_see_portability_changes
Pro00121__PET_L10__tail-side,chain_relax_EM_mdp,01_simulation/inputs/preparation/HiC_L10_tail/chain_relax/EM.mdp,10544,558c3680b53332820e6abe82bae2d1816d32c356f785dd532659297e5473142c,98825394ba6df55a78e0c48343e18bfea0286cc49a05c70a9eb9068ac019adad,non_scientific_header_only;delivery_path_or_generated_comment_cleanup_see_portability_changes
Pro00121__PET_L10__tail-side,chain_relax_NPT_mdp,01_simulation/inputs/preparation/HiC_L10_tail/chain_relax/NPT.mdp,10621,3176c964322099d130770a0ba338a77543d648de79ef2743246402d09b252802,e1121c436817f2bd4d7c9e5dfe2013ac88424d473b1b21e44dac26073603f62f,non_scientific_header_only;delivery_path_or_generated_comment_cleanup_see_portability_changes
Pro00121__PET_L10__tail-side,chain_relax_NVT_mdp,01_simulation/inputs/preparation/HiC_L10_tail/chain_relax/NVT.mdp,10601,116e2544a47c846ce322aaf6f999076cdbfe12abb1f669037be9ed1f9b619f4e,65206057f008a0848ace75ba73a4bc5f8e3b8eee2e82cc92a7628af5eec4ee39,non_scientific_header_only;delivery_path_or_generated_comment_cleanup_see_portability_changes
Pro00121__PET_L20__bidirectional,chain_relax_EM_mdp,01_simulation/inputs/preparation/HiC_L20_bi/chain_relax/EM.mdp,10543,bd687927fcc8ec41932be084fa0e316cbbf956056615e975871ce0a84c05650d,8ca9362434b4779acba0b1fc48ad3eda656fe24019259b79001c0c5c45b4b405,non_scientific_header_only;delivery_path_or_generated_comment_cleanup_see_portability_changes
Pro00121__PET_L20__bidirectional,chain_relax_NPT_mdp,01_simulation/inputs/preparation/HiC_L20_bi/chain_relax/NPT.mdp,10620,56f576094e753379c8dbe4f519d78bdf3245a2b96b2143bd52053d75d54fd431,a87ed99515d6858082b646fc73f3c1c48390a8282fed10a9d0502b29ad28f013,non_scientific_header_only;delivery_path_or_generated_comment_cleanup_see_portability_changes
Pro00121__PET_L20__bidirectional,chain_relax_NVT_mdp,01_simulation/inputs/preparation/HiC_L20_bi/chain_relax/NVT.mdp,10600,37c92a7ca672c99de4c8d1a356de33c83fd57b2143dca8089a105bf05bb48bfe,644470dc08776401c360f58e2c2e88bd11f33e113ea0006721c9b236f3b2ad3c,non_scientific_header_only;delivery_path_or_generated_comment_cleanup_see_portability_changes
Pro00121__PET_L20__head-side,chain_relax_EM_mdp,01_simulation/inputs/preparation/HiC_L20_head/chain_relax/EM.mdp,10542,3826d879e9159464199ac6e513dc522496246e3909052d1d75537900bba0d678,b1474c92a97b6eb2fab45456d34479d73995addc7ca1d438b7d51f60e03e4296,non_scientific_header_only;delivery_path_or_generated_comment_cleanup_see_portability_changes
Pro00121__PET_L20__head-side,chain_relax_NPT_mdp,01_simulation/inputs/preparation/HiC_L20_head/chain_relax/NPT.mdp,10620,d74d55fed9989201d1d7e060a2a8607c46553a893f595dca331de37048e0132e,8be634e757ecf99e43a80445223297d29fb86cc901cb0ff695760dc9ba1a34ed,non_scientific_header_only;delivery_path_or_generated_comment_cleanup_see_portability_changes
Pro00121__PET_L20__head-side,chain_relax_NVT_mdp,01_simulation/inputs/preparation/HiC_L20_head/chain_relax/NVT.mdp,10601,54d8811f94f45f0c97f1bed97781248ba5f5edc871b85f20e7117c1b40c74b27,e7bf612fe3fa28378428d7a587adddde9c5bb674865bdcb4d3505e51d5c187d9,non_scientific_header_only;delivery_path_or_generated_comment_cleanup_see_portability_changes
Pro00121__PET_L20__tail-side,chain_relax_EM_mdp,01_simulation/inputs/preparation/HiC_L20_tail/chain_relax/EM.mdp,10542,26228d14dcc6010850d24cdb357ac4506074a709b344ddda5f5a54ac77723a4d,dca71e51ebad97e96fb4489d42e85cae985e26f118138bb7e8b01392824e0ff5,non_scientific_header_only;delivery_path_or_generated_comment_cleanup_see_portability_changes
Pro00121__PET_L20__tail-side,chain_relax_NPT_mdp,01_simulation/inputs/preparation/HiC_L20_tail/chain_relax/NPT.mdp,10621,fdc511af4b73962d7d864718d5b93b399f029aa79392e0654a3089085b05ef48,b734196536ea055acc648ed47acc69577134c4d7864984a8f9d201dcd28ce856,non_scientific_header_only;delivery_path_or_generated_comment_cleanup_see_portability_changes
Pro00121__PET_L20__tail-side,chain_relax_NVT_mdp,01_simulation/inputs/preparation/HiC_L20_tail/chain_relax/NVT.mdp,10600,dca03fe28ee33ae4f9e78ea6d15d145d9d4ed3b0ac33f4b6cb61095190fcb902,b903d2f7a3a7a7fd0d4cf165a09c593dbe767a6bdf9dc8ff345e124978479bf7,non_scientific_header_only;delivery_path_or_generated_comment_cleanup_see_portability_changes
Pro00121__PET_L4__single__r1,L4_minimization_EM_mdp,01_simulation/inputs/preparation/HiC_L4_single/rep01/L4_minimization/EM.mdp,10543,79def3417e36e88c4dc844c343e08df85db1ba098297c25bf51a1fd256de0ed7,9fa2d84a286f2ba7bdfaef4cf2f54c3a99fe32435cd84967cb009d0691981c04,non_scientific_header_only;delivery_path_or_generated_comment_cleanup_see_portability_changes
Pro00121__PET_L4__single__r2,L4_minimization_EM_mdp,01_simulation/inputs/preparation/HiC_L4_single/rep02/L4_minimization/EM.mdp,10542,99a2a1072c7fa241d1da81f5e1702e35eadb3c3432aa0b29e5ca43ec4d445125,7dbc750b32a028c8376ffc9a3bd20fbe380cd4f3a1d2eb343ebe2db9a7e5d2a6,non_scientific_header_only;delivery_path_or_generated_comment_cleanup_see_portability_changes
Pro00121__PET_L4__single__r3,L4_minimization_EM_mdp,01_simulation/inputs/preparation/HiC_L4_single/rep03/L4_minimization/EM.mdp,10543,c888d570a7b5f53ed2736ffaf17b802b2807377beafbaf45baf3c2f2ad509aa7,3647ef902f2ed8743c2e9595f1a21cd977bffcbded2864fe4874d737d411de2f,non_scientific_header_only;delivery_path_or_generated_comment_cleanup_see_portability_changes
Pro00137__PET_L10__bidirectional,chain_relax_EM_mdp,01_simulation/inputs/preparation/PHL7_L10_bi/chain_relax/EM.mdp,10544,ef78f58d20e5b2c85f993ac2b9835acb7ea156dd2db9bdc657d8303fed2022da,3516c5b594cce01d100188c0b1cb8b6828b2e62e2ba43d0c8c763dedcc782872,non_scientific_header_only;delivery_path_or_generated_comment_cleanup_see_portability_changes
Pro00137__PET_L10__bidirectional,chain_relax_NPT_mdp,01_simulation/inputs/preparation/PHL7_L10_bi/chain_relax/NPT.mdp,10620,cf30f506bc3a45802cab86e73120153b101f0916577bb139552d84285a201f1b,6fba5b043d3f714de88d3cae33fff52a92c292766e357c812d5d6e6218ea2e89,non_scientific_header_only;delivery_path_or_generated_comment_cleanup_see_portability_changes
Pro00137__PET_L10__bidirectional,chain_relax_NVT_mdp,01_simulation/inputs/preparation/PHL7_L10_bi/chain_relax/NVT.mdp,10600,befc3b468d1f847cc4a85e71a8d9e5934cd702ee8c263195f940bd6d75a84826,02e672ac4f5283a50d590217816643c4abce3266906ec5b54a1836cd2a15ae8d,non_scientific_header_only;delivery_path_or_generated_comment_cleanup_see_portability_changes
Pro00137__PET_L10__head-side,chain_relax_EM_mdp,01_simulation/inputs/preparation/PHL7_L10_head/chain_relax/EM.mdp,10543,d5ecc22ed1b8e2f42fc67713a5e77f0342d1118b04faeede2b0cdb2dca52f70f,00599bfad51f65f9a627a0ccc4d4c933f1e850ce9451d985998d802bcb4dbb13,non_scientific_header_only;delivery_path_or_generated_comment_cleanup_see_portability_changes
Pro00137__PET_L10__head-side,chain_relax_NPT_mdp,01_simulation/inputs/preparation/PHL7_L10_head/chain_relax/NPT.mdp,10620,3654201fa9120683f2af20642bc07201e67f2df3125eff664e9fbf94de1193b8,5f7389f952f42b17a2eea48c5135b7ae148e96399abc174cbdf3348ed2253fc8,non_scientific_header_only;delivery_path_or_generated_comment_cleanup_see_portability_changes
Pro00137__PET_L10__head-side,chain_relax_NVT_mdp,01_simulation/inputs/preparation/PHL7_L10_head/chain_relax/NVT.mdp,10601,6984ac3ae6013f2d1af9174de604a4ef250cd3ddf2990f6e9e0ab11038804c83,bb4a0300e7f7bc1e7b5428de63b3676de1fec4468c08787c06549e0ca8b35064,non_scientific_header_only;delivery_path_or_generated_comment_cleanup_see_portability_changes
Pro00137__PET_L10__tail-side,chain_relax_EM_mdp,01_simulation/inputs/preparation/PHL7_L10_tail/chain_relax/EM.mdp,10543,344c0d73502e2d007200eeee40146cd87a7669a37842636227d039d4806385d9,52a3c640a85c9e7d18a67f6a132c5c69f712bdd073e36b68b76993278c8027ed,non_scientific_header_only;delivery_path_or_generated_comment_cleanup_see_portability_changes
Pro00137__PET_L10__tail-side,chain_relax_NPT_mdp,01_simulation/inputs/preparation/PHL7_L10_tail/chain_relax/NPT.mdp,10620,82c50b2f7fc717332a2017362b16163f93a4be15ac0293bc04f63a0c1df95404,646ab6ad838ac20fd88ad9135788df96e50be3c97d510409ac2359fae3eeb548,non_scientific_header_only;delivery_path_or_generated_comment_cleanup_see_portability_changes
Pro00137__PET_L10__tail-side,chain_relax_NVT_mdp,01_simulation/inputs/preparation/PHL7_L10_tail/chain_relax/NVT.mdp,10600,2ab252fdfcb63122938c4e616b2ef43ec4dcd975e52763de1b8ec0b847593aa9,cd24292aebf808cec7d600d3fa14930770e40a62024acd02d412d3ed733100c3,non_scientific_header_only;delivery_path_or_generated_comment_cleanup_see_portability_changes
Pro00137__PET_L20__bidirectional,chain_relax_EM_mdp,01_simulation/inputs/preparation/PHL7_L20_bi/chain_relax/EM.mdp,10543,7b8bfcacf1762504b875f5fbd8f1e5c336fb198dc3b250911220ff96fbab0669,507ce2396adc82bf9aa7eef33a57a1aef63896e765a7c7924667c895d9a70ab5,non_scientific_header_only;delivery_path_or_generated_comment_cleanup_see_portability_changes
Pro00137__PET_L20__bidirectional,chain_relax_NPT_mdp,01_simulation/inputs/preparation/PHL7_L20_bi/chain_relax/NPT.mdp,10620,af5a66d9fe553423c51b962ef2c18f70c02c3ec51de44c0678dff47846e89613,86bddac9c0c3cb18deb896f2e21bb7446b2e5a5093fd827b3bd26485c2947a98,non_scientific_header_only;delivery_path_or_generated_comment_cleanup_see_portability_changes
Pro00137__PET_L20__bidirectional,chain_relax_NVT_mdp,01_simulation/inputs/preparation/PHL7_L20_bi/chain_relax/NVT.mdp,10601,f7c7570c7a51bd6a319d15e6534c304c371a5a105fd6b935f46fd3b739515391,d608df298d82d880c1dd2d88b5ad277cd77b653c3b44980586912098178b75b6,non_scientific_header_only;delivery_path_or_generated_comment_cleanup_see_portability_changes
Pro00137__PET_L20__head-side,chain_relax_EM_mdp,01_simulation/inputs/preparation/PHL7_L20_head/chain_relax/EM.mdp,10544,ec0f7ef65fa1d640241ada0ac8ce2078e6d621c864f890d27657dce202227dba,c90685a333eb084e1a879ca304806086b1874bc3657f1b041011c53acfb456a8,non_scientific_header_only;delivery_path_or_generated_comment_cleanup_see_portability_changes
Pro00137__PET_L20__head-side,chain_relax_NPT_mdp,01_simulation/inputs/preparation/PHL7_L20_head/chain_relax/NPT.mdp,10619,eb06257841045bb290b63294297f2ba11c3e035479625084b9b8fe09ee3a3ee6,a4188eca377de61e508c7659a8ce7f0a558d447cbaa4b34a3628abee3a5b8690,non_scientific_header_only;delivery_path_or_generated_comment_cleanup_see_portability_changes
Pro00137__PET_L20__head-side,chain_relax_NVT_mdp,01_simulation/inputs/preparation/PHL7_L20_head/chain_relax/NVT.mdp,10602,4374720cebb8f22486ce8e40df870681c974a1cb134c42010c1d9615c48d0606,e10d47d03d9dcddc6c4b296a27568a802de7f887c0c6f3b3d229ee735b707224,non_scientific_header_only;delivery_path_or_generated_comment_cleanup_see_portability_changes
Pro00137__PET_L20__tail-side,chain_relax_EM_mdp,01_simulation/inputs/preparation/PHL7_L20_tail/chain_relax/EM.mdp,10543,4bb27f1ae6fb74721ab45734d6d3aa92f6554dd50ac373e1efef42210bd70f73,daa7db3eb8b38714e0f61da5408c8395cb0a8cdc9e54e2e1936a4478be891763,non_scientific_header_only;delivery_path_or_generated_comment_cleanup_see_portability_changes
Pro00137__PET_L20__tail-side,chain_relax_NPT_mdp,01_simulation/inputs/preparation/PHL7_L20_tail/chain_relax/NPT.mdp,10620,7f39b5a2e21b7e74ce551df4a6fb479f5e3342107c6d0089d6319e62274f3289,c1b63a9372cbe88860abbcbafda0b0b5ba0f2421fd1823c75a537246bb4a469a,non_scientific_header_only;delivery_path_or_generated_comment_cleanup_see_portability_changes
Pro00137__PET_L20__tail-side,chain_relax_NVT_mdp,01_simulation/inputs/preparation/PHL7_L20_tail/chain_relax/NVT.mdp,10599,8deed91406f14699f1271a35089d66b7f2c23a03f28416515d9a5ce680c0edc8,b8aa524a7ddc67ec44d01ddcdc40e78cb1c0e43333a64b40e70c0e44ee16621e,non_scientific_header_only;delivery_path_or_generated_comment_cleanup_see_portability_changes
Pro00137__PET_L4__single__r1,L4_minimization_EM_mdp,01_simulation/inputs/preparation/PHL7_L4_single/rep01/L4_minimization/EM.mdp,10540,508174e712e6fdaa46199c126fdc525b7fe97bfe3b460bc5e04b48a47bb8c517,a53fabb9b059ea894eaf9a980a0558c316fee83b8d31362051c1106365daf749,non_scientific_header_only;delivery_path_or_generated_comment_cleanup_see_portability_changes
Pro00137__PET_L4__single__r2,L4_minimization_EM_mdp,01_simulation/inputs/preparation/PHL7_L4_single/rep02/L4_minimization/EM.mdp,10544,cc404b5da6466c07c40905eb7744215b3d88ec5f7c8d3c21bd91019bd1099287,10bb7ea0e179ae7096007a4dbd5cb00876f0591602057b001f21a84d9ab0e82c,non_scientific_header_only;delivery_path_or_generated_comment_cleanup_see_portability_changes
Pro00137__PET_L4__single__r3,L4_minimization_EM_mdp,01_simulation/inputs/preparation/PHL7_L4_single/rep03/L4_minimization/EM.mdp,10543,d49c881141e2f146692c49d4711e52f995c7569080610bd05e2018dae0329299,172b902bccda852ff3fe2ff8c7db73fe614f8df0fc10a011fc2c5af50c139364,non_scientific_header_only;delivery_path_or_generated_comment_cleanup_see_portability_changes
Pro00057__PET_L10__bidirectional__r1,production_tpr,01_simulation/inputs/runs/TfCut1_L10_bi/rep01/MD.tpr,6594904,f7e51efe062fb695da4b35089150e69a7fba5309d4a341a391342053261c5274,f7e51efe062fb695da4b35089150e69a7fba5309d4a341a391342053261c5274,copy_verbatim
Pro00057__PET_L10__bidirectional__r2,production_tpr,01_simulation/inputs/runs/TfCut1_L10_bi/rep02/MD.tpr,6594904,8059135f2d730a689d58aa07cd5c6a2bc0d113444867148c85c4a87b995164fd,8059135f2d730a689d58aa07cd5c6a2bc0d113444867148c85c4a87b995164fd,copy_verbatim
Pro00057__PET_L10__bidirectional__r3,production_tpr,01_simulation/inputs/runs/TfCut1_L10_bi/rep03/MD.tpr,6594904,463694edab1773bb309665408b8fe14c584ce94c5873befba85073570289aefc,463694edab1773bb309665408b8fe14c584ce94c5873befba85073570289aefc,copy_verbatim
Pro00057__PET_L10__head-side__r1,production_tpr,01_simulation/inputs/runs/TfCut1_L10_head/rep01/MD.tpr,6594528,8a8940a775ea6204c1dbd6b6ae9c144f58115227f1e13ef21bbcd51948a0382e,8a8940a775ea6204c1dbd6b6ae9c144f58115227f1e13ef21bbcd51948a0382e,copy_verbatim
Pro00057__PET_L10__head-side__r2,production_tpr,01_simulation/inputs/runs/TfCut1_L10_head/rep02/MD.tpr,6594528,cb700371a1187115c38e4205bfe79dd1fe577c1ea698d328c2c194d2fdf27df4,cb700371a1187115c38e4205bfe79dd1fe577c1ea698d328c2c194d2fdf27df4,copy_verbatim
Pro00057__PET_L10__head-side__r3,production_tpr,01_simulation/inputs/runs/TfCut1_L10_head/rep03/MD.tpr,6594528,d1a4ff7f6946e0669aab79bb07a26d1c0812886f1af765a30773b12f756de35b,d1a4ff7f6946e0669aab79bb07a26d1c0812886f1af765a30773b12f756de35b,copy_verbatim
Pro00057__PET_L10__tail-side__r1,production_tpr,01_simulation/inputs/runs/TfCut1_L10_tail/rep01/MD.tpr,6595056,70fe3540a3c829f9bffc961459d575765fbac3ea17d36712fb46a0ca5f4fb06c,70fe3540a3c829f9bffc961459d575765fbac3ea17d36712fb46a0ca5f4fb06c,copy_verbatim
Pro00057__PET_L10__tail-side__r2,production_tpr,01_simulation/inputs/runs/TfCut1_L10_tail/rep02/MD.tpr,6595056,447729d991b60d4631191e3a595c9614a4abde47239590aec7a224366829b164,447729d991b60d4631191e3a595c9614a4abde47239590aec7a224366829b164,copy_verbatim
Pro00057__PET_L10__tail-side__r3,production_tpr,01_simulation/inputs/runs/TfCut1_L10_tail/rep03/MD.tpr,6595056,6265f1f93fd936fa1ac977c8fc40ff6b3c76017cee768faf36c1de081e12299b,6265f1f93fd936fa1ac977c8fc40ff6b3c76017cee768faf36c1de081e12299b,copy_verbatim
Pro00057__PET_L20__bidirectional__r1,production_tpr,01_simulation/inputs/runs/TfCut1_L20_bi/rep01/MD.tpr,9399844,ea05b9523cd3f356a4fad908f6b17cf745f12df6388b8b55150d393a5430e833,ea05b9523cd3f356a4fad908f6b17cf745f12df6388b8b55150d393a5430e833,copy_verbatim
Pro00057__PET_L20__bidirectional__r2,production_tpr,01_simulation/inputs/runs/TfCut1_L20_bi/rep02/MD.tpr,9399844,6fb39146375b64dc1d8ade19284990b90faf38ac1fdc8a75eb38e88d16083c5a,6fb39146375b64dc1d8ade19284990b90faf38ac1fdc8a75eb38e88d16083c5a,copy_verbatim
Pro00057__PET_L20__bidirectional__r3,production_tpr,01_simulation/inputs/runs/TfCut1_L20_bi/rep03/MD.tpr,9399844,6ed2812d93ea624857c923e4c25ba593da280f909d7171f4e168688222ccbb48,6ed2812d93ea624857c923e4c25ba593da280f909d7171f4e168688222ccbb48,copy_verbatim
Pro00057__PET_L20__head-side__r1,production_tpr,01_simulation/inputs/runs/TfCut1_L20_head/rep01/MD.tpr,9400668,09f38f0f839b4c18aa12a09c4a24c5e519b99307b93683862749d4b55195e884,09f38f0f839b4c18aa12a09c4a24c5e519b99307b93683862749d4b55195e884,copy_verbatim
Pro00057__PET_L20__head-side__r2,production_tpr,01_simulation/inputs/runs/TfCut1_L20_head/rep02/MD.tpr,9400668,b51bf0fc044a08f739a95ea3e370fadeec5c114fc0c5ca16663a12893a580b1d,b51bf0fc044a08f739a95ea3e370fadeec5c114fc0c5ca16663a12893a580b1d,copy_verbatim
Pro00057__PET_L20__head-side__r3,production_tpr,01_simulation/inputs/runs/TfCut1_L20_head/rep03/MD.tpr,9400668,ff429118fee4b8ad2309d2b16bb982483296f139fc6f42e9d901489fae169859,ff429118fee4b8ad2309d2b16bb982483296f139fc6f42e9d901489fae169859,copy_verbatim
Pro00057__PET_L20__tail-side__r1,production_tpr,01_simulation/inputs/runs/TfCut1_L20_tail/rep01/MD.tpr,9402768,b13162ef266125db5143029afaaeaf5e6d420db485933ddf3406ba6076ce6109,b13162ef266125db5143029afaaeaf5e6d420db485933ddf3406ba6076ce6109,copy_verbatim
Pro00057__PET_L20__tail-side__r2,production_tpr,01_simulation/inputs/runs/TfCut1_L20_tail/rep02/MD.tpr,9402768,f15fecfd0a330d18a0cfe7b4f361bfca343611190c842c255dc0610b47b4f6b2,f15fecfd0a330d18a0cfe7b4f361bfca343611190c842c255dc0610b47b4f6b2,copy_verbatim
Pro00057__PET_L20__tail-side__r3,production_tpr,01_simulation/inputs/runs/TfCut1_L20_tail/rep03/MD.tpr,9402768,8a1e726582102191d582a4da1d4fcc7132f1e61dde6da606e9aac5354ac605ab,8a1e726582102191d582a4da1d4fcc7132f1e61dde6da606e9aac5354ac605ab,copy_verbatim
Pro00057__PET_L4__single__r1,production_tpr,01_simulation/inputs/runs/TfCut1_L4_single/rep01/MD.tpr,3653232,45b6d5209fc23761de94001cfdcdc96be3ad6ad6574dfe573cc0f42782967f26,45b6d5209fc23761de94001cfdcdc96be3ad6ad6574dfe573cc0f42782967f26,copy_verbatim
Pro00057__PET_L4__single__r2,production_tpr,01_simulation/inputs/runs/TfCut1_L4_single/rep02/MD.tpr,3653232,f7c2f8a3198a163080b397a03f04e6469c776f701243b82dec1747ec93965950,f7c2f8a3198a163080b397a03f04e6469c776f701243b82dec1747ec93965950,copy_verbatim
Pro00057__PET_L4__single__r3,production_tpr,01_simulation/inputs/runs/TfCut1_L4_single/rep03/MD.tpr,3653232,d40df58ff079d551795d12db5fa2dafd29a889022431182eca9f75e0a89cb912,d40df58ff079d551795d12db5fa2dafd29a889022431182eca9f75e0a89cb912,copy_verbatim
Pro00062__PET_L10__bidirectional__r1,production_tpr,01_simulation/inputs/runs/LCC_L10_bi/rep01/MD.tpr,6692560,891e4bb0559f5d539ee348033ffea8ccdbff29ef66837146b4f631dcfc927542,891e4bb0559f5d539ee348033ffea8ccdbff29ef66837146b4f631dcfc927542,copy_verbatim
Pro00062__PET_L10__bidirectional__r2,production_tpr,01_simulation/inputs/runs/LCC_L10_bi/rep02/MD.tpr,6692560,d81f0c68dff4265a9b8bd083bdde9d24c96a0eabe89b6e6a26af3eedf23dac0e,d81f0c68dff4265a9b8bd083bdde9d24c96a0eabe89b6e6a26af3eedf23dac0e,copy_verbatim
Pro00062__PET_L10__bidirectional__r3,production_tpr,01_simulation/inputs/runs/LCC_L10_bi/rep03/MD.tpr,6692560,6d52ce424ad38562dbc588cbb8be173bf5425ab222d6a54c975186f4cfcc555e,6d52ce424ad38562dbc588cbb8be173bf5425ab222d6a54c975186f4cfcc555e,copy_verbatim
Pro00062__PET_L10__head-side__r1,production_tpr,01_simulation/inputs/runs/LCC_L10_head/rep01/MD.tpr,6691436,97fb8a6af20b6de5f91b5dbdc88e4640b8d3e11ad0b2e9f857f48d05f83fba10,97fb8a6af20b6de5f91b5dbdc88e4640b8d3e11ad0b2e9f857f48d05f83fba10,copy_verbatim
Pro00062__PET_L10__head-side__r2,production_tpr,01_simulation/inputs/runs/LCC_L10_head/rep02/MD.tpr,6691436,23e15500529afe94143a840f7c00a37afcce2046af097c9177e71c730c508051,23e15500529afe94143a840f7c00a37afcce2046af097c9177e71c730c508051,copy_verbatim
Pro00062__PET_L10__head-side__r3,production_tpr,01_simulation/inputs/runs/LCC_L10_head/rep03/MD.tpr,6691436,7afd8d8496e998930645e0f0d937354cf1c5b87cb5c9b0bf1b6974d08bc3fcec,7afd8d8496e998930645e0f0d937354cf1c5b87cb5c9b0bf1b6974d08bc3fcec,copy_verbatim
Pro00062__PET_L10__tail-side__r1,production_tpr,01_simulation/inputs/runs/LCC_L10_tail/rep01/MD.tpr,6689936,2b4d02771d7a40fe314485594212da16bef35b6279ce988f8d99fb564712e820,2b4d02771d7a40fe314485594212da16bef35b6279ce988f8d99fb564712e820,copy_verbatim
Pro00062__PET_L10__tail-side__r2,production_tpr,01_simulation/inputs/runs/LCC_L10_tail/rep02/MD.tpr,6689936,f5f85d14f4bdef5864a5e69a7746c095bdf25ae98f43cf407074cf8e51c0fe40,f5f85d14f4bdef5864a5e69a7746c095bdf25ae98f43cf407074cf8e51c0fe40,copy_verbatim
Pro00062__PET_L10__tail-side__r3,production_tpr,01_simulation/inputs/runs/LCC_L10_tail/rep03/MD.tpr,6689936,13f7b1741ed5ea24486b9dd83cf03f1427edbdc78f464a7c0a1157fe9cdcc6d4,13f7b1741ed5ea24486b9dd83cf03f1427edbdc78f464a7c0a1157fe9cdcc6d4,copy_verbatim
Pro00062__PET_L20__bidirectional__r1,production_tpr,01_simulation/inputs/runs/LCC_L20_bi/rep01/MD.tpr,9496000,be753d354360ac68c5673ff8de1d3e4e0b2c867cefb46966951c47752c685a41,be753d354360ac68c5673ff8de1d3e4e0b2c867cefb46966951c47752c685a41,copy_verbatim
Pro00062__PET_L20__bidirectional__r2,production_tpr,01_simulation/inputs/runs/LCC_L20_bi/rep02/MD.tpr,9496000,11c79d587020a1532ca028504e2c4ba89e1d466a832aee928285a47677ca620f,11c79d587020a1532ca028504e2c4ba89e1d466a832aee928285a47677ca620f,copy_verbatim
Pro00062__PET_L20__bidirectional__r3,production_tpr,01_simulation/inputs/runs/LCC_L20_bi/rep03/MD.tpr,9496000,d4d06718409f93fd6b034b71aa18d0c870fbcad5a0e6224f2e89da73da8c9d4f,d4d06718409f93fd6b034b71aa18d0c870fbcad5a0e6224f2e89da73da8c9d4f,copy_verbatim
Pro00062__PET_L20__head-side__r1,production_tpr,01_simulation/inputs/runs/LCC_L20_head/rep01/MD.tpr,9498928,2d7adfcce79149ca3aee62ed364f842d39aa4b80bd9a0b3ee2e47cb8ebc5b17c,2d7adfcce79149ca3aee62ed364f842d39aa4b80bd9a0b3ee2e47cb8ebc5b17c,copy_verbatim
Pro00062__PET_L20__head-side__r2,production_tpr,01_simulation/inputs/runs/LCC_L20_head/rep02/MD.tpr,9498928,2bbbb5ce03678736d1fb8f8824c93f78001dc292369313cc30ef714f8527bf41,2bbbb5ce03678736d1fb8f8824c93f78001dc292369313cc30ef714f8527bf41,copy_verbatim
Pro00062__PET_L20__head-side__r3,production_tpr,01_simulation/inputs/runs/LCC_L20_head/rep03/MD.tpr,9498928,fe34a9823ea8512044db058ea0cdc1c83f4eb55cc351d4ca33aada818bb784b1,fe34a9823ea8512044db058ea0cdc1c83f4eb55cc351d4ca33aada818bb784b1,copy_verbatim
Pro00062__PET_L20__tail-side__r1,production_tpr,01_simulation/inputs/runs/LCC_L20_tail/rep01/MD.tpr,9496528,4cb62bb491878db4acf2f260201e998da80705184e59d1325d7f1c2b68d3c070,4cb62bb491878db4acf2f260201e998da80705184e59d1325d7f1c2b68d3c070,copy_verbatim
Pro00062__PET_L20__tail-side__r2,production_tpr,01_simulation/inputs/runs/LCC_L20_tail/rep02/MD.tpr,9496528,70180587cae0131263744b896994289366a486d7d0864ffe4e5aad6ef10e912c,70180587cae0131263744b896994289366a486d7d0864ffe4e5aad6ef10e912c,copy_verbatim
Pro00062__PET_L20__tail-side__r3,production_tpr,01_simulation/inputs/runs/LCC_L20_tail/rep03/MD.tpr,9496528,03b55c84513bae49cb610539ae132b0271efb8da750e62e8bcefc67084764c10,03b55c84513bae49cb610539ae132b0271efb8da750e62e8bcefc67084764c10,copy_verbatim
Pro00062__PET_L4__single__r1,production_tpr,01_simulation/inputs/runs/LCC_L4_single/rep01/MD.tpr,3749688,5b06a8fc734f1a737f471af76e1e39d16160188ed934dfd40378c9b14e0a7621,5b06a8fc734f1a737f471af76e1e39d16160188ed934dfd40378c9b14e0a7621,copy_verbatim
Pro00062__PET_L4__single__r2,production_tpr,01_simulation/inputs/runs/LCC_L4_single/rep02/MD.tpr,3749688,be1552761cb10a4a7c77a14a13402331a78614caa607865a38e4dea1b522fcb2,be1552761cb10a4a7c77a14a13402331a78614caa607865a38e4dea1b522fcb2,copy_verbatim
Pro00062__PET_L4__single__r3,production_tpr,01_simulation/inputs/runs/LCC_L4_single/rep03/MD.tpr,3749688,bea2ecfb4792b5594554d71af74fada0b1827d4e52f78fa052478fe1e9a95efa,bea2ecfb4792b5594554d71af74fada0b1827d4e52f78fa052478fe1e9a95efa,copy_verbatim
Pro00075__PET_L10__bidirectional__r1,production_tpr,01_simulation/inputs/runs/FoCut5a_L10_bi/rep01/MD.tpr,6410928,1d79cddd7842159dd27e0f666671c19bda40e6e7ff32de2b2cb9872a5901efc4,1d79cddd7842159dd27e0f666671c19bda40e6e7ff32de2b2cb9872a5901efc4,copy_verbatim
Pro00075__PET_L10__bidirectional__r2,production_tpr,01_simulation/inputs/runs/FoCut5a_L10_bi/rep02/MD.tpr,6410928,12e6cd263cfe8e455f430851a6e343e0d50122796afdaa9e2797045034b826c1,12e6cd263cfe8e455f430851a6e343e0d50122796afdaa9e2797045034b826c1,copy_verbatim
Pro00075__PET_L10__bidirectional__r3,production_tpr,01_simulation/inputs/runs/FoCut5a_L10_bi/rep03/MD.tpr,6410928,4a8b505cc1523058afc5f7de5e6a6280261f79d9cc5215c55488bec1bcbe0a12,4a8b505cc1523058afc5f7de5e6a6280261f79d9cc5215c55488bec1bcbe0a12,copy_verbatim
Pro00075__PET_L10__head-side__r1,production_tpr,01_simulation/inputs/runs/FoCut5a_L10_head/rep01/MD.tpr,6413252,2b0ee001839c7e0c25efd5f522e4b81a0acb4756f5775bfeae2cc184e2d36231,2b0ee001839c7e0c25efd5f522e4b81a0acb4756f5775bfeae2cc184e2d36231,copy_verbatim
Pro00075__PET_L10__head-side__r2,production_tpr,01_simulation/inputs/runs/FoCut5a_L10_head/rep02/MD.tpr,6413252,02d00c570d248c79318c451879fc48677d7f673be4cb52fd337a64741bb87334,02d00c570d248c79318c451879fc48677d7f673be4cb52fd337a64741bb87334,copy_verbatim
Pro00075__PET_L10__head-side__r3,production_tpr,01_simulation/inputs/runs/FoCut5a_L10_head/rep03/MD.tpr,6413252,b2a9202cb78d5e4bcc99c4ab5b7b246611bbe14496f1b1c7873eb27c86488650,b2a9202cb78d5e4bcc99c4ab5b7b246611bbe14496f1b1c7873eb27c86488650,copy_verbatim
Pro00075__PET_L10__tail-side__r1,production_tpr,01_simulation/inputs/runs/FoCut5a_L10_tail/rep01/MD.tpr,6411000,d93fe5d6b2e17f070e078438a029b9a4defba0e9e192bf72c59407d4a9b8727e,d93fe5d6b2e17f070e078438a029b9a4defba0e9e192bf72c59407d4a9b8727e,copy_verbatim
Pro00075__PET_L10__tail-side__r2,production_tpr,01_simulation/inputs/runs/FoCut5a_L10_tail/rep02/MD.tpr,6411000,4bac2801161c171543ebfc2dfefa799b897f8e506b71a1f687023e4eb26608a6,4bac2801161c171543ebfc2dfefa799b897f8e506b71a1f687023e4eb26608a6,copy_verbatim
Pro00075__PET_L10__tail-side__r3,production_tpr,01_simulation/inputs/runs/FoCut5a_L10_tail/rep03/MD.tpr,6411000,5717f40f5cc02a6c8260ba7f278d3457bc00aebef2cfeecd451de34831799555,5717f40f5cc02a6c8260ba7f278d3457bc00aebef2cfeecd451de34831799555,copy_verbatim
Pro00075__PET_L20__bidirectional__r1,production_tpr,01_simulation/inputs/runs/FoCut5a_L20_bi/rep01/MD.tpr,9214968,7bc8ed58e74984e57e9122b2217333a6a949a46a2bd6905dc05e0a087aaa3d6a,7bc8ed58e74984e57e9122b2217333a6a949a46a2bd6905dc05e0a087aaa3d6a,copy_verbatim
Pro00075__PET_L20__bidirectional__r2,production_tpr,01_simulation/inputs/runs/FoCut5a_L20_bi/rep02/MD.tpr,9214968,2b02b7cf6598c470b41050920a17c419e28fe5d3b3823a6de23559ccfdf982ec,2b02b7cf6598c470b41050920a17c419e28fe5d3b3823a6de23559ccfdf982ec,copy_verbatim
Pro00075__PET_L20__bidirectional__r3,production_tpr,01_simulation/inputs/runs/FoCut5a_L20_bi/rep03/MD.tpr,9214968,d8e74812ddd134376981e7fe2b82c4ed5628a0219b7fb6565ec454b1543d7d4b,d8e74812ddd134376981e7fe2b82c4ed5628a0219b7fb6565ec454b1543d7d4b,copy_verbatim
Pro00075__PET_L20__head-side__r1,production_tpr,01_simulation/inputs/runs/FoCut5a_L20_head/rep01/MD.tpr,9219692,897665ac87ac7aca8ff3200b6d420adaec5f378efc50c2ebe3c972b50ecae557,897665ac87ac7aca8ff3200b6d420adaec5f378efc50c2ebe3c972b50ecae557,copy_verbatim
Pro00075__PET_L20__head-side__r2,production_tpr,01_simulation/inputs/runs/FoCut5a_L20_head/rep02/MD.tpr,9219692,f17b45e6424ef95777711d798056f92485c64f06b60e9e15147ad32799cd01cd,f17b45e6424ef95777711d798056f92485c64f06b60e9e15147ad32799cd01cd,copy_verbatim
Pro00075__PET_L20__head-side__r3,production_tpr,01_simulation/inputs/runs/FoCut5a_L20_head/rep03/MD.tpr,9219692,3091ef36201b1d561d27f705d31b622374b05fe6c4b15634eccaccc3dbec6b61,3091ef36201b1d561d27f705d31b622374b05fe6c4b15634eccaccc3dbec6b61,copy_verbatim
Pro00075__PET_L20__tail-side__r1,production_tpr,01_simulation/inputs/runs/FoCut5a_L20_tail/rep01/MD.tpr,9215568,e84d9714ac0e5f9902822340d65a14516c51a421420b2e36314230a66884f4d8,e84d9714ac0e5f9902822340d65a14516c51a421420b2e36314230a66884f4d8,copy_verbatim
Pro00075__PET_L20__tail-side__r2,production_tpr,01_simulation/inputs/runs/FoCut5a_L20_tail/rep02/MD.tpr,9215568,e2fd97bee76f9173f55e64a58d35a0be76229a33d9ab8326f6544e53ab1a9ad3,e2fd97bee76f9173f55e64a58d35a0be76229a33d9ab8326f6544e53ab1a9ad3,copy_verbatim
Pro00075__PET_L20__tail-side__r3,production_tpr,01_simulation/inputs/runs/FoCut5a_L20_tail/rep03/MD.tpr,9215568,147ceef1b5fa9498bc0e854cbd0fa89102f03b859968fd2eb34e8424b7ddd0b0,147ceef1b5fa9498bc0e854cbd0fa89102f03b859968fd2eb34e8424b7ddd0b0,copy_verbatim
Pro00075__PET_L4__single__r1,production_tpr,01_simulation/inputs/runs/FoCut5a_L4_single/rep01/MD.tpr,3468204,355827a25465a2acf2bcb6eea0eaf7423b8da5c033e295418d991d11f0a0dd71,355827a25465a2acf2bcb6eea0eaf7423b8da5c033e295418d991d11f0a0dd71,copy_verbatim
Pro00075__PET_L4__single__r2,production_tpr,01_simulation/inputs/runs/FoCut5a_L4_single/rep02/MD.tpr,3468204,ad4ca2714d125656790b3b74c6961e34c39a1096b8bc897021762ed8ae867e8c,ad4ca2714d125656790b3b74c6961e34c39a1096b8bc897021762ed8ae867e8c,copy_verbatim
Pro00075__PET_L4__single__r3,production_tpr,01_simulation/inputs/runs/FoCut5a_L4_single/rep03/MD.tpr,3468204,db1b82fe4a9aeca1cf7cd1f14efa07a07a2d78bba2bd189f2553581b055ff86e,db1b82fe4a9aeca1cf7cd1f14efa07a07a2d78bba2bd189f2553581b055ff86e,copy_verbatim
Pro00083__PET_L10__bidirectional__r1,production_tpr,01_simulation/inputs/runs/IsPETase_L10_bi/rep01/MD.tpr,6633236,2cc0bc40b8e7ee7fdb4d14448b5fcb140db8888c222cafe3e662a8c68cea63fc,2cc0bc40b8e7ee7fdb4d14448b5fcb140db8888c222cafe3e662a8c68cea63fc,copy_verbatim
Pro00083__PET_L10__bidirectional__r2,production_tpr,01_simulation/inputs/runs/IsPETase_L10_bi/rep02/MD.tpr,6633236,4952ac9b680e063f320a91cb6f01902cd961e2abf206cc90ee037822e9de0850,4952ac9b680e063f320a91cb6f01902cd961e2abf206cc90ee037822e9de0850,copy_verbatim
Pro00083__PET_L10__bidirectional__r3,production_tpr,01_simulation/inputs/runs/IsPETase_L10_bi/rep03/MD.tpr,6633236,b264a393faad62b23ae4f25d11b026798143cb92f5972f2cb6e8150c8fab1eb1,b264a393faad62b23ae4f25d11b026798143cb92f5972f2cb6e8150c8fab1eb1,copy_verbatim
Pro00083__PET_L10__head-side__r1,production_tpr,01_simulation/inputs/runs/IsPETase_L10_head/rep01/MD.tpr,6633164,89cf6e7901a541a91cc530e7fd3c1dbf394375d54990980aa51b9c66dbe80e1c,89cf6e7901a541a91cc530e7fd3c1dbf394375d54990980aa51b9c66dbe80e1c,copy_verbatim
Pro00083__PET_L10__head-side__r2,production_tpr,01_simulation/inputs/runs/IsPETase_L10_head/rep02/MD.tpr,6633164,bc1d0b8692b7ffd108946e4fbe4948d193835af3698e2b70db023fc9bb082ce3,bc1d0b8692b7ffd108946e4fbe4948d193835af3698e2b70db023fc9bb082ce3,copy_verbatim
Pro00083__PET_L10__head-side__r3,production_tpr,01_simulation/inputs/runs/IsPETase_L10_head/rep03/MD.tpr,6633164,d24f9960b2d298e34995cfa91284fcd8f7b1137cdb3552e0352b03f947be6e2f,d24f9960b2d298e34995cfa91284fcd8f7b1137cdb3552e0352b03f947be6e2f,copy_verbatim
Pro00083__PET_L10__tail-side__r1,production_tpr,01_simulation/inputs/runs/IsPETase_L10_tail/rep01/MD.tpr,6634736,a74f87757d3e0b7ae7850c5b9b8cc8455f5b45205d8214d9fc65c06786614f40,a74f87757d3e0b7ae7850c5b9b8cc8455f5b45205d8214d9fc65c06786614f40,copy_verbatim
Pro00083__PET_L10__tail-side__r2,production_tpr,01_simulation/inputs/runs/IsPETase_L10_tail/rep02/MD.tpr,6634736,4f26b92eb7599d40421f9cf918780861cf6d68230c3c3a4cc2fbc9d6ab7bdbac,4f26b92eb7599d40421f9cf918780861cf6d68230c3c3a4cc2fbc9d6ab7bdbac,copy_verbatim
Pro00083__PET_L10__tail-side__r3,production_tpr,01_simulation/inputs/runs/IsPETase_L10_tail/rep03/MD.tpr,6634736,38e2cc08c98a735f695f3473bc6f9a4066ae863c1d54396b564881f355359df0,38e2cc08c98a735f695f3473bc6f9a4066ae863c1d54396b564881f355359df0,copy_verbatim
Pro00083__PET_L20__bidirectional__r1,production_tpr,01_simulation/inputs/runs/IsPETase_L20_bi/rep01/MD.tpr,9441028,48e0f9ed9877b55652720fabee0b336d38272dd22036872504e15604a7989e84,48e0f9ed9877b55652720fabee0b336d38272dd22036872504e15604a7989e84,copy_verbatim
Pro00083__PET_L20__bidirectional__r2,production_tpr,01_simulation/inputs/runs/IsPETase_L20_bi/rep02/MD.tpr,9441028,d8a1761145e456607acee3d40de674eea13d31f39089aa88dbe01cfee2e4dd83,d8a1761145e456607acee3d40de674eea13d31f39089aa88dbe01cfee2e4dd83,copy_verbatim
Pro00083__PET_L20__bidirectional__r3,production_tpr,01_simulation/inputs/runs/IsPETase_L20_bi/rep03/MD.tpr,9441028,2d8b13e48c3faf88f2980cd3140b15382b023d9ac43b7df8d73055efe80790e1,2d8b13e48c3faf88f2980cd3140b15382b023d9ac43b7df8d73055efe80790e1,copy_verbatim
Pro00083__PET_L20__head-side__r1,production_tpr,01_simulation/inputs/runs/IsPETase_L20_head/rep01/MD.tpr,9439752,9cb769d5bb80eb568364e0f29abb894b33dabcd39a11901480b8e7245b618b6a,9cb769d5bb80eb568364e0f29abb894b33dabcd39a11901480b8e7245b618b6a,copy_verbatim
Pro00083__PET_L20__head-side__r2,production_tpr,01_simulation/inputs/runs/IsPETase_L20_head/rep02/MD.tpr,9439752,b092a8f9a67ee2367d268e4344a5b4d4e95c264dd794ff9bcc1809748fd658a0,b092a8f9a67ee2367d268e4344a5b4d4e95c264dd794ff9bcc1809748fd658a0,copy_verbatim
Pro00083__PET_L20__head-side__r3,production_tpr,01_simulation/inputs/runs/IsPETase_L20_head/rep03/MD.tpr,9439752,7d419beda2dd0669cc9897c573dbd4b5729b341a0ac872119b13b83fb3ac7f1a,7d419beda2dd0669cc9897c573dbd4b5729b341a0ac872119b13b83fb3ac7f1a,copy_verbatim
Pro00083__PET_L20__tail-side__r1,production_tpr,01_simulation/inputs/runs/IsPETase_L20_tail/rep01/MD.tpr,9441028,8d9f550c3f67e23da65224a360571797eb910e9a6d2ee9eac912cba4cc431189,8d9f550c3f67e23da65224a360571797eb910e9a6d2ee9eac912cba4cc431189,copy_verbatim
Pro00083__PET_L20__tail-side__r2,production_tpr,01_simulation/inputs/runs/IsPETase_L20_tail/rep02/MD.tpr,9441028,ca885a79fd27a73c3ef45b313d308f3b408b94593d464bc2c7bdfd2f3c8557df,ca885a79fd27a73c3ef45b313d308f3b408b94593d464bc2c7bdfd2f3c8557df,copy_verbatim
Pro00083__PET_L20__tail-side__r3,production_tpr,01_simulation/inputs/runs/IsPETase_L20_tail/rep03/MD.tpr,9441028,22dc7df056cdab9bd2218e571fc06b4845eb2ea42c129f44df1a97f230de4c6d,22dc7df056cdab9bd2218e571fc06b4845eb2ea42c129f44df1a97f230de4c6d,copy_verbatim
Pro00083__PET_L4__single__r1,production_tpr,01_simulation/inputs/runs/IsPETase_L4_single/rep01/MD.tpr,3691412,a1cfb740687ea64714178bc6502980208bf45cba275f6b7f251c7d1ace9e7045,a1cfb740687ea64714178bc6502980208bf45cba275f6b7f251c7d1ace9e7045,copy_verbatim
Pro00083__PET_L4__single__r2,production_tpr,01_simulation/inputs/runs/IsPETase_L4_single/rep02/MD.tpr,3691412,034d0323ee56212f6915e69ab63ff490c193f4c036a58b193fac9b4529ce6581,034d0323ee56212f6915e69ab63ff490c193f4c036a58b193fac9b4529ce6581,copy_verbatim
Pro00083__PET_L4__single__r3,production_tpr,01_simulation/inputs/runs/IsPETase_L4_single/rep03/MD.tpr,3691412,d38b74df6304b4f6266b822d22d6125a4a018177f3c8799e2c7d6a95df14b588,d38b74df6304b4f6266b822d22d6125a4a018177f3c8799e2c7d6a95df14b588,copy_verbatim
Pro00121__PET_L10__bidirectional__r1,production_tpr,01_simulation/inputs/runs/HiC_L10_bi/rep01/MD.tpr,6328896,e5cea5f661ced13b40b804536b27f53751f32f0c5e66ddf2f6e1da365eed3fa6,e5cea5f661ced13b40b804536b27f53751f32f0c5e66ddf2f6e1da365eed3fa6,copy_verbatim
Pro00121__PET_L10__bidirectional__r2,production_tpr,01_simulation/inputs/runs/HiC_L10_bi/rep02/MD.tpr,6328896,f4a2ebed80a686275abf0e97939df8c9bc79414f226bf73ad5ccadb7f128a52e,f4a2ebed80a686275abf0e97939df8c9bc79414f226bf73ad5ccadb7f128a52e,copy_verbatim
Pro00121__PET_L10__bidirectional__r3,production_tpr,01_simulation/inputs/runs/HiC_L10_bi/rep03/MD.tpr,6328896,6febcb5b8bbe58b92c6e14b3c160d090a38343d3873837652416ad3813dd7a59,6febcb5b8bbe58b92c6e14b3c160d090a38343d3873837652416ad3813dd7a59,copy_verbatim
Pro00121__PET_L10__head-side__r1,production_tpr,01_simulation/inputs/runs/HiC_L10_head/rep01/MD.tpr,6330320,f4886518a3bac8358b7efb68ddc68cd883d96cdcdd421f493e5fe3294bbee585,f4886518a3bac8358b7efb68ddc68cd883d96cdcdd421f493e5fe3294bbee585,copy_verbatim
Pro00121__PET_L10__head-side__r2,production_tpr,01_simulation/inputs/runs/HiC_L10_head/rep02/MD.tpr,6330320,44291b75bbe90f64b07ba8745735817df92132e3cba3942cf1ed95de3200fba2,44291b75bbe90f64b07ba8745735817df92132e3cba3942cf1ed95de3200fba2,copy_verbatim
Pro00121__PET_L10__head-side__r3,production_tpr,01_simulation/inputs/runs/HiC_L10_head/rep03/MD.tpr,6330320,31aa1290d34688edbf98374e66ba949dd19baeabd703163449630e72b5555eae,31aa1290d34688edbf98374e66ba949dd19baeabd703163449630e72b5555eae,copy_verbatim
Pro00121__PET_L10__tail-side__r1,production_tpr,01_simulation/inputs/runs/HiC_L10_tail/rep01/MD.tpr,6327920,4c39a008a0bfe0f53b0f1cfe429fe8151d3b9fe285b0d1e9256958e113015807,4c39a008a0bfe0f53b0f1cfe429fe8151d3b9fe285b0d1e9256958e113015807,copy_verbatim
Pro00121__PET_L10__tail-side__r2,production_tpr,01_simulation/inputs/runs/HiC_L10_tail/rep02/MD.tpr,6327920,a5bd543701b7bdce1bd24f66fd2513a2da9522306e0a54ab0f9d238f061a8e08,a5bd543701b7bdce1bd24f66fd2513a2da9522306e0a54ab0f9d238f061a8e08,copy_verbatim
Pro00121__PET_L10__tail-side__r3,production_tpr,01_simulation/inputs/runs/HiC_L10_tail/rep03/MD.tpr,6327920,bec9a25e2a74e2be0feb9dc5e7284f8b00d50bd7e85d768a69c01c967fcea8f6,bec9a25e2a74e2be0feb9dc5e7284f8b00d50bd7e85d768a69c01c967fcea8f6,copy_verbatim
Pro00121__PET_L20__bidirectional__r1,production_tpr,01_simulation/inputs/runs/HiC_L20_bi/rep01/MD.tpr,9133836,3ece076300d64de0a6945150d46648ef891419592140a000528bb9de9a53e5dd,3ece076300d64de0a6945150d46648ef891419592140a000528bb9de9a53e5dd,copy_verbatim
Pro00121__PET_L20__bidirectional__r2,production_tpr,01_simulation/inputs/runs/HiC_L20_bi/rep02/MD.tpr,9133836,b65b7621349d013421131c104d65af23ea2a8f903cd865259e2813293efa2782,b65b7621349d013421131c104d65af23ea2a8f903cd865259e2813293efa2782,copy_verbatim
Pro00121__PET_L20__bidirectional__r3,production_tpr,01_simulation/inputs/runs/HiC_L20_bi/rep03/MD.tpr,9133836,0b2e9e4b0e68ea115efe0401a7e3b0ef4f9e6e7d2bf3ba40dce6976669a8b770,0b2e9e4b0e68ea115efe0401a7e3b0ef4f9e6e7d2bf3ba40dce6976669a8b770,copy_verbatim
Pro00121__PET_L20__head-side__r1,production_tpr,01_simulation/inputs/runs/HiC_L20_head/rep01/MD.tpr,9135112,4498023d2e0dbfe81c8e2638ad73be51bbe5cdc57e85aac69281586e8f7f8677,4498023d2e0dbfe81c8e2638ad73be51bbe5cdc57e85aac69281586e8f7f8677,copy_verbatim
Pro00121__PET_L20__head-side__r2,production_tpr,01_simulation/inputs/runs/HiC_L20_head/rep02/MD.tpr,9135112,f911b472f464d373e00c9376033272c303fc7c7938f83dbb465ab71a7daf7461,f911b472f464d373e00c9376033272c303fc7c7938f83dbb465ab71a7daf7461,copy_verbatim
Pro00121__PET_L20__head-side__r3,production_tpr,01_simulation/inputs/runs/HiC_L20_head/rep03/MD.tpr,9135112,8646b5f4f75806084426855a56d39d1105d51901c56e85a53b9871601f0bbe54,8646b5f4f75806084426855a56d39d1105d51901c56e85a53b9871601f0bbe54,copy_verbatim
Pro00121__PET_L20__tail-side__r1,production_tpr,01_simulation/inputs/runs/HiC_L20_tail/rep01/MD.tpr,9135260,a6ed1d86d6ccf70291a201d3c28b1058f762450fa200f5ebcb188c5862ab475b,a6ed1d86d6ccf70291a201d3c28b1058f762450fa200f5ebcb188c5862ab475b,copy_verbatim
Pro00121__PET_L20__tail-side__r2,production_tpr,01_simulation/inputs/runs/HiC_L20_tail/rep02/MD.tpr,9135260,e226c0b35d13c331a73c843ef58e5fe3aa0f247836447acc397769bd47185d4c,e226c0b35d13c331a73c843ef58e5fe3aa0f247836447acc397769bd47185d4c,copy_verbatim
Pro00121__PET_L20__tail-side__r3,production_tpr,01_simulation/inputs/runs/HiC_L20_tail/rep03/MD.tpr,9135260,6f31c1aeee6719f45731b2bfe12bfc03ca59bfb54c0d03eeb002b52f6f24fddf,6f31c1aeee6719f45731b2bfe12bfc03ca59bfb54c0d03eeb002b52f6f24fddf,copy_verbatim
Pro00121__PET_L4__single__r1,production_tpr,01_simulation/inputs/runs/HiC_L4_single/rep01/MD.tpr,3386096,f0320597399bb69ec0d5776145f20981bd1f8ed713aed551075c5c6110f79e4e,f0320597399bb69ec0d5776145f20981bd1f8ed713aed551075c5c6110f79e4e,copy_verbatim
Pro00121__PET_L4__single__r2,production_tpr,01_simulation/inputs/runs/HiC_L4_single/rep02/MD.tpr,3386096,734fe51773f35b996f482d905cd13137992b28dc17878768cade02936a3813db,734fe51773f35b996f482d905cd13137992b28dc17878768cade02936a3813db,copy_verbatim
Pro00121__PET_L4__single__r3,production_tpr,01_simulation/inputs/runs/HiC_L4_single/rep03/MD.tpr,3386096,057029d688d5cef3c84db6c2ac9f35056aaef3f34ae01bacbab93b7cea81fd59,057029d688d5cef3c84db6c2ac9f35056aaef3f34ae01bacbab93b7cea81fd59,copy_verbatim
Pro00137__PET_L10__bidirectional__r1,production_tpr,01_simulation/inputs/runs/PHL7_L10_bi/rep01/MD.tpr,6601284,6c90743d7267deab3bae0bfa89729aeec66719b411d93f4815e974601adfb370,6c90743d7267deab3bae0bfa89729aeec66719b411d93f4815e974601adfb370,copy_verbatim
Pro00137__PET_L10__bidirectional__r2,production_tpr,01_simulation/inputs/runs/PHL7_L10_bi/rep02/MD.tpr,6601284,476f19dc5865d8cc51ebf4bc68b3ef5edec968f5108a5964c977d70f953e5b4a,476f19dc5865d8cc51ebf4bc68b3ef5edec968f5108a5964c977d70f953e5b4a,copy_verbatim
Pro00137__PET_L10__bidirectional__r3,production_tpr,01_simulation/inputs/runs/PHL7_L10_bi/rep03/MD.tpr,6601284,ee612f36e2f72ec847dceb35bdc507e1cd934db6841e6d76fe89499f2399c54b,ee612f36e2f72ec847dceb35bdc507e1cd934db6841e6d76fe89499f2399c54b,copy_verbatim
Pro00137__PET_L10__head-side__r1,production_tpr,01_simulation/inputs/runs/PHL7_L10_head/rep01/MD.tpr,6600084,d2d5dba307c0e34f1211973516726ce2772759e992bd584ee355787732808617,d2d5dba307c0e34f1211973516726ce2772759e992bd584ee355787732808617,copy_verbatim
Pro00137__PET_L10__head-side__r2,production_tpr,01_simulation/inputs/runs/PHL7_L10_head/rep02/MD.tpr,6600084,f7b69dbd25ed7f2635c7d1013e9e7a44ebd25a09e14e4df08947c5ff0d23e13d,f7b69dbd25ed7f2635c7d1013e9e7a44ebd25a09e14e4df08947c5ff0d23e13d,copy_verbatim
Pro00137__PET_L10__head-side__r3,production_tpr,01_simulation/inputs/runs/PHL7_L10_head/rep03/MD.tpr,6600084,5ee448d6802a33901f5b48ff629711b9ebad133f1adc9bed8d347fe7ca283059,5ee448d6802a33901f5b48ff629711b9ebad133f1adc9bed8d347fe7ca283059,copy_verbatim
Pro00137__PET_L10__tail-side__r1,production_tpr,01_simulation/inputs/runs/PHL7_L10_tail/rep01/MD.tpr,6601732,a001b5ac4a2fadb93f2284096e90bf6123a5da9ccc6cd4fbc22b594c987db218,a001b5ac4a2fadb93f2284096e90bf6123a5da9ccc6cd4fbc22b594c987db218,copy_verbatim
Pro00137__PET_L10__tail-side__r2,production_tpr,01_simulation/inputs/runs/PHL7_L10_tail/rep02/MD.tpr,6601732,3817a6be1e3e19ecbe5bc5972c15cf322b22b7e1601977871fa5c45918e00957,3817a6be1e3e19ecbe5bc5972c15cf322b22b7e1601977871fa5c45918e00957,copy_verbatim
Pro00137__PET_L10__tail-side__r3,production_tpr,01_simulation/inputs/runs/PHL7_L10_tail/rep03/MD.tpr,6601732,5addf99c82bd2f88b488c6bbd5315497cccf35b4b3619cfeaf7125380c71e38b,5addf99c82bd2f88b488c6bbd5315497cccf35b4b3619cfeaf7125380c71e38b,copy_verbatim
Pro00137__PET_L20__bidirectional__r1,production_tpr,01_simulation/inputs/runs/PHL7_L20_bi/rep01/MD.tpr,9405248,b1ed9acacd6f8a94e95c193f7a9dd31b3417a70b3f655b3adc42688a58df89da,b1ed9acacd6f8a94e95c193f7a9dd31b3417a70b3f655b3adc42688a58df89da,copy_verbatim
Pro00137__PET_L20__bidirectional__r2,production_tpr,01_simulation/inputs/runs/PHL7_L20_bi/rep02/MD.tpr,9405248,7ecddfb85d89fe0f50b21add7cabe8d7a4b1ee128509ecc6d6f392fa503d59ab,7ecddfb85d89fe0f50b21add7cabe8d7a4b1ee128509ecc6d6f392fa503d59ab,copy_verbatim
Pro00137__PET_L20__bidirectional__r3,production_tpr,01_simulation/inputs/runs/PHL7_L20_bi/rep03/MD.tpr,9405248,215b2d9921927fca99a13bedbf78433c21d66f5ac0e973152163cb5975e36178,215b2d9921927fca99a13bedbf78433c21d66f5ac0e973152163cb5975e36178,copy_verbatim
Pro00137__PET_L20__head-side__r1,production_tpr,01_simulation/inputs/runs/PHL7_L20_head/rep01/MD.tpr,9406372,1dcc9e5319eb342c2939b1c74264a523090d422cbef495c1e6772d375f5f0e99,1dcc9e5319eb342c2939b1c74264a523090d422cbef495c1e6772d375f5f0e99,copy_verbatim
Pro00137__PET_L20__head-side__r2,production_tpr,01_simulation/inputs/runs/PHL7_L20_head/rep02/MD.tpr,9406372,6a96aa0578c8de3538023b1f87c8ccf90f8a1b398c2e871aa6ebccd8024ce468,6a96aa0578c8de3538023b1f87c8ccf90f8a1b398c2e871aa6ebccd8024ce468,copy_verbatim
Pro00137__PET_L20__head-side__r3,production_tpr,01_simulation/inputs/runs/PHL7_L20_head/rep03/MD.tpr,9406372,4aac7f6410d8f2288d737d5d68c360c40ec33514ba3a40bc249b721d76d0a255,4aac7f6410d8f2288d737d5d68c360c40ec33514ba3a40bc249b721d76d0a255,copy_verbatim
Pro00137__PET_L20__tail-side__r1,production_tpr,01_simulation/inputs/runs/PHL7_L20_tail/rep01/MD.tpr,9406672,292592d9236544437fd4d619544d46c5cb5d4d6bd694c242a560f673b63b07a2,292592d9236544437fd4d619544d46c5cb5d4d6bd694c242a560f673b63b07a2,copy_verbatim
Pro00137__PET_L20__tail-side__r2,production_tpr,01_simulation/inputs/runs/PHL7_L20_tail/rep02/MD.tpr,9406672,a596572d570953d34ab5ed04d138c54c24031bb45a26c3712fc14bdd4343d51c,a596572d570953d34ab5ed04d138c54c24031bb45a26c3712fc14bdd4343d51c,copy_verbatim
Pro00137__PET_L20__tail-side__r3,production_tpr,01_simulation/inputs/runs/PHL7_L20_tail/rep03/MD.tpr,9406672,6e76fb624c81069b83d51611371dd28e312ed7b4692004aca2df640c65327f14,6e76fb624c81069b83d51611371dd28e312ed7b4692004aca2df640c65327f14,copy_verbatim
Pro00137__PET_L4__single__r1,production_tpr,01_simulation/inputs/runs/PHL7_L4_single/rep01/MD.tpr,3659684,d2bd411220f94f76c2b16bd4e7e55ef8408f47afa052edffba01edc8970e1740,d2bd411220f94f76c2b16bd4e7e55ef8408f47afa052edffba01edc8970e1740,copy_verbatim
Pro00137__PET_L4__single__r2,production_tpr,01_simulation/inputs/runs/PHL7_L4_single/rep02/MD.tpr,3659684,01045a927f398f2cdc51f53c8a7d3a187cc9454f3b384f0dde5d848a909ed569,01045a927f398f2cdc51f53c8a7d3a187cc9454f3b384f0dde5d848a909ed569,copy_verbatim
Pro00137__PET_L4__single__r3,production_tpr,01_simulation/inputs/runs/PHL7_L4_single/rep03/MD.tpr,3659684,1e1fda84af4202d00ff078887efa015f6c29a21aa7b82485cdaa793a25e4c14b,1e1fda84af4202d00ff078887efa015f6c29a21aa7b82485cdaa793a25e4c14b,copy_verbatim
