trajectory_id,protein_id,protein,pet_kind,pet_length,direction,replica_id,stability_verdict,residue,residue_label,rmsf_nm,mapping_class,mapping_note,relative_position,is_marker
Pro00083_PET_L4_single_r01,Pro00083,IsPETase,PET_L4,4,single,1,WARN,182,Q182,0.1163,reference,IsPETase reference segment specified in the teacher refinement memo.,-3,False
Pro00083_PET_L4_single_r01,Pro00083,IsPETase,PET_L4,4,single,1,WARN,183,A183,0.1433,reference,IsPETase reference segment specified in the teacher refinement memo.,-2,False
Pro00083_PET_L4_single_r01,Pro00083,IsPETase,PET_L4,4,single,1,WARN,184,P184,0.131,reference,IsPETase reference segment specified in the teacher refinement memo.,-1,False
Pro00083_PET_L4_single_r01,Pro00083,IsPETase,PET_L4,4,single,1,WARN,185,W185,0.1629,reference,IsPETase reference segment specified in the teacher refinement memo.,0,True
Pro00083_PET_L4_single_r01,Pro00083,IsPETase,PET_L4,4,single,1,WARN,186,D186,0.1615,reference,IsPETase reference segment specified in the teacher refinement memo.,1,False
Pro00083_PET_L4_single_r01,Pro00083,IsPETase,PET_L4,4,single,1,WARN,187,S187,0.1958,reference,IsPETase reference segment specified in the teacher refinement memo.,2,False
Pro00083_PET_L4_single_r01,Pro00083,IsPETase,PET_L4,4,single,1,WARN,188,S188,0.1875,reference,IsPETase reference segment specified in the teacher refinement memo.,3,False
Pro00083_PET_L4_single_r01,Pro00083,IsPETase,PET_L4,4,single,1,WARN,189,T189,0.183,reference,IsPETase reference segment specified in the teacher refinement memo.,4,False
Pro00083_PET_L4_single_r01,Pro00083,IsPETase,PET_L4,4,single,1,WARN,190,N190,0.1838,reference,IsPETase reference segment specified in the teacher refinement memo.,5,False
Pro00083_PET_L4_single_r01,Pro00083,IsPETase,PET_L4,4,single,1,WARN,191,F191,0.1607,reference,IsPETase reference segment specified in the teacher refinement memo.,6,False
Pro00083_PET_L4_single_r01,Pro00083,IsPETase,PET_L4,4,single,1,WARN,192,S192,0.19,reference,IsPETase reference segment specified in the teacher refinement memo.,7,False
Pro00083_PET_L4_single_r02,Pro00083,IsPETase,PET_L4,4,single,2,WARN,182,Q182,0.1723,reference,IsPETase reference segment specified in the teacher refinement memo.,-3,False
Pro00083_PET_L4_single_r02,Pro00083,IsPETase,PET_L4,4,single,2,WARN,183,A183,0.2086,reference,IsPETase reference segment specified in the teacher refinement memo.,-2,False
Pro00083_PET_L4_single_r02,Pro00083,IsPETase,PET_L4,4,single,2,WARN,184,P184,0.1871,reference,IsPETase reference segment specified in the teacher refinement memo.,-1,False
Pro00083_PET_L4_single_r02,Pro00083,IsPETase,PET_L4,4,single,2,WARN,185,W185,0.206,reference,IsPETase reference segment specified in the teacher refinement memo.,0,True
Pro00083_PET_L4_single_r02,Pro00083,IsPETase,PET_L4,4,single,2,WARN,186,D186,0.213,reference,IsPETase reference segment specified in the teacher refinement memo.,1,False
Pro00083_PET_L4_single_r02,Pro00083,IsPETase,PET_L4,4,single,2,WARN,187,S187,0.2483,reference,IsPETase reference segment specified in the teacher refinement memo.,2,False
Pro00083_PET_L4_single_r02,Pro00083,IsPETase,PET_L4,4,single,2,WARN,188,S188,0.2664,reference,IsPETase reference segment specified in the teacher refinement memo.,3,False
Pro00083_PET_L4_single_r02,Pro00083,IsPETase,PET_L4,4,single,2,WARN,189,T189,0.2631,reference,IsPETase reference segment specified in the teacher refinement memo.,4,False
Pro00083_PET_L4_single_r02,Pro00083,IsPETase,PET_L4,4,single,2,WARN,190,N190,0.2741,reference,IsPETase reference segment specified in the teacher refinement memo.,5,False
Pro00083_PET_L4_single_r02,Pro00083,IsPETase,PET_L4,4,single,2,WARN,191,F191,0.2429,reference,IsPETase reference segment specified in the teacher refinement memo.,6,False
Pro00083_PET_L4_single_r02,Pro00083,IsPETase,PET_L4,4,single,2,WARN,192,S192,0.2827,reference,IsPETase reference segment specified in the teacher refinement memo.,7,False
Pro00083_PET_L10_head_side_r02,Pro00083,IsPETase,PET_L10,10,head-side,2,WARN,182,Q182,0.1108,reference,IsPETase reference segment specified in the teacher refinement memo.,-3,False
Pro00083_PET_L10_head_side_r02,Pro00083,IsPETase,PET_L10,10,head-side,2,WARN,183,A183,0.1518,reference,IsPETase reference segment specified in the teacher refinement memo.,-2,False
Pro00083_PET_L10_head_side_r02,Pro00083,IsPETase,PET_L10,10,head-side,2,WARN,184,P184,0.1528,reference,IsPETase reference segment specified in the teacher refinement memo.,-1,False
Pro00083_PET_L10_head_side_r02,Pro00083,IsPETase,PET_L10,10,head-side,2,WARN,185,W185,0.2004,reference,IsPETase reference segment specified in the teacher refinement memo.,0,True
Pro00083_PET_L10_head_side_r02,Pro00083,IsPETase,PET_L10,10,head-side,2,WARN,186,D186,0.2178,reference,IsPETase reference segment specified in the teacher refinement memo.,1,False
Pro00083_PET_L10_head_side_r02,Pro00083,IsPETase,PET_L10,10,head-side,2,WARN,187,S187,0.2578,reference,IsPETase reference segment specified in the teacher refinement memo.,2,False
Pro00083_PET_L10_head_side_r02,Pro00083,IsPETase,PET_L10,10,head-side,2,WARN,188,S188,0.2425,reference,IsPETase reference segment specified in the teacher refinement memo.,3,False
Pro00083_PET_L10_head_side_r02,Pro00083,IsPETase,PET_L10,10,head-side,2,WARN,189,T189,0.2098,reference,IsPETase reference segment specified in the teacher refinement memo.,4,False
Pro00083_PET_L10_head_side_r02,Pro00083,IsPETase,PET_L10,10,head-side,2,WARN,190,N190,0.2173,reference,IsPETase reference segment specified in the teacher refinement memo.,5,False
Pro00083_PET_L10_head_side_r02,Pro00083,IsPETase,PET_L10,10,head-side,2,WARN,191,F191,0.1992,reference,IsPETase reference segment specified in the teacher refinement memo.,6,False
Pro00083_PET_L10_head_side_r02,Pro00083,IsPETase,PET_L10,10,head-side,2,WARN,192,S192,0.2269,reference,IsPETase reference segment specified in the teacher refinement memo.,7,False
Pro00083_PET_L10_head_side_r03,Pro00083,IsPETase,PET_L10,10,head-side,3,WARN,182,Q182,0.1413,reference,IsPETase reference segment specified in the teacher refinement memo.,-3,False
Pro00083_PET_L10_head_side_r03,Pro00083,IsPETase,PET_L10,10,head-side,3,WARN,183,A183,0.2232,reference,IsPETase reference segment specified in the teacher refinement memo.,-2,False
Pro00083_PET_L10_head_side_r03,Pro00083,IsPETase,PET_L10,10,head-side,3,WARN,184,P184,0.255,reference,IsPETase reference segment specified in the teacher refinement memo.,-1,False
Pro00083_PET_L10_head_side_r03,Pro00083,IsPETase,PET_L10,10,head-side,3,WARN,185,W185,0.3723,reference,IsPETase reference segment specified in the teacher refinement memo.,0,True
Pro00083_PET_L10_head_side_r03,Pro00083,IsPETase,PET_L10,10,head-side,3,WARN,186,D186,0.4494,reference,IsPETase reference segment specified in the teacher refinement memo.,1,False
Pro00083_PET_L10_head_side_r03,Pro00083,IsPETase,PET_L10,10,head-side,3,WARN,187,S187,0.5475,reference,IsPETase reference segment specified in the teacher refinement memo.,2,False
Pro00083_PET_L10_head_side_r03,Pro00083,IsPETase,PET_L10,10,head-side,3,WARN,188,S188,0.5273,reference,IsPETase reference segment specified in the teacher refinement memo.,3,False
Pro00083_PET_L10_head_side_r03,Pro00083,IsPETase,PET_L10,10,head-side,3,WARN,189,T189,0.4447,reference,IsPETase reference segment specified in the teacher refinement memo.,4,False
Pro00083_PET_L10_head_side_r03,Pro00083,IsPETase,PET_L10,10,head-side,3,WARN,190,N190,0.4737,reference,IsPETase reference segment specified in the teacher refinement memo.,5,False
Pro00083_PET_L10_head_side_r03,Pro00083,IsPETase,PET_L10,10,head-side,3,WARN,191,F191,0.4186,reference,IsPETase reference segment specified in the teacher refinement memo.,6,False
Pro00083_PET_L10_head_side_r03,Pro00083,IsPETase,PET_L10,10,head-side,3,WARN,192,S192,0.4735,reference,IsPETase reference segment specified in the teacher refinement memo.,7,False
Pro00083_PET_L10_tail_side_r03,Pro00083,IsPETase,PET_L10,10,tail-side,3,WARN,182,Q182,0.0789,reference,IsPETase reference segment specified in the teacher refinement memo.,-3,False
Pro00083_PET_L10_tail_side_r03,Pro00083,IsPETase,PET_L10,10,tail-side,3,WARN,183,A183,0.1121,reference,IsPETase reference segment specified in the teacher refinement memo.,-2,False
Pro00083_PET_L10_tail_side_r03,Pro00083,IsPETase,PET_L10,10,tail-side,3,WARN,184,P184,0.1254,reference,IsPETase reference segment specified in the teacher refinement memo.,-1,False
Pro00083_PET_L10_tail_side_r03,Pro00083,IsPETase,PET_L10,10,tail-side,3,WARN,185,W185,0.1685,reference,IsPETase reference segment specified in the teacher refinement memo.,0,True
Pro00083_PET_L10_tail_side_r03,Pro00083,IsPETase,PET_L10,10,tail-side,3,WARN,186,D186,0.2079,reference,IsPETase reference segment specified in the teacher refinement memo.,1,False
Pro00083_PET_L10_tail_side_r03,Pro00083,IsPETase,PET_L10,10,tail-side,3,WARN,187,S187,0.2558,reference,IsPETase reference segment specified in the teacher refinement memo.,2,False
Pro00083_PET_L10_tail_side_r03,Pro00083,IsPETase,PET_L10,10,tail-side,3,WARN,188,S188,0.2513,reference,IsPETase reference segment specified in the teacher refinement memo.,3,False
Pro00083_PET_L10_tail_side_r03,Pro00083,IsPETase,PET_L10,10,tail-side,3,WARN,189,T189,0.212,reference,IsPETase reference segment specified in the teacher refinement memo.,4,False
Pro00083_PET_L10_tail_side_r03,Pro00083,IsPETase,PET_L10,10,tail-side,3,WARN,190,N190,0.2313,reference,IsPETase reference segment specified in the teacher refinement memo.,5,False
Pro00083_PET_L10_tail_side_r03,Pro00083,IsPETase,PET_L10,10,tail-side,3,WARN,191,F191,0.2119,reference,IsPETase reference segment specified in the teacher refinement memo.,6,False
Pro00083_PET_L10_tail_side_r03,Pro00083,IsPETase,PET_L10,10,tail-side,3,WARN,192,S192,0.2419,reference,IsPETase reference segment specified in the teacher refinement memo.,7,False
Pro00083_PET_L10_bidirectional_r01,Pro00083,IsPETase,PET_L10,10,bidirectional,1,WARN,182,Q182,0.1291,reference,IsPETase reference segment specified in the teacher refinement memo.,-3,False
Pro00083_PET_L10_bidirectional_r01,Pro00083,IsPETase,PET_L10,10,bidirectional,1,WARN,183,A183,0.178,reference,IsPETase reference segment specified in the teacher refinement memo.,-2,False
Pro00083_PET_L10_bidirectional_r01,Pro00083,IsPETase,PET_L10,10,bidirectional,1,WARN,184,P184,0.1819,reference,IsPETase reference segment specified in the teacher refinement memo.,-1,False
Pro00083_PET_L10_bidirectional_r01,Pro00083,IsPETase,PET_L10,10,bidirectional,1,WARN,185,W185,0.2642,reference,IsPETase reference segment specified in the teacher refinement memo.,0,True
Pro00083_PET_L10_bidirectional_r01,Pro00083,IsPETase,PET_L10,10,bidirectional,1,WARN,186,D186,0.3224,reference,IsPETase reference segment specified in the teacher refinement memo.,1,False
Pro00083_PET_L10_bidirectional_r01,Pro00083,IsPETase,PET_L10,10,bidirectional,1,WARN,187,S187,0.4002,reference,IsPETase reference segment specified in the teacher refinement memo.,2,False
Pro00083_PET_L10_bidirectional_r01,Pro00083,IsPETase,PET_L10,10,bidirectional,1,WARN,188,S188,0.3725,reference,IsPETase reference segment specified in the teacher refinement memo.,3,False
Pro00083_PET_L10_bidirectional_r01,Pro00083,IsPETase,PET_L10,10,bidirectional,1,WARN,189,T189,0.299,reference,IsPETase reference segment specified in the teacher refinement memo.,4,False
Pro00083_PET_L10_bidirectional_r01,Pro00083,IsPETase,PET_L10,10,bidirectional,1,WARN,190,N190,0.3263,reference,IsPETase reference segment specified in the teacher refinement memo.,5,False
Pro00083_PET_L10_bidirectional_r01,Pro00083,IsPETase,PET_L10,10,bidirectional,1,WARN,191,F191,0.303,reference,IsPETase reference segment specified in the teacher refinement memo.,6,False
Pro00083_PET_L10_bidirectional_r01,Pro00083,IsPETase,PET_L10,10,bidirectional,1,WARN,192,S192,0.35,reference,IsPETase reference segment specified in the teacher refinement memo.,7,False
Pro00083_PET_L20_head_side_r01,Pro00083,IsPETase,PET_L20,20,head-side,1,WARN,182,Q182,0.149,reference,IsPETase reference segment specified in the teacher refinement memo.,-3,False
Pro00083_PET_L20_head_side_r01,Pro00083,IsPETase,PET_L20,20,head-side,1,WARN,183,A183,0.2259,reference,IsPETase reference segment specified in the teacher refinement memo.,-2,False
Pro00083_PET_L20_head_side_r01,Pro00083,IsPETase,PET_L20,20,head-side,1,WARN,184,P184,0.2667,reference,IsPETase reference segment specified in the teacher refinement memo.,-1,False
Pro00083_PET_L20_head_side_r01,Pro00083,IsPETase,PET_L20,20,head-side,1,WARN,185,W185,0.3483,reference,IsPETase reference segment specified in the teacher refinement memo.,0,True
Pro00083_PET_L20_head_side_r01,Pro00083,IsPETase,PET_L20,20,head-side,1,WARN,186,D186,0.3959,reference,IsPETase reference segment specified in the teacher refinement memo.,1,False
Pro00083_PET_L20_head_side_r01,Pro00083,IsPETase,PET_L20,20,head-side,1,WARN,187,S187,0.4825,reference,IsPETase reference segment specified in the teacher refinement memo.,2,False
Pro00083_PET_L20_head_side_r01,Pro00083,IsPETase,PET_L20,20,head-side,1,WARN,188,S188,0.4828,reference,IsPETase reference segment specified in the teacher refinement memo.,3,False
Pro00083_PET_L20_head_side_r01,Pro00083,IsPETase,PET_L20,20,head-side,1,WARN,189,T189,0.4436,reference,IsPETase reference segment specified in the teacher refinement memo.,4,False
Pro00083_PET_L20_head_side_r01,Pro00083,IsPETase,PET_L20,20,head-side,1,WARN,190,N190,0.4617,reference,IsPETase reference segment specified in the teacher refinement memo.,5,False
Pro00083_PET_L20_head_side_r01,Pro00083,IsPETase,PET_L20,20,head-side,1,WARN,191,F191,0.4094,reference,IsPETase reference segment specified in the teacher refinement memo.,6,False
Pro00083_PET_L20_head_side_r01,Pro00083,IsPETase,PET_L20,20,head-side,1,WARN,192,S192,0.4631,reference,IsPETase reference segment specified in the teacher refinement memo.,7,False
Pro00083_PET_L20_head_side_r02,Pro00083,IsPETase,PET_L20,20,head-side,2,WARN,182,Q182,0.0715,reference,IsPETase reference segment specified in the teacher refinement memo.,-3,False
Pro00083_PET_L20_head_side_r02,Pro00083,IsPETase,PET_L20,20,head-side,2,WARN,183,A183,0.0989,reference,IsPETase reference segment specified in the teacher refinement memo.,-2,False
Pro00083_PET_L20_head_side_r02,Pro00083,IsPETase,PET_L20,20,head-side,2,WARN,184,P184,0.1065,reference,IsPETase reference segment specified in the teacher refinement memo.,-1,False
Pro00083_PET_L20_head_side_r02,Pro00083,IsPETase,PET_L20,20,head-side,2,WARN,185,W185,0.1452,reference,IsPETase reference segment specified in the teacher refinement memo.,0,True
Pro00083_PET_L20_head_side_r02,Pro00083,IsPETase,PET_L20,20,head-side,2,WARN,186,D186,0.1758,reference,IsPETase reference segment specified in the teacher refinement memo.,1,False
Pro00083_PET_L20_head_side_r02,Pro00083,IsPETase,PET_L20,20,head-side,2,WARN,187,S187,0.2179,reference,IsPETase reference segment specified in the teacher refinement memo.,2,False
Pro00083_PET_L20_head_side_r02,Pro00083,IsPETase,PET_L20,20,head-side,2,WARN,188,S188,0.2105,reference,IsPETase reference segment specified in the teacher refinement memo.,3,False
Pro00083_PET_L20_head_side_r02,Pro00083,IsPETase,PET_L20,20,head-side,2,WARN,189,T189,0.181,reference,IsPETase reference segment specified in the teacher refinement memo.,4,False
Pro00083_PET_L20_head_side_r02,Pro00083,IsPETase,PET_L20,20,head-side,2,WARN,190,N190,0.1875,reference,IsPETase reference segment specified in the teacher refinement memo.,5,False
Pro00083_PET_L20_head_side_r02,Pro00083,IsPETase,PET_L20,20,head-side,2,WARN,191,F191,0.1621,reference,IsPETase reference segment specified in the teacher refinement memo.,6,False
Pro00083_PET_L20_head_side_r02,Pro00083,IsPETase,PET_L20,20,head-side,2,WARN,192,S192,0.1836,reference,IsPETase reference segment specified in the teacher refinement memo.,7,False
Pro00083_PET_L20_head_side_r03,Pro00083,IsPETase,PET_L20,20,head-side,3,WARN,182,Q182,0.0844,reference,IsPETase reference segment specified in the teacher refinement memo.,-3,False
Pro00083_PET_L20_head_side_r03,Pro00083,IsPETase,PET_L20,20,head-side,3,WARN,183,A183,0.1143,reference,IsPETase reference segment specified in the teacher refinement memo.,-2,False
Pro00083_PET_L20_head_side_r03,Pro00083,IsPETase,PET_L20,20,head-side,3,WARN,184,P184,0.1315,reference,IsPETase reference segment specified in the teacher refinement memo.,-1,False
Pro00083_PET_L20_head_side_r03,Pro00083,IsPETase,PET_L20,20,head-side,3,WARN,185,W185,0.1976,reference,IsPETase reference segment specified in the teacher refinement memo.,0,True
Pro00083_PET_L20_head_side_r03,Pro00083,IsPETase,PET_L20,20,head-side,3,WARN,186,D186,0.2423,reference,IsPETase reference segment specified in the teacher refinement memo.,1,False
Pro00083_PET_L20_head_side_r03,Pro00083,IsPETase,PET_L20,20,head-side,3,WARN,187,S187,0.2878,reference,IsPETase reference segment specified in the teacher refinement memo.,2,False
Pro00083_PET_L20_head_side_r03,Pro00083,IsPETase,PET_L20,20,head-side,3,WARN,188,S188,0.2787,reference,IsPETase reference segment specified in the teacher refinement memo.,3,False
Pro00083_PET_L20_head_side_r03,Pro00083,IsPETase,PET_L20,20,head-side,3,WARN,189,T189,0.2337,reference,IsPETase reference segment specified in the teacher refinement memo.,4,False
Pro00083_PET_L20_head_side_r03,Pro00083,IsPETase,PET_L20,20,head-side,3,WARN,190,N190,0.2553,reference,IsPETase reference segment specified in the teacher refinement memo.,5,False
Pro00083_PET_L20_head_side_r03,Pro00083,IsPETase,PET_L20,20,head-side,3,WARN,191,F191,0.2264,reference,IsPETase reference segment specified in the teacher refinement memo.,6,False
Pro00083_PET_L20_head_side_r03,Pro00083,IsPETase,PET_L20,20,head-side,3,WARN,192,S192,0.2654,reference,IsPETase reference segment specified in the teacher refinement memo.,7,False
Pro00083_PET_L20_tail_side_r01,Pro00083,IsPETase,PET_L20,20,tail-side,1,WARN,182,Q182,0.1747,reference,IsPETase reference segment specified in the teacher refinement memo.,-3,False
Pro00083_PET_L20_tail_side_r01,Pro00083,IsPETase,PET_L20,20,tail-side,1,WARN,183,A183,0.2114,reference,IsPETase reference segment specified in the teacher refinement memo.,-2,False
Pro00083_PET_L20_tail_side_r01,Pro00083,IsPETase,PET_L20,20,tail-side,1,WARN,184,P184,0.2041,reference,IsPETase reference segment specified in the teacher refinement memo.,-1,False
Pro00083_PET_L20_tail_side_r01,Pro00083,IsPETase,PET_L20,20,tail-side,1,WARN,185,W185,0.27,reference,IsPETase reference segment specified in the teacher refinement memo.,0,True
Pro00083_PET_L20_tail_side_r01,Pro00083,IsPETase,PET_L20,20,tail-side,1,WARN,186,D186,0.312,reference,IsPETase reference segment specified in the teacher refinement memo.,1,False
Pro00083_PET_L20_tail_side_r01,Pro00083,IsPETase,PET_L20,20,tail-side,1,WARN,187,S187,0.3842,reference,IsPETase reference segment specified in the teacher refinement memo.,2,False
Pro00083_PET_L20_tail_side_r01,Pro00083,IsPETase,PET_L20,20,tail-side,1,WARN,188,S188,0.3655,reference,IsPETase reference segment specified in the teacher refinement memo.,3,False
Pro00083_PET_L20_tail_side_r01,Pro00083,IsPETase,PET_L20,20,tail-side,1,WARN,189,T189,0.3113,reference,IsPETase reference segment specified in the teacher refinement memo.,4,False
Pro00083_PET_L20_tail_side_r01,Pro00083,IsPETase,PET_L20,20,tail-side,1,WARN,190,N190,0.3189,reference,IsPETase reference segment specified in the teacher refinement memo.,5,False
Pro00083_PET_L20_tail_side_r01,Pro00083,IsPETase,PET_L20,20,tail-side,1,WARN,191,F191,0.2795,reference,IsPETase reference segment specified in the teacher refinement memo.,6,False
Pro00083_PET_L20_tail_side_r01,Pro00083,IsPETase,PET_L20,20,tail-side,1,WARN,192,S192,0.3182,reference,IsPETase reference segment specified in the teacher refinement memo.,7,False
Pro00083_PET_L20_tail_side_r02,Pro00083,IsPETase,PET_L20,20,tail-side,2,WARN,182,Q182,0.0657,reference,IsPETase reference segment specified in the teacher refinement memo.,-3,False
Pro00083_PET_L20_tail_side_r02,Pro00083,IsPETase,PET_L20,20,tail-side,2,WARN,183,A183,0.1118,reference,IsPETase reference segment specified in the teacher refinement memo.,-2,False
Pro00083_PET_L20_tail_side_r02,Pro00083,IsPETase,PET_L20,20,tail-side,2,WARN,184,P184,0.1327,reference,IsPETase reference segment specified in the teacher refinement memo.,-1,False
Pro00083_PET_L20_tail_side_r02,Pro00083,IsPETase,PET_L20,20,tail-side,2,WARN,185,W185,0.1795,reference,IsPETase reference segment specified in the teacher refinement memo.,0,True
Pro00083_PET_L20_tail_side_r02,Pro00083,IsPETase,PET_L20,20,tail-side,2,WARN,186,D186,0.2096,reference,IsPETase reference segment specified in the teacher refinement memo.,1,False
Pro00083_PET_L20_tail_side_r02,Pro00083,IsPETase,PET_L20,20,tail-side,2,WARN,187,S187,0.2504,reference,IsPETase reference segment specified in the teacher refinement memo.,2,False
Pro00083_PET_L20_tail_side_r02,Pro00083,IsPETase,PET_L20,20,tail-side,2,WARN,188,S188,0.246,reference,IsPETase reference segment specified in the teacher refinement memo.,3,False
Pro00083_PET_L20_tail_side_r02,Pro00083,IsPETase,PET_L20,20,tail-side,2,WARN,189,T189,0.2087,reference,IsPETase reference segment specified in the teacher refinement memo.,4,False
Pro00083_PET_L20_tail_side_r02,Pro00083,IsPETase,PET_L20,20,tail-side,2,WARN,190,N190,0.2201,reference,IsPETase reference segment specified in the teacher refinement memo.,5,False
Pro00083_PET_L20_tail_side_r02,Pro00083,IsPETase,PET_L20,20,tail-side,2,WARN,191,F191,0.1962,reference,IsPETase reference segment specified in the teacher refinement memo.,6,False
Pro00083_PET_L20_tail_side_r02,Pro00083,IsPETase,PET_L20,20,tail-side,2,WARN,192,S192,0.2182,reference,IsPETase reference segment specified in the teacher refinement memo.,7,False
Pro00083_PET_L20_bidirectional_r01,Pro00083,IsPETase,PET_L20,20,bidirectional,1,WARN,182,Q182,0.0672,reference,IsPETase reference segment specified in the teacher refinement memo.,-3,False
Pro00083_PET_L20_bidirectional_r01,Pro00083,IsPETase,PET_L20,20,bidirectional,1,WARN,183,A183,0.101,reference,IsPETase reference segment specified in the teacher refinement memo.,-2,False
Pro00083_PET_L20_bidirectional_r01,Pro00083,IsPETase,PET_L20,20,bidirectional,1,WARN,184,P184,0.1078,reference,IsPETase reference segment specified in the teacher refinement memo.,-1,False
Pro00083_PET_L20_bidirectional_r01,Pro00083,IsPETase,PET_L20,20,bidirectional,1,WARN,185,W185,0.1375,reference,IsPETase reference segment specified in the teacher refinement memo.,0,True
Pro00083_PET_L20_bidirectional_r01,Pro00083,IsPETase,PET_L20,20,bidirectional,1,WARN,186,D186,0.1552,reference,IsPETase reference segment specified in the teacher refinement memo.,1,False
Pro00083_PET_L20_bidirectional_r01,Pro00083,IsPETase,PET_L20,20,bidirectional,1,WARN,187,S187,0.1922,reference,IsPETase reference segment specified in the teacher refinement memo.,2,False
Pro00083_PET_L20_bidirectional_r01,Pro00083,IsPETase,PET_L20,20,bidirectional,1,WARN,188,S188,0.1812,reference,IsPETase reference segment specified in the teacher refinement memo.,3,False
Pro00083_PET_L20_bidirectional_r01,Pro00083,IsPETase,PET_L20,20,bidirectional,1,WARN,189,T189,0.1637,reference,IsPETase reference segment specified in the teacher refinement memo.,4,False
Pro00083_PET_L20_bidirectional_r01,Pro00083,IsPETase,PET_L20,20,bidirectional,1,WARN,190,N190,0.1666,reference,IsPETase reference segment specified in the teacher refinement memo.,5,False
Pro00083_PET_L20_bidirectional_r01,Pro00083,IsPETase,PET_L20,20,bidirectional,1,WARN,191,F191,0.1402,reference,IsPETase reference segment specified in the teacher refinement memo.,6,False
Pro00083_PET_L20_bidirectional_r01,Pro00083,IsPETase,PET_L20,20,bidirectional,1,WARN,192,S192,0.1546,reference,IsPETase reference segment specified in the teacher refinement memo.,7,False
Pro00083_PET_L20_bidirectional_r02,Pro00083,IsPETase,PET_L20,20,bidirectional,2,WARN,182,Q182,0.146,reference,IsPETase reference segment specified in the teacher refinement memo.,-3,False
Pro00083_PET_L20_bidirectional_r02,Pro00083,IsPETase,PET_L20,20,bidirectional,2,WARN,183,A183,0.2099,reference,IsPETase reference segment specified in the teacher refinement memo.,-2,False
Pro00083_PET_L20_bidirectional_r02,Pro00083,IsPETase,PET_L20,20,bidirectional,2,WARN,184,P184,0.208,reference,IsPETase reference segment specified in the teacher refinement memo.,-1,False
Pro00083_PET_L20_bidirectional_r02,Pro00083,IsPETase,PET_L20,20,bidirectional,2,WARN,185,W185,0.2758,reference,IsPETase reference segment specified in the teacher refinement memo.,0,True
Pro00083_PET_L20_bidirectional_r02,Pro00083,IsPETase,PET_L20,20,bidirectional,2,WARN,186,D186,0.307,reference,IsPETase reference segment specified in the teacher refinement memo.,1,False
Pro00083_PET_L20_bidirectional_r02,Pro00083,IsPETase,PET_L20,20,bidirectional,2,WARN,187,S187,0.384,reference,IsPETase reference segment specified in the teacher refinement memo.,2,False
Pro00083_PET_L20_bidirectional_r02,Pro00083,IsPETase,PET_L20,20,bidirectional,2,WARN,188,S188,0.3619,reference,IsPETase reference segment specified in the teacher refinement memo.,3,False
Pro00083_PET_L20_bidirectional_r02,Pro00083,IsPETase,PET_L20,20,bidirectional,2,WARN,189,T189,0.3244,reference,IsPETase reference segment specified in the teacher refinement memo.,4,False
Pro00083_PET_L20_bidirectional_r02,Pro00083,IsPETase,PET_L20,20,bidirectional,2,WARN,190,N190,0.3018,reference,IsPETase reference segment specified in the teacher refinement memo.,5,False
Pro00083_PET_L20_bidirectional_r02,Pro00083,IsPETase,PET_L20,20,bidirectional,2,WARN,191,F191,0.231,reference,IsPETase reference segment specified in the teacher refinement memo.,6,False
Pro00083_PET_L20_bidirectional_r02,Pro00083,IsPETase,PET_L20,20,bidirectional,2,WARN,192,S192,0.2431,reference,IsPETase reference segment specified in the teacher refinement memo.,7,False
Pro00057_PET_L4_single_r02,Pro00057,TfCut1,PET_L4,4,single,2,PASS,153,L153,0.0348,high_confidence,All 11 positions agree in production and experimental CE mappings to IsPETase 182-192.,-3,False
Pro00057_PET_L4_single_r02,Pro00057,TfCut1,PET_L4,4,single,2,PASS,154,T154,0.0343,high_confidence,All 11 positions agree in production and experimental CE mappings to IsPETase 182-192.,-2,False
Pro00057_PET_L4_single_r02,Pro00057,TfCut1,PET_L4,4,single,2,PASS,155,P155,0.0357,high_confidence,All 11 positions agree in production and experimental CE mappings to IsPETase 182-192.,-1,False
Pro00057_PET_L4_single_r02,Pro00057,TfCut1,PET_L4,4,single,2,PASS,156,W156,0.0364,high_confidence,All 11 positions agree in production and experimental CE mappings to IsPETase 182-192.,0,True
Pro00057_PET_L4_single_r02,Pro00057,TfCut1,PET_L4,4,single,2,PASS,157,H157,0.0424,high_confidence,All 11 positions agree in production and experimental CE mappings to IsPETase 182-192.,1,False
Pro00057_PET_L4_single_r02,Pro00057,TfCut1,PET_L4,4,single,2,PASS,158,L158,0.0559,high_confidence,All 11 positions agree in production and experimental CE mappings to IsPETase 182-192.,2,False
Pro00057_PET_L4_single_r02,Pro00057,TfCut1,PET_L4,4,single,2,PASS,159,N159,0.0547,high_confidence,All 11 positions agree in production and experimental CE mappings to IsPETase 182-192.,3,False
Pro00057_PET_L4_single_r02,Pro00057,TfCut1,PET_L4,4,single,2,PASS,160,K160,0.0588,high_confidence,All 11 positions agree in production and experimental CE mappings to IsPETase 182-192.,4,False
Pro00057_PET_L4_single_r02,Pro00057,TfCut1,PET_L4,4,single,2,PASS,161,N161,0.0553,high_confidence,All 11 positions agree in production and experimental CE mappings to IsPETase 182-192.,5,False
Pro00057_PET_L4_single_r02,Pro00057,TfCut1,PET_L4,4,single,2,PASS,162,W162,0.0451,high_confidence,All 11 positions agree in production and experimental CE mappings to IsPETase 182-192.,6,False
Pro00057_PET_L4_single_r02,Pro00057,TfCut1,PET_L4,4,single,2,PASS,163,S163,0.0507,high_confidence,All 11 positions agree in production and experimental CE mappings to IsPETase 182-192.,7,False
Pro00057_PET_L4_single_r03,Pro00057,TfCut1,PET_L4,4,single,3,PASS,153,L153,0.0326,high_confidence,All 11 positions agree in production and experimental CE mappings to IsPETase 182-192.,-3,False
Pro00057_PET_L4_single_r03,Pro00057,TfCut1,PET_L4,4,single,3,PASS,154,T154,0.036,high_confidence,All 11 positions agree in production and experimental CE mappings to IsPETase 182-192.,-2,False
Pro00057_PET_L4_single_r03,Pro00057,TfCut1,PET_L4,4,single,3,PASS,155,P155,0.0357,high_confidence,All 11 positions agree in production and experimental CE mappings to IsPETase 182-192.,-1,False
Pro00057_PET_L4_single_r03,Pro00057,TfCut1,PET_L4,4,single,3,PASS,156,W156,0.0366,high_confidence,All 11 positions agree in production and experimental CE mappings to IsPETase 182-192.,0,True
Pro00057_PET_L4_single_r03,Pro00057,TfCut1,PET_L4,4,single,3,PASS,157,H157,0.0412,high_confidence,All 11 positions agree in production and experimental CE mappings to IsPETase 182-192.,1,False
Pro00057_PET_L4_single_r03,Pro00057,TfCut1,PET_L4,4,single,3,PASS,158,L158,0.0552,high_confidence,All 11 positions agree in production and experimental CE mappings to IsPETase 182-192.,2,False
Pro00057_PET_L4_single_r03,Pro00057,TfCut1,PET_L4,4,single,3,PASS,159,N159,0.056,high_confidence,All 11 positions agree in production and experimental CE mappings to IsPETase 182-192.,3,False
Pro00057_PET_L4_single_r03,Pro00057,TfCut1,PET_L4,4,single,3,PASS,160,K160,0.0595,high_confidence,All 11 positions agree in production and experimental CE mappings to IsPETase 182-192.,4,False
Pro00057_PET_L4_single_r03,Pro00057,TfCut1,PET_L4,4,single,3,PASS,161,N161,0.0714,high_confidence,All 11 positions agree in production and experimental CE mappings to IsPETase 182-192.,5,False
Pro00057_PET_L4_single_r03,Pro00057,TfCut1,PET_L4,4,single,3,PASS,162,W162,0.046,high_confidence,All 11 positions agree in production and experimental CE mappings to IsPETase 182-192.,6,False
Pro00057_PET_L4_single_r03,Pro00057,TfCut1,PET_L4,4,single,3,PASS,163,S163,0.0552,high_confidence,All 11 positions agree in production and experimental CE mappings to IsPETase 182-192.,7,False
Pro00057_PET_L10_head_side_r02,Pro00057,TfCut1,PET_L10,10,head-side,2,PASS,153,L153,0.0309,high_confidence,All 11 positions agree in production and experimental CE mappings to IsPETase 182-192.,-3,False
Pro00057_PET_L10_head_side_r02,Pro00057,TfCut1,PET_L10,10,head-side,2,PASS,154,T154,0.0334,high_confidence,All 11 positions agree in production and experimental CE mappings to IsPETase 182-192.,-2,False
Pro00057_PET_L10_head_side_r02,Pro00057,TfCut1,PET_L10,10,head-side,2,PASS,155,P155,0.0354,high_confidence,All 11 positions agree in production and experimental CE mappings to IsPETase 182-192.,-1,False
Pro00057_PET_L10_head_side_r02,Pro00057,TfCut1,PET_L10,10,head-side,2,PASS,156,W156,0.0364,high_confidence,All 11 positions agree in production and experimental CE mappings to IsPETase 182-192.,0,True
Pro00057_PET_L10_head_side_r02,Pro00057,TfCut1,PET_L10,10,head-side,2,PASS,157,H157,0.0405,high_confidence,All 11 positions agree in production and experimental CE mappings to IsPETase 182-192.,1,False
Pro00057_PET_L10_head_side_r02,Pro00057,TfCut1,PET_L10,10,head-side,2,PASS,158,L158,0.0507,high_confidence,All 11 positions agree in production and experimental CE mappings to IsPETase 182-192.,2,False
Pro00057_PET_L10_head_side_r02,Pro00057,TfCut1,PET_L10,10,head-side,2,PASS,159,N159,0.0473,high_confidence,All 11 positions agree in production and experimental CE mappings to IsPETase 182-192.,3,False
Pro00057_PET_L10_head_side_r02,Pro00057,TfCut1,PET_L10,10,head-side,2,PASS,160,K160,0.0461,high_confidence,All 11 positions agree in production and experimental CE mappings to IsPETase 182-192.,4,False
Pro00057_PET_L10_head_side_r02,Pro00057,TfCut1,PET_L10,10,head-side,2,PASS,161,N161,0.0478,high_confidence,All 11 positions agree in production and experimental CE mappings to IsPETase 182-192.,5,False
Pro00057_PET_L10_head_side_r02,Pro00057,TfCut1,PET_L10,10,head-side,2,PASS,162,W162,0.042,high_confidence,All 11 positions agree in production and experimental CE mappings to IsPETase 182-192.,6,False
Pro00057_PET_L10_head_side_r02,Pro00057,TfCut1,PET_L10,10,head-side,2,PASS,163,S163,0.0509,high_confidence,All 11 positions agree in production and experimental CE mappings to IsPETase 182-192.,7,False
Pro00057_PET_L10_head_side_r03,Pro00057,TfCut1,PET_L10,10,head-side,3,PASS,153,L153,0.0344,high_confidence,All 11 positions agree in production and experimental CE mappings to IsPETase 182-192.,-3,False
Pro00057_PET_L10_head_side_r03,Pro00057,TfCut1,PET_L10,10,head-side,3,PASS,154,T154,0.0358,high_confidence,All 11 positions agree in production and experimental CE mappings to IsPETase 182-192.,-2,False
Pro00057_PET_L10_head_side_r03,Pro00057,TfCut1,PET_L10,10,head-side,3,PASS,155,P155,0.0368,high_confidence,All 11 positions agree in production and experimental CE mappings to IsPETase 182-192.,-1,False
Pro00057_PET_L10_head_side_r03,Pro00057,TfCut1,PET_L10,10,head-side,3,PASS,156,W156,0.0373,high_confidence,All 11 positions agree in production and experimental CE mappings to IsPETase 182-192.,0,True
Pro00057_PET_L10_head_side_r03,Pro00057,TfCut1,PET_L10,10,head-side,3,PASS,157,H157,0.0429,high_confidence,All 11 positions agree in production and experimental CE mappings to IsPETase 182-192.,1,False
Pro00057_PET_L10_head_side_r03,Pro00057,TfCut1,PET_L10,10,head-side,3,PASS,158,L158,0.0529,high_confidence,All 11 positions agree in production and experimental CE mappings to IsPETase 182-192.,2,False
Pro00057_PET_L10_head_side_r03,Pro00057,TfCut1,PET_L10,10,head-side,3,PASS,159,N159,0.0536,high_confidence,All 11 positions agree in production and experimental CE mappings to IsPETase 182-192.,3,False
Pro00057_PET_L10_head_side_r03,Pro00057,TfCut1,PET_L10,10,head-side,3,PASS,160,K160,0.0524,high_confidence,All 11 positions agree in production and experimental CE mappings to IsPETase 182-192.,4,False
Pro00057_PET_L10_head_side_r03,Pro00057,TfCut1,PET_L10,10,head-side,3,PASS,161,N161,0.0526,high_confidence,All 11 positions agree in production and experimental CE mappings to IsPETase 182-192.,5,False
Pro00057_PET_L10_head_side_r03,Pro00057,TfCut1,PET_L10,10,head-side,3,PASS,162,W162,0.0478,high_confidence,All 11 positions agree in production and experimental CE mappings to IsPETase 182-192.,6,False
Pro00057_PET_L10_head_side_r03,Pro00057,TfCut1,PET_L10,10,head-side,3,PASS,163,S163,0.058,high_confidence,All 11 positions agree in production and experimental CE mappings to IsPETase 182-192.,7,False
Pro00057_PET_L10_tail_side_r02,Pro00057,TfCut1,PET_L10,10,tail-side,2,PASS,153,L153,0.0311,high_confidence,All 11 positions agree in production and experimental CE mappings to IsPETase 182-192.,-3,False
Pro00057_PET_L10_tail_side_r02,Pro00057,TfCut1,PET_L10,10,tail-side,2,PASS,154,T154,0.0297,high_confidence,All 11 positions agree in production and experimental CE mappings to IsPETase 182-192.,-2,False
Pro00057_PET_L10_tail_side_r02,Pro00057,TfCut1,PET_L10,10,tail-side,2,PASS,155,P155,0.0308,high_confidence,All 11 positions agree in production and experimental CE mappings to IsPETase 182-192.,-1,False
Pro00057_PET_L10_tail_side_r02,Pro00057,TfCut1,PET_L10,10,tail-side,2,PASS,156,W156,0.0316,high_confidence,All 11 positions agree in production and experimental CE mappings to IsPETase 182-192.,0,True
Pro00057_PET_L10_tail_side_r02,Pro00057,TfCut1,PET_L10,10,tail-side,2,PASS,157,H157,0.0376,high_confidence,All 11 positions agree in production and experimental CE mappings to IsPETase 182-192.,1,False
Pro00057_PET_L10_tail_side_r02,Pro00057,TfCut1,PET_L10,10,tail-side,2,PASS,158,L158,0.0504,high_confidence,All 11 positions agree in production and experimental CE mappings to IsPETase 182-192.,2,False
Pro00057_PET_L10_tail_side_r02,Pro00057,TfCut1,PET_L10,10,tail-side,2,PASS,159,N159,0.0487,high_confidence,All 11 positions agree in production and experimental CE mappings to IsPETase 182-192.,3,False
Pro00057_PET_L10_tail_side_r02,Pro00057,TfCut1,PET_L10,10,tail-side,2,PASS,160,K160,0.0509,high_confidence,All 11 positions agree in production and experimental CE mappings to IsPETase 182-192.,4,False
Pro00057_PET_L10_tail_side_r02,Pro00057,TfCut1,PET_L10,10,tail-side,2,PASS,161,N161,0.0527,high_confidence,All 11 positions agree in production and experimental CE mappings to IsPETase 182-192.,5,False
Pro00057_PET_L10_tail_side_r02,Pro00057,TfCut1,PET_L10,10,tail-side,2,PASS,162,W162,0.0446,high_confidence,All 11 positions agree in production and experimental CE mappings to IsPETase 182-192.,6,False
Pro00057_PET_L10_tail_side_r02,Pro00057,TfCut1,PET_L10,10,tail-side,2,PASS,163,S163,0.0546,high_confidence,All 11 positions agree in production and experimental CE mappings to IsPETase 182-192.,7,False
Pro00057_PET_L10_tail_side_r03,Pro00057,TfCut1,PET_L10,10,tail-side,3,PASS,153,L153,0.0309,high_confidence,All 11 positions agree in production and experimental CE mappings to IsPETase 182-192.,-3,False
Pro00057_PET_L10_tail_side_r03,Pro00057,TfCut1,PET_L10,10,tail-side,3,PASS,154,T154,0.0296,high_confidence,All 11 positions agree in production and experimental CE mappings to IsPETase 182-192.,-2,False
Pro00057_PET_L10_tail_side_r03,Pro00057,TfCut1,PET_L10,10,tail-side,3,PASS,155,P155,0.0309,high_confidence,All 11 positions agree in production and experimental CE mappings to IsPETase 182-192.,-1,False
Pro00057_PET_L10_tail_side_r03,Pro00057,TfCut1,PET_L10,10,tail-side,3,PASS,156,W156,0.0323,high_confidence,All 11 positions agree in production and experimental CE mappings to IsPETase 182-192.,0,True
Pro00057_PET_L10_tail_side_r03,Pro00057,TfCut1,PET_L10,10,tail-side,3,PASS,157,H157,0.0382,high_confidence,All 11 positions agree in production and experimental CE mappings to IsPETase 182-192.,1,False
Pro00057_PET_L10_tail_side_r03,Pro00057,TfCut1,PET_L10,10,tail-side,3,PASS,158,L158,0.0497,high_confidence,All 11 positions agree in production and experimental CE mappings to IsPETase 182-192.,2,False
Pro00057_PET_L10_tail_side_r03,Pro00057,TfCut1,PET_L10,10,tail-side,3,PASS,159,N159,0.047,high_confidence,All 11 positions agree in production and experimental CE mappings to IsPETase 182-192.,3,False
Pro00057_PET_L10_tail_side_r03,Pro00057,TfCut1,PET_L10,10,tail-side,3,PASS,160,K160,0.048,high_confidence,All 11 positions agree in production and experimental CE mappings to IsPETase 182-192.,4,False
Pro00057_PET_L10_tail_side_r03,Pro00057,TfCut1,PET_L10,10,tail-side,3,PASS,161,N161,0.0486,high_confidence,All 11 positions agree in production and experimental CE mappings to IsPETase 182-192.,5,False
Pro00057_PET_L10_tail_side_r03,Pro00057,TfCut1,PET_L10,10,tail-side,3,PASS,162,W162,0.042,high_confidence,All 11 positions agree in production and experimental CE mappings to IsPETase 182-192.,6,False
Pro00057_PET_L10_tail_side_r03,Pro00057,TfCut1,PET_L10,10,tail-side,3,PASS,163,S163,0.0505,high_confidence,All 11 positions agree in production and experimental CE mappings to IsPETase 182-192.,7,False
Pro00057_PET_L10_bidirectional_r02,Pro00057,TfCut1,PET_L10,10,bidirectional,2,PASS,153,L153,0.0342,high_confidence,All 11 positions agree in production and experimental CE mappings to IsPETase 182-192.,-3,False
Pro00057_PET_L10_bidirectional_r02,Pro00057,TfCut1,PET_L10,10,bidirectional,2,PASS,154,T154,0.0384,high_confidence,All 11 positions agree in production and experimental CE mappings to IsPETase 182-192.,-2,False
Pro00057_PET_L10_bidirectional_r02,Pro00057,TfCut1,PET_L10,10,bidirectional,2,PASS,155,P155,0.0391,high_confidence,All 11 positions agree in production and experimental CE mappings to IsPETase 182-192.,-1,False
Pro00057_PET_L10_bidirectional_r02,Pro00057,TfCut1,PET_L10,10,bidirectional,2,PASS,156,W156,0.0392,high_confidence,All 11 positions agree in production and experimental CE mappings to IsPETase 182-192.,0,True
Pro00057_PET_L10_bidirectional_r02,Pro00057,TfCut1,PET_L10,10,bidirectional,2,PASS,157,H157,0.0458,high_confidence,All 11 positions agree in production and experimental CE mappings to IsPETase 182-192.,1,False
Pro00057_PET_L10_bidirectional_r02,Pro00057,TfCut1,PET_L10,10,bidirectional,2,PASS,158,L158,0.0585,high_confidence,All 11 positions agree in production and experimental CE mappings to IsPETase 182-192.,2,False
Pro00057_PET_L10_bidirectional_r02,Pro00057,TfCut1,PET_L10,10,bidirectional,2,PASS,159,N159,0.0587,high_confidence,All 11 positions agree in production and experimental CE mappings to IsPETase 182-192.,3,False
Pro00057_PET_L10_bidirectional_r02,Pro00057,TfCut1,PET_L10,10,bidirectional,2,PASS,160,K160,0.0635,high_confidence,All 11 positions agree in production and experimental CE mappings to IsPETase 182-192.,4,False
Pro00057_PET_L10_bidirectional_r02,Pro00057,TfCut1,PET_L10,10,bidirectional,2,PASS,161,N161,0.0641,high_confidence,All 11 positions agree in production and experimental CE mappings to IsPETase 182-192.,5,False
Pro00057_PET_L10_bidirectional_r02,Pro00057,TfCut1,PET_L10,10,bidirectional,2,PASS,162,W162,0.0546,high_confidence,All 11 positions agree in production and experimental CE mappings to IsPETase 182-192.,6,False
Pro00057_PET_L10_bidirectional_r02,Pro00057,TfCut1,PET_L10,10,bidirectional,2,PASS,163,S163,0.0619,high_confidence,All 11 positions agree in production and experimental CE mappings to IsPETase 182-192.,7,False
Pro00057_PET_L10_bidirectional_r03,Pro00057,TfCut1,PET_L10,10,bidirectional,3,PASS,153,L153,0.0331,high_confidence,All 11 positions agree in production and experimental CE mappings to IsPETase 182-192.,-3,False
Pro00057_PET_L10_bidirectional_r03,Pro00057,TfCut1,PET_L10,10,bidirectional,3,PASS,154,T154,0.033,high_confidence,All 11 positions agree in production and experimental CE mappings to IsPETase 182-192.,-2,False
Pro00057_PET_L10_bidirectional_r03,Pro00057,TfCut1,PET_L10,10,bidirectional,3,PASS,155,P155,0.0333,high_confidence,All 11 positions agree in production and experimental CE mappings to IsPETase 182-192.,-1,False
Pro00057_PET_L10_bidirectional_r03,Pro00057,TfCut1,PET_L10,10,bidirectional,3,PASS,156,W156,0.0356,high_confidence,All 11 positions agree in production and experimental CE mappings to IsPETase 182-192.,0,True
Pro00057_PET_L10_bidirectional_r03,Pro00057,TfCut1,PET_L10,10,bidirectional,3,PASS,157,H157,0.0424,high_confidence,All 11 positions agree in production and experimental CE mappings to IsPETase 182-192.,1,False
Pro00057_PET_L10_bidirectional_r03,Pro00057,TfCut1,PET_L10,10,bidirectional,3,PASS,158,L158,0.0569,high_confidence,All 11 positions agree in production and experimental CE mappings to IsPETase 182-192.,2,False
Pro00057_PET_L10_bidirectional_r03,Pro00057,TfCut1,PET_L10,10,bidirectional,3,PASS,159,N159,0.0557,high_confidence,All 11 positions agree in production and experimental CE mappings to IsPETase 182-192.,3,False
Pro00057_PET_L10_bidirectional_r03,Pro00057,TfCut1,PET_L10,10,bidirectional,3,PASS,160,K160,0.058,high_confidence,All 11 positions agree in production and experimental CE mappings to IsPETase 182-192.,4,False
Pro00057_PET_L10_bidirectional_r03,Pro00057,TfCut1,PET_L10,10,bidirectional,3,PASS,161,N161,0.0579,high_confidence,All 11 positions agree in production and experimental CE mappings to IsPETase 182-192.,5,False
Pro00057_PET_L10_bidirectional_r03,Pro00057,TfCut1,PET_L10,10,bidirectional,3,PASS,162,W162,0.0479,high_confidence,All 11 positions agree in production and experimental CE mappings to IsPETase 182-192.,6,False
Pro00057_PET_L10_bidirectional_r03,Pro00057,TfCut1,PET_L10,10,bidirectional,3,PASS,163,S163,0.0548,high_confidence,All 11 positions agree in production and experimental CE mappings to IsPETase 182-192.,7,False
Pro00057_PET_L20_head_side_r01,Pro00057,TfCut1,PET_L20,20,head-side,1,PASS,153,L153,0.0299,high_confidence,All 11 positions agree in production and experimental CE mappings to IsPETase 182-192.,-3,False
Pro00057_PET_L20_head_side_r01,Pro00057,TfCut1,PET_L20,20,head-side,1,PASS,154,T154,0.0339,high_confidence,All 11 positions agree in production and experimental CE mappings to IsPETase 182-192.,-2,False
Pro00057_PET_L20_head_side_r01,Pro00057,TfCut1,PET_L20,20,head-side,1,PASS,155,P155,0.0356,high_confidence,All 11 positions agree in production and experimental CE mappings to IsPETase 182-192.,-1,False
Pro00057_PET_L20_head_side_r01,Pro00057,TfCut1,PET_L20,20,head-side,1,PASS,156,W156,0.0352,high_confidence,All 11 positions agree in production and experimental CE mappings to IsPETase 182-192.,0,True
Pro00057_PET_L20_head_side_r01,Pro00057,TfCut1,PET_L20,20,head-side,1,PASS,157,H157,0.0419,high_confidence,All 11 positions agree in production and experimental CE mappings to IsPETase 182-192.,1,False
Pro00057_PET_L20_head_side_r01,Pro00057,TfCut1,PET_L20,20,head-side,1,PASS,158,L158,0.0521,high_confidence,All 11 positions agree in production and experimental CE mappings to IsPETase 182-192.,2,False
Pro00057_PET_L20_head_side_r01,Pro00057,TfCut1,PET_L20,20,head-side,1,PASS,159,N159,0.0514,high_confidence,All 11 positions agree in production and experimental CE mappings to IsPETase 182-192.,3,False
Pro00057_PET_L20_head_side_r01,Pro00057,TfCut1,PET_L20,20,head-side,1,PASS,160,K160,0.055,high_confidence,All 11 positions agree in production and experimental CE mappings to IsPETase 182-192.,4,False
Pro00057_PET_L20_head_side_r01,Pro00057,TfCut1,PET_L20,20,head-side,1,PASS,161,N161,0.0607,high_confidence,All 11 positions agree in production and experimental CE mappings to IsPETase 182-192.,5,False
Pro00057_PET_L20_head_side_r01,Pro00057,TfCut1,PET_L20,20,head-side,1,PASS,162,W162,0.0449,high_confidence,All 11 positions agree in production and experimental CE mappings to IsPETase 182-192.,6,False
Pro00057_PET_L20_head_side_r01,Pro00057,TfCut1,PET_L20,20,head-side,1,PASS,163,S163,0.0504,high_confidence,All 11 positions agree in production and experimental CE mappings to IsPETase 182-192.,7,False
Pro00057_PET_L20_head_side_r02,Pro00057,TfCut1,PET_L20,20,head-side,2,PASS,153,L153,0.0376,high_confidence,All 11 positions agree in production and experimental CE mappings to IsPETase 182-192.,-3,False
Pro00057_PET_L20_head_side_r02,Pro00057,TfCut1,PET_L20,20,head-side,2,PASS,154,T154,0.0433,high_confidence,All 11 positions agree in production and experimental CE mappings to IsPETase 182-192.,-2,False
Pro00057_PET_L20_head_side_r02,Pro00057,TfCut1,PET_L20,20,head-side,2,PASS,155,P155,0.0371,high_confidence,All 11 positions agree in production and experimental CE mappings to IsPETase 182-192.,-1,False
Pro00057_PET_L20_head_side_r02,Pro00057,TfCut1,PET_L20,20,head-side,2,PASS,156,W156,0.0383,high_confidence,All 11 positions agree in production and experimental CE mappings to IsPETase 182-192.,0,True
Pro00057_PET_L20_head_side_r02,Pro00057,TfCut1,PET_L20,20,head-side,2,PASS,157,H157,0.0425,high_confidence,All 11 positions agree in production and experimental CE mappings to IsPETase 182-192.,1,False
Pro00057_PET_L20_head_side_r02,Pro00057,TfCut1,PET_L20,20,head-side,2,PASS,158,L158,0.0527,high_confidence,All 11 positions agree in production and experimental CE mappings to IsPETase 182-192.,2,False
Pro00057_PET_L20_head_side_r02,Pro00057,TfCut1,PET_L20,20,head-side,2,PASS,159,N159,0.0502,high_confidence,All 11 positions agree in production and experimental CE mappings to IsPETase 182-192.,3,False
Pro00057_PET_L20_head_side_r02,Pro00057,TfCut1,PET_L20,20,head-side,2,PASS,160,K160,0.0495,high_confidence,All 11 positions agree in production and experimental CE mappings to IsPETase 182-192.,4,False
Pro00057_PET_L20_head_side_r02,Pro00057,TfCut1,PET_L20,20,head-side,2,PASS,161,N161,0.0522,high_confidence,All 11 positions agree in production and experimental CE mappings to IsPETase 182-192.,5,False
Pro00057_PET_L20_head_side_r02,Pro00057,TfCut1,PET_L20,20,head-side,2,PASS,162,W162,0.0455,high_confidence,All 11 positions agree in production and experimental CE mappings to IsPETase 182-192.,6,False
Pro00057_PET_L20_head_side_r02,Pro00057,TfCut1,PET_L20,20,head-side,2,PASS,163,S163,0.0546,high_confidence,All 11 positions agree in production and experimental CE mappings to IsPETase 182-192.,7,False
Pro00057_PET_L20_head_side_r03,Pro00057,TfCut1,PET_L20,20,head-side,3,PASS,153,L153,0.0394,high_confidence,All 11 positions agree in production and experimental CE mappings to IsPETase 182-192.,-3,False
Pro00057_PET_L20_head_side_r03,Pro00057,TfCut1,PET_L20,20,head-side,3,PASS,154,T154,0.0479,high_confidence,All 11 positions agree in production and experimental CE mappings to IsPETase 182-192.,-2,False
Pro00057_PET_L20_head_side_r03,Pro00057,TfCut1,PET_L20,20,head-side,3,PASS,155,P155,0.0402,high_confidence,All 11 positions agree in production and experimental CE mappings to IsPETase 182-192.,-1,False
Pro00057_PET_L20_head_side_r03,Pro00057,TfCut1,PET_L20,20,head-side,3,PASS,156,W156,0.0403,high_confidence,All 11 positions agree in production and experimental CE mappings to IsPETase 182-192.,0,True
Pro00057_PET_L20_head_side_r03,Pro00057,TfCut1,PET_L20,20,head-side,3,PASS,157,H157,0.0482,high_confidence,All 11 positions agree in production and experimental CE mappings to IsPETase 182-192.,1,False
Pro00057_PET_L20_head_side_r03,Pro00057,TfCut1,PET_L20,20,head-side,3,PASS,158,L158,0.058,high_confidence,All 11 positions agree in production and experimental CE mappings to IsPETase 182-192.,2,False
Pro00057_PET_L20_head_side_r03,Pro00057,TfCut1,PET_L20,20,head-side,3,PASS,159,N159,0.055,high_confidence,All 11 positions agree in production and experimental CE mappings to IsPETase 182-192.,3,False
Pro00057_PET_L20_head_side_r03,Pro00057,TfCut1,PET_L20,20,head-side,3,PASS,160,K160,0.0562,high_confidence,All 11 positions agree in production and experimental CE mappings to IsPETase 182-192.,4,False
Pro00057_PET_L20_head_side_r03,Pro00057,TfCut1,PET_L20,20,head-side,3,PASS,161,N161,0.058,high_confidence,All 11 positions agree in production and experimental CE mappings to IsPETase 182-192.,5,False
Pro00057_PET_L20_head_side_r03,Pro00057,TfCut1,PET_L20,20,head-side,3,PASS,162,W162,0.048,high_confidence,All 11 positions agree in production and experimental CE mappings to IsPETase 182-192.,6,False
Pro00057_PET_L20_head_side_r03,Pro00057,TfCut1,PET_L20,20,head-side,3,PASS,163,S163,0.0535,high_confidence,All 11 positions agree in production and experimental CE mappings to IsPETase 182-192.,7,False
Pro00057_PET_L20_tail_side_r02,Pro00057,TfCut1,PET_L20,20,tail-side,2,PASS,153,L153,0.032,high_confidence,All 11 positions agree in production and experimental CE mappings to IsPETase 182-192.,-3,False
Pro00057_PET_L20_tail_side_r02,Pro00057,TfCut1,PET_L20,20,tail-side,2,PASS,154,T154,0.0333,high_confidence,All 11 positions agree in production and experimental CE mappings to IsPETase 182-192.,-2,False
Pro00057_PET_L20_tail_side_r02,Pro00057,TfCut1,PET_L20,20,tail-side,2,PASS,155,P155,0.0359,high_confidence,All 11 positions agree in production and experimental CE mappings to IsPETase 182-192.,-1,False
Pro00057_PET_L20_tail_side_r02,Pro00057,TfCut1,PET_L20,20,tail-side,2,PASS,156,W156,0.0365,high_confidence,All 11 positions agree in production and experimental CE mappings to IsPETase 182-192.,0,True
Pro00057_PET_L20_tail_side_r02,Pro00057,TfCut1,PET_L20,20,tail-side,2,PASS,157,H157,0.0416,high_confidence,All 11 positions agree in production and experimental CE mappings to IsPETase 182-192.,1,False
Pro00057_PET_L20_tail_side_r02,Pro00057,TfCut1,PET_L20,20,tail-side,2,PASS,158,L158,0.0523,high_confidence,All 11 positions agree in production and experimental CE mappings to IsPETase 182-192.,2,False
Pro00057_PET_L20_tail_side_r02,Pro00057,TfCut1,PET_L20,20,tail-side,2,PASS,159,N159,0.0506,high_confidence,All 11 positions agree in production and experimental CE mappings to IsPETase 182-192.,3,False
Pro00057_PET_L20_tail_side_r02,Pro00057,TfCut1,PET_L20,20,tail-side,2,PASS,160,K160,0.0486,high_confidence,All 11 positions agree in production and experimental CE mappings to IsPETase 182-192.,4,False
Pro00057_PET_L20_tail_side_r02,Pro00057,TfCut1,PET_L20,20,tail-side,2,PASS,161,N161,0.0501,high_confidence,All 11 positions agree in production and experimental CE mappings to IsPETase 182-192.,5,False
Pro00057_PET_L20_tail_side_r02,Pro00057,TfCut1,PET_L20,20,tail-side,2,PASS,162,W162,0.0454,high_confidence,All 11 positions agree in production and experimental CE mappings to IsPETase 182-192.,6,False
Pro00057_PET_L20_tail_side_r02,Pro00057,TfCut1,PET_L20,20,tail-side,2,PASS,163,S163,0.055,high_confidence,All 11 positions agree in production and experimental CE mappings to IsPETase 182-192.,7,False
Pro00057_PET_L20_bidirectional_r01,Pro00057,TfCut1,PET_L20,20,bidirectional,1,PASS,153,L153,0.0307,high_confidence,All 11 positions agree in production and experimental CE mappings to IsPETase 182-192.,-3,False
Pro00057_PET_L20_bidirectional_r01,Pro00057,TfCut1,PET_L20,20,bidirectional,1,PASS,154,T154,0.0362,high_confidence,All 11 positions agree in production and experimental CE mappings to IsPETase 182-192.,-2,False
Pro00057_PET_L20_bidirectional_r01,Pro00057,TfCut1,PET_L20,20,bidirectional,1,PASS,155,P155,0.0375,high_confidence,All 11 positions agree in production and experimental CE mappings to IsPETase 182-192.,-1,False
Pro00057_PET_L20_bidirectional_r01,Pro00057,TfCut1,PET_L20,20,bidirectional,1,PASS,156,W156,0.0352,high_confidence,All 11 positions agree in production and experimental CE mappings to IsPETase 182-192.,0,True
Pro00057_PET_L20_bidirectional_r01,Pro00057,TfCut1,PET_L20,20,bidirectional,1,PASS,157,H157,0.0407,high_confidence,All 11 positions agree in production and experimental CE mappings to IsPETase 182-192.,1,False
Pro00057_PET_L20_bidirectional_r01,Pro00057,TfCut1,PET_L20,20,bidirectional,1,PASS,158,L158,0.0522,high_confidence,All 11 positions agree in production and experimental CE mappings to IsPETase 182-192.,2,False
Pro00057_PET_L20_bidirectional_r01,Pro00057,TfCut1,PET_L20,20,bidirectional,1,PASS,159,N159,0.049,high_confidence,All 11 positions agree in production and experimental CE mappings to IsPETase 182-192.,3,False
Pro00057_PET_L20_bidirectional_r01,Pro00057,TfCut1,PET_L20,20,bidirectional,1,PASS,160,K160,0.0524,high_confidence,All 11 positions agree in production and experimental CE mappings to IsPETase 182-192.,4,False
Pro00057_PET_L20_bidirectional_r01,Pro00057,TfCut1,PET_L20,20,bidirectional,1,PASS,161,N161,0.0506,high_confidence,All 11 positions agree in production and experimental CE mappings to IsPETase 182-192.,5,False
Pro00057_PET_L20_bidirectional_r01,Pro00057,TfCut1,PET_L20,20,bidirectional,1,PASS,162,W162,0.0423,high_confidence,All 11 positions agree in production and experimental CE mappings to IsPETase 182-192.,6,False
Pro00057_PET_L20_bidirectional_r01,Pro00057,TfCut1,PET_L20,20,bidirectional,1,PASS,163,S163,0.0494,high_confidence,All 11 positions agree in production and experimental CE mappings to IsPETase 182-192.,7,False
Pro00057_PET_L20_bidirectional_r02,Pro00057,TfCut1,PET_L20,20,bidirectional,2,PASS,153,L153,0.0335,high_confidence,All 11 positions agree in production and experimental CE mappings to IsPETase 182-192.,-3,False
Pro00057_PET_L20_bidirectional_r02,Pro00057,TfCut1,PET_L20,20,bidirectional,2,PASS,154,T154,0.0339,high_confidence,All 11 positions agree in production and experimental CE mappings to IsPETase 182-192.,-2,False
Pro00057_PET_L20_bidirectional_r02,Pro00057,TfCut1,PET_L20,20,bidirectional,2,PASS,155,P155,0.0336,high_confidence,All 11 positions agree in production and experimental CE mappings to IsPETase 182-192.,-1,False
Pro00057_PET_L20_bidirectional_r02,Pro00057,TfCut1,PET_L20,20,bidirectional,2,PASS,156,W156,0.034,high_confidence,All 11 positions agree in production and experimental CE mappings to IsPETase 182-192.,0,True
Pro00057_PET_L20_bidirectional_r02,Pro00057,TfCut1,PET_L20,20,bidirectional,2,PASS,157,H157,0.04,high_confidence,All 11 positions agree in production and experimental CE mappings to IsPETase 182-192.,1,False
Pro00057_PET_L20_bidirectional_r02,Pro00057,TfCut1,PET_L20,20,bidirectional,2,PASS,158,L158,0.0523,high_confidence,All 11 positions agree in production and experimental CE mappings to IsPETase 182-192.,2,False
Pro00057_PET_L20_bidirectional_r02,Pro00057,TfCut1,PET_L20,20,bidirectional,2,PASS,159,N159,0.0495,high_confidence,All 11 positions agree in production and experimental CE mappings to IsPETase 182-192.,3,False
Pro00057_PET_L20_bidirectional_r02,Pro00057,TfCut1,PET_L20,20,bidirectional,2,PASS,160,K160,0.0574,high_confidence,All 11 positions agree in production and experimental CE mappings to IsPETase 182-192.,4,False
Pro00057_PET_L20_bidirectional_r02,Pro00057,TfCut1,PET_L20,20,bidirectional,2,PASS,161,N161,0.0534,high_confidence,All 11 positions agree in production and experimental CE mappings to IsPETase 182-192.,5,False
Pro00057_PET_L20_bidirectional_r02,Pro00057,TfCut1,PET_L20,20,bidirectional,2,PASS,162,W162,0.0443,high_confidence,All 11 positions agree in production and experimental CE mappings to IsPETase 182-192.,6,False
Pro00057_PET_L20_bidirectional_r02,Pro00057,TfCut1,PET_L20,20,bidirectional,2,PASS,163,S163,0.0503,high_confidence,All 11 positions agree in production and experimental CE mappings to IsPETase 182-192.,7,False
Pro00062_PET_L4_single_r01,Pro00062,LCC,PET_L4,4,single,1,WARN,187,L187,0.0434,high_confidence_with_flanking_extension,Positions 187-196 map to IsPETase 182-191 in both CE analyses; F197 is the contiguous +7 flank because IsPETase S192 has no stable CE partner.,-3,False
Pro00062_PET_L4_single_r01,Pro00062,LCC,PET_L4,4,single,1,WARN,188,T188,0.0474,high_confidence_with_flanking_extension,Positions 187-196 map to IsPETase 182-191 in both CE analyses; F197 is the contiguous +7 flank because IsPETase S192 has no stable CE partner.,-2,False
Pro00062_PET_L4_single_r01,Pro00062,LCC,PET_L4,4,single,1,WARN,189,P189,0.0455,high_confidence_with_flanking_extension,Positions 187-196 map to IsPETase 182-191 in both CE analyses; F197 is the contiguous +7 flank because IsPETase S192 has no stable CE partner.,-1,False
Pro00062_PET_L4_single_r01,Pro00062,LCC,PET_L4,4,single,1,WARN,190,W190,0.0537,high_confidence_with_flanking_extension,Positions 187-196 map to IsPETase 182-191 in both CE analyses; F197 is the contiguous +7 flank because IsPETase S192 has no stable CE partner.,0,True
Pro00062_PET_L4_single_r01,Pro00062,LCC,PET_L4,4,single,1,WARN,191,H191,0.066,high_confidence_with_flanking_extension,Positions 187-196 map to IsPETase 182-191 in both CE analyses; F197 is the contiguous +7 flank because IsPETase S192 has no stable CE partner.,1,False
Pro00062_PET_L4_single_r01,Pro00062,LCC,PET_L4,4,single,1,WARN,192,T192,0.0996,high_confidence_with_flanking_extension,Positions 187-196 map to IsPETase 182-191 in both CE analyses; F197 is the contiguous +7 flank because IsPETase S192 has no stable CE partner.,2,False
Pro00062_PET_L4_single_r01,Pro00062,LCC,PET_L4,4,single,1,WARN,193,D193,0.1011,high_confidence_with_flanking_extension,Positions 187-196 map to IsPETase 182-191 in both CE analyses; F197 is the contiguous +7 flank because IsPETase S192 has no stable CE partner.,3,False
Pro00062_PET_L4_single_r01,Pro00062,LCC,PET_L4,4,single,1,WARN,194,K194,0.0971,high_confidence_with_flanking_extension,Positions 187-196 map to IsPETase 182-191 in both CE analyses; F197 is the contiguous +7 flank because IsPETase S192 has no stable CE partner.,4,False
Pro00062_PET_L4_single_r01,Pro00062,LCC,PET_L4,4,single,1,WARN,195,T195,0.0972,high_confidence_with_flanking_extension,Positions 187-196 map to IsPETase 182-191 in both CE analyses; F197 is the contiguous +7 flank because IsPETase S192 has no stable CE partner.,5,False
Pro00062_PET_L4_single_r01,Pro00062,LCC,PET_L4,4,single,1,WARN,196,F196,0.1044,high_confidence_with_flanking_extension,Positions 187-196 map to IsPETase 182-191 in both CE analyses; F197 is the contiguous +7 flank because IsPETase S192 has no stable CE partner.,6,False
Pro00062_PET_L4_single_r01,Pro00062,LCC,PET_L4,4,single,1,WARN,197,N197,0.1012,high_confidence_with_flanking_extension,Positions 187-196 map to IsPETase 182-191 in both CE analyses; F197 is the contiguous +7 flank because IsPETase S192 has no stable CE partner.,7,False
Pro00062_PET_L4_single_r02,Pro00062,LCC,PET_L4,4,single,2,WARN,187,L187,0.1752,high_confidence_with_flanking_extension,Positions 187-196 map to IsPETase 182-191 in both CE analyses; F197 is the contiguous +7 flank because IsPETase S192 has no stable CE partner.,-3,False
Pro00062_PET_L4_single_r02,Pro00062,LCC,PET_L4,4,single,2,WARN,188,T188,0.2004,high_confidence_with_flanking_extension,Positions 187-196 map to IsPETase 182-191 in both CE analyses; F197 is the contiguous +7 flank because IsPETase S192 has no stable CE partner.,-2,False
Pro00062_PET_L4_single_r02,Pro00062,LCC,PET_L4,4,single,2,WARN,189,P189,0.2269,high_confidence_with_flanking_extension,Positions 187-196 map to IsPETase 182-191 in both CE analyses; F197 is the contiguous +7 flank because IsPETase S192 has no stable CE partner.,-1,False
Pro00062_PET_L4_single_r02,Pro00062,LCC,PET_L4,4,single,2,WARN,190,W190,0.2583,high_confidence_with_flanking_extension,Positions 187-196 map to IsPETase 182-191 in both CE analyses; F197 is the contiguous +7 flank because IsPETase S192 has no stable CE partner.,0,True
Pro00062_PET_L4_single_r02,Pro00062,LCC,PET_L4,4,single,2,WARN,191,H191,0.2832,high_confidence_with_flanking_extension,Positions 187-196 map to IsPETase 182-191 in both CE analyses; F197 is the contiguous +7 flank because IsPETase S192 has no stable CE partner.,1,False
Pro00062_PET_L4_single_r02,Pro00062,LCC,PET_L4,4,single,2,WARN,192,T192,0.3284,high_confidence_with_flanking_extension,Positions 187-196 map to IsPETase 182-191 in both CE analyses; F197 is the contiguous +7 flank because IsPETase S192 has no stable CE partner.,2,False
Pro00062_PET_L4_single_r02,Pro00062,LCC,PET_L4,4,single,2,WARN,193,D193,0.3353,high_confidence_with_flanking_extension,Positions 187-196 map to IsPETase 182-191 in both CE analyses; F197 is the contiguous +7 flank because IsPETase S192 has no stable CE partner.,3,False
Pro00062_PET_L4_single_r02,Pro00062,LCC,PET_L4,4,single,2,WARN,194,K194,0.344,high_confidence_with_flanking_extension,Positions 187-196 map to IsPETase 182-191 in both CE analyses; F197 is the contiguous +7 flank because IsPETase S192 has no stable CE partner.,4,False
Pro00062_PET_L4_single_r02,Pro00062,LCC,PET_L4,4,single,2,WARN,195,T195,0.3594,high_confidence_with_flanking_extension,Positions 187-196 map to IsPETase 182-191 in both CE analyses; F197 is the contiguous +7 flank because IsPETase S192 has no stable CE partner.,5,False
Pro00062_PET_L4_single_r02,Pro00062,LCC,PET_L4,4,single,2,WARN,196,F196,0.3289,high_confidence_with_flanking_extension,Positions 187-196 map to IsPETase 182-191 in both CE analyses; F197 is the contiguous +7 flank because IsPETase S192 has no stable CE partner.,6,False
Pro00062_PET_L4_single_r02,Pro00062,LCC,PET_L4,4,single,2,WARN,197,N197,0.3614,high_confidence_with_flanking_extension,Positions 187-196 map to IsPETase 182-191 in both CE analyses; F197 is the contiguous +7 flank because IsPETase S192 has no stable CE partner.,7,False
Pro00062_PET_L10_head_side_r02,Pro00062,LCC,PET_L10,10,head-side,2,WARN,187,L187,0.2673,high_confidence_with_flanking_extension,Positions 187-196 map to IsPETase 182-191 in both CE analyses; F197 is the contiguous +7 flank because IsPETase S192 has no stable CE partner.,-3,False
Pro00062_PET_L10_head_side_r02,Pro00062,LCC,PET_L10,10,head-side,2,WARN,188,T188,0.3448,high_confidence_with_flanking_extension,Positions 187-196 map to IsPETase 182-191 in both CE analyses; F197 is the contiguous +7 flank because IsPETase S192 has no stable CE partner.,-2,False
Pro00062_PET_L10_head_side_r02,Pro00062,LCC,PET_L10,10,head-side,2,WARN,189,P189,0.3198,high_confidence_with_flanking_extension,Positions 187-196 map to IsPETase 182-191 in both CE analyses; F197 is the contiguous +7 flank because IsPETase S192 has no stable CE partner.,-1,False
Pro00062_PET_L10_head_side_r02,Pro00062,LCC,PET_L10,10,head-side,2,WARN,190,W190,0.3884,high_confidence_with_flanking_extension,Positions 187-196 map to IsPETase 182-191 in both CE analyses; F197 is the contiguous +7 flank because IsPETase S192 has no stable CE partner.,0,True
Pro00062_PET_L10_head_side_r02,Pro00062,LCC,PET_L10,10,head-side,2,WARN,191,H191,0.4043,high_confidence_with_flanking_extension,Positions 187-196 map to IsPETase 182-191 in both CE analyses; F197 is the contiguous +7 flank because IsPETase S192 has no stable CE partner.,1,False
Pro00062_PET_L10_head_side_r02,Pro00062,LCC,PET_L10,10,head-side,2,WARN,192,T192,0.4835,high_confidence_with_flanking_extension,Positions 187-196 map to IsPETase 182-191 in both CE analyses; F197 is the contiguous +7 flank because IsPETase S192 has no stable CE partner.,2,False
Pro00062_PET_L10_head_side_r02,Pro00062,LCC,PET_L10,10,head-side,2,WARN,193,D193,0.453,high_confidence_with_flanking_extension,Positions 187-196 map to IsPETase 182-191 in both CE analyses; F197 is the contiguous +7 flank because IsPETase S192 has no stable CE partner.,3,False
Pro00062_PET_L10_head_side_r02,Pro00062,LCC,PET_L10,10,head-side,2,WARN,194,K194,0.4088,high_confidence_with_flanking_extension,Positions 187-196 map to IsPETase 182-191 in both CE analyses; F197 is the contiguous +7 flank because IsPETase S192 has no stable CE partner.,4,False
Pro00062_PET_L10_head_side_r02,Pro00062,LCC,PET_L10,10,head-side,2,WARN,195,T195,0.3549,high_confidence_with_flanking_extension,Positions 187-196 map to IsPETase 182-191 in both CE analyses; F197 is the contiguous +7 flank because IsPETase S192 has no stable CE partner.,5,False
Pro00062_PET_L10_head_side_r02,Pro00062,LCC,PET_L10,10,head-side,2,WARN,196,F196,0.2954,high_confidence_with_flanking_extension,Positions 187-196 map to IsPETase 182-191 in both CE analyses; F197 is the contiguous +7 flank because IsPETase S192 has no stable CE partner.,6,False
Pro00062_PET_L10_head_side_r02,Pro00062,LCC,PET_L10,10,head-side,2,WARN,197,N197,0.2875,high_confidence_with_flanking_extension,Positions 187-196 map to IsPETase 182-191 in both CE analyses; F197 is the contiguous +7 flank because IsPETase S192 has no stable CE partner.,7,False
Pro00062_PET_L10_bidirectional_r01,Pro00062,LCC,PET_L10,10,bidirectional,1,WARN,187,L187,0.0535,high_confidence_with_flanking_extension,Positions 187-196 map to IsPETase 182-191 in both CE analyses; F197 is the contiguous +7 flank because IsPETase S192 has no stable CE partner.,-3,False
Pro00062_PET_L10_bidirectional_r01,Pro00062,LCC,PET_L10,10,bidirectional,1,WARN,188,T188,0.0784,high_confidence_with_flanking_extension,Positions 187-196 map to IsPETase 182-191 in both CE analyses; F197 is the contiguous +7 flank because IsPETase S192 has no stable CE partner.,-2,False
Pro00062_PET_L10_bidirectional_r01,Pro00062,LCC,PET_L10,10,bidirectional,1,WARN,189,P189,0.0844,high_confidence_with_flanking_extension,Positions 187-196 map to IsPETase 182-191 in both CE analyses; F197 is the contiguous +7 flank because IsPETase S192 has no stable CE partner.,-1,False
Pro00062_PET_L10_bidirectional_r01,Pro00062,LCC,PET_L10,10,bidirectional,1,WARN,190,W190,0.1062,high_confidence_with_flanking_extension,Positions 187-196 map to IsPETase 182-191 in both CE analyses; F197 is the contiguous +7 flank because IsPETase S192 has no stable CE partner.,0,True
Pro00062_PET_L10_bidirectional_r01,Pro00062,LCC,PET_L10,10,bidirectional,1,WARN,191,H191,0.1246,high_confidence_with_flanking_extension,Positions 187-196 map to IsPETase 182-191 in both CE analyses; F197 is the contiguous +7 flank because IsPETase S192 has no stable CE partner.,1,False
Pro00062_PET_L10_bidirectional_r01,Pro00062,LCC,PET_L10,10,bidirectional,1,WARN,192,T192,0.1608,high_confidence_with_flanking_extension,Positions 187-196 map to IsPETase 182-191 in both CE analyses; F197 is the contiguous +7 flank because IsPETase S192 has no stable CE partner.,2,False
Pro00062_PET_L10_bidirectional_r01,Pro00062,LCC,PET_L10,10,bidirectional,1,WARN,193,D193,0.1549,high_confidence_with_flanking_extension,Positions 187-196 map to IsPETase 182-191 in both CE analyses; F197 is the contiguous +7 flank because IsPETase S192 has no stable CE partner.,3,False
Pro00062_PET_L10_bidirectional_r01,Pro00062,LCC,PET_L10,10,bidirectional,1,WARN,194,K194,0.1414,high_confidence_with_flanking_extension,Positions 187-196 map to IsPETase 182-191 in both CE analyses; F197 is the contiguous +7 flank because IsPETase S192 has no stable CE partner.,4,False
Pro00062_PET_L10_bidirectional_r01,Pro00062,LCC,PET_L10,10,bidirectional,1,WARN,195,T195,0.1442,high_confidence_with_flanking_extension,Positions 187-196 map to IsPETase 182-191 in both CE analyses; F197 is the contiguous +7 flank because IsPETase S192 has no stable CE partner.,5,False
Pro00062_PET_L10_bidirectional_r01,Pro00062,LCC,PET_L10,10,bidirectional,1,WARN,196,F196,0.1364,high_confidence_with_flanking_extension,Positions 187-196 map to IsPETase 182-191 in both CE analyses; F197 is the contiguous +7 flank because IsPETase S192 has no stable CE partner.,6,False
Pro00062_PET_L10_bidirectional_r01,Pro00062,LCC,PET_L10,10,bidirectional,1,WARN,197,N197,0.1437,high_confidence_with_flanking_extension,Positions 187-196 map to IsPETase 182-191 in both CE analyses; F197 is the contiguous +7 flank because IsPETase S192 has no stable CE partner.,7,False
Pro00062_PET_L10_bidirectional_r03,Pro00062,LCC,PET_L10,10,bidirectional,3,WARN,187,L187,0.2386,high_confidence_with_flanking_extension,Positions 187-196 map to IsPETase 182-191 in both CE analyses; F197 is the contiguous +7 flank because IsPETase S192 has no stable CE partner.,-3,False
Pro00062_PET_L10_bidirectional_r03,Pro00062,LCC,PET_L10,10,bidirectional,3,WARN,188,T188,0.3348,high_confidence_with_flanking_extension,Positions 187-196 map to IsPETase 182-191 in both CE analyses; F197 is the contiguous +7 flank because IsPETase S192 has no stable CE partner.,-2,False
Pro00062_PET_L10_bidirectional_r03,Pro00062,LCC,PET_L10,10,bidirectional,3,WARN,189,P189,0.3916,high_confidence_with_flanking_extension,Positions 187-196 map to IsPETase 182-191 in both CE analyses; F197 is the contiguous +7 flank because IsPETase S192 has no stable CE partner.,-1,False
Pro00062_PET_L10_bidirectional_r03,Pro00062,LCC,PET_L10,10,bidirectional,3,WARN,190,W190,0.5169,high_confidence_with_flanking_extension,Positions 187-196 map to IsPETase 182-191 in both CE analyses; F197 is the contiguous +7 flank because IsPETase S192 has no stable CE partner.,0,True
Pro00062_PET_L10_bidirectional_r03,Pro00062,LCC,PET_L10,10,bidirectional,3,WARN,191,H191,0.5835,high_confidence_with_flanking_extension,Positions 187-196 map to IsPETase 182-191 in both CE analyses; F197 is the contiguous +7 flank because IsPETase S192 has no stable CE partner.,1,False
Pro00062_PET_L10_bidirectional_r03,Pro00062,LCC,PET_L10,10,bidirectional,3,WARN,192,T192,0.6747,high_confidence_with_flanking_extension,Positions 187-196 map to IsPETase 182-191 in both CE analyses; F197 is the contiguous +7 flank because IsPETase S192 has no stable CE partner.,2,False
Pro00062_PET_L10_bidirectional_r03,Pro00062,LCC,PET_L10,10,bidirectional,3,WARN,193,D193,0.6435,high_confidence_with_flanking_extension,Positions 187-196 map to IsPETase 182-191 in both CE analyses; F197 is the contiguous +7 flank because IsPETase S192 has no stable CE partner.,3,False
Pro00062_PET_L10_bidirectional_r03,Pro00062,LCC,PET_L10,10,bidirectional,3,WARN,194,K194,0.536,high_confidence_with_flanking_extension,Positions 187-196 map to IsPETase 182-191 in both CE analyses; F197 is the contiguous +7 flank because IsPETase S192 has no stable CE partner.,4,False
Pro00062_PET_L10_bidirectional_r03,Pro00062,LCC,PET_L10,10,bidirectional,3,WARN,195,T195,0.5195,high_confidence_with_flanking_extension,Positions 187-196 map to IsPETase 182-191 in both CE analyses; F197 is the contiguous +7 flank because IsPETase S192 has no stable CE partner.,5,False
Pro00062_PET_L10_bidirectional_r03,Pro00062,LCC,PET_L10,10,bidirectional,3,WARN,196,F196,0.4987,high_confidence_with_flanking_extension,Positions 187-196 map to IsPETase 182-191 in both CE analyses; F197 is the contiguous +7 flank because IsPETase S192 has no stable CE partner.,6,False
Pro00062_PET_L10_bidirectional_r03,Pro00062,LCC,PET_L10,10,bidirectional,3,WARN,197,N197,0.5213,high_confidence_with_flanking_extension,Positions 187-196 map to IsPETase 182-191 in both CE analyses; F197 is the contiguous +7 flank because IsPETase S192 has no stable CE partner.,7,False
Pro00062_PET_L20_head_side_r01,Pro00062,LCC,PET_L20,20,head-side,1,WARN,187,L187,0.0533,high_confidence_with_flanking_extension,Positions 187-196 map to IsPETase 182-191 in both CE analyses; F197 is the contiguous +7 flank because IsPETase S192 has no stable CE partner.,-3,False
Pro00062_PET_L20_head_side_r01,Pro00062,LCC,PET_L20,20,head-side,1,WARN,188,T188,0.0671,high_confidence_with_flanking_extension,Positions 187-196 map to IsPETase 182-191 in both CE analyses; F197 is the contiguous +7 flank because IsPETase S192 has no stable CE partner.,-2,False
Pro00062_PET_L20_head_side_r01,Pro00062,LCC,PET_L20,20,head-side,1,WARN,189,P189,0.0668,high_confidence_with_flanking_extension,Positions 187-196 map to IsPETase 182-191 in both CE analyses; F197 is the contiguous +7 flank because IsPETase S192 has no stable CE partner.,-1,False
Pro00062_PET_L20_head_side_r01,Pro00062,LCC,PET_L20,20,head-side,1,WARN,190,W190,0.0874,high_confidence_with_flanking_extension,Positions 187-196 map to IsPETase 182-191 in both CE analyses; F197 is the contiguous +7 flank because IsPETase S192 has no stable CE partner.,0,True
Pro00062_PET_L20_head_side_r01,Pro00062,LCC,PET_L20,20,head-side,1,WARN,191,H191,0.0987,high_confidence_with_flanking_extension,Positions 187-196 map to IsPETase 182-191 in both CE analyses; F197 is the contiguous +7 flank because IsPETase S192 has no stable CE partner.,1,False
Pro00062_PET_L20_head_side_r01,Pro00062,LCC,PET_L20,20,head-side,1,WARN,192,T192,0.1215,high_confidence_with_flanking_extension,Positions 187-196 map to IsPETase 182-191 in both CE analyses; F197 is the contiguous +7 flank because IsPETase S192 has no stable CE partner.,2,False
Pro00062_PET_L20_head_side_r01,Pro00062,LCC,PET_L20,20,head-side,1,WARN,193,D193,0.1174,high_confidence_with_flanking_extension,Positions 187-196 map to IsPETase 182-191 in both CE analyses; F197 is the contiguous +7 flank because IsPETase S192 has no stable CE partner.,3,False
Pro00062_PET_L20_head_side_r01,Pro00062,LCC,PET_L20,20,head-side,1,WARN,194,K194,0.1051,high_confidence_with_flanking_extension,Positions 187-196 map to IsPETase 182-191 in both CE analyses; F197 is the contiguous +7 flank because IsPETase S192 has no stable CE partner.,4,False
Pro00062_PET_L20_head_side_r01,Pro00062,LCC,PET_L20,20,head-side,1,WARN,195,T195,0.1006,high_confidence_with_flanking_extension,Positions 187-196 map to IsPETase 182-191 in both CE analyses; F197 is the contiguous +7 flank because IsPETase S192 has no stable CE partner.,5,False
Pro00062_PET_L20_head_side_r01,Pro00062,LCC,PET_L20,20,head-side,1,WARN,196,F196,0.0947,high_confidence_with_flanking_extension,Positions 187-196 map to IsPETase 182-191 in both CE analyses; F197 is the contiguous +7 flank because IsPETase S192 has no stable CE partner.,6,False
Pro00062_PET_L20_head_side_r01,Pro00062,LCC,PET_L20,20,head-side,1,WARN,197,N197,0.1034,high_confidence_with_flanking_extension,Positions 187-196 map to IsPETase 182-191 in both CE analyses; F197 is the contiguous +7 flank because IsPETase S192 has no stable CE partner.,7,False
Pro00062_PET_L20_head_side_r02,Pro00062,LCC,PET_L20,20,head-side,2,WARN,187,L187,0.2164,high_confidence_with_flanking_extension,Positions 187-196 map to IsPETase 182-191 in both CE analyses; F197 is the contiguous +7 flank because IsPETase S192 has no stable CE partner.,-3,False
Pro00062_PET_L20_head_side_r02,Pro00062,LCC,PET_L20,20,head-side,2,WARN,188,T188,0.2715,high_confidence_with_flanking_extension,Positions 187-196 map to IsPETase 182-191 in both CE analyses; F197 is the contiguous +7 flank because IsPETase S192 has no stable CE partner.,-2,False
Pro00062_PET_L20_head_side_r02,Pro00062,LCC,PET_L20,20,head-side,2,WARN,189,P189,0.2663,high_confidence_with_flanking_extension,Positions 187-196 map to IsPETase 182-191 in both CE analyses; F197 is the contiguous +7 flank because IsPETase S192 has no stable CE partner.,-1,False
Pro00062_PET_L20_head_side_r02,Pro00062,LCC,PET_L20,20,head-side,2,WARN,190,W190,0.329,high_confidence_with_flanking_extension,Positions 187-196 map to IsPETase 182-191 in both CE analyses; F197 is the contiguous +7 flank because IsPETase S192 has no stable CE partner.,0,True
Pro00062_PET_L20_head_side_r02,Pro00062,LCC,PET_L20,20,head-side,2,WARN,191,H191,0.3543,high_confidence_with_flanking_extension,Positions 187-196 map to IsPETase 182-191 in both CE analyses; F197 is the contiguous +7 flank because IsPETase S192 has no stable CE partner.,1,False
Pro00062_PET_L20_head_side_r02,Pro00062,LCC,PET_L20,20,head-side,2,WARN,192,T192,0.425,high_confidence_with_flanking_extension,Positions 187-196 map to IsPETase 182-191 in both CE analyses; F197 is the contiguous +7 flank because IsPETase S192 has no stable CE partner.,2,False
Pro00062_PET_L20_head_side_r02,Pro00062,LCC,PET_L20,20,head-side,2,WARN,193,D193,0.405,high_confidence_with_flanking_extension,Positions 187-196 map to IsPETase 182-191 in both CE analyses; F197 is the contiguous +7 flank because IsPETase S192 has no stable CE partner.,3,False
Pro00062_PET_L20_head_side_r02,Pro00062,LCC,PET_L20,20,head-side,2,WARN,194,K194,0.3707,high_confidence_with_flanking_extension,Positions 187-196 map to IsPETase 182-191 in both CE analyses; F197 is the contiguous +7 flank because IsPETase S192 has no stable CE partner.,4,False
Pro00062_PET_L20_head_side_r02,Pro00062,LCC,PET_L20,20,head-side,2,WARN,195,T195,0.3603,high_confidence_with_flanking_extension,Positions 187-196 map to IsPETase 182-191 in both CE analyses; F197 is the contiguous +7 flank because IsPETase S192 has no stable CE partner.,5,False
Pro00062_PET_L20_head_side_r02,Pro00062,LCC,PET_L20,20,head-side,2,WARN,196,F196,0.3216,high_confidence_with_flanking_extension,Positions 187-196 map to IsPETase 182-191 in both CE analyses; F197 is the contiguous +7 flank because IsPETase S192 has no stable CE partner.,6,False
Pro00062_PET_L20_head_side_r02,Pro00062,LCC,PET_L20,20,head-side,2,WARN,197,N197,0.3486,high_confidence_with_flanking_extension,Positions 187-196 map to IsPETase 182-191 in both CE analyses; F197 is the contiguous +7 flank because IsPETase S192 has no stable CE partner.,7,False
Pro00062_PET_L20_head_side_r03,Pro00062,LCC,PET_L20,20,head-side,3,WARN,187,L187,0.0475,high_confidence_with_flanking_extension,Positions 187-196 map to IsPETase 182-191 in both CE analyses; F197 is the contiguous +7 flank because IsPETase S192 has no stable CE partner.,-3,False
Pro00062_PET_L20_head_side_r03,Pro00062,LCC,PET_L20,20,head-side,3,WARN,188,T188,0.0634,high_confidence_with_flanking_extension,Positions 187-196 map to IsPETase 182-191 in both CE analyses; F197 is the contiguous +7 flank because IsPETase S192 has no stable CE partner.,-2,False
Pro00062_PET_L20_head_side_r03,Pro00062,LCC,PET_L20,20,head-side,3,WARN,189,P189,0.0672,high_confidence_with_flanking_extension,Positions 187-196 map to IsPETase 182-191 in both CE analyses; F197 is the contiguous +7 flank because IsPETase S192 has no stable CE partner.,-1,False
Pro00062_PET_L20_head_side_r03,Pro00062,LCC,PET_L20,20,head-side,3,WARN,190,W190,0.0841,high_confidence_with_flanking_extension,Positions 187-196 map to IsPETase 182-191 in both CE analyses; F197 is the contiguous +7 flank because IsPETase S192 has no stable CE partner.,0,True
Pro00062_PET_L20_head_side_r03,Pro00062,LCC,PET_L20,20,head-side,3,WARN,191,H191,0.1,high_confidence_with_flanking_extension,Positions 187-196 map to IsPETase 182-191 in both CE analyses; F197 is the contiguous +7 flank because IsPETase S192 has no stable CE partner.,1,False
Pro00062_PET_L20_head_side_r03,Pro00062,LCC,PET_L20,20,head-side,3,WARN,192,T192,0.1328,high_confidence_with_flanking_extension,Positions 187-196 map to IsPETase 182-191 in both CE analyses; F197 is the contiguous +7 flank because IsPETase S192 has no stable CE partner.,2,False
Pro00062_PET_L20_head_side_r03,Pro00062,LCC,PET_L20,20,head-side,3,WARN,193,D193,0.1327,high_confidence_with_flanking_extension,Positions 187-196 map to IsPETase 182-191 in both CE analyses; F197 is the contiguous +7 flank because IsPETase S192 has no stable CE partner.,3,False
Pro00062_PET_L20_head_side_r03,Pro00062,LCC,PET_L20,20,head-side,3,WARN,194,K194,0.1286,high_confidence_with_flanking_extension,Positions 187-196 map to IsPETase 182-191 in both CE analyses; F197 is the contiguous +7 flank because IsPETase S192 has no stable CE partner.,4,False
Pro00062_PET_L20_head_side_r03,Pro00062,LCC,PET_L20,20,head-side,3,WARN,195,T195,0.1287,high_confidence_with_flanking_extension,Positions 187-196 map to IsPETase 182-191 in both CE analyses; F197 is the contiguous +7 flank because IsPETase S192 has no stable CE partner.,5,False
Pro00062_PET_L20_head_side_r03,Pro00062,LCC,PET_L20,20,head-side,3,WARN,196,F196,0.1317,high_confidence_with_flanking_extension,Positions 187-196 map to IsPETase 182-191 in both CE analyses; F197 is the contiguous +7 flank because IsPETase S192 has no stable CE partner.,6,False
Pro00062_PET_L20_head_side_r03,Pro00062,LCC,PET_L20,20,head-side,3,WARN,197,N197,0.1275,high_confidence_with_flanking_extension,Positions 187-196 map to IsPETase 182-191 in both CE analyses; F197 is the contiguous +7 flank because IsPETase S192 has no stable CE partner.,7,False
Pro00062_PET_L20_tail_side_r01,Pro00062,LCC,PET_L20,20,tail-side,1,WARN,187,L187,0.1815,high_confidence_with_flanking_extension,Positions 187-196 map to IsPETase 182-191 in both CE analyses; F197 is the contiguous +7 flank because IsPETase S192 has no stable CE partner.,-3,False
Pro00062_PET_L20_tail_side_r01,Pro00062,LCC,PET_L20,20,tail-side,1,WARN,188,T188,0.2287,high_confidence_with_flanking_extension,Positions 187-196 map to IsPETase 182-191 in both CE analyses; F197 is the contiguous +7 flank because IsPETase S192 has no stable CE partner.,-2,False
Pro00062_PET_L20_tail_side_r01,Pro00062,LCC,PET_L20,20,tail-side,1,WARN,189,P189,0.2265,high_confidence_with_flanking_extension,Positions 187-196 map to IsPETase 182-191 in both CE analyses; F197 is the contiguous +7 flank because IsPETase S192 has no stable CE partner.,-1,False
Pro00062_PET_L20_tail_side_r01,Pro00062,LCC,PET_L20,20,tail-side,1,WARN,190,W190,0.2783,high_confidence_with_flanking_extension,Positions 187-196 map to IsPETase 182-191 in both CE analyses; F197 is the contiguous +7 flank because IsPETase S192 has no stable CE partner.,0,True
Pro00062_PET_L20_tail_side_r01,Pro00062,LCC,PET_L20,20,tail-side,1,WARN,191,H191,0.2925,high_confidence_with_flanking_extension,Positions 187-196 map to IsPETase 182-191 in both CE analyses; F197 is the contiguous +7 flank because IsPETase S192 has no stable CE partner.,1,False
Pro00062_PET_L20_tail_side_r01,Pro00062,LCC,PET_L20,20,tail-side,1,WARN,192,T192,0.3575,high_confidence_with_flanking_extension,Positions 187-196 map to IsPETase 182-191 in both CE analyses; F197 is the contiguous +7 flank because IsPETase S192 has no stable CE partner.,2,False
Pro00062_PET_L20_tail_side_r01,Pro00062,LCC,PET_L20,20,tail-side,1,WARN,193,D193,0.3353,high_confidence_with_flanking_extension,Positions 187-196 map to IsPETase 182-191 in both CE analyses; F197 is the contiguous +7 flank because IsPETase S192 has no stable CE partner.,3,False
Pro00062_PET_L20_tail_side_r01,Pro00062,LCC,PET_L20,20,tail-side,1,WARN,194,K194,0.3157,high_confidence_with_flanking_extension,Positions 187-196 map to IsPETase 182-191 in both CE analyses; F197 is the contiguous +7 flank because IsPETase S192 has no stable CE partner.,4,False
Pro00062_PET_L20_tail_side_r01,Pro00062,LCC,PET_L20,20,tail-side,1,WARN,195,T195,0.2956,high_confidence_with_flanking_extension,Positions 187-196 map to IsPETase 182-191 in both CE analyses; F197 is the contiguous +7 flank because IsPETase S192 has no stable CE partner.,5,False
Pro00062_PET_L20_tail_side_r01,Pro00062,LCC,PET_L20,20,tail-side,1,WARN,196,F196,0.2559,high_confidence_with_flanking_extension,Positions 187-196 map to IsPETase 182-191 in both CE analyses; F197 is the contiguous +7 flank because IsPETase S192 has no stable CE partner.,6,False
Pro00062_PET_L20_tail_side_r01,Pro00062,LCC,PET_L20,20,tail-side,1,WARN,197,N197,0.2624,high_confidence_with_flanking_extension,Positions 187-196 map to IsPETase 182-191 in both CE analyses; F197 is the contiguous +7 flank because IsPETase S192 has no stable CE partner.,7,False
Pro00062_PET_L20_tail_side_r02,Pro00062,LCC,PET_L20,20,tail-side,2,WARN,187,L187,0.0661,high_confidence_with_flanking_extension,Positions 187-196 map to IsPETase 182-191 in both CE analyses; F197 is the contiguous +7 flank because IsPETase S192 has no stable CE partner.,-3,False
Pro00062_PET_L20_tail_side_r02,Pro00062,LCC,PET_L20,20,tail-side,2,WARN,188,T188,0.0856,high_confidence_with_flanking_extension,Positions 187-196 map to IsPETase 182-191 in both CE analyses; F197 is the contiguous +7 flank because IsPETase S192 has no stable CE partner.,-2,False
Pro00062_PET_L20_tail_side_r02,Pro00062,LCC,PET_L20,20,tail-side,2,WARN,189,P189,0.085,high_confidence_with_flanking_extension,Positions 187-196 map to IsPETase 182-191 in both CE analyses; F197 is the contiguous +7 flank because IsPETase S192 has no stable CE partner.,-1,False
Pro00062_PET_L20_tail_side_r02,Pro00062,LCC,PET_L20,20,tail-side,2,WARN,190,W190,0.1029,high_confidence_with_flanking_extension,Positions 187-196 map to IsPETase 182-191 in both CE analyses; F197 is the contiguous +7 flank because IsPETase S192 has no stable CE partner.,0,True
Pro00062_PET_L20_tail_side_r02,Pro00062,LCC,PET_L20,20,tail-side,2,WARN,191,H191,0.1096,high_confidence_with_flanking_extension,Positions 187-196 map to IsPETase 182-191 in both CE analyses; F197 is the contiguous +7 flank because IsPETase S192 has no stable CE partner.,1,False
Pro00062_PET_L20_tail_side_r02,Pro00062,LCC,PET_L20,20,tail-side,2,WARN,192,T192,0.142,high_confidence_with_flanking_extension,Positions 187-196 map to IsPETase 182-191 in both CE analyses; F197 is the contiguous +7 flank because IsPETase S192 has no stable CE partner.,2,False
Pro00062_PET_L20_tail_side_r02,Pro00062,LCC,PET_L20,20,tail-side,2,WARN,193,D193,0.1275,high_confidence_with_flanking_extension,Positions 187-196 map to IsPETase 182-191 in both CE analyses; F197 is the contiguous +7 flank because IsPETase S192 has no stable CE partner.,3,False
Pro00062_PET_L20_tail_side_r02,Pro00062,LCC,PET_L20,20,tail-side,2,WARN,194,K194,0.1297,high_confidence_with_flanking_extension,Positions 187-196 map to IsPETase 182-191 in both CE analyses; F197 is the contiguous +7 flank because IsPETase S192 has no stable CE partner.,4,False
Pro00062_PET_L20_tail_side_r02,Pro00062,LCC,PET_L20,20,tail-side,2,WARN,195,T195,0.1296,high_confidence_with_flanking_extension,Positions 187-196 map to IsPETase 182-191 in both CE analyses; F197 is the contiguous +7 flank because IsPETase S192 has no stable CE partner.,5,False
Pro00062_PET_L20_tail_side_r02,Pro00062,LCC,PET_L20,20,tail-side,2,WARN,196,F196,0.1215,high_confidence_with_flanking_extension,Positions 187-196 map to IsPETase 182-191 in both CE analyses; F197 is the contiguous +7 flank because IsPETase S192 has no stable CE partner.,6,False
Pro00062_PET_L20_tail_side_r02,Pro00062,LCC,PET_L20,20,tail-side,2,WARN,197,N197,0.1309,high_confidence_with_flanking_extension,Positions 187-196 map to IsPETase 182-191 in both CE analyses; F197 is the contiguous +7 flank because IsPETase S192 has no stable CE partner.,7,False
Pro00062_PET_L20_tail_side_r03,Pro00062,LCC,PET_L20,20,tail-side,3,WARN,187,L187,0.0644,high_confidence_with_flanking_extension,Positions 187-196 map to IsPETase 182-191 in both CE analyses; F197 is the contiguous +7 flank because IsPETase S192 has no stable CE partner.,-3,False
Pro00062_PET_L20_tail_side_r03,Pro00062,LCC,PET_L20,20,tail-side,3,WARN,188,T188,0.0878,high_confidence_with_flanking_extension,Positions 187-196 map to IsPETase 182-191 in both CE analyses; F197 is the contiguous +7 flank because IsPETase S192 has no stable CE partner.,-2,False
Pro00062_PET_L20_tail_side_r03,Pro00062,LCC,PET_L20,20,tail-side,3,WARN,189,P189,0.098,high_confidence_with_flanking_extension,Positions 187-196 map to IsPETase 182-191 in both CE analyses; F197 is the contiguous +7 flank because IsPETase S192 has no stable CE partner.,-1,False
Pro00062_PET_L20_tail_side_r03,Pro00062,LCC,PET_L20,20,tail-side,3,WARN,190,W190,0.1283,high_confidence_with_flanking_extension,Positions 187-196 map to IsPETase 182-191 in both CE analyses; F197 is the contiguous +7 flank because IsPETase S192 has no stable CE partner.,0,True
Pro00062_PET_L20_tail_side_r03,Pro00062,LCC,PET_L20,20,tail-side,3,WARN,191,H191,0.1498,high_confidence_with_flanking_extension,Positions 187-196 map to IsPETase 182-191 in both CE analyses; F197 is the contiguous +7 flank because IsPETase S192 has no stable CE partner.,1,False
Pro00062_PET_L20_tail_side_r03,Pro00062,LCC,PET_L20,20,tail-side,3,WARN,192,T192,0.1957,high_confidence_with_flanking_extension,Positions 187-196 map to IsPETase 182-191 in both CE analyses; F197 is the contiguous +7 flank because IsPETase S192 has no stable CE partner.,2,False
Pro00062_PET_L20_tail_side_r03,Pro00062,LCC,PET_L20,20,tail-side,3,WARN,193,D193,0.2029,high_confidence_with_flanking_extension,Positions 187-196 map to IsPETase 182-191 in both CE analyses; F197 is the contiguous +7 flank because IsPETase S192 has no stable CE partner.,3,False
Pro00062_PET_L20_tail_side_r03,Pro00062,LCC,PET_L20,20,tail-side,3,WARN,194,K194,0.1983,high_confidence_with_flanking_extension,Positions 187-196 map to IsPETase 182-191 in both CE analyses; F197 is the contiguous +7 flank because IsPETase S192 has no stable CE partner.,4,False
Pro00062_PET_L20_tail_side_r03,Pro00062,LCC,PET_L20,20,tail-side,3,WARN,195,T195,0.2036,high_confidence_with_flanking_extension,Positions 187-196 map to IsPETase 182-191 in both CE analyses; F197 is the contiguous +7 flank because IsPETase S192 has no stable CE partner.,5,False
Pro00062_PET_L20_tail_side_r03,Pro00062,LCC,PET_L20,20,tail-side,3,WARN,196,F196,0.1485,high_confidence_with_flanking_extension,Positions 187-196 map to IsPETase 182-191 in both CE analyses; F197 is the contiguous +7 flank because IsPETase S192 has no stable CE partner.,6,False
Pro00062_PET_L20_tail_side_r03,Pro00062,LCC,PET_L20,20,tail-side,3,WARN,197,N197,0.1398,high_confidence_with_flanking_extension,Positions 187-196 map to IsPETase 182-191 in both CE analyses; F197 is the contiguous +7 flank because IsPETase S192 has no stable CE partner.,7,False
Pro00062_PET_L20_bidirectional_r01,Pro00062,LCC,PET_L20,20,bidirectional,1,WARN,187,L187,0.2815,high_confidence_with_flanking_extension,Positions 187-196 map to IsPETase 182-191 in both CE analyses; F197 is the contiguous +7 flank because IsPETase S192 has no stable CE partner.,-3,False
Pro00062_PET_L20_bidirectional_r01,Pro00062,LCC,PET_L20,20,bidirectional,1,WARN,188,T188,0.4033,high_confidence_with_flanking_extension,Positions 187-196 map to IsPETase 182-191 in both CE analyses; F197 is the contiguous +7 flank because IsPETase S192 has no stable CE partner.,-2,False
Pro00062_PET_L20_bidirectional_r01,Pro00062,LCC,PET_L20,20,bidirectional,1,WARN,189,P189,0.3955,high_confidence_with_flanking_extension,Positions 187-196 map to IsPETase 182-191 in both CE analyses; F197 is the contiguous +7 flank because IsPETase S192 has no stable CE partner.,-1,False
Pro00062_PET_L20_bidirectional_r01,Pro00062,LCC,PET_L20,20,bidirectional,1,WARN,190,W190,0.504,high_confidence_with_flanking_extension,Positions 187-196 map to IsPETase 182-191 in both CE analyses; F197 is the contiguous +7 flank because IsPETase S192 has no stable CE partner.,0,True
Pro00062_PET_L20_bidirectional_r01,Pro00062,LCC,PET_L20,20,bidirectional,1,WARN,191,H191,0.5383,high_confidence_with_flanking_extension,Positions 187-196 map to IsPETase 182-191 in both CE analyses; F197 is the contiguous +7 flank because IsPETase S192 has no stable CE partner.,1,False
Pro00062_PET_L20_bidirectional_r01,Pro00062,LCC,PET_L20,20,bidirectional,1,WARN,192,T192,0.6426,high_confidence_with_flanking_extension,Positions 187-196 map to IsPETase 182-191 in both CE analyses; F197 is the contiguous +7 flank because IsPETase S192 has no stable CE partner.,2,False
Pro00062_PET_L20_bidirectional_r01,Pro00062,LCC,PET_L20,20,bidirectional,1,WARN,193,D193,0.5825,high_confidence_with_flanking_extension,Positions 187-196 map to IsPETase 182-191 in both CE analyses; F197 is the contiguous +7 flank because IsPETase S192 has no stable CE partner.,3,False
Pro00062_PET_L20_bidirectional_r01,Pro00062,LCC,PET_L20,20,bidirectional,1,WARN,194,K194,0.5419,high_confidence_with_flanking_extension,Positions 187-196 map to IsPETase 182-191 in both CE analyses; F197 is the contiguous +7 flank because IsPETase S192 has no stable CE partner.,4,False
Pro00062_PET_L20_bidirectional_r01,Pro00062,LCC,PET_L20,20,bidirectional,1,WARN,195,T195,0.5045,high_confidence_with_flanking_extension,Positions 187-196 map to IsPETase 182-191 in both CE analyses; F197 is the contiguous +7 flank because IsPETase S192 has no stable CE partner.,5,False
Pro00062_PET_L20_bidirectional_r01,Pro00062,LCC,PET_L20,20,bidirectional,1,WARN,196,F196,0.4234,high_confidence_with_flanking_extension,Positions 187-196 map to IsPETase 182-191 in both CE analyses; F197 is the contiguous +7 flank because IsPETase S192 has no stable CE partner.,6,False
Pro00062_PET_L20_bidirectional_r01,Pro00062,LCC,PET_L20,20,bidirectional,1,WARN,197,N197,0.4381,high_confidence_with_flanking_extension,Positions 187-196 map to IsPETase 182-191 in both CE analyses; F197 is the contiguous +7 flank because IsPETase S192 has no stable CE partner.,7,False
Pro00062_PET_L20_bidirectional_r02,Pro00062,LCC,PET_L20,20,bidirectional,2,WARN,187,L187,0.1547,high_confidence_with_flanking_extension,Positions 187-196 map to IsPETase 182-191 in both CE analyses; F197 is the contiguous +7 flank because IsPETase S192 has no stable CE partner.,-3,False
Pro00062_PET_L20_bidirectional_r02,Pro00062,LCC,PET_L20,20,bidirectional,2,WARN,188,T188,0.224,high_confidence_with_flanking_extension,Positions 187-196 map to IsPETase 182-191 in both CE analyses; F197 is the contiguous +7 flank because IsPETase S192 has no stable CE partner.,-2,False
Pro00062_PET_L20_bidirectional_r02,Pro00062,LCC,PET_L20,20,bidirectional,2,WARN,189,P189,0.2492,high_confidence_with_flanking_extension,Positions 187-196 map to IsPETase 182-191 in both CE analyses; F197 is the contiguous +7 flank because IsPETase S192 has no stable CE partner.,-1,False
Pro00062_PET_L20_bidirectional_r02,Pro00062,LCC,PET_L20,20,bidirectional,2,WARN,190,W190,0.3403,high_confidence_with_flanking_extension,Positions 187-196 map to IsPETase 182-191 in both CE analyses; F197 is the contiguous +7 flank because IsPETase S192 has no stable CE partner.,0,True
Pro00062_PET_L20_bidirectional_r02,Pro00062,LCC,PET_L20,20,bidirectional,2,WARN,191,H191,0.3858,high_confidence_with_flanking_extension,Positions 187-196 map to IsPETase 182-191 in both CE analyses; F197 is the contiguous +7 flank because IsPETase S192 has no stable CE partner.,1,False
Pro00062_PET_L20_bidirectional_r02,Pro00062,LCC,PET_L20,20,bidirectional,2,WARN,192,T192,0.4842,high_confidence_with_flanking_extension,Positions 187-196 map to IsPETase 182-191 in both CE analyses; F197 is the contiguous +7 flank because IsPETase S192 has no stable CE partner.,2,False
Pro00062_PET_L20_bidirectional_r02,Pro00062,LCC,PET_L20,20,bidirectional,2,WARN,193,D193,0.4703,high_confidence_with_flanking_extension,Positions 187-196 map to IsPETase 182-191 in both CE analyses; F197 is the contiguous +7 flank because IsPETase S192 has no stable CE partner.,3,False
Pro00062_PET_L20_bidirectional_r02,Pro00062,LCC,PET_L20,20,bidirectional,2,WARN,194,K194,0.4362,high_confidence_with_flanking_extension,Positions 187-196 map to IsPETase 182-191 in both CE analyses; F197 is the contiguous +7 flank because IsPETase S192 has no stable CE partner.,4,False
Pro00062_PET_L20_bidirectional_r02,Pro00062,LCC,PET_L20,20,bidirectional,2,WARN,195,T195,0.4305,high_confidence_with_flanking_extension,Positions 187-196 map to IsPETase 182-191 in both CE analyses; F197 is the contiguous +7 flank because IsPETase S192 has no stable CE partner.,5,False
Pro00062_PET_L20_bidirectional_r02,Pro00062,LCC,PET_L20,20,bidirectional,2,WARN,196,F196,0.3584,high_confidence_with_flanking_extension,Positions 187-196 map to IsPETase 182-191 in both CE analyses; F197 is the contiguous +7 flank because IsPETase S192 has no stable CE partner.,6,False
Pro00062_PET_L20_bidirectional_r02,Pro00062,LCC,PET_L20,20,bidirectional,2,WARN,197,N197,0.3833,high_confidence_with_flanking_extension,Positions 187-196 map to IsPETase 182-191 in both CE analyses; F197 is the contiguous +7 flank because IsPETase S192 has no stable CE partner.,7,False
Pro00075_PET_L10_head_side_r01,Pro00075,FoCut5a,PET_L10,10,head-side,1,WARN,149,F149,0.094,exploratory_candidate_centered,T152 is only a rough W185-region candidate; the global CE RMSD is high and residue-wise biochemical equivalence is not claimed.,-3,False
Pro00075_PET_L10_head_side_r01,Pro00075,FoCut5a,PET_L10,10,head-side,1,WARN,150,G150,0.1036,exploratory_candidate_centered,T152 is only a rough W185-region candidate; the global CE RMSD is high and residue-wise biochemical equivalence is not claimed.,-2,False
Pro00075_PET_L10_head_side_r01,Pro00075,FoCut5a,PET_L10,10,head-side,1,WARN,151,Y151,0.0893,exploratory_candidate_centered,T152 is only a rough W185-region candidate; the global CE RMSD is high and residue-wise biochemical equivalence is not claimed.,-1,False
Pro00075_PET_L10_head_side_r01,Pro00075,FoCut5a,PET_L10,10,head-side,1,WARN,152,T152,0.0961,exploratory_candidate_centered,T152 is only a rough W185-region candidate; the global CE RMSD is high and residue-wise biochemical equivalence is not claimed.,0,True
Pro00075_PET_L10_head_side_r01,Pro00075,FoCut5a,PET_L10,10,head-side,1,WARN,153,K153,0.1084,exploratory_candidate_centered,T152 is only a rough W185-region candidate; the global CE RMSD is high and residue-wise biochemical equivalence is not claimed.,1,False
Pro00075_PET_L10_head_side_r01,Pro00075,FoCut5a,PET_L10,10,head-side,1,WARN,154,N154,0.1257,exploratory_candidate_centered,T152 is only a rough W185-region candidate; the global CE RMSD is high and residue-wise biochemical equivalence is not claimed.,2,False
Pro00075_PET_L10_head_side_r01,Pro00075,FoCut5a,PET_L10,10,head-side,1,WARN,155,L155,0.1636,exploratory_candidate_centered,T152 is only a rough W185-region candidate; the global CE RMSD is high and residue-wise biochemical equivalence is not claimed.,3,False
Pro00075_PET_L10_head_side_r01,Pro00075,FoCut5a,PET_L10,10,head-side,1,WARN,156,Q156,0.1555,exploratory_candidate_centered,T152 is only a rough W185-region candidate; the global CE RMSD is high and residue-wise biochemical equivalence is not claimed.,4,False
Pro00075_PET_L10_head_side_r01,Pro00075,FoCut5a,PET_L10,10,head-side,1,WARN,157,N157,0.1473,exploratory_candidate_centered,T152 is only a rough W185-region candidate; the global CE RMSD is high and residue-wise biochemical equivalence is not claimed.,5,False
Pro00075_PET_L10_head_side_r01,Pro00075,FoCut5a,PET_L10,10,head-side,1,WARN,158,R158,0.1733,exploratory_candidate_centered,T152 is only a rough W185-region candidate; the global CE RMSD is high and residue-wise biochemical equivalence is not claimed.,6,False
Pro00075_PET_L10_head_side_r01,Pro00075,FoCut5a,PET_L10,10,head-side,1,WARN,159,G159,0.1522,exploratory_candidate_centered,T152 is only a rough W185-region candidate; the global CE RMSD is high and residue-wise biochemical equivalence is not claimed.,7,False
Pro00075_PET_L10_head_side_r02,Pro00075,FoCut5a,PET_L10,10,head-side,2,WARN,149,F149,0.1106,exploratory_candidate_centered,T152 is only a rough W185-region candidate; the global CE RMSD is high and residue-wise biochemical equivalence is not claimed.,-3,False
Pro00075_PET_L10_head_side_r02,Pro00075,FoCut5a,PET_L10,10,head-side,2,WARN,150,G150,0.1109,exploratory_candidate_centered,T152 is only a rough W185-region candidate; the global CE RMSD is high and residue-wise biochemical equivalence is not claimed.,-2,False
Pro00075_PET_L10_head_side_r02,Pro00075,FoCut5a,PET_L10,10,head-side,2,WARN,151,Y151,0.0832,exploratory_candidate_centered,T152 is only a rough W185-region candidate; the global CE RMSD is high and residue-wise biochemical equivalence is not claimed.,-1,False
Pro00075_PET_L10_head_side_r02,Pro00075,FoCut5a,PET_L10,10,head-side,2,WARN,152,T152,0.0961,exploratory_candidate_centered,T152 is only a rough W185-region candidate; the global CE RMSD is high and residue-wise biochemical equivalence is not claimed.,0,True
Pro00075_PET_L10_head_side_r02,Pro00075,FoCut5a,PET_L10,10,head-side,2,WARN,153,K153,0.1136,exploratory_candidate_centered,T152 is only a rough W185-region candidate; the global CE RMSD is high and residue-wise biochemical equivalence is not claimed.,1,False
Pro00075_PET_L10_head_side_r02,Pro00075,FoCut5a,PET_L10,10,head-side,2,WARN,154,N154,0.1174,exploratory_candidate_centered,T152 is only a rough W185-region candidate; the global CE RMSD is high and residue-wise biochemical equivalence is not claimed.,2,False
Pro00075_PET_L10_head_side_r02,Pro00075,FoCut5a,PET_L10,10,head-side,2,WARN,155,L155,0.1573,exploratory_candidate_centered,T152 is only a rough W185-region candidate; the global CE RMSD is high and residue-wise biochemical equivalence is not claimed.,3,False
Pro00075_PET_L10_head_side_r02,Pro00075,FoCut5a,PET_L10,10,head-side,2,WARN,156,Q156,0.1722,exploratory_candidate_centered,T152 is only a rough W185-region candidate; the global CE RMSD is high and residue-wise biochemical equivalence is not claimed.,4,False
Pro00075_PET_L10_head_side_r02,Pro00075,FoCut5a,PET_L10,10,head-side,2,WARN,157,N157,0.1675,exploratory_candidate_centered,T152 is only a rough W185-region candidate; the global CE RMSD is high and residue-wise biochemical equivalence is not claimed.,5,False
Pro00075_PET_L10_head_side_r02,Pro00075,FoCut5a,PET_L10,10,head-side,2,WARN,158,R158,0.1852,exploratory_candidate_centered,T152 is only a rough W185-region candidate; the global CE RMSD is high and residue-wise biochemical equivalence is not claimed.,6,False
Pro00075_PET_L10_head_side_r02,Pro00075,FoCut5a,PET_L10,10,head-side,2,WARN,159,G159,0.1615,exploratory_candidate_centered,T152 is only a rough W185-region candidate; the global CE RMSD is high and residue-wise biochemical equivalence is not claimed.,7,False
Pro00075_PET_L10_head_side_r03,Pro00075,FoCut5a,PET_L10,10,head-side,3,WARN,149,F149,0.0846,exploratory_candidate_centered,T152 is only a rough W185-region candidate; the global CE RMSD is high and residue-wise biochemical equivalence is not claimed.,-3,False
Pro00075_PET_L10_head_side_r03,Pro00075,FoCut5a,PET_L10,10,head-side,3,WARN,150,G150,0.0838,exploratory_candidate_centered,T152 is only a rough W185-region candidate; the global CE RMSD is high and residue-wise biochemical equivalence is not claimed.,-2,False
Pro00075_PET_L10_head_side_r03,Pro00075,FoCut5a,PET_L10,10,head-side,3,WARN,151,Y151,0.0748,exploratory_candidate_centered,T152 is only a rough W185-region candidate; the global CE RMSD is high and residue-wise biochemical equivalence is not claimed.,-1,False
Pro00075_PET_L10_head_side_r03,Pro00075,FoCut5a,PET_L10,10,head-side,3,WARN,152,T152,0.0856,exploratory_candidate_centered,T152 is only a rough W185-region candidate; the global CE RMSD is high and residue-wise biochemical equivalence is not claimed.,0,True
Pro00075_PET_L10_head_side_r03,Pro00075,FoCut5a,PET_L10,10,head-side,3,WARN,153,K153,0.116,exploratory_candidate_centered,T152 is only a rough W185-region candidate; the global CE RMSD is high and residue-wise biochemical equivalence is not claimed.,1,False
Pro00075_PET_L10_head_side_r03,Pro00075,FoCut5a,PET_L10,10,head-side,3,WARN,154,N154,0.1273,exploratory_candidate_centered,T152 is only a rough W185-region candidate; the global CE RMSD is high and residue-wise biochemical equivalence is not claimed.,2,False
Pro00075_PET_L10_head_side_r03,Pro00075,FoCut5a,PET_L10,10,head-side,3,WARN,155,L155,0.1698,exploratory_candidate_centered,T152 is only a rough W185-region candidate; the global CE RMSD is high and residue-wise biochemical equivalence is not claimed.,3,False
Pro00075_PET_L10_head_side_r03,Pro00075,FoCut5a,PET_L10,10,head-side,3,WARN,156,Q156,0.1804,exploratory_candidate_centered,T152 is only a rough W185-region candidate; the global CE RMSD is high and residue-wise biochemical equivalence is not claimed.,4,False
Pro00075_PET_L10_head_side_r03,Pro00075,FoCut5a,PET_L10,10,head-side,3,WARN,157,N157,0.1687,exploratory_candidate_centered,T152 is only a rough W185-region candidate; the global CE RMSD is high and residue-wise biochemical equivalence is not claimed.,5,False
Pro00075_PET_L10_head_side_r03,Pro00075,FoCut5a,PET_L10,10,head-side,3,WARN,158,R158,0.1786,exploratory_candidate_centered,T152 is only a rough W185-region candidate; the global CE RMSD is high and residue-wise biochemical equivalence is not claimed.,6,False
Pro00075_PET_L10_head_side_r03,Pro00075,FoCut5a,PET_L10,10,head-side,3,WARN,159,G159,0.144,exploratory_candidate_centered,T152 is only a rough W185-region candidate; the global CE RMSD is high and residue-wise biochemical equivalence is not claimed.,7,False
Pro00075_PET_L10_tail_side_r02,Pro00075,FoCut5a,PET_L10,10,tail-side,2,WARN,149,F149,0.046,exploratory_candidate_centered,T152 is only a rough W185-region candidate; the global CE RMSD is high and residue-wise biochemical equivalence is not claimed.,-3,False
Pro00075_PET_L10_tail_side_r02,Pro00075,FoCut5a,PET_L10,10,tail-side,2,WARN,150,G150,0.0537,exploratory_candidate_centered,T152 is only a rough W185-region candidate; the global CE RMSD is high and residue-wise biochemical equivalence is not claimed.,-2,False
Pro00075_PET_L10_tail_side_r02,Pro00075,FoCut5a,PET_L10,10,tail-side,2,WARN,151,Y151,0.053,exploratory_candidate_centered,T152 is only a rough W185-region candidate; the global CE RMSD is high and residue-wise biochemical equivalence is not claimed.,-1,False
Pro00075_PET_L10_tail_side_r02,Pro00075,FoCut5a,PET_L10,10,tail-side,2,WARN,152,T152,0.0651,exploratory_candidate_centered,T152 is only a rough W185-region candidate; the global CE RMSD is high and residue-wise biochemical equivalence is not claimed.,0,True
Pro00075_PET_L10_tail_side_r02,Pro00075,FoCut5a,PET_L10,10,tail-side,2,WARN,153,K153,0.0776,exploratory_candidate_centered,T152 is only a rough W185-region candidate; the global CE RMSD is high and residue-wise biochemical equivalence is not claimed.,1,False
Pro00075_PET_L10_tail_side_r02,Pro00075,FoCut5a,PET_L10,10,tail-side,2,WARN,154,N154,0.0803,exploratory_candidate_centered,T152 is only a rough W185-region candidate; the global CE RMSD is high and residue-wise biochemical equivalence is not claimed.,2,False
Pro00075_PET_L10_tail_side_r02,Pro00075,FoCut5a,PET_L10,10,tail-side,2,WARN,155,L155,0.1118,exploratory_candidate_centered,T152 is only a rough W185-region candidate; the global CE RMSD is high and residue-wise biochemical equivalence is not claimed.,3,False
Pro00075_PET_L10_tail_side_r02,Pro00075,FoCut5a,PET_L10,10,tail-side,2,WARN,156,Q156,0.1118,exploratory_candidate_centered,T152 is only a rough W185-region candidate; the global CE RMSD is high and residue-wise biochemical equivalence is not claimed.,4,False
Pro00075_PET_L10_tail_side_r02,Pro00075,FoCut5a,PET_L10,10,tail-side,2,WARN,157,N157,0.1043,exploratory_candidate_centered,T152 is only a rough W185-region candidate; the global CE RMSD is high and residue-wise biochemical equivalence is not claimed.,5,False
Pro00075_PET_L10_tail_side_r02,Pro00075,FoCut5a,PET_L10,10,tail-side,2,WARN,158,R158,0.1145,exploratory_candidate_centered,T152 is only a rough W185-region candidate; the global CE RMSD is high and residue-wise biochemical equivalence is not claimed.,6,False
Pro00075_PET_L10_tail_side_r02,Pro00075,FoCut5a,PET_L10,10,tail-side,2,WARN,159,G159,0.1006,exploratory_candidate_centered,T152 is only a rough W185-region candidate; the global CE RMSD is high and residue-wise biochemical equivalence is not claimed.,7,False
Pro00075_PET_L10_bidirectional_r01,Pro00075,FoCut5a,PET_L10,10,bidirectional,1,WARN,149,F149,0.0599,exploratory_candidate_centered,T152 is only a rough W185-region candidate; the global CE RMSD is high and residue-wise biochemical equivalence is not claimed.,-3,False
Pro00075_PET_L10_bidirectional_r01,Pro00075,FoCut5a,PET_L10,10,bidirectional,1,WARN,150,G150,0.0723,exploratory_candidate_centered,T152 is only a rough W185-region candidate; the global CE RMSD is high and residue-wise biochemical equivalence is not claimed.,-2,False
Pro00075_PET_L10_bidirectional_r01,Pro00075,FoCut5a,PET_L10,10,bidirectional,1,WARN,151,Y151,0.0686,exploratory_candidate_centered,T152 is only a rough W185-region candidate; the global CE RMSD is high and residue-wise biochemical equivalence is not claimed.,-1,False
Pro00075_PET_L10_bidirectional_r01,Pro00075,FoCut5a,PET_L10,10,bidirectional,1,WARN,152,T152,0.0762,exploratory_candidate_centered,T152 is only a rough W185-region candidate; the global CE RMSD is high and residue-wise biochemical equivalence is not claimed.,0,True
Pro00075_PET_L10_bidirectional_r01,Pro00075,FoCut5a,PET_L10,10,bidirectional,1,WARN,153,K153,0.0929,exploratory_candidate_centered,T152 is only a rough W185-region candidate; the global CE RMSD is high and residue-wise biochemical equivalence is not claimed.,1,False
Pro00075_PET_L10_bidirectional_r01,Pro00075,FoCut5a,PET_L10,10,bidirectional,1,WARN,154,N154,0.0965,exploratory_candidate_centered,T152 is only a rough W185-region candidate; the global CE RMSD is high and residue-wise biochemical equivalence is not claimed.,2,False
Pro00075_PET_L10_bidirectional_r01,Pro00075,FoCut5a,PET_L10,10,bidirectional,1,WARN,155,L155,0.1213,exploratory_candidate_centered,T152 is only a rough W185-region candidate; the global CE RMSD is high and residue-wise biochemical equivalence is not claimed.,3,False
Pro00075_PET_L10_bidirectional_r01,Pro00075,FoCut5a,PET_L10,10,bidirectional,1,WARN,156,Q156,0.129,exploratory_candidate_centered,T152 is only a rough W185-region candidate; the global CE RMSD is high and residue-wise biochemical equivalence is not claimed.,4,False
Pro00075_PET_L10_bidirectional_r01,Pro00075,FoCut5a,PET_L10,10,bidirectional,1,WARN,157,N157,0.1218,exploratory_candidate_centered,T152 is only a rough W185-region candidate; the global CE RMSD is high and residue-wise biochemical equivalence is not claimed.,5,False
Pro00075_PET_L10_bidirectional_r01,Pro00075,FoCut5a,PET_L10,10,bidirectional,1,WARN,158,R158,0.1346,exploratory_candidate_centered,T152 is only a rough W185-region candidate; the global CE RMSD is high and residue-wise biochemical equivalence is not claimed.,6,False
Pro00075_PET_L10_bidirectional_r01,Pro00075,FoCut5a,PET_L10,10,bidirectional,1,WARN,159,G159,0.1213,exploratory_candidate_centered,T152 is only a rough W185-region candidate; the global CE RMSD is high and residue-wise biochemical equivalence is not claimed.,7,False
Pro00075_PET_L20_head_side_r01,Pro00075,FoCut5a,PET_L20,20,head-side,1,WARN,149,F149,0.0695,exploratory_candidate_centered,T152 is only a rough W185-region candidate; the global CE RMSD is high and residue-wise biochemical equivalence is not claimed.,-3,False
Pro00075_PET_L20_head_side_r01,Pro00075,FoCut5a,PET_L20,20,head-side,1,WARN,150,G150,0.0808,exploratory_candidate_centered,T152 is only a rough W185-region candidate; the global CE RMSD is high and residue-wise biochemical equivalence is not claimed.,-2,False
Pro00075_PET_L20_head_side_r01,Pro00075,FoCut5a,PET_L20,20,head-side,1,WARN,151,Y151,0.0734,exploratory_candidate_centered,T152 is only a rough W185-region candidate; the global CE RMSD is high and residue-wise biochemical equivalence is not claimed.,-1,False
Pro00075_PET_L20_head_side_r01,Pro00075,FoCut5a,PET_L20,20,head-side,1,WARN,152,T152,0.0966,exploratory_candidate_centered,T152 is only a rough W185-region candidate; the global CE RMSD is high and residue-wise biochemical equivalence is not claimed.,0,True
Pro00075_PET_L20_head_side_r01,Pro00075,FoCut5a,PET_L20,20,head-side,1,WARN,153,K153,0.1516,exploratory_candidate_centered,T152 is only a rough W185-region candidate; the global CE RMSD is high and residue-wise biochemical equivalence is not claimed.,1,False
Pro00075_PET_L20_head_side_r01,Pro00075,FoCut5a,PET_L20,20,head-side,1,WARN,154,N154,0.1694,exploratory_candidate_centered,T152 is only a rough W185-region candidate; the global CE RMSD is high and residue-wise biochemical equivalence is not claimed.,2,False
Pro00075_PET_L20_head_side_r01,Pro00075,FoCut5a,PET_L20,20,head-side,1,WARN,155,L155,0.2532,exploratory_candidate_centered,T152 is only a rough W185-region candidate; the global CE RMSD is high and residue-wise biochemical equivalence is not claimed.,3,False
Pro00075_PET_L20_head_side_r01,Pro00075,FoCut5a,PET_L20,20,head-side,1,WARN,156,Q156,0.2846,exploratory_candidate_centered,T152 is only a rough W185-region candidate; the global CE RMSD is high and residue-wise biochemical equivalence is not claimed.,4,False
Pro00075_PET_L20_head_side_r01,Pro00075,FoCut5a,PET_L20,20,head-side,1,WARN,157,N157,0.2722,exploratory_candidate_centered,T152 is only a rough W185-region candidate; the global CE RMSD is high and residue-wise biochemical equivalence is not claimed.,5,False
Pro00075_PET_L20_head_side_r01,Pro00075,FoCut5a,PET_L20,20,head-side,1,WARN,158,R158,0.3274,exploratory_candidate_centered,T152 is only a rough W185-region candidate; the global CE RMSD is high and residue-wise biochemical equivalence is not claimed.,6,False
Pro00075_PET_L20_head_side_r01,Pro00075,FoCut5a,PET_L20,20,head-side,1,WARN,159,G159,0.2577,exploratory_candidate_centered,T152 is only a rough W185-region candidate; the global CE RMSD is high and residue-wise biochemical equivalence is not claimed.,7,False
Pro00075_PET_L20_head_side_r02,Pro00075,FoCut5a,PET_L20,20,head-side,2,WARN,149,F149,0.142,exploratory_candidate_centered,T152 is only a rough W185-region candidate; the global CE RMSD is high and residue-wise biochemical equivalence is not claimed.,-3,False
Pro00075_PET_L20_head_side_r02,Pro00075,FoCut5a,PET_L20,20,head-side,2,WARN,150,G150,0.1255,exploratory_candidate_centered,T152 is only a rough W185-region candidate; the global CE RMSD is high and residue-wise biochemical equivalence is not claimed.,-2,False
Pro00075_PET_L20_head_side_r02,Pro00075,FoCut5a,PET_L20,20,head-side,2,WARN,151,Y151,0.0787,exploratory_candidate_centered,T152 is only a rough W185-region candidate; the global CE RMSD is high and residue-wise biochemical equivalence is not claimed.,-1,False
Pro00075_PET_L20_head_side_r02,Pro00075,FoCut5a,PET_L20,20,head-side,2,WARN,152,T152,0.1081,exploratory_candidate_centered,T152 is only a rough W185-region candidate; the global CE RMSD is high and residue-wise biochemical equivalence is not claimed.,0,True
Pro00075_PET_L20_head_side_r02,Pro00075,FoCut5a,PET_L20,20,head-side,2,WARN,153,K153,0.1375,exploratory_candidate_centered,T152 is only a rough W185-region candidate; the global CE RMSD is high and residue-wise biochemical equivalence is not claimed.,1,False
Pro00075_PET_L20_head_side_r02,Pro00075,FoCut5a,PET_L20,20,head-side,2,WARN,154,N154,0.1272,exploratory_candidate_centered,T152 is only a rough W185-region candidate; the global CE RMSD is high and residue-wise biochemical equivalence is not claimed.,2,False
Pro00075_PET_L20_head_side_r02,Pro00075,FoCut5a,PET_L20,20,head-side,2,WARN,155,L155,0.1742,exploratory_candidate_centered,T152 is only a rough W185-region candidate; the global CE RMSD is high and residue-wise biochemical equivalence is not claimed.,3,False
Pro00075_PET_L20_head_side_r02,Pro00075,FoCut5a,PET_L20,20,head-side,2,WARN,156,Q156,0.2146,exploratory_candidate_centered,T152 is only a rough W185-region candidate; the global CE RMSD is high and residue-wise biochemical equivalence is not claimed.,4,False
Pro00075_PET_L20_head_side_r02,Pro00075,FoCut5a,PET_L20,20,head-side,2,WARN,157,N157,0.2161,exploratory_candidate_centered,T152 is only a rough W185-region candidate; the global CE RMSD is high and residue-wise biochemical equivalence is not claimed.,5,False
Pro00075_PET_L20_head_side_r02,Pro00075,FoCut5a,PET_L20,20,head-side,2,WARN,158,R158,0.2285,exploratory_candidate_centered,T152 is only a rough W185-region candidate; the global CE RMSD is high and residue-wise biochemical equivalence is not claimed.,6,False
Pro00075_PET_L20_head_side_r02,Pro00075,FoCut5a,PET_L20,20,head-side,2,WARN,159,G159,0.1836,exploratory_candidate_centered,T152 is only a rough W185-region candidate; the global CE RMSD is high and residue-wise biochemical equivalence is not claimed.,7,False
Pro00075_PET_L20_head_side_r03,Pro00075,FoCut5a,PET_L20,20,head-side,3,WARN,149,F149,0.0874,exploratory_candidate_centered,T152 is only a rough W185-region candidate; the global CE RMSD is high and residue-wise biochemical equivalence is not claimed.,-3,False
Pro00075_PET_L20_head_side_r03,Pro00075,FoCut5a,PET_L20,20,head-side,3,WARN,150,G150,0.0951,exploratory_candidate_centered,T152 is only a rough W185-region candidate; the global CE RMSD is high and residue-wise biochemical equivalence is not claimed.,-2,False
Pro00075_PET_L20_head_side_r03,Pro00075,FoCut5a,PET_L20,20,head-side,3,WARN,151,Y151,0.0881,exploratory_candidate_centered,T152 is only a rough W185-region candidate; the global CE RMSD is high and residue-wise biochemical equivalence is not claimed.,-1,False
Pro00075_PET_L20_head_side_r03,Pro00075,FoCut5a,PET_L20,20,head-side,3,WARN,152,T152,0.1077,exploratory_candidate_centered,T152 is only a rough W185-region candidate; the global CE RMSD is high and residue-wise biochemical equivalence is not claimed.,0,True
Pro00075_PET_L20_head_side_r03,Pro00075,FoCut5a,PET_L20,20,head-side,3,WARN,153,K153,0.1196,exploratory_candidate_centered,T152 is only a rough W185-region candidate; the global CE RMSD is high and residue-wise biochemical equivalence is not claimed.,1,False
Pro00075_PET_L20_head_side_r03,Pro00075,FoCut5a,PET_L20,20,head-side,3,WARN,154,N154,0.1099,exploratory_candidate_centered,T152 is only a rough W185-region candidate; the global CE RMSD is high and residue-wise biochemical equivalence is not claimed.,2,False
Pro00075_PET_L20_head_side_r03,Pro00075,FoCut5a,PET_L20,20,head-side,3,WARN,155,L155,0.1404,exploratory_candidate_centered,T152 is only a rough W185-region candidate; the global CE RMSD is high and residue-wise biochemical equivalence is not claimed.,3,False
Pro00075_PET_L20_head_side_r03,Pro00075,FoCut5a,PET_L20,20,head-side,3,WARN,156,Q156,0.1559,exploratory_candidate_centered,T152 is only a rough W185-region candidate; the global CE RMSD is high and residue-wise biochemical equivalence is not claimed.,4,False
Pro00075_PET_L20_head_side_r03,Pro00075,FoCut5a,PET_L20,20,head-side,3,WARN,157,N157,0.1497,exploratory_candidate_centered,T152 is only a rough W185-region candidate; the global CE RMSD is high and residue-wise biochemical equivalence is not claimed.,5,False
Pro00075_PET_L20_head_side_r03,Pro00075,FoCut5a,PET_L20,20,head-side,3,WARN,158,R158,0.1502,exploratory_candidate_centered,T152 is only a rough W185-region candidate; the global CE RMSD is high and residue-wise biochemical equivalence is not claimed.,6,False
Pro00075_PET_L20_head_side_r03,Pro00075,FoCut5a,PET_L20,20,head-side,3,WARN,159,G159,0.1217,exploratory_candidate_centered,T152 is only a rough W185-region candidate; the global CE RMSD is high and residue-wise biochemical equivalence is not claimed.,7,False
Pro00075_PET_L20_tail_side_r01,Pro00075,FoCut5a,PET_L20,20,tail-side,1,WARN,149,F149,0.0727,exploratory_candidate_centered,T152 is only a rough W185-region candidate; the global CE RMSD is high and residue-wise biochemical equivalence is not claimed.,-3,False
Pro00075_PET_L20_tail_side_r01,Pro00075,FoCut5a,PET_L20,20,tail-side,1,WARN,150,G150,0.0853,exploratory_candidate_centered,T152 is only a rough W185-region candidate; the global CE RMSD is high and residue-wise biochemical equivalence is not claimed.,-2,False
Pro00075_PET_L20_tail_side_r01,Pro00075,FoCut5a,PET_L20,20,tail-side,1,WARN,151,Y151,0.0786,exploratory_candidate_centered,T152 is only a rough W185-region candidate; the global CE RMSD is high and residue-wise biochemical equivalence is not claimed.,-1,False
Pro00075_PET_L20_tail_side_r01,Pro00075,FoCut5a,PET_L20,20,tail-side,1,WARN,152,T152,0.0926,exploratory_candidate_centered,T152 is only a rough W185-region candidate; the global CE RMSD is high and residue-wise biochemical equivalence is not claimed.,0,True
Pro00075_PET_L20_tail_side_r01,Pro00075,FoCut5a,PET_L20,20,tail-side,1,WARN,153,K153,0.1113,exploratory_candidate_centered,T152 is only a rough W185-region candidate; the global CE RMSD is high and residue-wise biochemical equivalence is not claimed.,1,False
Pro00075_PET_L20_tail_side_r01,Pro00075,FoCut5a,PET_L20,20,tail-side,1,WARN,154,N154,0.1122,exploratory_candidate_centered,T152 is only a rough W185-region candidate; the global CE RMSD is high and residue-wise biochemical equivalence is not claimed.,2,False
Pro00075_PET_L20_tail_side_r01,Pro00075,FoCut5a,PET_L20,20,tail-side,1,WARN,155,L155,0.1517,exploratory_candidate_centered,T152 is only a rough W185-region candidate; the global CE RMSD is high and residue-wise biochemical equivalence is not claimed.,3,False
Pro00075_PET_L20_tail_side_r01,Pro00075,FoCut5a,PET_L20,20,tail-side,1,WARN,156,Q156,0.1591,exploratory_candidate_centered,T152 is only a rough W185-region candidate; the global CE RMSD is high and residue-wise biochemical equivalence is not claimed.,4,False
Pro00075_PET_L20_tail_side_r01,Pro00075,FoCut5a,PET_L20,20,tail-side,1,WARN,157,N157,0.1488,exploratory_candidate_centered,T152 is only a rough W185-region candidate; the global CE RMSD is high and residue-wise biochemical equivalence is not claimed.,5,False
Pro00075_PET_L20_tail_side_r01,Pro00075,FoCut5a,PET_L20,20,tail-side,1,WARN,158,R158,0.1515,exploratory_candidate_centered,T152 is only a rough W185-region candidate; the global CE RMSD is high and residue-wise biochemical equivalence is not claimed.,6,False
Pro00075_PET_L20_tail_side_r01,Pro00075,FoCut5a,PET_L20,20,tail-side,1,WARN,159,G159,0.1224,exploratory_candidate_centered,T152 is only a rough W185-region candidate; the global CE RMSD is high and residue-wise biochemical equivalence is not claimed.,7,False
Pro00075_PET_L20_tail_side_r02,Pro00075,FoCut5a,PET_L20,20,tail-side,2,WARN,149,F149,0.0607,exploratory_candidate_centered,T152 is only a rough W185-region candidate; the global CE RMSD is high and residue-wise biochemical equivalence is not claimed.,-3,False
Pro00075_PET_L20_tail_side_r02,Pro00075,FoCut5a,PET_L20,20,tail-side,2,WARN,150,G150,0.0722,exploratory_candidate_centered,T152 is only a rough W185-region candidate; the global CE RMSD is high and residue-wise biochemical equivalence is not claimed.,-2,False
Pro00075_PET_L20_tail_side_r02,Pro00075,FoCut5a,PET_L20,20,tail-side,2,WARN,151,Y151,0.0663,exploratory_candidate_centered,T152 is only a rough W185-region candidate; the global CE RMSD is high and residue-wise biochemical equivalence is not claimed.,-1,False
Pro00075_PET_L20_tail_side_r02,Pro00075,FoCut5a,PET_L20,20,tail-side,2,WARN,152,T152,0.0759,exploratory_candidate_centered,T152 is only a rough W185-region candidate; the global CE RMSD is high and residue-wise biochemical equivalence is not claimed.,0,True
Pro00075_PET_L20_tail_side_r02,Pro00075,FoCut5a,PET_L20,20,tail-side,2,WARN,153,K153,0.0913,exploratory_candidate_centered,T152 is only a rough W185-region candidate; the global CE RMSD is high and residue-wise biochemical equivalence is not claimed.,1,False
Pro00075_PET_L20_tail_side_r02,Pro00075,FoCut5a,PET_L20,20,tail-side,2,WARN,154,N154,0.0944,exploratory_candidate_centered,T152 is only a rough W185-region candidate; the global CE RMSD is high and residue-wise biochemical equivalence is not claimed.,2,False
Pro00075_PET_L20_tail_side_r02,Pro00075,FoCut5a,PET_L20,20,tail-side,2,WARN,155,L155,0.1193,exploratory_candidate_centered,T152 is only a rough W185-region candidate; the global CE RMSD is high and residue-wise biochemical equivalence is not claimed.,3,False
Pro00075_PET_L20_tail_side_r02,Pro00075,FoCut5a,PET_L20,20,tail-side,2,WARN,156,Q156,0.124,exploratory_candidate_centered,T152 is only a rough W185-region candidate; the global CE RMSD is high and residue-wise biochemical equivalence is not claimed.,4,False
Pro00075_PET_L20_tail_side_r02,Pro00075,FoCut5a,PET_L20,20,tail-side,2,WARN,157,N157,0.1157,exploratory_candidate_centered,T152 is only a rough W185-region candidate; the global CE RMSD is high and residue-wise biochemical equivalence is not claimed.,5,False
Pro00075_PET_L20_tail_side_r02,Pro00075,FoCut5a,PET_L20,20,tail-side,2,WARN,158,R158,0.128,exploratory_candidate_centered,T152 is only a rough W185-region candidate; the global CE RMSD is high and residue-wise biochemical equivalence is not claimed.,6,False
Pro00075_PET_L20_tail_side_r02,Pro00075,FoCut5a,PET_L20,20,tail-side,2,WARN,159,G159,0.1086,exploratory_candidate_centered,T152 is only a rough W185-region candidate; the global CE RMSD is high and residue-wise biochemical equivalence is not claimed.,7,False
Pro00075_PET_L20_tail_side_r03,Pro00075,FoCut5a,PET_L20,20,tail-side,3,WARN,149,F149,0.0528,exploratory_candidate_centered,T152 is only a rough W185-region candidate; the global CE RMSD is high and residue-wise biochemical equivalence is not claimed.,-3,False
Pro00075_PET_L20_tail_side_r03,Pro00075,FoCut5a,PET_L20,20,tail-side,3,WARN,150,G150,0.0585,exploratory_candidate_centered,T152 is only a rough W185-region candidate; the global CE RMSD is high and residue-wise biochemical equivalence is not claimed.,-2,False
Pro00075_PET_L20_tail_side_r03,Pro00075,FoCut5a,PET_L20,20,tail-side,3,WARN,151,Y151,0.0569,exploratory_candidate_centered,T152 is only a rough W185-region candidate; the global CE RMSD is high and residue-wise biochemical equivalence is not claimed.,-1,False
Pro00075_PET_L20_tail_side_r03,Pro00075,FoCut5a,PET_L20,20,tail-side,3,WARN,152,T152,0.0701,exploratory_candidate_centered,T152 is only a rough W185-region candidate; the global CE RMSD is high and residue-wise biochemical equivalence is not claimed.,0,True
Pro00075_PET_L20_tail_side_r03,Pro00075,FoCut5a,PET_L20,20,tail-side,3,WARN,153,K153,0.0887,exploratory_candidate_centered,T152 is only a rough W185-region candidate; the global CE RMSD is high and residue-wise biochemical equivalence is not claimed.,1,False
Pro00075_PET_L20_tail_side_r03,Pro00075,FoCut5a,PET_L20,20,tail-side,3,WARN,154,N154,0.0903,exploratory_candidate_centered,T152 is only a rough W185-region candidate; the global CE RMSD is high and residue-wise biochemical equivalence is not claimed.,2,False
Pro00075_PET_L20_tail_side_r03,Pro00075,FoCut5a,PET_L20,20,tail-side,3,WARN,155,L155,0.1213,exploratory_candidate_centered,T152 is only a rough W185-region candidate; the global CE RMSD is high and residue-wise biochemical equivalence is not claimed.,3,False
Pro00075_PET_L20_tail_side_r03,Pro00075,FoCut5a,PET_L20,20,tail-side,3,WARN,156,Q156,0.126,exploratory_candidate_centered,T152 is only a rough W185-region candidate; the global CE RMSD is high and residue-wise biochemical equivalence is not claimed.,4,False
Pro00075_PET_L20_tail_side_r03,Pro00075,FoCut5a,PET_L20,20,tail-side,3,WARN,157,N157,0.119,exploratory_candidate_centered,T152 is only a rough W185-region candidate; the global CE RMSD is high and residue-wise biochemical equivalence is not claimed.,5,False
Pro00075_PET_L20_tail_side_r03,Pro00075,FoCut5a,PET_L20,20,tail-side,3,WARN,158,R158,0.1258,exploratory_candidate_centered,T152 is only a rough W185-region candidate; the global CE RMSD is high and residue-wise biochemical equivalence is not claimed.,6,False
Pro00075_PET_L20_tail_side_r03,Pro00075,FoCut5a,PET_L20,20,tail-side,3,WARN,159,G159,0.0994,exploratory_candidate_centered,T152 is only a rough W185-region candidate; the global CE RMSD is high and residue-wise biochemical equivalence is not claimed.,7,False
Pro00075_PET_L20_bidirectional_r01,Pro00075,FoCut5a,PET_L20,20,bidirectional,1,WARN,149,F149,0.11,exploratory_candidate_centered,T152 is only a rough W185-region candidate; the global CE RMSD is high and residue-wise biochemical equivalence is not claimed.,-3,False
Pro00075_PET_L20_bidirectional_r01,Pro00075,FoCut5a,PET_L20,20,bidirectional,1,WARN,150,G150,0.1062,exploratory_candidate_centered,T152 is only a rough W185-region candidate; the global CE RMSD is high and residue-wise biochemical equivalence is not claimed.,-2,False
Pro00075_PET_L20_bidirectional_r01,Pro00075,FoCut5a,PET_L20,20,bidirectional,1,WARN,151,Y151,0.074,exploratory_candidate_centered,T152 is only a rough W185-region candidate; the global CE RMSD is high and residue-wise biochemical equivalence is not claimed.,-1,False
Pro00075_PET_L20_bidirectional_r01,Pro00075,FoCut5a,PET_L20,20,bidirectional,1,WARN,152,T152,0.0791,exploratory_candidate_centered,T152 is only a rough W185-region candidate; the global CE RMSD is high and residue-wise biochemical equivalence is not claimed.,0,True
Pro00075_PET_L20_bidirectional_r01,Pro00075,FoCut5a,PET_L20,20,bidirectional,1,WARN,153,K153,0.1118,exploratory_candidate_centered,T152 is only a rough W185-region candidate; the global CE RMSD is high and residue-wise biochemical equivalence is not claimed.,1,False
Pro00075_PET_L20_bidirectional_r01,Pro00075,FoCut5a,PET_L20,20,bidirectional,1,WARN,154,N154,0.1278,exploratory_candidate_centered,T152 is only a rough W185-region candidate; the global CE RMSD is high and residue-wise biochemical equivalence is not claimed.,2,False
Pro00075_PET_L20_bidirectional_r01,Pro00075,FoCut5a,PET_L20,20,bidirectional,1,WARN,155,L155,0.177,exploratory_candidate_centered,T152 is only a rough W185-region candidate; the global CE RMSD is high and residue-wise biochemical equivalence is not claimed.,3,False
Pro00075_PET_L20_bidirectional_r01,Pro00075,FoCut5a,PET_L20,20,bidirectional,1,WARN,156,Q156,0.1866,exploratory_candidate_centered,T152 is only a rough W185-region candidate; the global CE RMSD is high and residue-wise biochemical equivalence is not claimed.,4,False
Pro00075_PET_L20_bidirectional_r01,Pro00075,FoCut5a,PET_L20,20,bidirectional,1,WARN,157,N157,0.1875,exploratory_candidate_centered,T152 is only a rough W185-region candidate; the global CE RMSD is high and residue-wise biochemical equivalence is not claimed.,5,False
Pro00075_PET_L20_bidirectional_r01,Pro00075,FoCut5a,PET_L20,20,bidirectional,1,WARN,158,R158,0.2114,exploratory_candidate_centered,T152 is only a rough W185-region candidate; the global CE RMSD is high and residue-wise biochemical equivalence is not claimed.,6,False
Pro00075_PET_L20_bidirectional_r01,Pro00075,FoCut5a,PET_L20,20,bidirectional,1,WARN,159,G159,0.1673,exploratory_candidate_centered,T152 is only a rough W185-region candidate; the global CE RMSD is high and residue-wise biochemical equivalence is not claimed.,7,False
Pro00121_PET_L10_head_side_r02,Pro00121,HiC,PET_L10,10,head-side,2,PASS,132,F132,0.0392,exploratory_candidate_centered,T135 is only a rough W185-region candidate; the global CE RMSD is high and residue-wise biochemical equivalence is not claimed.,-3,False
Pro00121_PET_L10_head_side_r02,Pro00121,HiC,PET_L10,10,head-side,2,PASS,133,G133,0.0477,exploratory_candidate_centered,T135 is only a rough W185-region candidate; the global CE RMSD is high and residue-wise biochemical equivalence is not claimed.,-2,False
Pro00121_PET_L10_head_side_r02,Pro00121,HiC,PET_L10,10,head-side,2,PASS,134,Y134,0.0482,exploratory_candidate_centered,T135 is only a rough W185-region candidate; the global CE RMSD is high and residue-wise biochemical equivalence is not claimed.,-1,False
Pro00121_PET_L10_head_side_r02,Pro00121,HiC,PET_L10,10,head-side,2,PASS,135,T135,0.0533,exploratory_candidate_centered,T135 is only a rough W185-region candidate; the global CE RMSD is high and residue-wise biochemical equivalence is not claimed.,0,True
Pro00121_PET_L10_head_side_r02,Pro00121,HiC,PET_L10,10,head-side,2,PASS,136,Q136,0.0572,exploratory_candidate_centered,T135 is only a rough W185-region candidate; the global CE RMSD is high and residue-wise biochemical equivalence is not claimed.,1,False
Pro00121_PET_L10_head_side_r02,Pro00121,HiC,PET_L10,10,head-side,2,PASS,137,N137,0.0653,exploratory_candidate_centered,T135 is only a rough W185-region candidate; the global CE RMSD is high and residue-wise biochemical equivalence is not claimed.,2,False
Pro00121_PET_L10_head_side_r02,Pro00121,HiC,PET_L10,10,head-side,2,PASS,138,L138,0.085,exploratory_candidate_centered,T135 is only a rough W185-region candidate; the global CE RMSD is high and residue-wise biochemical equivalence is not claimed.,3,False
Pro00121_PET_L10_head_side_r02,Pro00121,HiC,PET_L10,10,head-side,2,PASS,139,Q139,0.0859,exploratory_candidate_centered,T135 is only a rough W185-region candidate; the global CE RMSD is high and residue-wise biochemical equivalence is not claimed.,4,False
Pro00121_PET_L10_head_side_r02,Pro00121,HiC,PET_L10,10,head-side,2,PASS,140,N140,0.0947,exploratory_candidate_centered,T135 is only a rough W185-region candidate; the global CE RMSD is high and residue-wise biochemical equivalence is not claimed.,5,False
Pro00121_PET_L10_head_side_r02,Pro00121,HiC,PET_L10,10,head-side,2,PASS,141,R141,0.1162,exploratory_candidate_centered,T135 is only a rough W185-region candidate; the global CE RMSD is high and residue-wise biochemical equivalence is not claimed.,6,False
Pro00121_PET_L10_head_side_r02,Pro00121,HiC,PET_L10,10,head-side,2,PASS,142,G142,0.0868,exploratory_candidate_centered,T135 is only a rough W185-region candidate; the global CE RMSD is high and residue-wise biochemical equivalence is not claimed.,7,False
Pro00121_PET_L10_tail_side_r01,Pro00121,HiC,PET_L10,10,tail-side,1,PASS,132,F132,0.03,exploratory_candidate_centered,T135 is only a rough W185-region candidate; the global CE RMSD is high and residue-wise biochemical equivalence is not claimed.,-3,False
Pro00121_PET_L10_tail_side_r01,Pro00121,HiC,PET_L10,10,tail-side,1,PASS,133,G133,0.0375,exploratory_candidate_centered,T135 is only a rough W185-region candidate; the global CE RMSD is high and residue-wise biochemical equivalence is not claimed.,-2,False
Pro00121_PET_L10_tail_side_r01,Pro00121,HiC,PET_L10,10,tail-side,1,PASS,134,Y134,0.0398,exploratory_candidate_centered,T135 is only a rough W185-region candidate; the global CE RMSD is high and residue-wise biochemical equivalence is not claimed.,-1,False
Pro00121_PET_L10_tail_side_r01,Pro00121,HiC,PET_L10,10,tail-side,1,PASS,135,T135,0.0426,exploratory_candidate_centered,T135 is only a rough W185-region candidate; the global CE RMSD is high and residue-wise biochemical equivalence is not claimed.,0,True
Pro00121_PET_L10_tail_side_r01,Pro00121,HiC,PET_L10,10,tail-side,1,PASS,136,Q136,0.0485,exploratory_candidate_centered,T135 is only a rough W185-region candidate; the global CE RMSD is high and residue-wise biochemical equivalence is not claimed.,1,False
Pro00121_PET_L10_tail_side_r01,Pro00121,HiC,PET_L10,10,tail-side,1,PASS,137,N137,0.0616,exploratory_candidate_centered,T135 is only a rough W185-region candidate; the global CE RMSD is high and residue-wise biochemical equivalence is not claimed.,2,False
Pro00121_PET_L10_tail_side_r01,Pro00121,HiC,PET_L10,10,tail-side,1,PASS,138,L138,0.0882,exploratory_candidate_centered,T135 is only a rough W185-region candidate; the global CE RMSD is high and residue-wise biochemical equivalence is not claimed.,3,False
Pro00121_PET_L10_tail_side_r01,Pro00121,HiC,PET_L10,10,tail-side,1,PASS,139,Q139,0.0828,exploratory_candidate_centered,T135 is only a rough W185-region candidate; the global CE RMSD is high and residue-wise biochemical equivalence is not claimed.,4,False
Pro00121_PET_L10_tail_side_r01,Pro00121,HiC,PET_L10,10,tail-side,1,PASS,140,N140,0.0887,exploratory_candidate_centered,T135 is only a rough W185-region candidate; the global CE RMSD is high and residue-wise biochemical equivalence is not claimed.,5,False
Pro00121_PET_L10_tail_side_r01,Pro00121,HiC,PET_L10,10,tail-side,1,PASS,141,R141,0.1115,exploratory_candidate_centered,T135 is only a rough W185-region candidate; the global CE RMSD is high and residue-wise biochemical equivalence is not claimed.,6,False
Pro00121_PET_L10_tail_side_r01,Pro00121,HiC,PET_L10,10,tail-side,1,PASS,142,G142,0.0841,exploratory_candidate_centered,T135 is only a rough W185-region candidate; the global CE RMSD is high and residue-wise biochemical equivalence is not claimed.,7,False
Pro00121_PET_L10_tail_side_r02,Pro00121,HiC,PET_L10,10,tail-side,2,PASS,132,F132,0.0334,exploratory_candidate_centered,T135 is only a rough W185-region candidate; the global CE RMSD is high and residue-wise biochemical equivalence is not claimed.,-3,False
Pro00121_PET_L10_tail_side_r02,Pro00121,HiC,PET_L10,10,tail-side,2,PASS,133,G133,0.0435,exploratory_candidate_centered,T135 is only a rough W185-region candidate; the global CE RMSD is high and residue-wise biochemical equivalence is not claimed.,-2,False
Pro00121_PET_L10_tail_side_r02,Pro00121,HiC,PET_L10,10,tail-side,2,PASS,134,Y134,0.0501,exploratory_candidate_centered,T135 is only a rough W185-region candidate; the global CE RMSD is high and residue-wise biochemical equivalence is not claimed.,-1,False
Pro00121_PET_L10_tail_side_r02,Pro00121,HiC,PET_L10,10,tail-side,2,PASS,135,T135,0.0764,exploratory_candidate_centered,T135 is only a rough W185-region candidate; the global CE RMSD is high and residue-wise biochemical equivalence is not claimed.,0,True
Pro00121_PET_L10_tail_side_r02,Pro00121,HiC,PET_L10,10,tail-side,2,PASS,136,Q136,0.0857,exploratory_candidate_centered,T135 is only a rough W185-region candidate; the global CE RMSD is high and residue-wise biochemical equivalence is not claimed.,1,False
Pro00121_PET_L10_tail_side_r02,Pro00121,HiC,PET_L10,10,tail-side,2,PASS,137,N137,0.0722,exploratory_candidate_centered,T135 is only a rough W185-region candidate; the global CE RMSD is high and residue-wise biochemical equivalence is not claimed.,2,False
Pro00121_PET_L10_tail_side_r02,Pro00121,HiC,PET_L10,10,tail-side,2,PASS,138,L138,0.1114,exploratory_candidate_centered,T135 is only a rough W185-region candidate; the global CE RMSD is high and residue-wise biochemical equivalence is not claimed.,3,False
Pro00121_PET_L10_tail_side_r02,Pro00121,HiC,PET_L10,10,tail-side,2,PASS,139,Q139,0.1254,exploratory_candidate_centered,T135 is only a rough W185-region candidate; the global CE RMSD is high and residue-wise biochemical equivalence is not claimed.,4,False
Pro00121_PET_L10_tail_side_r02,Pro00121,HiC,PET_L10,10,tail-side,2,PASS,140,N140,0.1157,exploratory_candidate_centered,T135 is only a rough W185-region candidate; the global CE RMSD is high and residue-wise biochemical equivalence is not claimed.,5,False
Pro00121_PET_L10_tail_side_r02,Pro00121,HiC,PET_L10,10,tail-side,2,PASS,141,R141,0.107,exploratory_candidate_centered,T135 is only a rough W185-region candidate; the global CE RMSD is high and residue-wise biochemical equivalence is not claimed.,6,False
Pro00121_PET_L10_tail_side_r02,Pro00121,HiC,PET_L10,10,tail-side,2,PASS,142,G142,0.1028,exploratory_candidate_centered,T135 is only a rough W185-region candidate; the global CE RMSD is high and residue-wise biochemical equivalence is not claimed.,7,False
Pro00121_PET_L10_tail_side_r03,Pro00121,HiC,PET_L10,10,tail-side,3,PASS,132,F132,0.0294,exploratory_candidate_centered,T135 is only a rough W185-region candidate; the global CE RMSD is high and residue-wise biochemical equivalence is not claimed.,-3,False
Pro00121_PET_L10_tail_side_r03,Pro00121,HiC,PET_L10,10,tail-side,3,PASS,133,G133,0.0355,exploratory_candidate_centered,T135 is only a rough W185-region candidate; the global CE RMSD is high and residue-wise biochemical equivalence is not claimed.,-2,False
Pro00121_PET_L10_tail_side_r03,Pro00121,HiC,PET_L10,10,tail-side,3,PASS,134,Y134,0.0378,exploratory_candidate_centered,T135 is only a rough W185-region candidate; the global CE RMSD is high and residue-wise biochemical equivalence is not claimed.,-1,False
Pro00121_PET_L10_tail_side_r03,Pro00121,HiC,PET_L10,10,tail-side,3,PASS,135,T135,0.0639,exploratory_candidate_centered,T135 is only a rough W185-region candidate; the global CE RMSD is high and residue-wise biochemical equivalence is not claimed.,0,True
Pro00121_PET_L10_tail_side_r03,Pro00121,HiC,PET_L10,10,tail-side,3,PASS,136,Q136,0.0576,exploratory_candidate_centered,T135 is only a rough W185-region candidate; the global CE RMSD is high and residue-wise biochemical equivalence is not claimed.,1,False
Pro00121_PET_L10_tail_side_r03,Pro00121,HiC,PET_L10,10,tail-side,3,PASS,137,N137,0.0694,exploratory_candidate_centered,T135 is only a rough W185-region candidate; the global CE RMSD is high and residue-wise biochemical equivalence is not claimed.,2,False
Pro00121_PET_L10_tail_side_r03,Pro00121,HiC,PET_L10,10,tail-side,3,PASS,138,L138,0.0922,exploratory_candidate_centered,T135 is only a rough W185-region candidate; the global CE RMSD is high and residue-wise biochemical equivalence is not claimed.,3,False
Pro00121_PET_L10_tail_side_r03,Pro00121,HiC,PET_L10,10,tail-side,3,PASS,139,Q139,0.0898,exploratory_candidate_centered,T135 is only a rough W185-region candidate; the global CE RMSD is high and residue-wise biochemical equivalence is not claimed.,4,False
Pro00121_PET_L10_tail_side_r03,Pro00121,HiC,PET_L10,10,tail-side,3,PASS,140,N140,0.0867,exploratory_candidate_centered,T135 is only a rough W185-region candidate; the global CE RMSD is high and residue-wise biochemical equivalence is not claimed.,5,False
Pro00121_PET_L10_tail_side_r03,Pro00121,HiC,PET_L10,10,tail-side,3,PASS,141,R141,0.106,exploratory_candidate_centered,T135 is only a rough W185-region candidate; the global CE RMSD is high and residue-wise biochemical equivalence is not claimed.,6,False
Pro00121_PET_L10_tail_side_r03,Pro00121,HiC,PET_L10,10,tail-side,3,PASS,142,G142,0.0843,exploratory_candidate_centered,T135 is only a rough W185-region candidate; the global CE RMSD is high and residue-wise biochemical equivalence is not claimed.,7,False
Pro00121_PET_L10_bidirectional_r03,Pro00121,HiC,PET_L10,10,bidirectional,3,PASS,132,F132,0.0296,exploratory_candidate_centered,T135 is only a rough W185-region candidate; the global CE RMSD is high and residue-wise biochemical equivalence is not claimed.,-3,False
Pro00121_PET_L10_bidirectional_r03,Pro00121,HiC,PET_L10,10,bidirectional,3,PASS,133,G133,0.0385,exploratory_candidate_centered,T135 is only a rough W185-region candidate; the global CE RMSD is high and residue-wise biochemical equivalence is not claimed.,-2,False
Pro00121_PET_L10_bidirectional_r03,Pro00121,HiC,PET_L10,10,bidirectional,3,PASS,134,Y134,0.0408,exploratory_candidate_centered,T135 is only a rough W185-region candidate; the global CE RMSD is high and residue-wise biochemical equivalence is not claimed.,-1,False
Pro00121_PET_L10_bidirectional_r03,Pro00121,HiC,PET_L10,10,bidirectional,3,PASS,135,T135,0.0477,exploratory_candidate_centered,T135 is only a rough W185-region candidate; the global CE RMSD is high and residue-wise biochemical equivalence is not claimed.,0,True
Pro00121_PET_L10_bidirectional_r03,Pro00121,HiC,PET_L10,10,bidirectional,3,PASS,136,Q136,0.0667,exploratory_candidate_centered,T135 is only a rough W185-region candidate; the global CE RMSD is high and residue-wise biochemical equivalence is not claimed.,1,False
Pro00121_PET_L10_bidirectional_r03,Pro00121,HiC,PET_L10,10,bidirectional,3,PASS,137,N137,0.0705,exploratory_candidate_centered,T135 is only a rough W185-region candidate; the global CE RMSD is high and residue-wise biochemical equivalence is not claimed.,2,False
Pro00121_PET_L10_bidirectional_r03,Pro00121,HiC,PET_L10,10,bidirectional,3,PASS,138,L138,0.1004,exploratory_candidate_centered,T135 is only a rough W185-region candidate; the global CE RMSD is high and residue-wise biochemical equivalence is not claimed.,3,False
Pro00121_PET_L10_bidirectional_r03,Pro00121,HiC,PET_L10,10,bidirectional,3,PASS,139,Q139,0.11,exploratory_candidate_centered,T135 is only a rough W185-region candidate; the global CE RMSD is high and residue-wise biochemical equivalence is not claimed.,4,False
Pro00121_PET_L10_bidirectional_r03,Pro00121,HiC,PET_L10,10,bidirectional,3,PASS,140,N140,0.1103,exploratory_candidate_centered,T135 is only a rough W185-region candidate; the global CE RMSD is high and residue-wise biochemical equivalence is not claimed.,5,False
Pro00121_PET_L10_bidirectional_r03,Pro00121,HiC,PET_L10,10,bidirectional,3,PASS,141,R141,0.1265,exploratory_candidate_centered,T135 is only a rough W185-region candidate; the global CE RMSD is high and residue-wise biochemical equivalence is not claimed.,6,False
Pro00121_PET_L10_bidirectional_r03,Pro00121,HiC,PET_L10,10,bidirectional,3,PASS,142,G142,0.0922,exploratory_candidate_centered,T135 is only a rough W185-region candidate; the global CE RMSD is high and residue-wise biochemical equivalence is not claimed.,7,False
Pro00121_PET_L20_head_side_r01,Pro00121,HiC,PET_L20,20,head-side,1,PASS,132,F132,0.0305,exploratory_candidate_centered,T135 is only a rough W185-region candidate; the global CE RMSD is high and residue-wise biochemical equivalence is not claimed.,-3,False
Pro00121_PET_L20_head_side_r01,Pro00121,HiC,PET_L20,20,head-side,1,PASS,133,G133,0.0342,exploratory_candidate_centered,T135 is only a rough W185-region candidate; the global CE RMSD is high and residue-wise biochemical equivalence is not claimed.,-2,False
Pro00121_PET_L20_head_side_r01,Pro00121,HiC,PET_L20,20,head-side,1,PASS,134,Y134,0.0369,exploratory_candidate_centered,T135 is only a rough W185-region candidate; the global CE RMSD is high and residue-wise biochemical equivalence is not claimed.,-1,False
Pro00121_PET_L20_head_side_r01,Pro00121,HiC,PET_L20,20,head-side,1,PASS,135,T135,0.0395,exploratory_candidate_centered,T135 is only a rough W185-region candidate; the global CE RMSD is high and residue-wise biochemical equivalence is not claimed.,0,True
Pro00121_PET_L20_head_side_r01,Pro00121,HiC,PET_L20,20,head-side,1,PASS,136,Q136,0.0495,exploratory_candidate_centered,T135 is only a rough W185-region candidate; the global CE RMSD is high and residue-wise biochemical equivalence is not claimed.,1,False
Pro00121_PET_L20_head_side_r01,Pro00121,HiC,PET_L20,20,head-side,1,PASS,137,N137,0.0542,exploratory_candidate_centered,T135 is only a rough W185-region candidate; the global CE RMSD is high and residue-wise biochemical equivalence is not claimed.,2,False
Pro00121_PET_L20_head_side_r01,Pro00121,HiC,PET_L20,20,head-side,1,PASS,138,L138,0.079,exploratory_candidate_centered,T135 is only a rough W185-region candidate; the global CE RMSD is high and residue-wise biochemical equivalence is not claimed.,3,False
Pro00121_PET_L20_head_side_r01,Pro00121,HiC,PET_L20,20,head-side,1,PASS,139,Q139,0.0869,exploratory_candidate_centered,T135 is only a rough W185-region candidate; the global CE RMSD is high and residue-wise biochemical equivalence is not claimed.,4,False
Pro00121_PET_L20_head_side_r01,Pro00121,HiC,PET_L20,20,head-side,1,PASS,140,N140,0.1059,exploratory_candidate_centered,T135 is only a rough W185-region candidate; the global CE RMSD is high and residue-wise biochemical equivalence is not claimed.,5,False
Pro00121_PET_L20_head_side_r01,Pro00121,HiC,PET_L20,20,head-side,1,PASS,141,R141,0.1076,exploratory_candidate_centered,T135 is only a rough W185-region candidate; the global CE RMSD is high and residue-wise biochemical equivalence is not claimed.,6,False
Pro00121_PET_L20_head_side_r01,Pro00121,HiC,PET_L20,20,head-side,1,PASS,142,G142,0.0758,exploratory_candidate_centered,T135 is only a rough W185-region candidate; the global CE RMSD is high and residue-wise biochemical equivalence is not claimed.,7,False
Pro00121_PET_L20_head_side_r02,Pro00121,HiC,PET_L20,20,head-side,2,PASS,132,F132,0.0294,exploratory_candidate_centered,T135 is only a rough W185-region candidate; the global CE RMSD is high and residue-wise biochemical equivalence is not claimed.,-3,False
Pro00121_PET_L20_head_side_r02,Pro00121,HiC,PET_L20,20,head-side,2,PASS,133,G133,0.0361,exploratory_candidate_centered,T135 is only a rough W185-region candidate; the global CE RMSD is high and residue-wise biochemical equivalence is not claimed.,-2,False
Pro00121_PET_L20_head_side_r02,Pro00121,HiC,PET_L20,20,head-side,2,PASS,134,Y134,0.0368,exploratory_candidate_centered,T135 is only a rough W185-region candidate; the global CE RMSD is high and residue-wise biochemical equivalence is not claimed.,-1,False
Pro00121_PET_L20_head_side_r02,Pro00121,HiC,PET_L20,20,head-side,2,PASS,135,T135,0.0566,exploratory_candidate_centered,T135 is only a rough W185-region candidate; the global CE RMSD is high and residue-wise biochemical equivalence is not claimed.,0,True
Pro00121_PET_L20_head_side_r02,Pro00121,HiC,PET_L20,20,head-side,2,PASS,136,Q136,0.0545,exploratory_candidate_centered,T135 is only a rough W185-region candidate; the global CE RMSD is high and residue-wise biochemical equivalence is not claimed.,1,False
Pro00121_PET_L20_head_side_r02,Pro00121,HiC,PET_L20,20,head-side,2,PASS,137,N137,0.0662,exploratory_candidate_centered,T135 is only a rough W185-region candidate; the global CE RMSD is high and residue-wise biochemical equivalence is not claimed.,2,False
Pro00121_PET_L20_head_side_r02,Pro00121,HiC,PET_L20,20,head-side,2,PASS,138,L138,0.0879,exploratory_candidate_centered,T135 is only a rough W185-region candidate; the global CE RMSD is high and residue-wise biochemical equivalence is not claimed.,3,False
Pro00121_PET_L20_head_side_r02,Pro00121,HiC,PET_L20,20,head-side,2,PASS,139,Q139,0.0863,exploratory_candidate_centered,T135 is only a rough W185-region candidate; the global CE RMSD is high and residue-wise biochemical equivalence is not claimed.,4,False
Pro00121_PET_L20_head_side_r02,Pro00121,HiC,PET_L20,20,head-side,2,PASS,140,N140,0.0846,exploratory_candidate_centered,T135 is only a rough W185-region candidate; the global CE RMSD is high and residue-wise biochemical equivalence is not claimed.,5,False
Pro00121_PET_L20_head_side_r02,Pro00121,HiC,PET_L20,20,head-side,2,PASS,141,R141,0.1046,exploratory_candidate_centered,T135 is only a rough W185-region candidate; the global CE RMSD is high and residue-wise biochemical equivalence is not claimed.,6,False
Pro00121_PET_L20_head_side_r02,Pro00121,HiC,PET_L20,20,head-side,2,PASS,142,G142,0.0817,exploratory_candidate_centered,T135 is only a rough W185-region candidate; the global CE RMSD is high and residue-wise biochemical equivalence is not claimed.,7,False
Pro00121_PET_L20_head_side_r03,Pro00121,HiC,PET_L20,20,head-side,3,PASS,132,F132,0.0315,exploratory_candidate_centered,T135 is only a rough W185-region candidate; the global CE RMSD is high and residue-wise biochemical equivalence is not claimed.,-3,False
Pro00121_PET_L20_head_side_r03,Pro00121,HiC,PET_L20,20,head-side,3,PASS,133,G133,0.04,exploratory_candidate_centered,T135 is only a rough W185-region candidate; the global CE RMSD is high and residue-wise biochemical equivalence is not claimed.,-2,False
Pro00121_PET_L20_head_side_r03,Pro00121,HiC,PET_L20,20,head-side,3,PASS,134,Y134,0.041,exploratory_candidate_centered,T135 is only a rough W185-region candidate; the global CE RMSD is high and residue-wise biochemical equivalence is not claimed.,-1,False
Pro00121_PET_L20_head_side_r03,Pro00121,HiC,PET_L20,20,head-side,3,PASS,135,T135,0.0417,exploratory_candidate_centered,T135 is only a rough W185-region candidate; the global CE RMSD is high and residue-wise biochemical equivalence is not claimed.,0,True
Pro00121_PET_L20_head_side_r03,Pro00121,HiC,PET_L20,20,head-side,3,PASS,136,Q136,0.0487,exploratory_candidate_centered,T135 is only a rough W185-region candidate; the global CE RMSD is high and residue-wise biochemical equivalence is not claimed.,1,False
Pro00121_PET_L20_head_side_r03,Pro00121,HiC,PET_L20,20,head-side,3,PASS,137,N137,0.058,exploratory_candidate_centered,T135 is only a rough W185-region candidate; the global CE RMSD is high and residue-wise biochemical equivalence is not claimed.,2,False
Pro00121_PET_L20_head_side_r03,Pro00121,HiC,PET_L20,20,head-side,3,PASS,138,L138,0.0727,exploratory_candidate_centered,T135 is only a rough W185-region candidate; the global CE RMSD is high and residue-wise biochemical equivalence is not claimed.,3,False
Pro00121_PET_L20_head_side_r03,Pro00121,HiC,PET_L20,20,head-side,3,PASS,139,Q139,0.0788,exploratory_candidate_centered,T135 is only a rough W185-region candidate; the global CE RMSD is high and residue-wise biochemical equivalence is not claimed.,4,False
Pro00121_PET_L20_head_side_r03,Pro00121,HiC,PET_L20,20,head-side,3,PASS,140,N140,0.0894,exploratory_candidate_centered,T135 is only a rough W185-region candidate; the global CE RMSD is high and residue-wise biochemical equivalence is not claimed.,5,False
Pro00121_PET_L20_head_side_r03,Pro00121,HiC,PET_L20,20,head-side,3,PASS,141,R141,0.1069,exploratory_candidate_centered,T135 is only a rough W185-region candidate; the global CE RMSD is high and residue-wise biochemical equivalence is not claimed.,6,False
Pro00121_PET_L20_head_side_r03,Pro00121,HiC,PET_L20,20,head-side,3,PASS,142,G142,0.0987,exploratory_candidate_centered,T135 is only a rough W185-region candidate; the global CE RMSD is high and residue-wise biochemical equivalence is not claimed.,7,False
Pro00121_PET_L20_tail_side_r01,Pro00121,HiC,PET_L20,20,tail-side,1,PASS,132,F132,0.0317,exploratory_candidate_centered,T135 is only a rough W185-region candidate; the global CE RMSD is high and residue-wise biochemical equivalence is not claimed.,-3,False
Pro00121_PET_L20_tail_side_r01,Pro00121,HiC,PET_L20,20,tail-side,1,PASS,133,G133,0.0388,exploratory_candidate_centered,T135 is only a rough W185-region candidate; the global CE RMSD is high and residue-wise biochemical equivalence is not claimed.,-2,False
Pro00121_PET_L20_tail_side_r01,Pro00121,HiC,PET_L20,20,tail-side,1,PASS,134,Y134,0.0412,exploratory_candidate_centered,T135 is only a rough W185-region candidate; the global CE RMSD is high and residue-wise biochemical equivalence is not claimed.,-1,False
Pro00121_PET_L20_tail_side_r01,Pro00121,HiC,PET_L20,20,tail-side,1,PASS,135,T135,0.0498,exploratory_candidate_centered,T135 is only a rough W185-region candidate; the global CE RMSD is high and residue-wise biochemical equivalence is not claimed.,0,True
Pro00121_PET_L20_tail_side_r01,Pro00121,HiC,PET_L20,20,tail-side,1,PASS,136,Q136,0.055,exploratory_candidate_centered,T135 is only a rough W185-region candidate; the global CE RMSD is high and residue-wise biochemical equivalence is not claimed.,1,False
Pro00121_PET_L20_tail_side_r01,Pro00121,HiC,PET_L20,20,tail-side,1,PASS,137,N137,0.0664,exploratory_candidate_centered,T135 is only a rough W185-region candidate; the global CE RMSD is high and residue-wise biochemical equivalence is not claimed.,2,False
Pro00121_PET_L20_tail_side_r01,Pro00121,HiC,PET_L20,20,tail-side,1,PASS,138,L138,0.0898,exploratory_candidate_centered,T135 is only a rough W185-region candidate; the global CE RMSD is high and residue-wise biochemical equivalence is not claimed.,3,False
Pro00121_PET_L20_tail_side_r01,Pro00121,HiC,PET_L20,20,tail-side,1,PASS,139,Q139,0.097,exploratory_candidate_centered,T135 is only a rough W185-region candidate; the global CE RMSD is high and residue-wise biochemical equivalence is not claimed.,4,False
Pro00121_PET_L20_tail_side_r01,Pro00121,HiC,PET_L20,20,tail-side,1,PASS,140,N140,0.1005,exploratory_candidate_centered,T135 is only a rough W185-region candidate; the global CE RMSD is high and residue-wise biochemical equivalence is not claimed.,5,False
Pro00121_PET_L20_tail_side_r01,Pro00121,HiC,PET_L20,20,tail-side,1,PASS,141,R141,0.1229,exploratory_candidate_centered,T135 is only a rough W185-region candidate; the global CE RMSD is high and residue-wise biochemical equivalence is not claimed.,6,False
Pro00121_PET_L20_tail_side_r01,Pro00121,HiC,PET_L20,20,tail-side,1,PASS,142,G142,0.1105,exploratory_candidate_centered,T135 is only a rough W185-region candidate; the global CE RMSD is high and residue-wise biochemical equivalence is not claimed.,7,False
Pro00121_PET_L20_tail_side_r02,Pro00121,HiC,PET_L20,20,tail-side,2,PASS,132,F132,0.0287,exploratory_candidate_centered,T135 is only a rough W185-region candidate; the global CE RMSD is high and residue-wise biochemical equivalence is not claimed.,-3,False
Pro00121_PET_L20_tail_side_r02,Pro00121,HiC,PET_L20,20,tail-side,2,PASS,133,G133,0.0353,exploratory_candidate_centered,T135 is only a rough W185-region candidate; the global CE RMSD is high and residue-wise biochemical equivalence is not claimed.,-2,False
Pro00121_PET_L20_tail_side_r02,Pro00121,HiC,PET_L20,20,tail-side,2,PASS,134,Y134,0.0377,exploratory_candidate_centered,T135 is only a rough W185-region candidate; the global CE RMSD is high and residue-wise biochemical equivalence is not claimed.,-1,False
Pro00121_PET_L20_tail_side_r02,Pro00121,HiC,PET_L20,20,tail-side,2,PASS,135,T135,0.0363,exploratory_candidate_centered,T135 is only a rough W185-region candidate; the global CE RMSD is high and residue-wise biochemical equivalence is not claimed.,0,True
Pro00121_PET_L20_tail_side_r02,Pro00121,HiC,PET_L20,20,tail-side,2,PASS,136,Q136,0.0436,exploratory_candidate_centered,T135 is only a rough W185-region candidate; the global CE RMSD is high and residue-wise biochemical equivalence is not claimed.,1,False
Pro00121_PET_L20_tail_side_r02,Pro00121,HiC,PET_L20,20,tail-side,2,PASS,137,N137,0.0497,exploratory_candidate_centered,T135 is only a rough W185-region candidate; the global CE RMSD is high and residue-wise biochemical equivalence is not claimed.,2,False
Pro00121_PET_L20_tail_side_r02,Pro00121,HiC,PET_L20,20,tail-side,2,PASS,138,L138,0.069,exploratory_candidate_centered,T135 is only a rough W185-region candidate; the global CE RMSD is high and residue-wise biochemical equivalence is not claimed.,3,False
Pro00121_PET_L20_tail_side_r02,Pro00121,HiC,PET_L20,20,tail-side,2,PASS,139,Q139,0.0684,exploratory_candidate_centered,T135 is only a rough W185-region candidate; the global CE RMSD is high and residue-wise biochemical equivalence is not claimed.,4,False
Pro00121_PET_L20_tail_side_r02,Pro00121,HiC,PET_L20,20,tail-side,2,PASS,140,N140,0.0724,exploratory_candidate_centered,T135 is only a rough W185-region candidate; the global CE RMSD is high and residue-wise biochemical equivalence is not claimed.,5,False
Pro00121_PET_L20_tail_side_r02,Pro00121,HiC,PET_L20,20,tail-side,2,PASS,141,R141,0.089,exploratory_candidate_centered,T135 is only a rough W185-region candidate; the global CE RMSD is high and residue-wise biochemical equivalence is not claimed.,6,False
Pro00121_PET_L20_tail_side_r02,Pro00121,HiC,PET_L20,20,tail-side,2,PASS,142,G142,0.0712,exploratory_candidate_centered,T135 is only a rough W185-region candidate; the global CE RMSD is high and residue-wise biochemical equivalence is not claimed.,7,False
Pro00121_PET_L20_bidirectional_r01,Pro00121,HiC,PET_L20,20,bidirectional,1,PASS,132,F132,0.0326,exploratory_candidate_centered,T135 is only a rough W185-region candidate; the global CE RMSD is high and residue-wise biochemical equivalence is not claimed.,-3,False
Pro00121_PET_L20_bidirectional_r01,Pro00121,HiC,PET_L20,20,bidirectional,1,PASS,133,G133,0.039,exploratory_candidate_centered,T135 is only a rough W185-region candidate; the global CE RMSD is high and residue-wise biochemical equivalence is not claimed.,-2,False
Pro00121_PET_L20_bidirectional_r01,Pro00121,HiC,PET_L20,20,bidirectional,1,PASS,134,Y134,0.0409,exploratory_candidate_centered,T135 is only a rough W185-region candidate; the global CE RMSD is high and residue-wise biochemical equivalence is not claimed.,-1,False
Pro00121_PET_L20_bidirectional_r01,Pro00121,HiC,PET_L20,20,bidirectional,1,PASS,135,T135,0.0494,exploratory_candidate_centered,T135 is only a rough W185-region candidate; the global CE RMSD is high and residue-wise biochemical equivalence is not claimed.,0,True
Pro00121_PET_L20_bidirectional_r01,Pro00121,HiC,PET_L20,20,bidirectional,1,PASS,136,Q136,0.0552,exploratory_candidate_centered,T135 is only a rough W185-region candidate; the global CE RMSD is high and residue-wise biochemical equivalence is not claimed.,1,False
Pro00121_PET_L20_bidirectional_r01,Pro00121,HiC,PET_L20,20,bidirectional,1,PASS,137,N137,0.0599,exploratory_candidate_centered,T135 is only a rough W185-region candidate; the global CE RMSD is high and residue-wise biochemical equivalence is not claimed.,2,False
Pro00121_PET_L20_bidirectional_r01,Pro00121,HiC,PET_L20,20,bidirectional,1,PASS,138,L138,0.0787,exploratory_candidate_centered,T135 is only a rough W185-region candidate; the global CE RMSD is high and residue-wise biochemical equivalence is not claimed.,3,False
Pro00121_PET_L20_bidirectional_r01,Pro00121,HiC,PET_L20,20,bidirectional,1,PASS,139,Q139,0.0814,exploratory_candidate_centered,T135 is only a rough W185-region candidate; the global CE RMSD is high and residue-wise biochemical equivalence is not claimed.,4,False
Pro00121_PET_L20_bidirectional_r01,Pro00121,HiC,PET_L20,20,bidirectional,1,PASS,140,N140,0.0855,exploratory_candidate_centered,T135 is only a rough W185-region candidate; the global CE RMSD is high and residue-wise biochemical equivalence is not claimed.,5,False
Pro00121_PET_L20_bidirectional_r01,Pro00121,HiC,PET_L20,20,bidirectional,1,PASS,141,R141,0.1022,exploratory_candidate_centered,T135 is only a rough W185-region candidate; the global CE RMSD is high and residue-wise biochemical equivalence is not claimed.,6,False
Pro00121_PET_L20_bidirectional_r01,Pro00121,HiC,PET_L20,20,bidirectional,1,PASS,142,G142,0.0853,exploratory_candidate_centered,T135 is only a rough W185-region candidate; the global CE RMSD is high and residue-wise biochemical equivalence is not claimed.,7,False
Pro00121_PET_L20_bidirectional_r02,Pro00121,HiC,PET_L20,20,bidirectional,2,PASS,132,F132,0.0305,exploratory_candidate_centered,T135 is only a rough W185-region candidate; the global CE RMSD is high and residue-wise biochemical equivalence is not claimed.,-3,False
Pro00121_PET_L20_bidirectional_r02,Pro00121,HiC,PET_L20,20,bidirectional,2,PASS,133,G133,0.0374,exploratory_candidate_centered,T135 is only a rough W185-region candidate; the global CE RMSD is high and residue-wise biochemical equivalence is not claimed.,-2,False
Pro00121_PET_L20_bidirectional_r02,Pro00121,HiC,PET_L20,20,bidirectional,2,PASS,134,Y134,0.0393,exploratory_candidate_centered,T135 is only a rough W185-region candidate; the global CE RMSD is high and residue-wise biochemical equivalence is not claimed.,-1,False
Pro00121_PET_L20_bidirectional_r02,Pro00121,HiC,PET_L20,20,bidirectional,2,PASS,135,T135,0.0642,exploratory_candidate_centered,T135 is only a rough W185-region candidate; the global CE RMSD is high and residue-wise biochemical equivalence is not claimed.,0,True
Pro00121_PET_L20_bidirectional_r02,Pro00121,HiC,PET_L20,20,bidirectional,2,PASS,136,Q136,0.0672,exploratory_candidate_centered,T135 is only a rough W185-region candidate; the global CE RMSD is high and residue-wise biochemical equivalence is not claimed.,1,False
Pro00121_PET_L20_bidirectional_r02,Pro00121,HiC,PET_L20,20,bidirectional,2,PASS,137,N137,0.0742,exploratory_candidate_centered,T135 is only a rough W185-region candidate; the global CE RMSD is high and residue-wise biochemical equivalence is not claimed.,2,False
Pro00121_PET_L20_bidirectional_r02,Pro00121,HiC,PET_L20,20,bidirectional,2,PASS,138,L138,0.1025,exploratory_candidate_centered,T135 is only a rough W185-region candidate; the global CE RMSD is high and residue-wise biochemical equivalence is not claimed.,3,False
Pro00121_PET_L20_bidirectional_r02,Pro00121,HiC,PET_L20,20,bidirectional,2,PASS,139,Q139,0.1057,exploratory_candidate_centered,T135 is only a rough W185-region candidate; the global CE RMSD is high and residue-wise biochemical equivalence is not claimed.,4,False
Pro00121_PET_L20_bidirectional_r02,Pro00121,HiC,PET_L20,20,bidirectional,2,PASS,140,N140,0.0991,exploratory_candidate_centered,T135 is only a rough W185-region candidate; the global CE RMSD is high and residue-wise biochemical equivalence is not claimed.,5,False
Pro00121_PET_L20_bidirectional_r02,Pro00121,HiC,PET_L20,20,bidirectional,2,PASS,141,R141,0.119,exploratory_candidate_centered,T135 is only a rough W185-region candidate; the global CE RMSD is high and residue-wise biochemical equivalence is not claimed.,6,False
Pro00121_PET_L20_bidirectional_r02,Pro00121,HiC,PET_L20,20,bidirectional,2,PASS,142,G142,0.0916,exploratory_candidate_centered,T135 is only a rough W185-region candidate; the global CE RMSD is high and residue-wise biochemical equivalence is not claimed.,7,False
Pro00121_PET_L20_bidirectional_r03,Pro00121,HiC,PET_L20,20,bidirectional,3,PASS,132,F132,0.0297,exploratory_candidate_centered,T135 is only a rough W185-region candidate; the global CE RMSD is high and residue-wise biochemical equivalence is not claimed.,-3,False
Pro00121_PET_L20_bidirectional_r03,Pro00121,HiC,PET_L20,20,bidirectional,3,PASS,133,G133,0.0372,exploratory_candidate_centered,T135 is only a rough W185-region candidate; the global CE RMSD is high and residue-wise biochemical equivalence is not claimed.,-2,False
Pro00121_PET_L20_bidirectional_r03,Pro00121,HiC,PET_L20,20,bidirectional,3,PASS,134,Y134,0.0429,exploratory_candidate_centered,T135 is only a rough W185-region candidate; the global CE RMSD is high and residue-wise biochemical equivalence is not claimed.,-1,False
Pro00121_PET_L20_bidirectional_r03,Pro00121,HiC,PET_L20,20,bidirectional,3,PASS,135,T135,0.0705,exploratory_candidate_centered,T135 is only a rough W185-region candidate; the global CE RMSD is high and residue-wise biochemical equivalence is not claimed.,0,True
Pro00121_PET_L20_bidirectional_r03,Pro00121,HiC,PET_L20,20,bidirectional,3,PASS,136,Q136,0.0999,exploratory_candidate_centered,T135 is only a rough W185-region candidate; the global CE RMSD is high and residue-wise biochemical equivalence is not claimed.,1,False
Pro00121_PET_L20_bidirectional_r03,Pro00121,HiC,PET_L20,20,bidirectional,3,PASS,137,N137,0.1038,exploratory_candidate_centered,T135 is only a rough W185-region candidate; the global CE RMSD is high and residue-wise biochemical equivalence is not claimed.,2,False
Pro00121_PET_L20_bidirectional_r03,Pro00121,HiC,PET_L20,20,bidirectional,3,PASS,138,L138,0.1539,exploratory_candidate_centered,T135 is only a rough W185-region candidate; the global CE RMSD is high and residue-wise biochemical equivalence is not claimed.,3,False
Pro00121_PET_L20_bidirectional_r03,Pro00121,HiC,PET_L20,20,bidirectional,3,PASS,139,Q139,0.1714,exploratory_candidate_centered,T135 is only a rough W185-region candidate; the global CE RMSD is high and residue-wise biochemical equivalence is not claimed.,4,False
Pro00121_PET_L20_bidirectional_r03,Pro00121,HiC,PET_L20,20,bidirectional,3,PASS,140,N140,0.1628,exploratory_candidate_centered,T135 is only a rough W185-region candidate; the global CE RMSD is high and residue-wise biochemical equivalence is not claimed.,5,False
Pro00121_PET_L20_bidirectional_r03,Pro00121,HiC,PET_L20,20,bidirectional,3,PASS,141,R141,0.1878,exploratory_candidate_centered,T135 is only a rough W185-region candidate; the global CE RMSD is high and residue-wise biochemical equivalence is not claimed.,6,False
Pro00121_PET_L20_bidirectional_r03,Pro00121,HiC,PET_L20,20,bidirectional,3,PASS,142,G142,0.1423,exploratory_candidate_centered,T135 is only a rough W185-region candidate; the global CE RMSD is high and residue-wise biochemical equivalence is not claimed.,7,False
Pro00137_PET_L4_single_r02,Pro00137,PHL7,PET_L4,4,single,2,PASS,153,L153,0.0317,high_confidence,All 11 positions agree in production and experimental CE mappings to IsPETase 182-192.,-3,False
Pro00137_PET_L4_single_r02,Pro00137,PHL7,PET_L4,4,single,2,PASS,154,Q154,0.033,high_confidence,All 11 positions agree in production and experimental CE mappings to IsPETase 182-192.,-2,False
Pro00137_PET_L4_single_r02,Pro00137,PHL7,PET_L4,4,single,2,PASS,155,G155,0.0361,high_confidence,All 11 positions agree in production and experimental CE mappings to IsPETase 182-192.,-1,False
Pro00137_PET_L4_single_r02,Pro00137,PHL7,PET_L4,4,single,2,PASS,156,W156,0.038,high_confidence,All 11 positions agree in production and experimental CE mappings to IsPETase 182-192.,0,True
Pro00137_PET_L4_single_r02,Pro00137,PHL7,PET_L4,4,single,2,PASS,157,H157,0.0435,high_confidence,All 11 positions agree in production and experimental CE mappings to IsPETase 182-192.,1,False
Pro00137_PET_L4_single_r02,Pro00137,PHL7,PET_L4,4,single,2,PASS,158,T158,0.0553,high_confidence,All 11 positions agree in production and experimental CE mappings to IsPETase 182-192.,2,False
Pro00137_PET_L4_single_r02,Pro00137,PHL7,PET_L4,4,single,2,PASS,159,R159,0.0545,high_confidence,All 11 positions agree in production and experimental CE mappings to IsPETase 182-192.,3,False
Pro00137_PET_L4_single_r02,Pro00137,PHL7,PET_L4,4,single,2,PASS,160,K160,0.0711,high_confidence,All 11 positions agree in production and experimental CE mappings to IsPETase 182-192.,4,False
Pro00137_PET_L4_single_r02,Pro00137,PHL7,PET_L4,4,single,2,PASS,161,N161,0.0677,high_confidence,All 11 positions agree in production and experimental CE mappings to IsPETase 182-192.,5,False
Pro00137_PET_L4_single_r02,Pro00137,PHL7,PET_L4,4,single,2,PASS,162,W162,0.0584,high_confidence,All 11 positions agree in production and experimental CE mappings to IsPETase 182-192.,6,False
Pro00137_PET_L4_single_r02,Pro00137,PHL7,PET_L4,4,single,2,PASS,163,S163,0.0779,high_confidence,All 11 positions agree in production and experimental CE mappings to IsPETase 182-192.,7,False
Pro00137_PET_L10_head_side_r01,Pro00137,PHL7,PET_L10,10,head-side,1,PASS,153,L153,0.0304,high_confidence,All 11 positions agree in production and experimental CE mappings to IsPETase 182-192.,-3,False
Pro00137_PET_L10_head_side_r01,Pro00137,PHL7,PET_L10,10,head-side,1,PASS,154,Q154,0.0319,high_confidence,All 11 positions agree in production and experimental CE mappings to IsPETase 182-192.,-2,False
Pro00137_PET_L10_head_side_r01,Pro00137,PHL7,PET_L10,10,head-side,1,PASS,155,G155,0.0376,high_confidence,All 11 positions agree in production and experimental CE mappings to IsPETase 182-192.,-1,False
Pro00137_PET_L10_head_side_r01,Pro00137,PHL7,PET_L10,10,head-side,1,PASS,156,W156,0.0383,high_confidence,All 11 positions agree in production and experimental CE mappings to IsPETase 182-192.,0,True
Pro00137_PET_L10_head_side_r01,Pro00137,PHL7,PET_L10,10,head-side,1,PASS,157,H157,0.0417,high_confidence,All 11 positions agree in production and experimental CE mappings to IsPETase 182-192.,1,False
Pro00137_PET_L10_head_side_r01,Pro00137,PHL7,PET_L10,10,head-side,1,PASS,158,T158,0.0528,high_confidence,All 11 positions agree in production and experimental CE mappings to IsPETase 182-192.,2,False
Pro00137_PET_L10_head_side_r01,Pro00137,PHL7,PET_L10,10,head-side,1,PASS,159,R159,0.0521,high_confidence,All 11 positions agree in production and experimental CE mappings to IsPETase 182-192.,3,False
Pro00137_PET_L10_head_side_r01,Pro00137,PHL7,PET_L10,10,head-side,1,PASS,160,K160,0.0577,high_confidence,All 11 positions agree in production and experimental CE mappings to IsPETase 182-192.,4,False
Pro00137_PET_L10_head_side_r01,Pro00137,PHL7,PET_L10,10,head-side,1,PASS,161,N161,0.0606,high_confidence,All 11 positions agree in production and experimental CE mappings to IsPETase 182-192.,5,False
Pro00137_PET_L10_head_side_r01,Pro00137,PHL7,PET_L10,10,head-side,1,PASS,162,W162,0.0543,high_confidence,All 11 positions agree in production and experimental CE mappings to IsPETase 182-192.,6,False
Pro00137_PET_L10_head_side_r01,Pro00137,PHL7,PET_L10,10,head-side,1,PASS,163,S163,0.0652,high_confidence,All 11 positions agree in production and experimental CE mappings to IsPETase 182-192.,7,False
Pro00137_PET_L10_head_side_r03,Pro00137,PHL7,PET_L10,10,head-side,3,PASS,153,L153,0.0338,high_confidence,All 11 positions agree in production and experimental CE mappings to IsPETase 182-192.,-3,False
Pro00137_PET_L10_head_side_r03,Pro00137,PHL7,PET_L10,10,head-side,3,PASS,154,Q154,0.0369,high_confidence,All 11 positions agree in production and experimental CE mappings to IsPETase 182-192.,-2,False
Pro00137_PET_L10_head_side_r03,Pro00137,PHL7,PET_L10,10,head-side,3,PASS,155,G155,0.0422,high_confidence,All 11 positions agree in production and experimental CE mappings to IsPETase 182-192.,-1,False
Pro00137_PET_L10_head_side_r03,Pro00137,PHL7,PET_L10,10,head-side,3,PASS,156,W156,0.0418,high_confidence,All 11 positions agree in production and experimental CE mappings to IsPETase 182-192.,0,True
Pro00137_PET_L10_head_side_r03,Pro00137,PHL7,PET_L10,10,head-side,3,PASS,157,H157,0.0454,high_confidence,All 11 positions agree in production and experimental CE mappings to IsPETase 182-192.,1,False
Pro00137_PET_L10_head_side_r03,Pro00137,PHL7,PET_L10,10,head-side,3,PASS,158,T158,0.0563,high_confidence,All 11 positions agree in production and experimental CE mappings to IsPETase 182-192.,2,False
Pro00137_PET_L10_head_side_r03,Pro00137,PHL7,PET_L10,10,head-side,3,PASS,159,R159,0.0558,high_confidence,All 11 positions agree in production and experimental CE mappings to IsPETase 182-192.,3,False
Pro00137_PET_L10_head_side_r03,Pro00137,PHL7,PET_L10,10,head-side,3,PASS,160,K160,0.0649,high_confidence,All 11 positions agree in production and experimental CE mappings to IsPETase 182-192.,4,False
Pro00137_PET_L10_head_side_r03,Pro00137,PHL7,PET_L10,10,head-side,3,PASS,161,N161,0.0698,high_confidence,All 11 positions agree in production and experimental CE mappings to IsPETase 182-192.,5,False
Pro00137_PET_L10_head_side_r03,Pro00137,PHL7,PET_L10,10,head-side,3,PASS,162,W162,0.0561,high_confidence,All 11 positions agree in production and experimental CE mappings to IsPETase 182-192.,6,False
Pro00137_PET_L10_head_side_r03,Pro00137,PHL7,PET_L10,10,head-side,3,PASS,163,S163,0.0689,high_confidence,All 11 positions agree in production and experimental CE mappings to IsPETase 182-192.,7,False
Pro00137_PET_L10_tail_side_r03,Pro00137,PHL7,PET_L10,10,tail-side,3,PASS,153,L153,0.032,high_confidence,All 11 positions agree in production and experimental CE mappings to IsPETase 182-192.,-3,False
Pro00137_PET_L10_tail_side_r03,Pro00137,PHL7,PET_L10,10,tail-side,3,PASS,154,Q154,0.0348,high_confidence,All 11 positions agree in production and experimental CE mappings to IsPETase 182-192.,-2,False
Pro00137_PET_L10_tail_side_r03,Pro00137,PHL7,PET_L10,10,tail-side,3,PASS,155,G155,0.0404,high_confidence,All 11 positions agree in production and experimental CE mappings to IsPETase 182-192.,-1,False
Pro00137_PET_L10_tail_side_r03,Pro00137,PHL7,PET_L10,10,tail-side,3,PASS,156,W156,0.0418,high_confidence,All 11 positions agree in production and experimental CE mappings to IsPETase 182-192.,0,True
Pro00137_PET_L10_tail_side_r03,Pro00137,PHL7,PET_L10,10,tail-side,3,PASS,157,H157,0.046,high_confidence,All 11 positions agree in production and experimental CE mappings to IsPETase 182-192.,1,False
Pro00137_PET_L10_tail_side_r03,Pro00137,PHL7,PET_L10,10,tail-side,3,PASS,158,T158,0.0579,high_confidence,All 11 positions agree in production and experimental CE mappings to IsPETase 182-192.,2,False
Pro00137_PET_L10_tail_side_r03,Pro00137,PHL7,PET_L10,10,tail-side,3,PASS,159,R159,0.0598,high_confidence,All 11 positions agree in production and experimental CE mappings to IsPETase 182-192.,3,False
Pro00137_PET_L10_tail_side_r03,Pro00137,PHL7,PET_L10,10,tail-side,3,PASS,160,K160,0.0748,high_confidence,All 11 positions agree in production and experimental CE mappings to IsPETase 182-192.,4,False
Pro00137_PET_L10_tail_side_r03,Pro00137,PHL7,PET_L10,10,tail-side,3,PASS,161,N161,0.0687,high_confidence,All 11 positions agree in production and experimental CE mappings to IsPETase 182-192.,5,False
Pro00137_PET_L10_tail_side_r03,Pro00137,PHL7,PET_L10,10,tail-side,3,PASS,162,W162,0.059,high_confidence,All 11 positions agree in production and experimental CE mappings to IsPETase 182-192.,6,False
Pro00137_PET_L10_tail_side_r03,Pro00137,PHL7,PET_L10,10,tail-side,3,PASS,163,S163,0.0684,high_confidence,All 11 positions agree in production and experimental CE mappings to IsPETase 182-192.,7,False
Pro00137_PET_L20_tail_side_r02,Pro00137,PHL7,PET_L20,20,tail-side,2,PASS,153,L153,0.0333,high_confidence,All 11 positions agree in production and experimental CE mappings to IsPETase 182-192.,-3,False
Pro00137_PET_L20_tail_side_r02,Pro00137,PHL7,PET_L20,20,tail-side,2,PASS,154,Q154,0.0367,high_confidence,All 11 positions agree in production and experimental CE mappings to IsPETase 182-192.,-2,False
Pro00137_PET_L20_tail_side_r02,Pro00137,PHL7,PET_L20,20,tail-side,2,PASS,155,G155,0.0411,high_confidence,All 11 positions agree in production and experimental CE mappings to IsPETase 182-192.,-1,False
Pro00137_PET_L20_tail_side_r02,Pro00137,PHL7,PET_L20,20,tail-side,2,PASS,156,W156,0.0443,high_confidence,All 11 positions agree in production and experimental CE mappings to IsPETase 182-192.,0,True
Pro00137_PET_L20_tail_side_r02,Pro00137,PHL7,PET_L20,20,tail-side,2,PASS,157,H157,0.0524,high_confidence,All 11 positions agree in production and experimental CE mappings to IsPETase 182-192.,1,False
Pro00137_PET_L20_tail_side_r02,Pro00137,PHL7,PET_L20,20,tail-side,2,PASS,158,T158,0.0653,high_confidence,All 11 positions agree in production and experimental CE mappings to IsPETase 182-192.,2,False
Pro00137_PET_L20_tail_side_r02,Pro00137,PHL7,PET_L20,20,tail-side,2,PASS,159,R159,0.066,high_confidence,All 11 positions agree in production and experimental CE mappings to IsPETase 182-192.,3,False
Pro00137_PET_L20_tail_side_r02,Pro00137,PHL7,PET_L20,20,tail-side,2,PASS,160,K160,0.0706,high_confidence,All 11 positions agree in production and experimental CE mappings to IsPETase 182-192.,4,False
Pro00137_PET_L20_tail_side_r02,Pro00137,PHL7,PET_L20,20,tail-side,2,PASS,161,N161,0.0733,high_confidence,All 11 positions agree in production and experimental CE mappings to IsPETase 182-192.,5,False
Pro00137_PET_L20_tail_side_r02,Pro00137,PHL7,PET_L20,20,tail-side,2,PASS,162,W162,0.0676,high_confidence,All 11 positions agree in production and experimental CE mappings to IsPETase 182-192.,6,False
Pro00137_PET_L20_tail_side_r02,Pro00137,PHL7,PET_L20,20,tail-side,2,PASS,163,S163,0.0802,high_confidence,All 11 positions agree in production and experimental CE mappings to IsPETase 182-192.,7,False
Pro00137_PET_L20_bidirectional_r02,Pro00137,PHL7,PET_L20,20,bidirectional,2,PASS,153,L153,0.0316,high_confidence,All 11 positions agree in production and experimental CE mappings to IsPETase 182-192.,-3,False
Pro00137_PET_L20_bidirectional_r02,Pro00137,PHL7,PET_L20,20,bidirectional,2,PASS,154,Q154,0.0331,high_confidence,All 11 positions agree in production and experimental CE mappings to IsPETase 182-192.,-2,False
Pro00137_PET_L20_bidirectional_r02,Pro00137,PHL7,PET_L20,20,bidirectional,2,PASS,155,G155,0.0408,high_confidence,All 11 positions agree in production and experimental CE mappings to IsPETase 182-192.,-1,False
Pro00137_PET_L20_bidirectional_r02,Pro00137,PHL7,PET_L20,20,bidirectional,2,PASS,156,W156,0.0428,high_confidence,All 11 positions agree in production and experimental CE mappings to IsPETase 182-192.,0,True
Pro00137_PET_L20_bidirectional_r02,Pro00137,PHL7,PET_L20,20,bidirectional,2,PASS,157,H157,0.0491,high_confidence,All 11 positions agree in production and experimental CE mappings to IsPETase 182-192.,1,False
Pro00137_PET_L20_bidirectional_r02,Pro00137,PHL7,PET_L20,20,bidirectional,2,PASS,158,T158,0.0632,high_confidence,All 11 positions agree in production and experimental CE mappings to IsPETase 182-192.,2,False
Pro00137_PET_L20_bidirectional_r02,Pro00137,PHL7,PET_L20,20,bidirectional,2,PASS,159,R159,0.0596,high_confidence,All 11 positions agree in production and experimental CE mappings to IsPETase 182-192.,3,False
Pro00137_PET_L20_bidirectional_r02,Pro00137,PHL7,PET_L20,20,bidirectional,2,PASS,160,K160,0.0712,high_confidence,All 11 positions agree in production and experimental CE mappings to IsPETase 182-192.,4,False
Pro00137_PET_L20_bidirectional_r02,Pro00137,PHL7,PET_L20,20,bidirectional,2,PASS,161,N161,0.0674,high_confidence,All 11 positions agree in production and experimental CE mappings to IsPETase 182-192.,5,False
Pro00137_PET_L20_bidirectional_r02,Pro00137,PHL7,PET_L20,20,bidirectional,2,PASS,162,W162,0.0599,high_confidence,All 11 positions agree in production and experimental CE mappings to IsPETase 182-192.,6,False
Pro00137_PET_L20_bidirectional_r02,Pro00137,PHL7,PET_L20,20,bidirectional,2,PASS,163,S163,0.0711,high_confidence,All 11 positions agree in production and experimental CE mappings to IsPETase 182-192.,7,False
